drama_id,image_id,variant,object_path,content_type,size_bytes,sha256,storage_size,storage_content_type,http_status,http_content_length,http_content_type,database_original_key
1,wJjAnf,original,dramas/1/original.jpg,image/jpeg,140901,3ae5a2c2cd2b7c5bf36c33a2d8119f83e539da8cd79332af96b711eb80bc08ad,140901,image/jpeg,200,140901,image/jpeg,dramas/1/original.jpg
1,wJjAnf,thumbnail,dramas/1/thumbnail.webp,image/webp,45886,4caf1d38ef86f2bd61649386650d99a6476bc4f5c83893efbdc0f5a94b29aab0,45886,image/webp,200,45886,image/webp,dramas/1/original.jpg
2,RPX0Pf,original,dramas/2/original.jpg,image/jpeg,218078,ff0840d223369348d8287033b03ea3701ebee6bb5043a06803b40127087a8591,218078,image/jpeg,200,218078,image/jpeg,dramas/2/original.jpg
2,RPX0Pf,thumbnail,dramas/2/thumbnail.webp,image/webp,57512,63a22de090bdde07be11f2eeacf76180e303fba8acab3a1349a4b53e0a80a655,57512,image/webp,200,57512,image/webp,dramas/2/original.jpg
3,jQ60zf,original,dramas/3/original.jpg,image/jpeg,105233,c2044a0b60af8b93242a26fda7bcfcb2ae52c460296e837da192008a650d3764,105233,image/jpeg,200,105233,image/jpeg,dramas/3/original.jpg
3,jQ60zf,thumbnail,dramas/3/thumbnail.webp,image/webp,54178,027524290f35352cbaa9b4b3f22642f3be5b2c614998e5835c13bd4e67fd050d,54178,image/webp,200,54178,image/webp,dramas/3/original.jpg
4,nBVyWf,original,dramas/4/original.jpg,image/jpeg,61275,2904e74d7c0990ef006d0cecdb4d6095b41d352d17214ff899196a2057e07e44,61275,image/jpeg,200,61275,image/jpeg,dramas/4/original.jpg
4,nBVyWf,thumbnail,dramas/4/thumbnail.webp,image/webp,35146,e9faf2231a5c6eec4be7c45498e24db5e16716af6b0908ff8af827e6cfb68af0,35146,image/webp,200,35146,image/webp,dramas/4/original.jpg
5,MXdApf,original,dramas/5/original.jpg,image/jpeg,24825,36e2cadcd4836f3a178aeb6a8f5c163cf6059159ae45310ec14577c11b509024,24825,image/jpeg,200,24825,image/jpeg,dramas/5/original.jpg
5,MXdApf,thumbnail,dramas/5/thumbnail.webp,image/webp,16412,aec34e4c444b642d305abc853c981a5fedd707b90b3ea09a237f056531cbd16d,16412,image/webp,200,16412,image/webp,dramas/5/original.jpg
6,kAjErf,original,dramas/6/original.jpg,image/jpeg,68730,7c8eec6091f8a3964dda8d40bdb0f8a2575818f546df4673e25a8141e9984829,68730,image/jpeg,200,68730,image/jpeg,dramas/6/original.jpg
6,kAjErf,thumbnail,dramas/6/thumbnail.webp,image/webp,35220,544f3c8969ba03e100c78ac38c2ec47d76c36c9d3b706831fae6407d82b3d28d,35220,image/webp,200,35220,image/webp,dramas/6/original.jpg
7,Z8b0kf,original,dramas/7/original.jpg,image/jpeg,95196,1101caaa2a40548ab83d5432129cb66609657a4cd409026ee6cd8f6b93ccc50e,95196,image/jpeg,200,95196,image/jpeg,dramas/7/original.jpg
7,Z8b0kf,thumbnail,dramas/7/thumbnail.webp,image/webp,53788,29b6d35179e79ec0a55b60dc84bd2378b6bf12c656d8b0190b648114107c4333,53788,image/webp,200,53788,image/webp,dramas/7/original.jpg
8,l0q8xf,original,dramas/8/original.jpg,image/jpeg,197556,45491f8af97e032b93c795d916fa59b92b81297d526c3983fba152adf6fad91f,197556,image/jpeg,200,197556,image/jpeg,dramas/8/original.jpg
8,l0q8xf,thumbnail,dramas/8/thumbnail.webp,image/webp,56694,fc27b545403d742406e8091f50d4c3d4942c7bd8691e363a5ad2aa4153632970,56694,image/webp,200,56694,image/webp,dramas/8/original.jpg
9,g0qEWf,original,dramas/9/original.jpg,image/jpeg,129111,b635add253f14d8ffd19418ddf4a010e28f636d554ce332b7ad913b3c84dd64f,129111,image/jpeg,200,129111,image/jpeg,dramas/9/original.jpg
9,g0qEWf,thumbnail,dramas/9/thumbnail.webp,image/webp,40660,2e8ad9fbcd2f9de3a8621e6ab9f2fe3f6bf533641b82ad7fbbaebb699f40d2f6,40660,image/webp,200,40660,image/webp,dramas/9/original.jpg
10,kE6lrf,original,dramas/10/original.jpg,image/jpeg,22498,719d2471cfe46ca8abd8abfd842727baa528920d34cca52f995e0c40a52552a2,22498,image/jpeg,200,22498,image/jpeg,dramas/10/original.jpg
10,kE6lrf,thumbnail,dramas/10/thumbnail.webp,image/webp,13802,ac4789a3c5271e12ce920ec4204cf46be045c4d690847b230425ccbce838833f,13802,image/webp,200,13802,image/webp,dramas/10/original.jpg
11,eY28df,original,dramas/11/original.jpg,image/jpeg,105827,0fa6e8dd77d35269b4bbe8098de9e8e010c53b26c449402bb35c73f142610940,105827,image/jpeg,200,105827,image/jpeg,dramas/11/original.jpg
11,eY28df,thumbnail,dramas/11/thumbnail.webp,image/webp,50618,b8e77c06db47b25309e54f9b0b09db68111974b880877318acbe43ceb3a3c667,50618,image/webp,200,50618,image/webp,dramas/11/original.jpg
12,g0q2of,original,dramas/12/original.jpg,image/jpeg,224982,5aa2852ccc72fff46dc4bbd2ca91eeb509092f4693d40c9995188acaeada023f,224982,image/jpeg,200,224982,image/jpeg,dramas/12/original.jpg
12,g0q2of,thumbnail,dramas/12/thumbnail.webp,image/webp,49792,aca4d5341afddf8e2bd338dbe5707badb861e462aaf523e9db30fd3ed19246ce,49792,image/webp,200,49792,image/webp,dramas/12/original.jpg
13,bveYZf,original,dramas/13/original.jpg,image/jpeg,95870,a9ca6a8ce16d33490c1289b7a7665a1d878c460714127c77ec63febe65bd864c,95870,image/jpeg,200,95870,image/jpeg,dramas/13/original.jpg
13,bveYZf,thumbnail,dramas/13/thumbnail.webp,image/webp,63152,2cc5006464ecce435d84e49c6ff87008287caa6121016406eeae1b03fd056a3a,63152,image/webp,200,63152,image/webp,dramas/13/original.jpg
14,5vlbLf,original,dramas/14/original.jpg,image/jpeg,138918,5a754911cef5b4ab9c2462e43fefc92b2739b6586d565061f6183d98d4fab3a2,138918,image/jpeg,200,138918,image/jpeg,dramas/14/original.jpg
14,5vlbLf,thumbnail,dramas/14/thumbnail.webp,image/webp,83794,a1a6a7f8c8fc60f6ba735d7e8fe19f9585a5f72050b2192b34467ea96e9f524e,83794,image/webp,200,83794,image/webp,dramas/14/original.jpg
15,zB5DOf,original,dramas/15/original.jpg,image/jpeg,80328,7f9ec770ff692c6cd6a05c1c4957da134685199729e39f7dbd13c49c1c19cbb7,80328,image/jpeg,200,80328,image/jpeg,dramas/15/original.jpg
15,zB5DOf,thumbnail,dramas/15/thumbnail.webp,image/webp,36644,27f90df10af8087b15a4f00804a7a2f42f93c5a34e9049b47021e6e01960bf41,36644,image/webp,200,36644,image/webp,dramas/15/original.jpg
16,jqA1wf,original,dramas/16/original.jpg,image/jpeg,265917,0432e69d9a5aee91b590df2822f02e61476762343ca4212555d3062923ec3811,265917,image/jpeg,200,265917,image/jpeg,dramas/16/original.jpg
16,jqA1wf,thumbnail,dramas/16/thumbnail.webp,image/webp,67624,e36410829f33a67993f9c16ea76f4e645f7d8aa0dcf6ad01fa1071b027d806f3,67624,image/webp,200,67624,image/webp,dramas/16/original.jpg
17,ABK6Zf,original,dramas/17/original.jpg,image/jpeg,184934,aa8bd5da5681f2930d84de139b84a66fbe42c5c81ad108fbcd5094a4977a6701,184934,image/jpeg,200,184934,image/jpeg,dramas/17/original.jpg
17,ABK6Zf,thumbnail,dramas/17/thumbnail.webp,image/webp,87388,48237fc07393e545ed702061c871f16aca17c465073c7cf9f1fe60f01941d443,87388,image/webp,200,87388,image/webp,dramas/17/original.jpg
18,nOpqxf,original,dramas/18/original.jpg,image/jpeg,104940,153eda70ee2a50cbce16918692d11813cbf82347061360cd7887dac40a668f41,104940,image/jpeg,200,104940,image/jpeg,dramas/18/original.jpg
18,nOpqxf,thumbnail,dramas/18/thumbnail.webp,image/webp,62916,3ea2d2fdf17fdc82d9fffcc45c2bf9b6c7f2a0b66f4ff94f40c803f0bbb0b2a9,62916,image/webp,200,62916,image/webp,dramas/18/original.jpg
19,b31EVf,original,dramas/19/original.jpg,image/jpeg,33273,0f24f70250dfda4befd8af957165709d06fdacc6c275704493212ef0838929d4,33273,image/jpeg,200,33273,image/jpeg,dramas/19/original.jpg
19,b31EVf,thumbnail,dramas/19/thumbnail.webp,image/webp,19262,77cfdd29993256378caa9ea8e5137fd41ce1de82a12b4e76f943a9aa7f218124,19262,image/webp,200,19262,image/webp,dramas/19/original.jpg
20,5vkLVf,original,dramas/20/original.jpg,image/jpeg,101133,8bd16c96edb7ee6e80d5059f35569aaebd3c2206de1a05aa5ff87a74aa8cbc1f,101133,image/jpeg,200,101133,image/jpeg,dramas/20/original.jpg
20,5vkLVf,thumbnail,dramas/20/thumbnail.webp,image/webp,36436,27a27e2a84f33414c9ed0c786bf2b66795b281845a1127a5531d546d7172677d,36436,image/webp,200,36436,image/webp,dramas/20/original.jpg
21,oQlKxf,original,dramas/21/original.jpg,image/jpeg,166540,742849060ad6673eab3bf868d99cf1639211867fb8b893915bcad310e832ee8a,166540,image/jpeg,200,166540,image/jpeg,dramas/21/original.jpg
21,oQlKxf,thumbnail,dramas/21/thumbnail.webp,image/webp,71110,f0d0f80d15f5b700ac3507d5d84581f10595d0af0c41f66a781a849d8e542f73,71110,image/webp,200,71110,image/webp,dramas/21/original.jpg
22,9oQvPf,original,dramas/22/original.jpg,image/jpeg,24604,25f791da2aea13bf233ce0527fa674a24d832b5ddfb32cbe1bee649f4c58a7a4,24604,image/jpeg,200,24604,image/jpeg,dramas/22/original.jpg
22,9oQvPf,thumbnail,dramas/22/thumbnail.webp,image/webp,15984,9ae042e446e44ff07c5162c52028509d2ab37ab974266883968e9a15cee50e75,15984,image/webp,200,15984,image/webp,dramas/22/original.jpg
23,9rNeEf,original,dramas/23/original.jpg,image/jpeg,44179,b5d39a40774cfef85114fa83849c1188526c8470e3c5b3f297f079a5c359854a,44179,image/jpeg,200,44179,image/jpeg,dramas/23/original.jpg
23,9rNeEf,thumbnail,dramas/23/thumbnail.webp,image/webp,29154,17cb620319793b8731470edf729e2979e684a662abd1d1c307657964bf30ae64,29154,image/webp,200,29154,image/webp,dramas/23/original.jpg
24,VJvyzf,original,dramas/24/original.jpg,image/jpeg,37569,fd843cd36dd5e669c1a132c231f6ef2379511be41fa0395752ebbbaa0096a7ef,37569,image/jpeg,200,37569,image/jpeg,dramas/24/original.jpg
24,VJvyzf,thumbnail,dramas/24/thumbnail.webp,image/webp,24288,d6d6e3f8793220f6c8c32f988732c2fe71092b7a110ecbc7a20778d9976400a4,24288,image/webp,200,24288,image/webp,dramas/24/original.jpg
25,lBOo4f,original,dramas/25/original.jpg,image/jpeg,89560,d933cad11360bd3da3066aecb477e4df75cd6cc7702c6672dbe9f33d2e1d0d9f,89560,image/jpeg,200,89560,image/jpeg,dramas/25/original.jpg
25,lBOo4f,thumbnail,dramas/25/thumbnail.webp,image/webp,53310,dc1988c151d21e30d2d60761053745309b463ed3411c90230f9fc32ee334b979,53310,image/webp,200,53310,image/webp,dramas/25/original.jpg
26,yWreBf,original,dramas/26/original.jpg,image/jpeg,243223,01a8d99afdcd4a5ac9eb0f7394affc94406620c06ee889a3a19ea795e367b9b2,243223,image/jpeg,200,243223,image/jpeg,dramas/26/original.jpg
26,yWreBf,thumbnail,dramas/26/thumbnail.webp,image/webp,49712,a03a4cadf95a11fe10418463c36f4d91fb1cdc54414385a73304f901ead896ea,49712,image/webp,200,49712,image/webp,dramas/26/original.jpg
27,p2j0nf,original,dramas/27/original.jpg,image/jpeg,84496,3781dc62854ae75807580f85fa5985c05bc86bbb4555dc21fb563fb171207735,84496,image/jpeg,200,84496,image/jpeg,dramas/27/original.jpg
27,p2j0nf,thumbnail,dramas/27/thumbnail.webp,image/webp,29292,316ecc42cb8487edcd057061bdb339fbf4696b76c26676c1e03b978350117c9e,29292,image/webp,200,29292,image/webp,dramas/27/original.jpg
28,13Ev5f,original,dramas/28/original.jpg,image/jpeg,148078,5f3bcc5883fddf301af7192f7d0581ca47aac71d92964b35f7f4935846a126b0,148078,image/jpeg,200,148078,image/jpeg,dramas/28/original.jpg
28,13Ev5f,thumbnail,dramas/28/thumbnail.webp,image/webp,37100,b2d9e1b009c8d66893474546aa375a3e9d2a21c057ad9e4b0c43f914a3f960eb,37100,image/webp,200,37100,image/webp,dramas/28/original.jpg
29,Kp8y4f,original,dramas/29/original.jpg,image/jpeg,172136,ad061a5f416c711968a72dbbaec1fafa739d901f721e4816c8de386bbf8698bb,172136,image/jpeg,200,172136,image/jpeg,dramas/29/original.jpg
29,Kp8y4f,thumbnail,dramas/29/thumbnail.webp,image/webp,45958,756c98f8bec94576c1592def67baed006fc8787ee7177b8185e4822aebc303c9,45958,image/webp,200,45958,image/webp,dramas/29/original.jpg
30,2wXrWf,original,dramas/30/original.jpg,image/jpeg,169900,d4695560f9852c0075cbe0e292408323ba4d00f8c9e79fbc8872351075409590,169900,image/jpeg,200,169900,image/jpeg,dramas/30/original.jpg
30,2wXrWf,thumbnail,dramas/30/thumbnail.webp,image/webp,57474,efec718819ded4146492b4113f22190b17d72090ad63a16e2514c7c7af157837,57474,image/webp,200,57474,image/webp,dramas/30/original.jpg
31,vN26Zf,original,dramas/31/original.jpg,image/jpeg,130947,51f8a63c7ff8aa5cb8117440ed9a9fe31224050083d87ea01599074ac82b1d2e,130947,image/jpeg,200,130947,image/jpeg,dramas/31/original.jpg
31,vN26Zf,thumbnail,dramas/31/thumbnail.webp,image/webp,48754,4daa5e924a5999c3f4a4765a6eafa78e286d788a700d98fdc244fba06cfecced,48754,image/webp,200,48754,image/webp,dramas/31/original.jpg
32,nOm4xf,original,dramas/32/original.jpg,image/jpeg,199317,2979da1d1cd0a1c4e238158e73bb6261f140361b7954c0eada7f5e4898d7f534,199317,image/jpeg,200,199317,image/jpeg,dramas/32/original.jpg
32,nOm4xf,thumbnail,dramas/32/thumbnail.webp,image/webp,72552,a73913829cea40ef51c325bf3d4d6308ae0bd2965d21de009029c2bbc24250e9,72552,image/webp,200,72552,image/webp,dramas/32/original.jpg
33,WPzLmf,original,dramas/33/original.jpg,image/jpeg,82669,6e72ee40f25e7536943b405c14784a5b09462747f8b6347a0a0591427d7e640b,82669,image/jpeg,200,82669,image/jpeg,dramas/33/original.jpg
33,WPzLmf,thumbnail,dramas/33/thumbnail.webp,image/webp,27636,4652722249f5bc173f2f7e6d8cda7c79114453c28739230f55f05eacba6ced21,27636,image/webp,200,27636,image/webp,dramas/33/original.jpg
34,1zDn5_4f,original,dramas/34/original.jpg,image/jpeg,184681,c77c1a5c706df87ef5640a34e4b36289becdc7264b59827f27ea5b9fa57e9357,184681,image/jpeg,200,184681,image/jpeg,dramas/34/original.jpg
34,1zDn5_4f,thumbnail,dramas/34/thumbnail.webp,image/webp,55154,259758b01dc6c457c96afc453c0333d90a3a717f4eb60f8ef06222782e6041ba,55154,image/webp,200,55154,image/webp,dramas/34/original.jpg
35,aEBp9f,original,dramas/35/original.jpg,image/jpeg,82503,a801c345612f1e2c223fd33235b7b33299e0a5208bdecb8b7c2e3430afa620ac,82503,image/jpeg,200,82503,image/jpeg,dramas/35/original.jpg
35,aEBp9f,thumbnail,dramas/35/thumbnail.webp,image/webp,53534,f7b6476250121f62f3870599a2d7cfa99849f1da5c6cfc23c925b204244c6d8f,53534,image/webp,200,53534,image/webp,dramas/35/original.jpg
36,nOQyNf,original,dramas/36/original.jpg,image/jpeg,99989,e12b2b938cf2ff6633a28f05f52a07cf0081b8b321bd35c978fbf58bc45e4958,99989,image/jpeg,200,99989,image/jpeg,dramas/36/original.jpg
36,nOQyNf,thumbnail,dramas/36/thumbnail.webp,image/webp,55886,237c2b36b5aa1d5f5e6470d6d70ba7c9504864887214f9658d98be37730e950a,55886,image/webp,200,55886,image/webp,dramas/36/original.jpg
37,Bd7Rzf,original,dramas/37/original.jpg,image/jpeg,178881,6a0d612f4c346a348046cb9655352237b308b62677c3a1b497c48eef9d9ab67a,178881,image/jpeg,200,178881,image/jpeg,dramas/37/original.jpg
37,Bd7Rzf,thumbnail,dramas/37/thumbnail.webp,image/webp,62866,3ecfb726ab7a6e1e030ffd55de4ae328fa64aaf980708d8639f2a60ab3317016,62866,image/webp,200,62866,image/webp,dramas/37/original.jpg
38,wJO1Af,original,dramas/38/original.jpg,image/jpeg,75837,beffbff94bc1e27afb4adae927e5220042b483fe8034dcb74cfcb25a3da9e83c,75837,image/jpeg,200,75837,image/jpeg,dramas/38/original.jpg
38,wJO1Af,thumbnail,dramas/38/thumbnail.webp,image/webp,34284,3e4685cc278a108cf7eea20b28ead0ac0c6f686f6756d520a8ac21323973583b,34284,image/webp,200,34284,image/webp,dramas/38/original.jpg
39,E2LWWf,original,dramas/39/original.jpg,image/jpeg,26072,9856b0bc160f37d631de0e276f91c0597d2c588a3a5e53179906e68d69cd7ae2,26072,image/jpeg,200,26072,image/jpeg,dramas/39/original.jpg
39,E2LWWf,thumbnail,dramas/39/thumbnail.webp,image/webp,16258,7aa22ff51b06d4069da2c2513606a8eb02f0caf28b270430b6ffcfd972eeb908,16258,image/webp,200,16258,image/webp,dramas/39/original.jpg
40,2wbqOf,original,dramas/40/original.jpg,image/jpeg,107606,c3f7332c6a9ca22cbc99908cbe74df7e96fe1f39241731726700daa7173a6e9c,107606,image/jpeg,200,107606,image/jpeg,dramas/40/original.jpg
40,2wbqOf,thumbnail,dramas/40/thumbnail.webp,image/webp,34146,fc105c032d1b9655133b5f3611713f2a92e5622e584557d86d742515ae412109,34146,image/webp,200,34146,image/webp,dramas/40/original.jpg
41,5d6Qyf,original,dramas/41/original.jpg,image/jpeg,132115,364a0562bc605f64913357188433b5b6c6d8cbb9de2ce468a095f1872ff60c0a,132115,image/jpeg,200,132115,image/jpeg,dramas/41/original.jpg
41,5d6Qyf,thumbnail,dramas/41/thumbnail.webp,image/webp,57936,ac2aab02363bd6f0a50087845731aa474b18a8a72df9cad94010145eda7769c2,57936,image/webp,200,57936,image/webp,dramas/41/original.jpg
42,akA7vf,original,dramas/42/original.jpg,image/jpeg,40342,b25594b2d8f7b5d07b9c69494b20223005032c427f6416ccaa6238a557913592,40342,image/jpeg,200,40342,image/jpeg,dramas/42/original.jpg
42,akA7vf,thumbnail,dramas/42/thumbnail.webp,image/webp,28712,656f7f6444e238b2fceda6845ff5889a17260cb10975488296bc17a6984e1256,28712,image/webp,200,28712,image/webp,dramas/42/original.jpg
43,Nd0zWf,original,dramas/43/original.jpg,image/jpeg,159677,80e3c35bb4e58c08bbf3e6586cdbe197876d1a69158b944f51e699f453365e68,159677,image/jpeg,200,159677,image/jpeg,dramas/43/original.jpg
43,Nd0zWf,thumbnail,dramas/43/thumbnail.webp,image/webp,66064,21470e79791f3192a542ad2e60212e74d661e870f54c57a01ded28bd187fb263,66064,image/webp,200,66064,image/webp,dramas/43/original.jpg
44,OronLf,original,dramas/44/original.jpg,image/jpeg,74135,aae454b65a70577e7e03a24ced88aac282d50781a12ec10eef528e18d3d34b9c,74135,image/jpeg,200,74135,image/jpeg,dramas/44/original.jpg
44,OronLf,thumbnail,dramas/44/thumbnail.webp,image/webp,49128,cd4f9c673630c2ee45f8ed1fe9db6661ca05e2493772a0de73e645e8d0927036,49128,image/webp,200,49128,image/webp,dramas/44/original.jpg
45,zBZDdf,original,dramas/45/original.jpg,image/jpeg,175622,89fd76857bae487de0dc9e854c8245b4f829d61d5236086f7a679847b9b0a5b1,175622,image/jpeg,200,175622,image/jpeg,dramas/45/original.jpg
45,zBZDdf,thumbnail,dramas/45/thumbnail.webp,image/webp,70480,64faa8ef57e6657dad0992a9a2ca9c79ba7c9b9487abaf21f15f70a5611543ba,70480,image/webp,200,70480,image/webp,dramas/45/original.jpg
46,yWKEBf,original,dramas/46/original.jpg,image/jpeg,96953,04c47d6e7624b61a7fa75a98bc9a1c0939cde452bed19c9e47ccfc10d24c904d,96953,image/jpeg,200,96953,image/jpeg,dramas/46/original.jpg
46,yWKEBf,thumbnail,dramas/46/thumbnail.webp,image/webp,55530,0d1414e7adad0961ddf5b9020beb1dd0eb38bb525a01d4dc62b9998946d59f09,55530,image/webp,200,55530,image/webp,dramas/46/original.jpg
47,YAopef,original,dramas/47/original.jpg,image/jpeg,72163,37e1838da415f0961f848d576205626b18799e2018d3f18a729152f450b48bcc,72163,image/jpeg,200,72163,image/jpeg,dramas/47/original.jpg
47,YAopef,thumbnail,dramas/47/thumbnail.webp,image/webp,44108,dce3b8ebbf3f6227472124fb6572cc82373aae02bbfc0fbd074fe75a9b156c6c,44108,image/webp,200,44108,image/webp,dramas/47/original.jpg
48,BwpKRf,original,dramas/48/original.jpg,image/jpeg,129341,5cb520a82db0b3e6cfe3e2d7481f9eaf2cc6fc737523ede9d371c7abd1c4c1f4,129341,image/jpeg,200,129341,image/jpeg,dramas/48/original.jpg
48,BwpKRf,thumbnail,dramas/48/thumbnail.webp,image/webp,25608,49318b18c2c38c971abcd32b1054aecc87d1e0ee43efd603f1d3750904cae2a4,25608,image/webp,200,25608,image/webp,dramas/48/original.jpg
49,b3JmNf,original,dramas/49/original.jpg,image/jpeg,102748,b11d0cf0f88bd0f460d33e39a8ea28262dd43c17b58632e9305d86e960879825,102748,image/jpeg,200,102748,image/jpeg,dramas/49/original.jpg
49,b3JmNf,thumbnail,dramas/49/thumbnail.webp,image/webp,62636,5aaf97b2577f4ad6255b9958720b72729166cd2eb0b491af4c91f51d9c1f65e5,62636,image/webp,200,62636,image/webp,dramas/49/original.jpg
50,BVQ11_4f,original,dramas/50/original.jpg,image/jpeg,335698,9af29a521371ad5cd9959fa5fe1b923d04ba8dde6ce6c12e119651145d3853a0,335698,image/jpeg,200,335698,image/jpeg,dramas/50/original.jpg
50,BVQ11_4f,thumbnail,dramas/50/thumbnail.webp,image/webp,77396,95b4d0e0fbcf198a4a808faab0cf8ec6f34b617d1e5092adb2c880097e815073,77396,image/webp,200,77396,image/webp,dramas/50/original.jpg
51,oQyw6f,original,dramas/51/original.jpg,image/jpeg,90753,7fbf8cfecf052fd23c6423fa522747309d38875e62e2dbc831a792bbfc360845,90753,image/jpeg,200,90753,image/jpeg,dramas/51/original.jpg
51,oQyw6f,thumbnail,dramas/51/thumbnail.webp,image/webp,34700,001bcd0b3a371395d2364c4f1a1938a13869aa3359ffa50d9c471c0acf87d9f5,34700,image/webp,200,34700,image/webp,dramas/51/original.jpg
52,YA01Pf,original,dramas/52/original.jpg,image/jpeg,77906,e4615385fe9e96fa8be7ac26be05e45e6d70454a39df891f03d727a80cd7f0b3,77906,image/jpeg,200,77906,image/jpeg,dramas/52/original.jpg
52,YA01Pf,thumbnail,dramas/52/thumbnail.webp,image/webp,30302,fe01851f9739a9f687ad63c2760e2f0972556f7a4b7622cfc93942e509e255f0,30302,image/webp,200,30302,image/webp,dramas/52/original.jpg
53,VBw6vf,original,dramas/53/original.jpg,image/jpeg,101329,d172748023f4d57c096d1f2c8969eea012d22c49c9579bd4bfdfb5a8db2e7704,101329,image/jpeg,200,101329,image/jpeg,dramas/53/original.jpg
53,VBw6vf,thumbnail,dramas/53/thumbnail.webp,image/webp,52144,e9ff903a55534eb047ad7dca201927e78d193d44c1fe3f90ab1b455aca2a7969,52144,image/webp,200,52144,image/webp,dramas/53/original.jpg
54,PxQd3f,original,dramas/54/original.jpg,image/jpeg,131514,c0469b861b09daa33733aabc6538b56d9ecf1ad8363803df34999f3b823d05b8,131514,image/jpeg,200,131514,image/jpeg,dramas/54/original.jpg
54,PxQd3f,thumbnail,dramas/54/thumbnail.webp,image/webp,25334,d7bc296b92898108dff029431f50b93c161b3183d71bc48943fba2070eeb807b,25334,image/webp,200,25334,image/webp,dramas/54/original.jpg
55,JjjBof,original,dramas/55/original.jpg,image/jpeg,192836,d2202f0325275a8fde1886cc607b39db0b1dead7b2cd84be39acdcf34f0545e1,192836,image/jpeg,200,192836,image/jpeg,dramas/55/original.jpg
55,JjjBof,thumbnail,dramas/55/thumbnail.webp,image/webp,64942,3d33e490794f9fbd51c6e526bc2e51dbf5d484754b6ff9c7db9de6fa64b03ccf,64942,image/webp,200,64942,image/webp,dramas/55/original.jpg
56,X4NBZf,original,dramas/56/original.jpg,image/jpeg,83625,1e20a3a1dc92a6525080367e7957b94d7d829e7538862420e390f0cab6e4d663,83625,image/jpeg,200,83625,image/jpeg,dramas/56/original.jpg
56,X4NBZf,thumbnail,dramas/56/thumbnail.webp,image/webp,53216,ede12bb58a69f4028af9db627dc166a4f9174373696fa80aa161c871aa60d177,53216,image/webp,200,53216,image/webp,dramas/56/original.jpg
57,ez5nQf,original,dramas/57/original.jpg,image/jpeg,123171,d3d9f2f2fffa414709efa8a81b30e8fd6d0a09476a29d962c722750c66286523,123171,image/jpeg,200,123171,image/jpeg,dramas/57/original.jpg
57,ez5nQf,thumbnail,dramas/57/thumbnail.webp,image/webp,57432,f9e12d131b7ff436e1e4e7bce9c0be480c05184ecc10314a1d446a4ad62df41f,57432,image/webp,200,57432,image/webp,dramas/57/original.jpg
58,jqb8yf,original,dramas/58/original.jpg,image/jpeg,194561,b3792fab9b3bac56b5e1e795bc2dbadba4cb552a2000d0da9e6a3a5187bb9ef9,194561,image/jpeg,200,194561,image/jpeg,dramas/58/original.jpg
58,jqb8yf,thumbnail,dramas/58/thumbnail.webp,image/webp,55450,207ff6571c37232a3ebe7be934ea025d702f15a2caaa7f5130a044ca12c81f8f,55450,image/webp,200,55450,image/webp,dramas/58/original.jpg
59,oQvmxf,original,dramas/59/original.jpg,image/jpeg,136695,990a26e59576f61e99c9169386fb397b0f760a89cc1f6dd3e2cd3cfa50a183a4,136695,image/jpeg,200,136695,image/jpeg,dramas/59/original.jpg
59,oQvmxf,thumbnail,dramas/59/thumbnail.webp,image/webp,52944,4c32c1d9001dbd8e63633eab1ddc4c40e11dcd86daa7ea83948af662abe84f81,52944,image/webp,200,52944,image/webp,dramas/59/original.jpg
60,b2D5wf,original,dramas/60/original.jpg,image/jpeg,140909,13a1962c44f0422eacc3c29712ef72ff3a26c1acf3286f39b8e82894438c48c0,140909,image/jpeg,200,140909,image/jpeg,dramas/60/original.jpg
60,b2D5wf,thumbnail,dramas/60/thumbnail.webp,image/webp,28502,78116fc5b29c9776ef7995f09ae7aa87d87f06725961e27b9e94f964e7d309c2,28502,image/webp,200,28502,image/webp,dramas/60/original.jpg
61,jq8KJf,original,dramas/61/original.jpg,image/jpeg,116482,89ea304387c2846ba03313eca5a0a296e279d49fce19343cc70245b06ae1dad2,116482,image/jpeg,200,116482,image/jpeg,dramas/61/original.jpg
61,jq8KJf,thumbnail,dramas/61/thumbnail.webp,image/webp,59804,bb860892c08fa805eab78b9c5500061fcc7f0536e59121fc6b07ff54cbb69226,59804,image/webp,200,59804,image/webp,dramas/61/original.jpg
62,gOWjvf,original,dramas/62/original.jpg,image/jpeg,240863,d16d7895c87dd807eb25ec70fcb170a5b2a389e44ad372146009346e9044ff3a,240863,image/jpeg,200,240863,image/jpeg,dramas/62/original.jpg
62,gOWjvf,thumbnail,dramas/62/thumbnail.webp,image/webp,52314,1a7795925dfbbe1bf223d6cbb0d9e02f5012c764b2d1c2563f4444c330bfc9b9,52314,image/webp,200,52314,image/webp,dramas/62/original.jpg
63,ak8r9f,original,dramas/63/original.jpg,image/jpeg,43833,ad6506a4c5a4edf6898c0bd29e35488b5eec2e963c6981074cd0a1d9c307e43b,43833,image/jpeg,200,43833,image/jpeg,dramas/63/original.jpg
63,ak8r9f,thumbnail,dramas/63/thumbnail.webp,image/webp,26324,847058678d4cfc237f8f8d82d40201e2b885dcedec44e4c8ef1b8a500715b9b5,26324,image/webp,200,26324,image/webp,dramas/63/original.jpg
64,qwJlBf,original,dramas/64/original.jpg,image/jpeg,25879,38ca0d2eccb21f41b4c2f83b1098640e481080cacc17f5928367e95f0fcb622d,25879,image/jpeg,200,25879,image/jpeg,dramas/64/original.jpg
64,qwJlBf,thumbnail,dramas/64/thumbnail.webp,image/webp,16736,d0325337ebc3afbcb6a21d88721bffc492474cc5c3208d5119379ad9f55e28b0,16736,image/webp,200,16736,image/webp,dramas/64/original.jpg
65,JpW0df,original,dramas/65/original.jpg,image/jpeg,247140,5cf6a53c75afa55ba0335c95e798b61b9fc8755182283a3b49f93916cb23eda6,247140,image/jpeg,200,247140,image/jpeg,dramas/65/original.jpg
65,JpW0df,thumbnail,dramas/65/thumbnail.webp,image/webp,50386,2b588d6baa3887f0b267d42123b74aca5cec01891bb9dfae6ffc0b8c06b55ed7,50386,image/webp,200,50386,image/webp,dramas/65/original.jpg
66,4Dwgwf,original,dramas/66/original.jpg,image/jpeg,182787,14b31a1ffe83a5285cba9a8102ce914a90e3b902837c32f590b2a385af0bd5ec,182787,image/jpeg,200,182787,image/jpeg,dramas/66/original.jpg
66,4Dwgwf,thumbnail,dramas/66/thumbnail.webp,image/webp,38326,cdc6f34994e00029283c971e025a1f467012cfa6cea3d5b9c386eb2f895a37bd,38326,image/webp,200,38326,image/webp,dramas/66/original.jpg
67,5vmwAf,original,dramas/67/original.jpg,image/jpeg,297253,dd51980cefca8fb5b4e1a6e72433b0b769e4d920e85ad27f3840c4d7b255699e,297253,image/jpeg,200,297253,image/jpeg,dramas/67/original.jpg
67,5vmwAf,thumbnail,dramas/67/thumbnail.webp,image/webp,73318,0962ac95930fb9d2227ed30c3d426e98923e21f3bed853511d56dad03a9438b3,73318,image/webp,200,73318,image/webp,dramas/67/original.jpg
68,9x4k0f,original,dramas/68/original.jpg,image/jpeg,31930,69d4c03e4d2d1eaeb2d632d007d461fed80d03793662714d59df8b98b7a07c0d,31930,image/jpeg,200,31930,image/jpeg,dramas/68/original.jpg
68,9x4k0f,thumbnail,dramas/68/thumbnail.webp,image/webp,22630,ce6332ff0e4be83e64fc95f75ff698631d8441c287dc63e05bf575d791fabc24,22630,image/webp,200,22630,image/webp,dramas/68/original.jpg
69,Q1NO6f,original,dramas/69/original.jpg,image/jpeg,72029,f5122031a687b5bdf26c58aacfd5ca6c324736602fa69a7736daeb3c7b55dce1,72029,image/jpeg,200,72029,image/jpeg,dramas/69/original.jpg
69,Q1NO6f,thumbnail,dramas/69/thumbnail.webp,image/webp,36286,4b5883501876b6849e6c08333d3850c0f3b573d8f61d7d02728adffbd2a9f5bc,36286,image/webp,200,36286,image/webp,dramas/69/original.jpg
70,Lw3l7f,original,dramas/70/original.jpg,image/jpeg,30671,f4194abfeef0fe45f07cdf29c9a282b45e7e02f999117ec2f6ed26f051bd2b7a,30671,image/jpeg,200,30671,image/jpeg,dramas/70/original.jpg
70,Lw3l7f,thumbnail,dramas/70/thumbnail.webp,image/webp,17444,37faa9f2523053e3d9bc0c8a09c44cdcdbf1f755e45c84bdaf9a672554ecd83b,17444,image/webp,200,17444,image/webp,dramas/70/original.jpg
71,2ozORf,original,dramas/71/original.jpg,image/jpeg,132895,70e89ad3ee5933e797b921ddf632ad1b5a931e3bfd96018c34f82cc568385ba7,132895,image/jpeg,200,132895,image/jpeg,dramas/71/original.jpg
71,2ozORf,thumbnail,dramas/71/thumbnail.webp,image/webp,58220,55d3d7611525ab0efe9886ba5751903c1672960b3844630dd16897ae3dd964fe,58220,image/webp,200,58220,image/webp,dramas/71/original.jpg
72,X2vVnf,original,dramas/72/original.jpg,image/jpeg,64934,17a60b57ce144a98b579f9f95219fef9888c264f92992a6e2dfe76ee75dd32e9,64934,image/jpeg,200,64934,image/jpeg,dramas/72/original.jpg
72,X2vVnf,thumbnail,dramas/72/thumbnail.webp,image/webp,26020,3c1b43f410e98e149dadb13b554f59191e0d95786a8d7e1b75b5cd7d549ef72b,26020,image/webp,200,26020,image/webp,dramas/72/original.jpg
73,9rDgMf,original,dramas/73/original.jpg,image/jpeg,51388,469b9df0dadc120e9e710ee40e70ea66296d6c3e0511afb8842fecfec13d2ea2,51388,image/jpeg,200,51388,image/jpeg,dramas/73/original.jpg
73,9rDgMf,thumbnail,dramas/73/thumbnail.webp,image/webp,30014,0f47b2515637036f98d608054cec7a2a5742d4c7fc064a152eaefda58fbdcef4,30014,image/webp,200,30014,image/webp,dramas/73/original.jpg
74,4eD5rf,original,dramas/74/original.jpg,image/jpeg,64752,c60940f15d5fb6ac9c68cebe12b76a1e58dff86703b0f32b711265623d5fd9a5,64752,image/jpeg,200,64752,image/jpeg,dramas/74/original.jpg
74,4eD5rf,thumbnail,dramas/74/thumbnail.webp,image/webp,35768,b1cc134575d17f8c02250eef9b21e68525bdfb7edfcffa2814ee54f05832cc44,35768,image/webp,200,35768,image/webp,dramas/74/original.jpg
75,onZmvf,original,dramas/75/original.jpg,image/jpeg,159105,4ae03b63a62763001e0a8b5caa241bf3275ddb2a0bee32a0aba436a1bd89d415,159105,image/jpeg,200,159105,image/jpeg,dramas/75/original.jpg
75,onZmvf,thumbnail,dramas/75/thumbnail.webp,image/webp,40396,0435a765f5c157a63118abffe0dd75148d54d9dbbd31e51669c141a3cd813967,40396,image/webp,200,40396,image/webp,dramas/75/original.jpg
76,v4LAW_4f,original,dramas/76/original.jpg,image/jpeg,241154,6a46dee90613b03641a207c00019b687bf1c73c6543affa5e0b3e1d9afc2b58a,241154,image/jpeg,200,241154,image/jpeg,dramas/76/original.jpg
76,v4LAW_4f,thumbnail,dramas/76/thumbnail.webp,image/webp,49772,1c91f7bcf4947d2ffea3169d8020efdd8efdbba53fbfe12e0ef1fd7d7da9dcf2,49772,image/webp,200,49772,image/webp,dramas/76/original.jpg
77,qW6BPf,original,dramas/77/original.jpg,image/jpeg,79838,88052da49d604e5f29bd3391323833f83782f21f9b9cc599ad63a606f4397231,79838,image/jpeg,200,79838,image/jpeg,dramas/77/original.jpg
77,qW6BPf,thumbnail,dramas/77/thumbnail.webp,image/webp,43546,f8585cdfbf09fbfd64d25b9f9481ca7b9e634b03b6a1e109287f9f77a4532dab,43546,image/webp,200,43546,image/webp,dramas/77/original.jpg
78,lBOpbf,original,dramas/78/original.jpg,image/jpeg,169863,74c27c36ccf3979c1876e484ac241ea93ec84f2382b607d20d6aed2210a96c3a,169863,image/jpeg,200,169863,image/jpeg,dramas/78/original.jpg
78,lBOpbf,thumbnail,dramas/78/thumbnail.webp,image/webp,86216,7961e377b09b4e0bd3a39584f8fbe9c0d2842b602cca8f49a6467bf4f5cf75d1,86216,image/webp,200,86216,image/webp,dramas/78/original.jpg
79,voKD2f,original,dramas/79/original.jpg,image/jpeg,322690,ee139db43c1eee07173e64ce745d8ce385a5c56f15d3ea1e0e260aa36d0acd63,322690,image/jpeg,200,322690,image/jpeg,dramas/79/original.jpg
79,voKD2f,thumbnail,dramas/79/thumbnail.webp,image/webp,81230,036b313f4e582ed6c515f914455a986fc574edfa7f60eac6cd360fb6a3c1143f,81230,image/webp,200,81230,image/webp,dramas/79/original.jpg
80,4gbR1f,original,dramas/80/original.jpg,image/jpeg,35667,d23611c585caee1d65ae691514beca9485829e1d612d63ce10662e74b8acb557,35667,image/jpeg,200,35667,image/jpeg,dramas/80/original.jpg
80,4gbR1f,thumbnail,dramas/80/thumbnail.webp,image/webp,15112,f58b550931bb44d03958907e2f8db043357711465f0540cc9305c8bc666c83da,15112,image/webp,200,15112,image/webp,dramas/80/original.jpg
81,JjroXf,original,dramas/81/original.jpg,image/jpeg,78711,8cff1895fb28c339d07d226bc87db74f5452de5485e92caafccb874268ee8698,78711,image/jpeg,200,78711,image/jpeg,dramas/81/original.jpg
81,JjroXf,thumbnail,dramas/81/thumbnail.webp,image/webp,49172,89faad1e2be3eb8eb08d6c31345f47bf137f7f0255c625415080c924ac2b378d,49172,image/webp,200,49172,image/webp,dramas/81/original.jpg
82,X6m8J_4f,original,dramas/82/original.jpg,image/jpeg,206457,196e1a33ce064aeb1e6ee34deeefe543f19060c536447cfcad59d5d8e7ceeb74,206457,image/jpeg,200,206457,image/jpeg,dramas/82/original.jpg
82,X6m8J_4f,thumbnail,dramas/82/thumbnail.webp,image/webp,41166,25340b1814483eab2e13c15a824846c4aa8ff7a943ae3857bcaff81f8df4a23f,41166,image/webp,200,41166,image/webp,dramas/82/original.jpg
83,JBxPwf,original,dramas/83/original.jpg,image/jpeg,67974,39a05653534bea636e0af05051cb332af5caa9f821aaa9c9945090bbaaf5ca92,67974,image/jpeg,200,67974,image/jpeg,dramas/83/original.jpg
83,JBxPwf,thumbnail,dramas/83/thumbnail.webp,image/webp,46266,075cab63835d2c65418ae548e42be3a999fd48c91f4f46960990a4ccf7e2c8b3,46266,image/webp,200,46266,image/webp,dramas/83/original.jpg
84,y6ZZ6f,original,dramas/84/original.jpg,image/jpeg,177795,6f72bf0c3e90dd0e72b544444e96cac942ab062e58abbc92ca825cc3f5148d66,177795,image/jpeg,200,177795,image/jpeg,dramas/84/original.jpg
84,y6ZZ6f,thumbnail,dramas/84/thumbnail.webp,image/webp,48422,1078f31f31c5286503ede71193455e425a8d1edf723ab57a71f602d63b5ff978,48422,image/webp,200,48422,image/webp,dramas/84/original.jpg
85,BwpVRf,original,dramas/85/original.jpg,image/jpeg,187429,274cd686d90acaf46294bcec950f27cee417c6410fa9ccdf87aab16e9e741cce,187429,image/jpeg,200,187429,image/jpeg,dramas/85/original.jpg
85,BwpVRf,thumbnail,dramas/85/thumbnail.webp,image/webp,38254,db75b139d42f386cef547278ae66b9edf0a0730b2f141c24746fc028e7b5c2c7,38254,image/webp,200,38254,image/webp,dramas/85/original.jpg
86,p2zoQf,original,dramas/86/original.jpg,image/jpeg,66565,a77da3bcd240c5742051bf3d0bd594e4db445c06be56aa4b8ea449ead8ca8ff1,66565,image/jpeg,200,66565,image/jpeg,dramas/86/original.jpg
86,p2zoQf,thumbnail,dramas/86/thumbnail.webp,image/webp,37412,aa88b54ce2ed64c25c07b73b890bd3899a286ed076ebb7e174d08f68d7f97138,37412,image/webp,200,37412,image/webp,dramas/86/original.jpg
87,xPgQ3f,original,dramas/87/original.jpg,image/jpeg,96164,41cf1c61580b8ff4c8bffd24f23749716ec0328d27c4ae68c08c23ae16193a23,96164,image/jpeg,200,96164,image/jpeg,dramas/87/original.jpg
87,xPgQ3f,thumbnail,dramas/87/thumbnail.webp,image/webp,41480,ea02f6752715379ba40aba9e8b7ebc9b2b540dc52344fc1c88b982e3d6fe8329,41480,image/webp,200,41480,image/webp,dramas/87/original.jpg
88,KnJ74f,original,dramas/88/original.jpg,image/jpeg,136376,2e38199f3b9b7e364edab93b1377ea52097db6d94db9b3f0c814b5ae17c41781,136376,image/jpeg,200,136376,image/jpeg,dramas/88/original.jpg
88,KnJ74f,thumbnail,dramas/88/thumbnail.webp,image/webp,65744,29430d6d8b467803fb1d08e9d9dac9f897ae61cbb3f5d4b5c368c5d75365a7a7,65744,image/webp,200,65744,image/webp,dramas/88/original.jpg
89,14br7f,original,dramas/89/original.jpg,image/jpeg,122288,7c51a4ccde4a6bb2fb586c0b1170c7acca480d9072287e2fd15a66fe40576622,122288,image/jpeg,200,122288,image/jpeg,dramas/89/original.jpg
89,14br7f,thumbnail,dramas/89/thumbnail.webp,image/webp,38552,eaf66f0103f6b8430e2a1e5793f6cf984cbd2df33a53224cf3fa3b611af56ba5,38552,image/webp,200,38552,image/webp,dramas/89/original.jpg
90,kyWOvf,original,dramas/90/original.jpg,image/jpeg,71770,433c57e69118243ed898f75ba61f6d15d70b20414e63b3425e1c5c67238afea1,71770,image/jpeg,200,71770,image/jpeg,dramas/90/original.jpg
90,kyWOvf,thumbnail,dramas/90/thumbnail.webp,image/webp,44886,b875fec6e9e25d77e0121d87647ddedf58ea3d9bc88a3a9332becc54ae10dfdd,44886,image/webp,200,44886,image/webp,dramas/90/original.jpg
91,vZPEB_4f,original,dramas/91/original.jpg,image/jpeg,231401,2e3a04aa4f98df57319d3d50faea0d3e7694bfd41740b3ee346811118c62082e,231401,image/jpeg,200,231401,image/jpeg,dramas/91/original.jpg
91,vZPEB_4f,thumbnail,dramas/91/thumbnail.webp,image/webp,48520,20418009b99a223419176b4d372498738fb886b4988c00ab85e696452bb7a818,48520,image/webp,200,48520,image/webp,dramas/91/original.jpg
92,kyDN8f,original,dramas/92/original.jpg,image/jpeg,96500,65b6b43b137d683a742e253327b9cd37e91a5ef5a67625abe7f0a257e7c68d59,96500,image/jpeg,200,96500,image/jpeg,dramas/92/original.jpg
92,kyDN8f,thumbnail,dramas/92/thumbnail.webp,image/webp,37802,c699565fde85836a749b08593e1e71265762cf41385b04b4a0f3b2507fafb05e,37802,image/webp,200,37802,image/webp,dramas/92/original.jpg
93,JjWDwf,original,dramas/93/original.jpg,image/jpeg,116190,57cbeaa8d997fb17b015db85a963e4b4750ef3bc74c27b577efd301cd15c2ff6,116190,image/jpeg,200,116190,image/jpeg,dramas/93/original.jpg
93,JjWDwf,thumbnail,dramas/93/thumbnail.webp,image/webp,42938,b9ea0df0d814c98e6361195aaba66b9a52925ee52ba961fdf83da3c525b3e7b6,42938,image/webp,200,42938,image/webp,dramas/93/original.jpg
94,xPNZNf,original,dramas/94/original.jpg,image/jpeg,196129,a22241e13a8f170ee99e920ae676eb2a91adb395618530a574ce949cc85bb051,196129,image/jpeg,200,196129,image/jpeg,dramas/94/original.jpg
94,xPNZNf,thumbnail,dramas/94/thumbnail.webp,image/webp,46078,462d833a689f66994fe22a53aa0793c4ee88c357e8303b9945f5ed799f746c3e,46078,image/webp,200,46078,image/webp,dramas/94/original.jpg
95,NRE0ef,original,dramas/95/original.jpg,image/jpeg,100248,f033eecd10d30f6ad7b3b948f93a48732d52d972a580b47586ea1d85a03d0578,100248,image/jpeg,200,100248,image/jpeg,dramas/95/original.jpg
95,NRE0ef,thumbnail,dramas/95/thumbnail.webp,image/webp,43724,8ff884636563e93381d4fd64109a47d5a5f70d7bd4b23c8f7690a1cf9da66daa,43724,image/webp,200,43724,image/webp,dramas/95/original.jpg
96,E2nNWf,original,dramas/96/original.jpg,image/jpeg,22400,5f54c0109d70459657b153e22383f232a852041aeded9c6774145f70aa791b6e,22400,image/jpeg,200,22400,image/jpeg,dramas/96/original.jpg
96,E2nNWf,thumbnail,dramas/96/thumbnail.webp,image/webp,13120,3a4f75ae230a79e9cbb18cf497ddf45a843745be1f52473b02942282e603c06f,13120,image/webp,200,13120,image/webp,dramas/96/original.jpg
97,xwA8r_4f,original,dramas/97/original.jpg,image/jpeg,246538,57759180421a6c153c2f3bfbb5cf8d4a7bfa401b48f9eb419e5c8d23f36cffd6,246538,image/jpeg,200,246538,image/jpeg,dramas/97/original.jpg
97,xwA8r_4f,thumbnail,dramas/97/thumbnail.webp,image/webp,86424,22bca7870314ae999d2fa9a5203a8d28a0105915d86f46b7e707d7579f3968bb,86424,image/webp,200,86424,image/webp,dramas/97/original.jpg
98,ez5ppf,original,dramas/98/original.jpg,image/jpeg,137809,186c444ed52acd6dbea5d3b1260b98990cb32d07acf202cf32fda15294833765,137809,image/jpeg,200,137809,image/jpeg,dramas/98/original.jpg
98,ez5ppf,thumbnail,dramas/98/thumbnail.webp,image/webp,73154,26a680875f88a132d89d1d45bca6bebf690a3f9115a01852f480f57b66ce9a79,73154,image/webp,200,73154,image/webp,dramas/98/original.jpg
99,p2rbEf,original,dramas/99/original.jpg,image/jpeg,30296,95443cae9af1598c2bcf03cc9d26e82384e2dd01d8a03a6518db24b98c9f6628,30296,image/jpeg,200,30296,image/jpeg,dramas/99/original.jpg
99,p2rbEf,thumbnail,dramas/99/thumbnail.webp,image/webp,17176,39c399630646d88d147838ed05b915e4bdaf7f2bbf06d30636e6dd4655ce45e5,17176,image/webp,200,17176,image/webp,dramas/99/original.jpg
100,dyKb0f,original,dramas/100/original.jpg,image/jpeg,32831,b1e79f22f88c420499e3a336a4cf504da3842333baedf8a2e29601c05d4cc28a,32831,image/jpeg,200,32831,image/jpeg,dramas/100/original.jpg
100,dyKb0f,thumbnail,dramas/100/thumbnail.webp,image/webp,19960,ecc54c80616ad8ad181b6d8c39eb75e2fc1af0df4bb979f027c0644eb96e10e1,19960,image/webp,200,19960,image/webp,dramas/100/original.jpg
101,WPnyRf,original,dramas/101/original.jpg,image/jpeg,137117,74d17c523c9396425683a582343480ba5e92922c28f16a8e3ef42d66f11f65b7,137117,image/jpeg,200,137117,image/jpeg,dramas/101/original.jpg
101,WPnyRf,thumbnail,dramas/101/thumbnail.webp,image/webp,48630,f24e9d75ac256d3b05a3619e28c438d085de029ba6e8c34211068892c09f376c,48630,image/webp,200,48630,image/webp,dramas/101/original.jpg
102,6wYZO_4f,original,dramas/102/original.jpg,image/jpeg,240296,ecf43b393a7106e1e4ee3a0c19f734a244cfe7191598f95363260a36fb9cf015,240296,image/jpeg,200,240296,image/jpeg,dramas/102/original.jpg
102,6wYZO_4f,thumbnail,dramas/102/thumbnail.webp,image/webp,52600,0523a7f439c3159936863d00a34d19d38d89023025e2dad0af28f4c35d33c7d4,52600,image/webp,200,52600,image/webp,dramas/102/original.jpg
103,Pe5b5f,original,dramas/103/original.jpg,image/jpeg,136346,4cd53debda971bd9b014521b9fa9e2e8b14e1ec2e76e2b32b3f2940693d96c35,136346,image/jpeg,200,136346,image/jpeg,dramas/103/original.jpg
103,Pe5b5f,thumbnail,dramas/103/thumbnail.webp,image/webp,53296,fa2d2b17ca09ad0d50d705ca8d78cf35387b02ed3a8ead349940e4a3183296eb,53296,image/webp,200,53296,image/webp,dramas/103/original.jpg
104,X2QrOf,original,dramas/104/original.jpg,image/jpeg,283542,f3b81f65473eb97406c1d7f42ed59a95c886beefdda26ac9c1fc3af143ff2f3b,283542,image/jpeg,200,283542,image/jpeg,dramas/104/original.jpg
104,X2QrOf,thumbnail,dramas/104/thumbnail.webp,image/webp,61098,a46bd30d378e597c36db0690a5fc542bcbacbadba836c288776f1c809d7aa33a,61098,image/webp,200,61098,image/webp,dramas/104/original.jpg
105,3vQwWf,original,dramas/105/original.jpg,image/jpeg,265934,660d9620bde7e40b5ac0b021418a4b07928f66295a864db2ace567fb72bcf602,265934,image/jpeg,200,265934,image/jpeg,dramas/105/original.jpg
105,3vQwWf,thumbnail,dramas/105/thumbnail.webp,image/webp,80198,d0cbb35013e7fc1262b86e9a89479a67ac0f1e8759bf0f90aac2d982b17304f7,80198,image/webp,200,80198,image/webp,dramas/105/original.jpg
106,jqPyJf,original,dramas/106/original.jpg,image/jpeg,126892,11f397201c8a1933c8d1a9e75ae286d5b1bba455c269d510887dc58e16ac4327,126892,image/jpeg,200,126892,image/jpeg,dramas/106/original.jpg
106,jqPyJf,thumbnail,dramas/106/thumbnail.webp,image/webp,40678,7166d6b4d0b82a367b5187ffb44fca8793e943253857d2877c14be4fb9e01aa1,40678,image/webp,200,40678,image/webp,dramas/106/original.jpg
107,vNoVpf,original,dramas/107/original.jpg,image/jpeg,58751,608a7b78864820445e1c4c847ca6005945cb0825f1b20e4151bf8ed346b6a1e4,58751,image/jpeg,200,58751,image/jpeg,dramas/107/original.jpg
107,vNoVpf,thumbnail,dramas/107/thumbnail.webp,image/webp,23168,47249253b9460794764393faa6df4e258a732c4082aa538507ef680b46cfba78,23168,image/webp,200,23168,image/webp,dramas/107/original.jpg
108,8QgjNf,original,dramas/108/original.jpg,image/jpeg,91163,9b57d5741d014249a7dfa7297a9a2a1fcbc92a772c7ac9b207a536157d9259cb,91163,image/jpeg,200,91163,image/jpeg,dramas/108/original.jpg
108,8QgjNf,thumbnail,dramas/108/thumbnail.webp,image/webp,53404,b2421a69185784218c41fb30cbef7f75fc98efd5de5fa4193d67c86e6c464d87,53404,image/webp,200,53404,image/webp,dramas/108/original.jpg
109,qVY4Bf,original,dramas/109/original.jpg,image/jpeg,169306,2b652e20e4454ac3c7d3529c40250b5b56495effa581b038540622dacaf60f0f,169306,image/jpeg,200,169306,image/jpeg,dramas/109/original.jpg
109,qVY4Bf,thumbnail,dramas/109/thumbnail.webp,image/webp,36460,095cfeaadab4f84a463c1cd36b518b76aae2bfa5d63a2e93007f9fd15b84965f,36460,image/webp,200,36460,image/webp,dramas/109/original.jpg
110,dRYAef,original,dramas/110/original.jpg,image/jpeg,106935,e7c28eb6c59b7428747462e475e77920a8f23b2dc5aa514b5b7ebab9bcb7a88e,106935,image/jpeg,200,106935,image/jpeg,dramas/110/original.jpg
110,dRYAef,thumbnail,dramas/110/thumbnail.webp,image/webp,33412,274f8b2308c9fc7ecbdf115c2a04131518deabec8fb9c139dc8def08e36ab18a,33412,image/webp,200,33412,image/webp,dramas/110/original.jpg
111,Ex40Of,original,dramas/111/original.jpg,image/jpeg,90203,7300fdfa6e31a04c36807a619e6065137f9f2bb49b4d63c776cb85083e5ecb47,90203,image/jpeg,200,90203,image/jpeg,dramas/111/original.jpg
111,Ex40Of,thumbnail,dramas/111/thumbnail.webp,image/webp,38278,19fa989b9aff8d7061160465f9440a6de36515143d41a7ea809452693e66e629,38278,image/webp,200,38278,image/webp,dramas/111/original.jpg
112,YAWkWf,original,dramas/112/original.jpg,image/jpeg,207286,77f48247503327a5ce532981303b97249b9a229091b8229ef9e92fbc53250501,207286,image/jpeg,200,207286,image/jpeg,dramas/112/original.jpg
112,YAWkWf,thumbnail,dramas/112/thumbnail.webp,image/webp,86528,f04763d22d21ad1de43f8f2e6db999c5ffa98edd0b15a145786fbcce96b45f95,86528,image/webp,200,86528,image/webp,dramas/112/original.jpg
113,BdxX5f,original,dramas/113/original.jpg,image/jpeg,187472,e3600c55665cfb6b6a06a295aa8420740b69ea2bb40bef474cf1809306e81b1f,187472,image/jpeg,200,187472,image/jpeg,dramas/113/original.jpg
113,BdxX5f,thumbnail,dramas/113/thumbnail.webp,image/webp,39208,8ef728236308648f2e76f7c602e4e47ef1447cb837f707111898236362c1fdac,39208,image/webp,200,39208,image/webp,dramas/113/original.jpg
114,7rxqrf,original,dramas/114/original.jpg,image/jpeg,36406,9a5b9f1c3377d543ba23945fb82f08d85b451d87b02e9f70bea477ecbbc8fa45,36406,image/jpeg,200,36406,image/jpeg,dramas/114/original.jpg
114,7rxqrf,thumbnail,dramas/114/thumbnail.webp,image/webp,23178,3d213a11e90bd5153f8b068dfac09d11b5fd1dfafd229edad5adb76d027dd21d,23178,image/webp,200,23178,image/webp,dramas/114/original.jpg
115,EVe0p_4f,original,dramas/115/original.jpg,image/jpeg,320997,94a3c628b92f9ec0ea8f9ca687bc020f61232d9f99a213c31e08388b5d87539d,320997,image/jpeg,200,320997,image/jpeg,dramas/115/original.jpg
115,EVe0p_4f,thumbnail,dramas/115/thumbnail.webp,image/webp,74682,48c4ce5decb2c6dd93b6194ff4a43465c65c915cc90427a8a5cb7c259288c85b,74682,image/webp,200,74682,image/webp,dramas/115/original.jpg
116,kyg6Of,original,dramas/116/original.jpg,image/jpeg,73277,d2a485dcb32791777046a12290d1fe043f9b98dacbba2ee5485bdde323f2d1c8,73277,image/jpeg,200,73277,image/jpeg,dramas/116/original.jpg
116,kyg6Of,thumbnail,dramas/116/thumbnail.webp,image/webp,32126,db32a356a3f4705cd320c11c649b7e05fd3a24ca67d34ca88814a6e236dd0c3f,32126,image/webp,200,32126,image/webp,dramas/116/original.jpg
117,6vXVpf,original,dramas/117/original.jpg,image/jpeg,179804,535410d0cde1fcdaaa6890966182f8b367ba18ed70355561cf3cff7d793e3390,179804,image/jpeg,200,179804,image/jpeg,dramas/117/original.jpg
117,6vXVpf,thumbnail,dramas/117/thumbnail.webp,image/webp,47918,f392705d21b73ab30055c503c2d00316deafb4e5f338dbb59422a4ab873dd941,47918,image/webp,200,47918,image/webp,dramas/117/original.jpg
118,B70Qbf,original,dramas/118/original.jpg,image/jpeg,111408,b53cb99042f345950821597dc5a737cd0254d13eb39292d680d3e7d057d8a754,111408,image/jpeg,200,111408,image/jpeg,dramas/118/original.jpg
118,B70Qbf,thumbnail,dramas/118/thumbnail.webp,image/webp,57204,75f9507de16a948bcf769121cffcd6fc4006fe29fbdfe5bf9aa0213a1f185729,57204,image/webp,200,57204,image/webp,dramas/118/original.jpg
119,LeKNbf,original,dramas/119/original.jpg,image/jpeg,64207,cf721b1b52d55b300a6bd5a38bee299de6980df7c4b745b1b15d15c40d25c643,64207,image/jpeg,200,64207,image/jpeg,dramas/119/original.jpg
119,LeKNbf,thumbnail,dramas/119/thumbnail.webp,image/webp,23580,c75c438cd17fe4a2426d5bb595d2c1fe017c826ddae9bc273c1872a92fdc060f,23580,image/webp,200,23580,image/webp,dramas/119/original.jpg
120,KnO1nf,original,dramas/120/original.jpg,image/jpeg,165464,b5e536e9746fb3b8788fecef51a22529b0f90c7c9a97c40a3d74328f0a20bd45,165464,image/jpeg,200,165464,image/jpeg,dramas/120/original.jpg
120,KnO1nf,thumbnail,dramas/120/thumbnail.webp,image/webp,38776,c5403b0fa18ba4d9b760967121642354ff8857184d5bbade37df85b7643cbe64,38776,image/webp,200,38776,image/webp,dramas/120/original.jpg
121,Dk4pNf,original,dramas/121/original.jpg,image/jpeg,140637,740128cba58048dfadfae280bad9e48e238ae037e32298ef3c5849e1f69391d9,140637,image/jpeg,200,140637,image/jpeg,dramas/121/original.jpg
121,Dk4pNf,thumbnail,dramas/121/thumbnail.webp,image/webp,57294,7d9e66be444cbc722663d03b1399771e15547cf4283fb4fd63f6be54afa6b070,57294,image/webp,200,57294,image/webp,dramas/121/original.jpg
122,0Nd3ef,original,dramas/122/original.jpg,image/jpeg,163811,6873b6b59108d59765af9023009e8e3647975cadfda4819374ae469767b9a359,163811,image/jpeg,200,163811,image/jpeg,dramas/122/original.jpg
122,0Nd3ef,thumbnail,dramas/122/thumbnail.webp,image/webp,43180,62ac6a774a86414537f5a0fb764d2657351040b1407b41142e0a68dfde76b65d,43180,image/webp,200,43180,image/webp,dramas/122/original.jpg
123,jy0Awf,original,dramas/123/original.jpg,image/jpeg,85301,7549b6dd5bce445bbef199e355e1683d3c9c70845d61ab260cb4ab17052efaa9,85301,image/jpeg,200,85301,image/jpeg,dramas/123/original.jpg
123,jy0Awf,thumbnail,dramas/123/thumbnail.webp,image/webp,39980,1b82d8d4eba26fff65fe41b73b694caa24840e0f260a2db9cc2eb1c516745631,39980,image/webp,200,39980,image/webp,dramas/123/original.jpg
124,90rkMf,original,dramas/124/original.jpg,image/jpeg,37748,96c5c39453ac2da2f07b52197eef2a800c05263cf7d7233d040e359b12a2b786,37748,image/jpeg,200,37748,image/jpeg,dramas/124/original.jpg
124,90rkMf,thumbnail,dramas/124/thumbnail.webp,image/webp,24116,0e516728e3c6288fd9f642e609001c95f79f0c36fd8c2c44115e1b3d7eb80d28,24116,image/webp,200,24116,image/webp,dramas/124/original.jpg
125,4kBWkf,original,dramas/125/original.jpg,image/jpeg,147853,dd480ce40cd0fd60d57805626b8858d5be64c8d744fb179104c40e0b6203f4c7,147853,image/jpeg,200,147853,image/jpeg,dramas/125/original.jpg
125,4kBWkf,thumbnail,dramas/125/thumbnail.webp,image/webp,53184,767b2c48443e0899274d6d36138df42e2a36fa2d9b467953a43022d3643a1dab,53184,image/webp,200,53184,image/webp,dramas/125/original.jpg
126,5QDVef,original,dramas/126/original.jpg,image/jpeg,101979,3b68ec344e5eba2d4dc0df3b8f233ed06887f727e869d6dc9a2fe8fae3457f74,101979,image/jpeg,200,101979,image/jpeg,dramas/126/original.jpg
126,5QDVef,thumbnail,dramas/126/thumbnail.webp,image/webp,47900,13d7615a5cdf6f18db1d61caf17592f764ce814c9f49ee3d8f15caaa7323679a,47900,image/webp,200,47900,image/webp,dramas/126/original.jpg
127,7nkprf,original,dramas/127/original.jpg,image/jpeg,222105,ba7ef2d4f7bcf79b106727287100dc9d61bc87e9890c4d92b68c856845e0506f,222105,image/jpeg,200,222105,image/jpeg,dramas/127/original.jpg
127,7nkprf,thumbnail,dramas/127/thumbnail.webp,image/webp,53656,380e965124b9752f2127d8b4aa85c10b09fb48c6895bab474dc16c8f1000b0c1,53656,image/webp,200,53656,image/webp,dramas/127/original.jpg
128,Bwzxbf,original,dramas/128/original.jpg,image/jpeg,208079,587ac8f5d58d2a64f933c231efcbbfbe9c0b29b7882666adbfebe55f3eec15ef,208079,image/jpeg,200,208079,image/jpeg,dramas/128/original.jpg
128,Bwzxbf,thumbnail,dramas/128/thumbnail.webp,image/webp,45746,fcadebb16763ebc33ad7c6b03041d3756451192665bbe1f852f179e842e0bc1c,45746,image/webp,200,45746,image/webp,dramas/128/original.jpg
129,E2nZmf,original,dramas/129/original.jpg,image/jpeg,18317,faff7a15a44a6a16ea852feeb5b977bc92db4aa13c60deacfd46625759e8f087,18317,image/jpeg,200,18317,image/jpeg,dramas/129/original.jpg
129,E2nZmf,thumbnail,dramas/129/thumbnail.webp,image/webp,10032,e8e28f68d6b1ff806d02a88f37471e18e95758134f9a70e7e16c9db2b3a8fd38,10032,image/webp,200,10032,image/webp,dramas/129/original.jpg
130,5Q6vef,original,dramas/130/original.jpg,image/jpeg,123789,ba537e8c92f8ec3bca81438a52ad862661c1c4646d8afceded416e0353540e9c,123789,image/jpeg,200,123789,image/jpeg,dramas/130/original.jpg
130,5Q6vef,thumbnail,dramas/130/thumbnail.webp,image/webp,69336,503f5ddde20205cd52b5d198f2a1cb9e64c563292b318909068dbf650300556b,69336,image/webp,200,69336,image/webp,dramas/130/original.jpg
131,zoeyJf,original,dramas/131/original.jpg,image/jpeg,45264,5e1bd3601a51ea518e3b699a16497572548e4cccf9dca49a51e7f0bf153292f1,45264,image/jpeg,200,45264,image/jpeg,dramas/131/original.jpg
131,zoeyJf,thumbnail,dramas/131/thumbnail.webp,image/webp,28208,0b54682380278377d2b3051e6ce4a7032b11ac99585c2edc8343aef7089dedf1,28208,image/webp,200,28208,image/webp,dramas/131/original.jpg
132,B77yzf,original,dramas/132/original.jpg,image/jpeg,133168,dd5a787378c9938a0b315199fa309dac7002244cf11d8148136908ca36cefd6a,133168,image/jpeg,200,133168,image/jpeg,dramas/132/original.jpg
132,B77yzf,thumbnail,dramas/132/thumbnail.webp,image/webp,51610,1d060f426bd103da6e081957dd6f75a91ca3e48e5c7a59251db6bd796759c1fe,51610,image/webp,200,51610,image/webp,dramas/132/original.jpg
133,94ZJMf,original,dramas/133/original.jpg,image/jpeg,28180,98941f1fd7a9570925b477e99c411cdf1c0d8aa0309580896fb8273e8b6dc950,28180,image/jpeg,200,28180,image/jpeg,dramas/133/original.jpg
133,94ZJMf,thumbnail,dramas/133/thumbnail.webp,image/webp,17820,d342261938fd59da64d313bbedcdbe5e22bbfbaa945a0342302c5bf470ab4757,17820,image/webp,200,17820,image/webp,dramas/133/original.jpg
134,bvp1Vf,original,dramas/134/original.jpg,image/jpeg,94851,fd4446d455765d555c56d106a49e0bb6a79365d76985241b915686638804d100,94851,image/jpeg,200,94851,image/jpeg,dramas/134/original.jpg
134,bvp1Vf,thumbnail,dramas/134/thumbnail.webp,image/webp,54186,47c399cd1ee6ef83f63f2af345f943895f8c5b3a8dab6cfc7ba83a43b19942ef,54186,image/webp,200,54186,image/webp,dramas/134/original.jpg
135,m0L3bf,original,dramas/135/original.jpg,image/jpeg,56575,37c08ba7d6ca70fb440b422d843f4c20306758319e5b08ce4f87ab00e19cfcff,56575,image/jpeg,200,56575,image/jpeg,dramas/135/original.jpg
135,m0L3bf,thumbnail,dramas/135/thumbnail.webp,image/webp,24946,d4987c39e891e87c6c85d401af57e0aea7033f65e745273e5f8b5c8788a7e19d,24946,image/webp,200,24946,image/webp,dramas/135/original.jpg
136,GqYO8f,original,dramas/136/original.jpg,image/jpeg,79236,e54bad3013e34bc040758c6503cc791346fdd93194eefcf8dabd38105acc9daf,79236,image/jpeg,200,79236,image/jpeg,dramas/136/original.jpg
136,GqYO8f,thumbnail,dramas/136/thumbnail.webp,image/webp,42746,bf1d47b32bed2c202db966c44379494c6c04a75e493707178ff729cc8e0bb2f1,42746,image/webp,200,42746,image/webp,dramas/136/original.jpg
137,Y0ZNAf,original,dramas/137/original.jpg,image/jpeg,304902,21c3c93d618fcd51206f02a372fbb5dc59ea6111a26ec8df392251e20a17fa7b,304902,image/jpeg,200,304902,image/jpeg,dramas/137/original.jpg
137,Y0ZNAf,thumbnail,dramas/137/thumbnail.webp,image/webp,66890,83d4a025f0815c36da860ebec90b79d3d52ed1f5f3187edaa12e6c27a6b502ad,66890,image/webp,200,66890,image/webp,dramas/137/original.jpg
138,bBvWjf,original,dramas/138/original.jpg,image/jpeg,111010,c474d2f30ec1a00529a0325d449a74be54825c8222d671c31845f5e674bd4a7f,111010,image/jpeg,200,111010,image/jpeg,dramas/138/original.jpg
138,bBvWjf,thumbnail,dramas/138/thumbnail.webp,image/webp,64404,99d965d6493c4271b7db06ea1ef5c43b47c7b75318daa88137e275fed51f1ebf,64404,image/webp,200,64404,image/webp,dramas/138/original.jpg
139,vobL2f,original,dramas/139/original.jpg,image/jpeg,132991,1a9490d99249ece226a87c33ba57fda69cd695031dbe3f01aabff3e07f276ea5,132991,image/jpeg,200,132991,image/jpeg,dramas/139/original.jpg
139,vobL2f,thumbnail,dramas/139/thumbnail.webp,image/webp,53510,37f31bccf83d92f0b96c32bfaad2c7dc710d8b0f38a01732dfec14a283533219,53510,image/webp,200,53510,image/webp,dramas/139/original.jpg
140,X2LwOf,original,dramas/140/original.jpg,image/jpeg,133509,7691fa07936e856076989df584abeeaf89f06919990d9729df6e352fd1de8907,133509,image/jpeg,200,133509,image/jpeg,dramas/140/original.jpg
140,X2LwOf,thumbnail,dramas/140/thumbnail.webp,image/webp,28526,a619248d085ac7303ddcfb2ae21b31e21cd59a5124ae8d77c58802dd52390b90,28526,image/webp,200,28526,image/webp,dramas/140/original.jpg
141,1g3dzf,original,dramas/141/original.jpg,image/jpeg,316899,4dfa4058b0498559b5b50618c0f8e08bc41f1fa54aecc547e2350893853ac606,316899,image/jpeg,200,316899,image/jpeg,dramas/141/original.jpg
141,1g3dzf,thumbnail,dramas/141/thumbnail.webp,image/webp,69230,5378e2f506a4e2d4f7f4b9cf8f6892095c056a35e8e3506173d9b98c23f3d658,69230,image/webp,200,69230,image/webp,dramas/141/original.jpg
142,Rjw7Ef,original,dramas/142/original.jpg,image/jpeg,38906,9a4d38aa860d819fd11d87f0995067dd4632cdd7af6cf8c944ef8f1ab1f25d62,38906,image/jpeg,200,38906,image/jpeg,dramas/142/original.jpg
142,Rjw7Ef,thumbnail,dramas/142/thumbnail.webp,image/webp,24326,722757ba8d99dd504c7b3c74884f8fc1ab78fa0a32bc19b66da10305cf2aa4f8,24326,image/webp,200,24326,image/webp,dramas/142/original.jpg
143,ElJXzf,original,dramas/143/original.jpg,image/jpeg,157688,0162f3969af276f4eff02ea26a522e6145698f43e3d59e55bbe988654270aca0,157688,image/jpeg,200,157688,image/jpeg,dramas/143/original.jpg
143,ElJXzf,thumbnail,dramas/143/thumbnail.webp,image/webp,44586,847e15cf0e618ee918d436ee0e9785c90f879b8a3daebdd92550ffec34a45910,44586,image/webp,200,44586,image/webp,dramas/143/original.jpg
144,9YYwdf,original,dramas/144/original.jpg,image/jpeg,99577,70469cba812a7fe1df4463a89938b931a0a58ac85e625e79977ba8d44cd73743,99577,image/jpeg,200,99577,image/jpeg,dramas/144/original.jpg
144,9YYwdf,thumbnail,dramas/144/thumbnail.webp,image/webp,46942,5259cd9b62e73b7c33b3d5e7bfe12f519870115dd45ed2b05b3be1983e9bdd48,46942,image/webp,200,46942,image/webp,dramas/144/original.jpg
145,WnR0Of,original,dramas/145/original.jpg,image/jpeg,36230,1eba63134f4e922ccaaa6413551d7157981ead8ef082700e2a16ef2a9039f042,36230,image/jpeg,200,36230,image/jpeg,dramas/145/original.jpg
145,WnR0Of,thumbnail,dramas/145/thumbnail.webp,image/webp,14760,39eb235f96e16f17ddab9c662d5601e0362015babf2b7c8ea52854e5199affc9,14760,image/webp,200,14760,image/webp,dramas/145/original.jpg
146,YEKpof,original,dramas/146/original.jpg,image/jpeg,134852,0fa5f944f652c75130d70cb52f2957dc2aceb377e0b1299cca96e9376e7a0d40,134852,image/jpeg,200,134852,image/jpeg,dramas/146/original.jpg
146,YEKpof,thumbnail,dramas/146/thumbnail.webp,image/webp,30446,cac96c9bcce7433545037ebdaa486fb22dfebeb181a589f39b0e053039977648,30446,image/webp,200,30446,image/webp,dramas/146/original.jpg
147,qW78Df,original,dramas/147/original.jpg,image/jpeg,68121,828de5a1516da32c96335d45b616fd575a6fcb668426e1f90476e1ba73351b4f,68121,image/jpeg,200,68121,image/jpeg,dramas/147/original.jpg
147,qW78Df,thumbnail,dramas/147/thumbnail.webp,image/webp,34480,5fef0baecbc45741020c4b17e657053abd6110dd9f583951c29ded6a0ec48b2e,34480,image/webp,200,34480,image/webp,dramas/147/original.jpg
148,rRKgEf,original,dramas/148/original.jpg,image/jpeg,53849,ac291949f38d5bf84eb5a1e2bd1416c7de1f8366bd853877fe8afc736e0ce4c7,53849,image/jpeg,200,53849,image/jpeg,dramas/148/original.jpg
148,rRKgEf,thumbnail,dramas/148/thumbnail.webp,image/webp,38016,b2cc7d8ef88c226e5544acb1dcfce2aa3b5e424fe96173358f7129eb52c7d4d2,38016,image/webp,200,38016,image/webp,dramas/148/original.jpg
149,jyQnwf,original,dramas/149/original.jpg,image/jpeg,162306,0416a15aeed669933f9291b922d3d064da008d36c6b7df7e4c585d694a64ac18,162306,image/jpeg,200,162306,image/jpeg,dramas/149/original.jpg
149,jyQnwf,thumbnail,dramas/149/thumbnail.webp,image/webp,41986,3d61414dc50c95e3e1b6860c94a7909bc5460f0e6061249297fb165fb65538a3,41986,image/webp,200,41986,image/webp,dramas/149/original.jpg
150,Q2jl6f,original,dramas/150/original.jpg,image/jpeg,107078,8fd1152bc66c251c7c8e9bcc51347ba2d439e921f80235e8dcfe5908d996184b,107078,image/jpeg,200,107078,image/jpeg,dramas/150/original.jpg
150,Q2jl6f,thumbnail,dramas/150/thumbnail.webp,image/webp,45278,480f83b66e6fb8dfb050067a904795f044df1725d37aa93a8a9422c69b3f467b,45278,image/webp,200,45278,image/webp,dramas/150/original.jpg
151,850XQf,original,dramas/151/original.jpg,image/jpeg,106854,66ad3aa5aeb1a17741407295dc416b28ae4a9177b7b2219919c47165c0e6d375,106854,image/jpeg,200,106854,image/jpeg,dramas/151/original.jpg
151,850XQf,thumbnail,dramas/151/thumbnail.webp,image/webp,50174,c7b4a26b1a84b953ae53e1df4ab58816f069dd1cf18b91db6d686d883f71b38b,50174,image/webp,200,50174,image/webp,dramas/151/original.jpg
152,lB2QJf,original,dramas/152/original.jpg,image/jpeg,99618,3c8e36d8248e03c129e90c79ada1cd6ae86e4de7640fa4285aacd4dc5465f17b,99618,image/jpeg,200,99618,image/jpeg,dramas/152/original.jpg
152,lB2QJf,thumbnail,dramas/152/thumbnail.webp,image/webp,58942,6c2f71098830bc851432c8b12bf6154e5469b900bc5aca086cd467f7220a8f53,58942,image/webp,200,58942,image/webp,dramas/152/original.jpg
153,Z54vJf,original,dramas/153/original.jpg,image/jpeg,68123,4c48fe572066e574f91589418d86d1e1d8035a215b353522edc2eea5aff07afe,68123,image/jpeg,200,68123,image/jpeg,dramas/153/original.jpg
153,Z54vJf,thumbnail,dramas/153/thumbnail.webp,image/webp,32916,0cca5be2ce6e48bf931b3b5c57b3370f5d4a5823096b1603d485ef569e681a62,32916,image/webp,200,32916,image/webp,dramas/153/original.jpg
154,7vQRLf,original,dramas/154/original.jpg,image/jpeg,242510,889f34415c7fac62f044bfeb11311850b31a108a64748c0d106b01763eee2c4b,242510,image/jpeg,200,242510,image/jpeg,dramas/154/original.jpg
154,7vQRLf,thumbnail,dramas/154/thumbnail.webp,image/webp,53248,296cb84860f3055aee2bc41706e9a0976374ccf9263261828aff76948ad3d35b,53248,image/webp,200,53248,image/webp,dramas/154/original.jpg
155,XAd0gf,original,dramas/155/original.jpg,image/jpeg,101851,cb880d6a10588a45eae057ed9ec400dad4d3b8fc2906ed4f09dacde3872a6852,101851,image/jpeg,200,101851,image/jpeg,dramas/155/original.jpg
155,XAd0gf,thumbnail,dramas/155/thumbnail.webp,image/webp,39920,051cd6854359feeec28a3e3e92615ab4ecc2f38325c9496cc2b03d7f875bef1f,39920,image/webp,200,39920,image/webp,dramas/155/original.jpg
156,B1rl6_4f,original,dramas/156/original.jpg,image/jpeg,201377,7b6ff1dbcd3244b863787fcb3eef46fa292aa63b829e0fb3faabcf81ce8e72e8,201377,image/jpeg,200,201377,image/jpeg,dramas/156/original.jpg
156,B1rl6_4f,thumbnail,dramas/156/thumbnail.webp,image/webp,40698,535cba2a328f322027109856e69d14d7e0fec7474bc48e3679ed8bddc2b12d72,40698,image/webp,200,40698,image/webp,dramas/156/original.jpg
157,AJB0Pf,original,dramas/157/original.jpg,image/jpeg,105348,b228fdc6ce7aa4d55db17125f8d9e493aead680539b298c5f4ef901c7ec24d45,105348,image/jpeg,200,105348,image/jpeg,dramas/157/original.jpg
157,AJB0Pf,thumbnail,dramas/157/thumbnail.webp,image/webp,47212,96fe5c68fc805c23e42f21b8590cfb04ccc7edae1ad3d817bbb80979d818dc2f,47212,image/webp,200,47212,image/webp,dramas/157/original.jpg
158,3v5Emf,original,dramas/158/original.jpg,image/jpeg,101039,27889babb20134be787794d9eb41569ea528c3aa1d58e49a16e6a916e31582af,101039,image/jpeg,200,101039,image/jpeg,dramas/158/original.jpg
158,3v5Emf,thumbnail,dramas/158/thumbnail.webp,image/webp,51900,a923f155c7142df964d3294b6efbc44365a25397f139c60588ee36e696845f05,51900,image/webp,200,51900,image/webp,dramas/158/original.jpg
159,0Kwqrf,original,dramas/159/original.jpg,image/jpeg,257152,8d1b0610fdec9ab5336c2695bca44790db5a7c0ab40562cf929d1f5c585911b2,257152,image/jpeg,200,257152,image/jpeg,dramas/159/original.jpg
159,0Kwqrf,thumbnail,dramas/159/thumbnail.webp,image/webp,67228,651853e93ecc6c078250ee05d2b5154d5ade18fbe6cefbb082825ee0d4843a37,67228,image/webp,200,67228,image/webp,dramas/159/original.jpg
160,K5bQXf,original,dramas/160/original.jpg,image/jpeg,83706,3b339af488cdec3dcce34fc3a1da8b36f3ffc0ab1e9a27e0908d958236bd6d97,83706,image/jpeg,200,83706,image/jpeg,dramas/160/original.jpg
160,K5bQXf,thumbnail,dramas/160/thumbnail.webp,image/webp,35628,076d580b9f041fad2bb50e83392fcc35f8cb84e0dcaa59b0f30c2015e3ffca87,35628,image/webp,200,35628,image/webp,dramas/160/original.jpg
161,85qEbf,original,dramas/161/original.jpg,image/jpeg,70631,93eddeb345aba0b67402764aa56d4827a6da59dccfe8873a4cf78e1baefdbd0c,70631,image/jpeg,200,70631,image/jpeg,dramas/161/original.jpg
161,85qEbf,thumbnail,dramas/161/thumbnail.webp,image/webp,44726,43bc7f3765cfa3a8af33b13f19d00bcdab7ba5f24df650028986bbac921d3608,44726,image/webp,200,44726,image/webp,dramas/161/original.jpg
162,JEZQpf,original,dramas/162/original.jpg,image/jpeg,58109,915f92f6cbb6973f596e94a3109d92e84f8fc20bbc47a6361b7963e488bca77f,58109,image/jpeg,200,58109,image/jpeg,dramas/162/original.jpg
162,JEZQpf,thumbnail,dramas/162/thumbnail.webp,image/webp,37408,e52cd70760237ebe0a36242710a204af6a0f87315eb7c4e7e287b11767e0d956,37408,image/webp,200,37408,image/webp,dramas/162/original.jpg
163,mojX0f,original,dramas/163/original.jpg,image/jpeg,196944,c6d5ad8e46d1034dc63b2bd28b865a36c99257c8a4f4ab5e65fdbd1331a86e53,196944,image/jpeg,200,196944,image/jpeg,dramas/163/original.jpg
163,mojX0f,thumbnail,dramas/163/thumbnail.webp,image/webp,40178,ee789efaa505cccf499a87395153710cee92f7c1ed6a8ef07bcacc55235cb637,40178,image/webp,200,40178,image/webp,dramas/163/original.jpg
164,7nE7jf,original,dramas/164/original.jpg,image/jpeg,44864,ae434b7d65021459999134870037f39e5b04026e85a0ca6f15ac57998d3e6fe5,44864,image/jpeg,200,44864,image/jpeg,dramas/164/original.jpg
164,7nE7jf,thumbnail,dramas/164/thumbnail.webp,image/webp,24310,628788f61188e7bc32ac8724050cfbc9117fdbd440f7bb0998c2e29e82e34479,24310,image/webp,200,24310,image/webp,dramas/164/original.jpg
165,WdnR5f,original,dramas/165/original.jpg,image/jpeg,66658,b9fb977676378feab1e5a36541c4ccd66845beee77878cf8c2d2c8065d04cc99,66658,image/jpeg,200,66658,image/jpeg,dramas/165/original.jpg
165,WdnR5f,thumbnail,dramas/165/thumbnail.webp,image/webp,45992,72da08545c3bf7c4146ffa561267eb98b9372871a38a73c7a840f0d44c5dea97,45992,image/webp,200,45992,image/webp,dramas/165/original.jpg
166,XA3Lpf,original,dramas/166/original.jpg,image/jpeg,119509,988d08cdd6172b0e288cbde872b1494a940c7360cb9bcae8e68b8c214467e170,119509,image/jpeg,200,119509,image/jpeg,dramas/166/original.jpg
166,XA3Lpf,thumbnail,dramas/166/thumbnail.webp,image/webp,59680,954e7302f927626fed1b4498f09008feaac43f4a1c583e5e4c0bf09f9824ed21,59680,image/webp,200,59680,image/webp,dramas/166/original.jpg
167,3ozLvf,original,dramas/167/original.jpg,image/jpeg,99149,b71dd609505e9e64dac7b8129cdd30e114e27270f82dff2844780ede721b3c92,99149,image/jpeg,200,99149,image/jpeg,dramas/167/original.jpg
167,3ozLvf,thumbnail,dramas/167/thumbnail.webp,image/webp,27816,4ba8da1a7450ee8cb6ca9459e84de298c509651b38136ac44ce4d9a8a183eb24,27816,image/webp,200,27816,image/webp,dramas/167/original.jpg
168,850xAf,original,dramas/168/original.jpg,image/jpeg,59610,dc60256bda3a6df91ee752832489154664ecfe186f056d6f64c70b50cc663d04,59610,image/jpeg,200,59610,image/jpeg,dramas/168/original.jpg
168,850xAf,thumbnail,dramas/168/thumbnail.webp,image/webp,20412,572713845bf63d724d4df8cf0ea57d7dc2a2db1a7a91a6840b3864c4e4713245,20412,image/webp,200,20412,image/webp,dramas/168/original.jpg
169,RY026f,original,dramas/169/original.jpg,image/jpeg,198411,4cd022628a195235123518c8ca85e9e1e8d721448b918d0ecaf22614b7ba1002,198411,image/jpeg,200,198411,image/jpeg,dramas/169/original.jpg
169,RY026f,thumbnail,dramas/169/thumbnail.webp,image/webp,53304,1c93b97bc22383f9491f05433e1444d4ac92b43c3debc1c47cb7fc590d0dacbd,53304,image/webp,200,53304,image/webp,dramas/169/original.jpg
170,1oRBdf,original,dramas/170/original.jpg,image/jpeg,193103,8767f95593a6cb505ae6bb7f060fc1e622fe35001c6c372a9feddc4f52d4f667,193103,image/jpeg,200,193103,image/jpeg,dramas/170/original.jpg
170,1oRBdf,thumbnail,dramas/170/thumbnail.webp,image/webp,42274,a71763c02411764dd80bb554356139b9c4455f323cf6beaf93588404bf803ffa,42274,image/webp,200,42274,image/webp,dramas/170/original.jpg
171,1d4z6f,original,dramas/171/original.jpg,image/jpeg,98780,9345953856006a5a24cc78802170a6d78491616504004619b435cea04e553128,98780,image/jpeg,200,98780,image/jpeg,dramas/171/original.jpg
171,1d4z6f,thumbnail,dramas/171/thumbnail.webp,image/webp,33968,0e651f1fc61e33fe5e7afb9e19f9f7d1373badd83a558107460ad8fbb7d0319f,33968,image/webp,200,33968,image/webp,dramas/171/original.jpg
172,YEkyof,original,dramas/172/original.jpg,image/jpeg,130869,05e614b704568bb6dfed59b81a1b03ed3ce5e356ea8bcadcd26c4897d521a735,130869,image/jpeg,200,130869,image/jpeg,dramas/172/original.jpg
172,YEkyof,thumbnail,dramas/172/thumbnail.webp,image/webp,64582,8480176b53027754ea5e27b2dd9a77f2714b13a4e062a7e9e280183054f0ac63,64582,image/webp,200,64582,image/webp,dramas/172/original.jpg
173,Z5w0Jf,original,dramas/173/original.jpg,image/jpeg,83370,64f3bc05b48c08b4f062bb421fe7afe2fb3ff689cfa1131b81ce718747b1910f,83370,image/jpeg,200,83370,image/jpeg,dramas/173/original.jpg
173,Z5w0Jf,thumbnail,dramas/173/thumbnail.webp,image/webp,30554,e09910d31030c5bc00cdf86f7c6327fb44f64fce59da435051bab7d04df06472,30554,image/webp,200,30554,image/webp,dramas/173/original.jpg
174,3r1Ref,original,dramas/174/original.jpg,image/jpeg,91418,d7519444ec15df22a8adda3d6ab2153f17333f5bba6a22b9dae27dca6fa20909,91418,image/jpeg,200,91418,image/jpeg,dramas/174/original.jpg
174,3r1Ref,thumbnail,dramas/174/thumbnail.webp,image/webp,55306,945b14c27683459328a43ba550034cf15ebb95428b5d48c8c07d09ce71e28269,55306,image/webp,200,55306,image/webp,dramas/174/original.jpg
175,GLKr9f,original,dramas/175/original.jpg,image/jpeg,134323,e21e082a72af991d665f6f35a79fbe51653c122d1d2d5ed37ce41e959d5422bc,134323,image/jpeg,200,134323,image/jpeg,dramas/175/original.jpg
175,GLKr9f,thumbnail,dramas/175/thumbnail.webp,image/webp,56688,9d9c9636b532352d2358bf398334da21c3d204165f85dab119792b1e58273ee4,56688,image/webp,200,56688,image/webp,dramas/175/original.jpg
176,960opf,original,dramas/176/original.jpg,image/jpeg,73147,e7e36b7c0cb39a54140995897299e7f2963f6856a7b9b485b98cf7fd9b5a933b,73147,image/jpeg,200,73147,image/jpeg,dramas/176/original.jpg
176,960opf,thumbnail,dramas/176/thumbnail.webp,image/webp,51862,a7f9f1a4d3aa213d2a487b94d4ce56877557640ba0e6120b75a2ce2eeaa24766,51862,image/webp,200,51862,image/webp,dramas/176/original.jpg
177,dyv1ef,original,dramas/177/original.jpg,image/jpeg,78372,09f92cb3658ac3f9d0b120ce524e433d54634487138d6439cd5cb73b9bd7c183,78372,image/jpeg,200,78372,image/jpeg,dramas/177/original.jpg
177,dyv1ef,thumbnail,dramas/177/thumbnail.webp,image/webp,33910,f61173b02c5c6516f8fbb573ea5a41e2afa640f79a5ea9c24ead53d8b9397718,33910,image/webp,200,33910,image/webp,dramas/177/original.jpg
178,lWJwbf,original,dramas/178/original.jpg,image/jpeg,136365,ef6721186ea8cb773232324b74c02f129db0527b016a85d97646c5474adb7734,136365,image/jpeg,200,136365,image/jpeg,dramas/178/original.jpg
178,lWJwbf,thumbnail,dramas/178/thumbnail.webp,image/webp,71698,86ba97f82f9621dd6cadc876551033e3d73e1345a028ff5e7d5497832b642a5d,71698,image/webp,200,71698,image/webp,dramas/178/original.jpg
179,6QJ4Pf,original,dramas/179/original.jpg,image/jpeg,105861,9412927ee7c9df435f999002dde8db2d337cb189427e9cff500587cbcc7da510,105861,image/jpeg,200,105861,image/jpeg,dramas/179/original.jpg
179,6QJ4Pf,thumbnail,dramas/179/thumbnail.webp,image/webp,43112,66bad844142f6cbf2bbfac14fdf6cf8fc6aac7df61f3bd42e91657fd31ff7bd7,43112,image/webp,200,43112,image/webp,dramas/179/original.jpg
180,K52K8f,original,dramas/180/original.jpg,image/jpeg,136913,c5e59c7ab9249eeb050182ad81273649d08bac9e6b467ced3a84b4bbe73be9c1,136913,image/jpeg,200,136913,image/jpeg,dramas/180/original.jpg
180,K52K8f,thumbnail,dramas/180/thumbnail.webp,image/webp,66668,bb69507b45729f973670bb9aad4e1e91892303813d7bf7bcd5e0642e98d51196,66668,image/webp,200,66668,image/webp,dramas/180/original.jpg
181,7vgNrf,original,dramas/181/original.jpg,image/jpeg,118332,9dbb2721507cc127ff7d29019b3ea9908bc77e02caaf5736ec6fe7c30fa7a7aa,118332,image/jpeg,200,118332,image/jpeg,dramas/181/original.jpg
181,7vgNrf,thumbnail,dramas/181/thumbnail.webp,image/webp,57754,949d80682f5f57ac61c08382cbf1859012304501098792a32c63ad4e328419e7,57754,image/webp,200,57754,image/webp,dramas/181/original.jpg
182,04pE6f,original,dramas/182/original.jpg,image/jpeg,171103,b61c85396969bcfc2724a5f79aa396d6e2a292b7a8f2776ce3f9795498fb330a,171103,image/jpeg,200,171103,image/jpeg,dramas/182/original.jpg
182,04pE6f,thumbnail,dramas/182/thumbnail.webp,image/webp,35164,170c36c0baa686e5423c2258ddeb3c9062fe01017f4822790db9b2ccfe50d546,35164,image/webp,200,35164,image/webp,dramas/182/original.jpg
183,JERJlf,original,dramas/183/original.jpg,image/jpeg,362951,5714842b8d3a3f1bc5ab1829933ec5e6ae3b92913c8ab649a952a5b68d00a828,362951,image/jpeg,200,362951,image/jpeg,dramas/183/original.jpg
183,JERJlf,thumbnail,dramas/183/thumbnail.webp,image/webp,86700,b0a670dc5d255988047777888a81f44e32e65db13c9152713ed8696a0406e968,86700,image/webp,200,86700,image/webp,dramas/183/original.jpg
184,EkoZQf,original,dramas/184/original.jpg,image/jpeg,24035,6ec18527f330ecd6a4e1a2605223a0ff265015dcdbc9c293911ada1341f3d94b,24035,image/jpeg,200,24035,image/jpeg,dramas/184/original.jpg
184,EkoZQf,thumbnail,dramas/184/thumbnail.webp,image/webp,13010,e94e2933b7760e5f8dda7356374b9f762cda10677620c5d8c3f175b20c85af95,13010,image/webp,200,13010,image/webp,dramas/184/original.jpg
185,2zWk2_4f,original,dramas/185/original.jpg,image/jpeg,239987,4cc4d6df527b225ec9f49892b8e14ef43c55d6709cd2b03d816e712e8a7ec55a,239987,image/jpeg,200,239987,image/jpeg,dramas/185/original.jpg
185,2zWk2_4f,thumbnail,dramas/185/thumbnail.webp,image/webp,65466,3c698e9e46647cd32abbe20157809efe9c2ffa7ce97af3f216245733fee92fb2,65466,image/webp,200,65466,image/webp,dramas/185/original.jpg
186,R0NlPf,original,dramas/186/original.jpg,image/jpeg,282943,1a802a10bf1eec374c8dcbb6933e1104362ac728e2d21c6a6465aca0d5acbe07,282943,image/jpeg,200,282943,image/jpeg,dramas/186/original.jpg
186,R0NlPf,thumbnail,dramas/186/thumbnail.webp,image/webp,62498,afff8b74af18571f7b70c41e109a111a3d69ce64a69c1ebc362d3158510c53a1,62498,image/webp,200,62498,image/webp,dramas/186/original.jpg
187,eyxwEf,original,dramas/187/original.jpg,image/jpeg,108253,88fc332cd2fc5f9613debed10aec9a51a8b78d490f4c6409d1070a7fdc1453d2,108253,image/jpeg,200,108253,image/jpeg,dramas/187/original.jpg
187,eyxwEf,thumbnail,dramas/187/thumbnail.webp,image/webp,63176,84011650ad482a79b984ac3ef7d7fc57b72963a30d11174a261989bc963ec92f,63176,image/webp,200,63176,image/webp,dramas/187/original.jpg
188,lWygef,original,dramas/188/original.jpg,image/jpeg,48123,cb393502505254eb2098f0fa0c79dd62d0d1deccc40404bbd352956e7fa879a9,48123,image/jpeg,200,48123,image/jpeg,dramas/188/original.jpg
188,lWygef,thumbnail,dramas/188/thumbnail.webp,image/webp,29186,d5b58a6a2693dd65f32fa9aafefe96c9ef8966008c5837ecb7addb93eaabf0b0,29186,image/webp,200,29186,image/webp,dramas/188/original.jpg
189,RRXWR_4f,original,dramas/189/original.jpg,image/jpeg,243162,33030e88ce7b3282777f0a53fa9ac374a1d32545e1a391d9ca05a0b80007d0e6,243162,image/jpeg,200,243162,image/jpeg,dramas/189/original.jpg
189,RRXWR_4f,thumbnail,dramas/189/thumbnail.webp,image/webp,53160,bb01c02929cced4e91d98f3ee735bc14794410e45289cd5f3ad01dc055cec0f2,53160,image/webp,200,53160,image/webp,dramas/189/original.jpg
190,o7DVPf,original,dramas/190/original.jpg,image/jpeg,120897,c215fa2e38abc3fb1815d20bd97f56a51fdea1bbe5c483a27d6cb5814c5f9817,120897,image/jpeg,200,120897,image/jpeg,dramas/190/original.jpg
190,o7DVPf,thumbnail,dramas/190/thumbnail.webp,image/webp,61794,b72c36c682de4c0cdb434c429b65a35589f8934278ebbe4f27971080968ffe70,61794,image/webp,200,61794,image/webp,dramas/190/original.jpg
191,Q2Al4f,original,dramas/191/original.jpg,image/jpeg,277579,1ce2afc45cd1284632c809b32cb3086176c7a1e612067e4a13b31a3b4b33f597,277579,image/jpeg,200,277579,image/jpeg,dramas/191/original.jpg
191,Q2Al4f,thumbnail,dramas/191/thumbnail.webp,image/webp,61070,2d80647bec27949367934d8323de0ec575e8ceb9ea81e805dd9731a67834e84f,61070,image/webp,200,61070,image/webp,dramas/191/original.jpg
192,dOrn5f,original,dramas/192/original.jpg,image/jpeg,170105,e37cc3ad412250b5e5c266c166269d6e3b8c0d99eb256baf04e69275ce85b97e,170105,image/jpeg,200,170105,image/jpeg,dramas/192/original.jpg
192,dOrn5f,thumbnail,dramas/192/thumbnail.webp,image/webp,50986,aafde6b7607fef54248854ae3c44a1d2c483945a637138d4f73d128498002238,50986,image/webp,200,50986,image/webp,dramas/192/original.jpg
193,XAJBpf,original,dramas/193/original.jpg,image/jpeg,210960,e24af3b6515cbb5b809866cf47578769bb14e671ecb9727501f1384d13f14ad0,210960,image/jpeg,200,210960,image/jpeg,dramas/193/original.jpg
193,XAJBpf,thumbnail,dramas/193/thumbnail.webp,image/webp,43448,cf622b1b6f8f6d1f75623b5cf8847bcfff791df10b313ba5280055e140048221,43448,image/webp,200,43448,image/webp,dramas/193/original.jpg
194,wjz3Jf,original,dramas/194/original.jpg,image/jpeg,98238,68a5369cf4c00326e7ad2468f5502959dff58e1b847ac47462cdf24760e19864,98238,image/jpeg,200,98238,image/jpeg,dramas/194/original.jpg
194,wjz3Jf,thumbnail,dramas/194/thumbnail.webp,image/webp,56256,7876c0177f5205de56394c8e5629a924155b19676c2f82046075855b8fa28626,56256,image/webp,200,56256,image/webp,dramas/194/original.jpg
195,jWJxbf,original,dramas/195/original.jpg,image/jpeg,264547,6a0b53018f5a21390c4aa7654ce543b3cb4282e4a7133d3273d695bdd1a815ef,264547,image/jpeg,200,264547,image/jpeg,dramas/195/original.jpg
195,jWJxbf,thumbnail,dramas/195/thumbnail.webp,image/webp,61176,7da5b67c3f438b4bc39ea24b688abf9129f840634a4469ac963419def1348285,61176,image/webp,200,61176,image/webp,dramas/195/original.jpg
196,jypPyf,original,dramas/196/original.jpg,image/jpeg,96432,25fdb26ca51ee7fca0e8805c1de26969e7202fe9ae70e85e82a4a19e58e7ac4f,96432,image/jpeg,200,96432,image/jpeg,dramas/196/original.jpg
196,jypPyf,thumbnail,dramas/196/thumbnail.webp,image/webp,33054,e5997c8c0f6406ea97a52a56bef2928c537e4e5068b789b8bca615b014023471,33054,image/webp,200,33054,image/webp,dramas/196/original.jpg
197,WV4o3_4f,original,dramas/197/original.jpg,image/jpeg,151363,0e32a04202f34e12d2e306c08946fee254c1c229bbe3bb5fa2fa131b0cd65547,151363,image/jpeg,200,151363,image/jpeg,dramas/197/original.jpg
197,WV4o3_4f,thumbnail,dramas/197/thumbnail.webp,image/webp,35668,e389b8253ccbe25bb99170d35a0f838fde542d6495b826b2db80c345116d2af9,35668,image/webp,200,35668,image/webp,dramas/197/original.jpg
198,NdRKef,original,dramas/198/original.jpg,image/jpeg,122838,936d4003e6e99bab25e498ec9c541d3ab7e80c09105c5c9faf5bee29d836b215,122838,image/jpeg,200,122838,image/jpeg,dramas/198/original.jpg
198,NdRKef,thumbnail,dramas/198/thumbnail.webp,image/webp,47200,fb91fda3fc7e23eb9bb8ead6904bdccc7b036f0d4f1e646da6635ab31fc4c405,47200,image/webp,200,47200,image/webp,dramas/198/original.jpg
199,x4XJrf,original,dramas/199/original.jpg,image/jpeg,82047,651bf142cd565fcad0c54dacf816d0148f6a1a749da43f19bfa9998341fe237f,82047,image/jpeg,200,82047,image/jpeg,dramas/199/original.jpg
199,x4XJrf,thumbnail,dramas/199/thumbnail.webp,image/webp,41888,861f8d4eb1a8005e011021964690e916a236612a47738ce366f00c3b452b6281,41888,image/webp,200,41888,image/webp,dramas/199/original.jpg
200,dRnx5f,original,dramas/200/original.jpg,image/jpeg,240392,71ea4338bfa4942763fd4e16f58bf3cbd8798c488ae74bf7aa95fe5b4e619522,240392,image/jpeg,200,240392,image/jpeg,dramas/200/original.jpg
200,dRnx5f,thumbnail,dramas/200/thumbnail.webp,image/webp,65936,7db00ae8ebb7521b98639ef6cda53e1a833f5baf76d7e93cce0a4ce47698ef92,65936,image/webp,200,65936,image/webp,dramas/200/original.jpg
201,YEx2Wf,original,dramas/201/original.jpg,image/jpeg,55904,a5f2ebd40546423f6d395c5236169e2b9151136d5c771159473e6bf0e1c7988d,55904,image/jpeg,200,55904,image/jpeg,dramas/201/original.jpg
201,YEx2Wf,thumbnail,dramas/201/thumbnail.webp,image/webp,29206,4ccce4451e9f99030a7045614ed43007ea4c6dd9e952b76fe9f91b1a89784d73,29206,image/webp,200,29206,image/webp,dramas/201/original.jpg
202,B2ZEAf,original,dramas/202/original.jpg,image/jpeg,157765,a3b9bf93e800bc1461c33e3bc37d74dd6eae167728cd9c34073498710fac1d18,157765,image/jpeg,200,157765,image/jpeg,dramas/202/original.jpg
202,B2ZEAf,thumbnail,dramas/202/thumbnail.webp,image/webp,34918,a11b8a3292a65871bafc2092c47a0b51c1183ab326c411e6b6343b3584b87b38,34918,image/webp,200,34918,image/webp,dramas/202/original.jpg
203,85r7Wf,original,dramas/203/original.jpg,image/jpeg,55873,ce505c29a604a57c2aa29802d4e5478ef9ab7d8e97ce2fca572f2e23f68934d1,55873,image/jpeg,200,55873,image/jpeg,dramas/203/original.jpg
203,85r7Wf,thumbnail,dramas/203/thumbnail.webp,image/webp,19810,d06bc02868e59bf5a06e67633aedc571a743caa9fa185390ef25a4b04f5eeaaf,19810,image/webp,200,19810,image/webp,dramas/203/original.jpg
204,ndJw6f,original,dramas/204/original.jpg,image/jpeg,154589,de212ce96e5075608d1c75f7675cf1b44644e8df0ad8eb9460dc49b3047115e3,154589,image/jpeg,200,154589,image/jpeg,dramas/204/original.jpg
204,ndJw6f,thumbnail,dramas/204/thumbnail.webp,image/webp,33050,b496e54e57c3f43de6611a4f9f2021d074315f5a7c1e89187319a4bb7fb3501d,33050,image/webp,200,33050,image/webp,dramas/204/original.jpg
205,WdX5mf,original,dramas/205/original.jpg,image/jpeg,97045,ea81e26c7485b27f84ee8627609408f57ce2c10ad33c11b8db7283e03f742dfd,97045,image/jpeg,200,97045,image/jpeg,dramas/205/original.jpg
205,WdX5mf,thumbnail,dramas/205/thumbnail.webp,image/webp,37820,6d88a5de20b88c936958f6b124bda2c512bfe910ebc9df7c69a3347b5eaada69,37820,image/webp,200,37820,image/webp,dramas/205/original.jpg
206,XAyeJf,original,dramas/206/original.jpg,image/jpeg,93552,67d9bc19815acc97314d4bc790e471c4c952f86ee0332aa8571f77054f513fbc,93552,image/jpeg,200,93552,image/jpeg,dramas/206/original.jpg
206,XAyeJf,thumbnail,dramas/206/thumbnail.webp,image/webp,35292,d9ab645b457f9290c5796e370cee691fe0f28cfe140482a13464590c9ae9bb71,35292,image/webp,200,35292,image/webp,dramas/206/original.jpg
207,VXkJJf,original,dramas/207/original.jpg,image/jpeg,233070,46a6afc78b14060273fb06a170cb4fe2b29d3b0e132cd1b46d52bd31546d06fc,233070,image/jpeg,200,233070,image/jpeg,dramas/207/original.jpg
207,VXkJJf,thumbnail,dramas/207/thumbnail.webp,image/webp,67366,d486286b48d8281cebe40b49b480b826c0c622281671e2f48682b6005dc3e132,67366,image/webp,200,67366,image/webp,dramas/207/original.jpg
208,dynK5f,original,dramas/208/original.jpg,image/jpeg,171308,af039a93fe7b36f1818de6df64fc4c5745d71dd3be5c34751055b97fefffa5f3,171308,image/jpeg,200,171308,image/jpeg,dramas/208/original.jpg
208,dynK5f,thumbnail,dramas/208/thumbnail.webp,image/webp,40440,cb91adba8e7e429a515141d51fd6040b1d232fdd93e1f4d9c5d6b21947290702,40440,image/webp,200,40440,image/webp,dramas/208/original.jpg
209,xjNByf,original,dramas/209/original.jpg,image/jpeg,159061,84fccaf64555a56a679da87f1b9e175e8aaf7cc67be397f5940761c062512c40,159061,image/jpeg,200,159061,image/jpeg,dramas/209/original.jpg
209,xjNByf,thumbnail,dramas/209/thumbnail.webp,image/webp,38762,b7bf47f6a859d16f8d3901b1f0f5827b1dafe789f09e2bcecae826bc737e0188,38762,image/webp,200,38762,image/webp,dramas/209/original.jpg
210,0xzyYf,original,dramas/210/original.jpg,image/jpeg,251653,1ecce8a90c5781930498748074e49773daac218dbb670f0aae16d19a792c752c,251653,image/jpeg,200,251653,image/jpeg,dramas/210/original.jpg
210,0xzyYf,thumbnail,dramas/210/thumbnail.webp,image/webp,50530,b6bb852bf9722c812fabb180998a9b5fe022b5f08fc2ba64ac8b059f2eef9e70,50530,image/webp,200,50530,image/webp,dramas/210/original.jpg
211,xjdQrf,original,dramas/211/original.jpg,image/jpeg,129088,95039f32fd4b7d588b6064f77e77e154663c2c763938f862b2d5581b4cc03d73,129088,image/jpeg,200,129088,image/jpeg,dramas/211/original.jpg
211,xjdQrf,thumbnail,dramas/211/thumbnail.webp,image/webp,63786,480eb57708c2ae175f3f8d8a000581c00381d20de5e48cb84763bf977731b537,63786,image/webp,200,63786,image/webp,dramas/211/original.jpg
212,55VAef,original,dramas/212/original.jpg,image/jpeg,238588,150510cf1734eb2183ac1d8ad8a5416b3d47b48ac443327a3b2025ab749723ae,238588,image/jpeg,200,238588,image/jpeg,dramas/212/original.jpg
212,55VAef,thumbnail,dramas/212/thumbnail.webp,image/webp,75326,1d0d2814d4f34307d21f892e8bca7e82abe975c7561059ed22a7eb8ab21b2560,75326,image/webp,200,75326,image/webp,dramas/212/original.jpg
213,1dB7bf,original,dramas/213/original.jpg,image/jpeg,100579,38d748b82cbdcf9f3d13c2807be85aa96e6d001d77f449338c64b972814755db,100579,image/jpeg,200,100579,image/jpeg,dramas/213/original.jpg
213,1dB7bf,thumbnail,dramas/213/thumbnail.webp,image/webp,48626,55c967343076af5b0b57d6e575bf56c6032ea225473d4ef02aab7f1d6ed8cabc,48626,image/webp,200,48626,image/webp,dramas/213/original.jpg
214,Ekznbf,original,dramas/214/original.jpg,image/jpeg,377416,a8ce767692ccff76bc0b7aff2993ef7ad4318217f3b2bf2a576182012b16e6ef,377416,image/jpeg,200,377416,image/jpeg,dramas/214/original.jpg
214,Ekznbf,thumbnail,dramas/214/thumbnail.webp,image/webp,88380,14ca36a8aa1f5d7c41046a9febeeb82a7ab5013ebabef95bad630e6bd801c0b3,88380,image/webp,200,88380,image/webp,dramas/214/original.jpg
215,pBXgyf,original,dramas/215/original.jpg,image/jpeg,191138,22ea42b7c418ae570d937efd1d075da770beca9119b1289a22ccd6dfa829a29f,191138,image/jpeg,200,191138,image/jpeg,dramas/215/original.jpg
215,pBXgyf,thumbnail,dramas/215/thumbnail.webp,image/webp,50968,721932523df8cab3ca6a8adb176273d8f2e1f26b44d9be255796019ad3c3a27a,50968,image/webp,200,50968,image/webp,dramas/215/original.jpg
216,lO65Jf,original,dramas/216/original.jpg,image/jpeg,187818,0bb896560a196dd32968bbc3f53fed703fa30a17be7000662ec1ac465a356b93,187818,image/jpeg,200,187818,image/jpeg,dramas/216/original.jpg
216,lO65Jf,thumbnail,dramas/216/thumbnail.webp,image/webp,44842,4fb18aafd51534c0623fd6cf1e03736a0136d83262ef831f9c190d326f61206c,44842,image/webp,200,44842,image/webp,dramas/216/original.jpg
217,6wjE0_4f,original,dramas/217/original.jpg,image/jpeg,279612,6f8edec42da49dc37b86b7d44deb7a564bc5e8cc36282dfc33d690392741fe60,279612,image/jpeg,200,279612,image/jpeg,dramas/217/original.jpg
217,6wjE0_4f,thumbnail,dramas/217/thumbnail.webp,image/webp,58876,f83a957be4b31259c771be19864f0956f2435643e561112b69ed56621e899176,58876,image/webp,200,58876,image/webp,dramas/217/original.jpg
218,pk7jbf,original,dramas/218/original.jpg,image/jpeg,135525,93b5dfb8c151e70d358f965bc72739ccb53a4f9e130d767b1188f6ceb164f8c7,135525,image/jpeg,200,135525,image/jpeg,dramas/218/original.jpg
218,pk7jbf,thumbnail,dramas/218/thumbnail.webp,image/webp,49604,7c5e92ccc55b57e397af984fcaba9164cb747ee2b9613a96e6d6ec5b70c6633c,49604,image/webp,200,49604,image/webp,dramas/218/original.jpg
219,jyRRzf,original,dramas/219/original.jpg,image/jpeg,127681,38a578b9ee125909701828fdbd9a1df9d2a62332298655d4135dcb0e64d6c2e4,127681,image/jpeg,200,127681,image/jpeg,dramas/219/original.jpg
219,jyRRzf,thumbnail,dramas/219/thumbnail.webp,image/webp,55016,1b022aa0e7d4449dae19ef00f9eb79a59cea43bbfbc1c2a8288be78c33308c0d,55016,image/webp,200,55016,image/webp,dramas/219/original.jpg
220,Dx8rof,original,dramas/220/original.jpg,image/jpeg,143072,223644f43089be6c425b692e4c509c96582bb13c7e988b36876456ccba7ea9eb,143072,image/jpeg,200,143072,image/jpeg,dramas/220/original.jpg
220,Dx8rof,thumbnail,dramas/220/thumbnail.webp,image/webp,79038,ef12b88df785fdc83f38f8732d21e353a4ad872e89204db9589c719f54c439d2,79038,image/webp,200,79038,image/webp,dramas/220/original.jpg
221,41ROQf,original,dramas/221/original.jpg,image/jpeg,191842,d1996b03aabcf37f35a62a5d059b1198f291d47fa97e6093b933a5a1bfa5204b,191842,image/jpeg,200,191842,image/jpeg,dramas/221/original.jpg
221,41ROQf,thumbnail,dramas/221/thumbnail.webp,image/webp,39970,7b13963e80af9ad004a204d3898ab6afd12bd1a5064bc20d194426daef2cb0d7,39970,image/webp,200,39970,image/webp,dramas/221/original.jpg
222,l7lYQf,original,dramas/222/original.jpg,image/jpeg,158869,9da5e60831b389c66f748e358ccb74700a95348294f9a3a121aea6e86e77f5b3,158869,image/jpeg,200,158869,image/jpeg,dramas/222/original.jpg
222,l7lYQf,thumbnail,dramas/222/thumbnail.webp,image/webp,30224,a76785a5591fd5e04da7263cddf3ee63659219ab3b4fceb4d2d5454484690b5a,30224,image/webp,200,30224,image/webp,dramas/222/original.jpg
223,XA0Qnf,original,dramas/223/original.jpg,image/jpeg,136943,3d85eacaf0f768bf76ac547f1399f0685422ce0d45fdefb8af50bfedd54c6fbf,136943,image/jpeg,200,136943,image/jpeg,dramas/223/original.jpg
223,XA0Qnf,thumbnail,dramas/223/thumbnail.webp,image/webp,57692,03f4fd35448d33c40c9423ad0f9bad15812ef46b7f80ab26abb7da7f0af0c86b,57692,image/webp,200,57692,image/webp,dramas/223/original.jpg
224,Ldnd5f,original,dramas/224/original.jpg,image/jpeg,210984,e316d18078256317a0b209e159f579f9cb06036a895ed8714306c9cde46d8361,210984,image/jpeg,200,210984,image/jpeg,dramas/224/original.jpg
224,Ldnd5f,thumbnail,dramas/224/thumbnail.webp,image/webp,46274,2c1dfee4ec102fa44c0ac2d6b586c8ce42393042d5d1c5a744bcdb3058e546ca,46274,image/webp,200,46274,image/webp,dramas/224/original.jpg
225,EmBz0_4f,original,dramas/225/original.jpg,image/jpeg,227563,62188b161b614611e275245d8317119f0a9ef9cf7e8b0c6088445241366027a5,227563,image/jpeg,200,227563,image/jpeg,dramas/225/original.jpg
225,EmBz0_4f,thumbnail,dramas/225/thumbnail.webp,image/webp,55696,e8a5de734435a464e7a41cacfc05101b7470c8c31bceb3eb1c1b792cf6aa64c1,55696,image/webp,200,55696,image/webp,dramas/225/original.jpg
226,X4L4gf,original,dramas/226/original.jpg,image/jpeg,256237,c8e4e57e338441d87554e6f2f41e0c7f20cc49d49e708790d632f473b6364bb3,256237,image/jpeg,200,256237,image/jpeg,dramas/226/original.jpg
226,X4L4gf,thumbnail,dramas/226/thumbnail.webp,image/webp,54856,c9cad8f7f79654915c72436676deee865809bec8dd69d0b55a5d0bc06a1cbf27,54856,image/webp,200,54856,image/webp,dramas/226/original.jpg
227,rVjRyf,original,dramas/227/original.jpg,image/jpeg,64951,4652d29a96e14a657baf321f904a330410901448df8ce15ae64e1ccfbef28234,64951,image/jpeg,200,64951,image/jpeg,dramas/227/original.jpg
227,rVjRyf,thumbnail,dramas/227/thumbnail.webp,image/webp,27298,9877fffa2d64944810f7b9f4d10b3da68c689ebbd3fb0de77f6f05d16b9148f6,27298,image/webp,200,27298,image/webp,dramas/227/original.jpg
228,kojx8f,original,dramas/228/original.jpg,image/jpeg,191980,912dec57557ba46d6aa34cf5dd1b9266a164d42533fffed0fcf4660576857f15,191980,image/jpeg,200,191980,image/jpeg,dramas/228/original.jpg
228,kojx8f,thumbnail,dramas/228/thumbnail.webp,image/webp,36656,7d49b243b87f145e1aa43e5040ed5b7d47e082a07e4da4b8c05f37df5b753fe2,36656,image/webp,200,36656,image/webp,dramas/228/original.jpg
229,0476Nf,original,dramas/229/original.jpg,image/jpeg,86216,2cf1130ce39ee6f99ae7d0fd99ae606d0444a6f7e9495b1f28552dd532267a60,86216,image/jpeg,200,86216,image/jpeg,dramas/229/original.jpg
229,0476Nf,thumbnail,dramas/229/thumbnail.webp,image/webp,42500,f4d4acfb09f4d7acd4d89aca72ce776fc463fe59747b0fb6190a91e992c64abd,42500,image/webp,200,42500,image/webp,dramas/229/original.jpg
230,dRrgKf,original,dramas/230/original.jpg,image/jpeg,232794,55ef243c36d725ac21012fed560b2f8036401ee83d10c985d98b1dda33364c6a,232794,image/jpeg,200,232794,image/jpeg,dramas/230/original.jpg
230,dRrgKf,thumbnail,dramas/230/thumbnail.webp,image/webp,52396,cdb2dcea0e6f86b8bfe4e97f4fda3d59a83a78d9ae84fa1270f47755964a3a82,52396,image/webp,200,52396,image/webp,dramas/230/original.jpg
231,JBRbwf,original,dramas/231/original.jpg,image/jpeg,86958,0be6a5281c084e965548baf246371dc2f18b62dc4e8ef2bff0d64d8f69ce93e1,86958,image/jpeg,200,86958,image/jpeg,dramas/231/original.jpg
231,JBRbwf,thumbnail,dramas/231/thumbnail.webp,image/webp,48676,d7db60ef55a15d254fc38c679073140c969c8ba21bd802b576546f5000ffb5b0,48676,image/webp,200,48676,image/webp,dramas/231/original.jpg
232,Brdq5f,original,dramas/232/original.jpg,image/jpeg,243722,623d4c888321fd4e3258362a20c0bc621283ae044c473325a0e7d0407bc40f10,243722,image/jpeg,200,243722,image/jpeg,dramas/232/original.jpg
232,Brdq5f,thumbnail,dramas/232/thumbnail.webp,image/webp,42698,ddcb739e651a86b5e99c914553f634b6192d5a39caa25e66ed985b3063994c86,42698,image/webp,200,42698,image/webp,dramas/232/original.jpg
233,kAJ3df,original,dramas/233/original.jpg,image/jpeg,211983,6ae00fbe282a4adfa63ac821d940ab5f94223a5c3d619b352f381350c02f5f87,211983,image/jpeg,200,211983,image/jpeg,dramas/233/original.jpg
233,kAJ3df,thumbnail,dramas/233/thumbnail.webp,image/webp,44226,26748336846ebfb8793106d492650d05d08825ec700e2b9c316eac739a897eaa,44226,image/webp,200,44226,image/webp,dramas/233/original.jpg
234,a81mlf,original,dramas/234/original.jpg,image/jpeg,53941,f9b4cf64e11654a4e27562c597403111a743f0581a614506885006d678a845e2,53941,image/jpeg,200,53941,image/jpeg,dramas/234/original.jpg
234,a81mlf,thumbnail,dramas/234/thumbnail.webp,image/webp,33444,5951e75f3030b855183d17bcf2d0dd3673cdc574f829b1a666098c73488d71e0,33444,image/webp,200,33444,image/webp,dramas/234/original.jpg
235,ymbm1f,original,dramas/235/original.jpg,image/jpeg,55061,1e20e2701bb61ba69733b73a97f3156ef05fadaee9b2c7c6d6a40fad8bbf3a44,55061,image/jpeg,200,55061,image/jpeg,dramas/235/original.jpg
235,ymbm1f,thumbnail,dramas/235/thumbnail.webp,image/webp,32918,62a96378585f5ef5af624d8545c5b8856af581a94075dd2d162248ae43385163,32918,image/webp,200,32918,image/webp,dramas/235/original.jpg
236,MBJ1Mf,original,dramas/236/original.jpg,image/jpeg,31220,b0998580729e4f5f69a6e280320d629a48e80d585f6ad87639e88ae6978ec425,31220,image/jpeg,200,31220,image/jpeg,dramas/236/original.jpg
236,MBJ1Mf,thumbnail,dramas/236/thumbnail.webp,image/webp,21064,20e5ba66261b46a1c12335774189df12383b798b9a64d72de16a2d4b14cfa5ea,21064,image/webp,200,21064,image/webp,dramas/236/original.jpg
237,VJQeQf,original,dramas/237/original.jpg,image/jpeg,225099,190211552e1521a2b079e0987dccf148f14554054a695b69c9daf7cbb57b05f4,225099,image/jpeg,200,225099,image/jpeg,dramas/237/original.jpg
237,VJQeQf,thumbnail,dramas/237/thumbnail.webp,image/webp,58466,52753ef28ce1dff6ffc0a9519b1e9d0b8e1a1edd226f4869063ca5745821270a,58466,image/webp,200,58466,image/webp,dramas/237/original.jpg
238,X46pwf,original,dramas/238/original.jpg,image/jpeg,187067,b42b4ae2d036e0515c76db9ee1ada31ea4c6cfce36940e5705f7e09e7c12f880,187067,image/jpeg,200,187067,image/jpeg,dramas/238/original.jpg
238,X46pwf,thumbnail,dramas/238/thumbnail.webp,image/webp,53630,71f23243cd31da89a92a51bbbc860059da82128e1933a65706308b0f1bd7d6f6,53630,image/webp,200,53630,image/webp,dramas/238/original.jpg
239,01meNf,original,dramas/239/original.jpg,image/jpeg,253201,38b48a5136b352ce120e9f31925943f568510b46cc2ce0f4d15dbba9e65101f0,253201,image/jpeg,200,253201,image/jpeg,dramas/239/original.jpg
239,01meNf,thumbnail,dramas/239/thumbnail.webp,image/webp,59022,7da5585b0cf4a6cfc835978a2800830d32c8a150a610deb149b2a93d358d869e,59022,image/webp,200,59022,image/webp,dramas/239/original.jpg
240,qkYePf,original,dramas/240/original.jpg,image/jpeg,206030,101840882ea64395acdeeb3190eb62a37eacbd768111fb91a48b63d41bdfdf3e,206030,image/jpeg,200,206030,image/jpeg,dramas/240/original.jpg
240,qkYePf,thumbnail,dramas/240/thumbnail.webp,image/webp,65598,89140c0843f1dcb490290f17ff23928c1cf9eaa417acaf87c3593ffb5aea0910,65598,image/webp,200,65598,image/webp,dramas/240/original.jpg
241,Jp5lmf,original,dramas/241/original.jpg,image/jpeg,217749,aa1d4c64469d55edddf0484913022a5a3e7c7b16e4b2c2cc0ae4c604c146b579,217749,image/jpeg,200,217749,image/jpeg,dramas/241/original.jpg
241,Jp5lmf,thumbnail,dramas/241/thumbnail.webp,image/webp,67062,356b8003ac5847bafe365a04bbef5ee1202aa9a17c297bbf27b56ae72fdf0736,67062,image/webp,200,67062,image/webp,dramas/241/original.jpg
242,Wgkql_4f,original,dramas/242/original.jpg,image/jpeg,74129,6d9d891aa88dd182e5037cbbd5ef1df8a29ae569f6e5f5302cb6a665ec6d34e0,74129,image/jpeg,200,74129,image/jpeg,dramas/242/original.jpg
242,Wgkql_4f,thumbnail,dramas/242/thumbnail.webp,image/webp,37300,9314a3769f23d9317ca96e889cacf54ac637b2e547e0495a659578a1859f4693,37300,image/webp,200,37300,image/webp,dramas/242/original.jpg
243,MXdrxf,original,dramas/243/original.jpg,image/jpeg,34232,f8607e0eb64cbe7c7a2e898be3f24c8f95c0befbdbc546e41f1725d0c794d999,34232,image/jpeg,200,34232,image/jpeg,dramas/243/original.jpg
243,MXdrxf,thumbnail,dramas/243/thumbnail.webp,image/webp,24794,aa9127a9148506594e03942d678463df0ad3aaa64922dc2782c60e81538dbde0,24794,image/webp,200,24794,image/webp,dramas/243/original.jpg
244,az26yf,original,dramas/244/original.jpg,image/jpeg,79980,085d76beedd30d73646d65038a9c92ee9ba1e2313b9ea099f954d61c5967011e,79980,image/jpeg,200,79980,image/jpeg,dramas/244/original.jpg
244,az26yf,thumbnail,dramas/244/thumbnail.webp,image/webp,40438,c5f3eaeb32c1388da273c31c6185438a2a8951413d3bdb32c663eb705298d09f,40438,image/webp,200,40438,image/webp,dramas/244/original.jpg
245,9o816f,original,dramas/245/original.jpg,image/jpeg,100098,c26c5d429067fb698d40e069827982a6ace8f470508c093fdbaa0a70c7cc28d4,100098,image/jpeg,200,100098,image/jpeg,dramas/245/original.jpg
245,9o816f,thumbnail,dramas/245/thumbnail.webp,image/webp,46652,5a0fe1382ba3451b04b3ef1f0c843a8c14340de195166767024eb8c08559fc05,46652,image/webp,200,46652,image/webp,dramas/245/original.jpg
246,d0vNef,original,dramas/246/original.jpg,image/jpeg,172454,74b2a2e16cab697f82815e5439cdfab7fc8007d83f0d2819cb07f0bf57402f83,172454,image/jpeg,200,172454,image/jpeg,dramas/246/original.jpg
246,d0vNef,thumbnail,dramas/246/thumbnail.webp,image/webp,77646,89dc3ba28996bd85c46f223f6f962f61b3ab788474dc5f9c29ad465d200ad470,77646,image/webp,200,77646,image/webp,dramas/246/original.jpg
247,JkD8Xf,original,dramas/247/original.jpg,image/jpeg,115163,14c1e2001850c58c2facf4851df73930a49c2e1587f983021869b1fc412e4442,115163,image/jpeg,200,115163,image/jpeg,dramas/247/original.jpg
247,JkD8Xf,thumbnail,dramas/247/thumbnail.webp,image/webp,32106,6f7018fc7b5f268d4d8e2ca20658fefbe1fd43a27eaf0c235cf4ec13533ff2f0,32106,image/webp,200,32106,image/webp,dramas/247/original.jpg
248,2g81Pf,original,dramas/248/original.jpg,image/jpeg,155069,0cdcc9d40bb2f73a1dda63d5b85e3e5e9af5623dae995c250af84eda49c5fa2c,155069,image/jpeg,200,155069,image/jpeg,dramas/248/original.jpg
248,2g81Pf,thumbnail,dramas/248/thumbnail.webp,image/webp,31494,1bfa012a5eb50738f673c159616addd910dbf8c0f8116036390943777edf0fa0,31494,image/webp,200,31494,image/webp,dramas/248/original.jpg
249,EYm4mf,original,dramas/249/original.jpg,image/jpeg,171661,80df9a7719814abb950596de59f19fa28ceef652687d3cc92569e875d504a7ff,171661,image/jpeg,200,171661,image/jpeg,dramas/249/original.jpg
249,EYm4mf,thumbnail,dramas/249/thumbnail.webp,image/webp,66752,6e67d03610591a14abc44f86739dfac37dfe692b5b93691dcbf3c7675087fb5d,66752,image/webp,200,66752,image/webp,dramas/249/original.jpg
250,qOJzQf,original,dramas/250/original.jpg,image/jpeg,207755,0ed35e9e3866124ddff6065dcf8f272831c35bc94d09d4f766c681b539f33154,207755,image/jpeg,200,207755,image/jpeg,dramas/250/original.jpg
250,qOJzQf,thumbnail,dramas/250/thumbnail.webp,image/webp,64098,7379b4d25f47a8d7feed0352cacab39240c1b1acbc62847bd980fc5fe53a5a68,64098,image/webp,200,64098,image/webp,dramas/250/original.jpg
251,7Qknrf,original,dramas/251/original.jpg,image/jpeg,174654,5dce37c8894aa04753844841beddc74d93e690a6fe75528011951a847fb03aa9,174654,image/jpeg,200,174654,image/jpeg,dramas/251/original.jpg
251,7Qknrf,thumbnail,dramas/251/thumbnail.webp,image/webp,55090,7d50e031b374b166d98e72fe6ac5423e471f0009095ae0fc72d831e9bedfe4d7,55090,image/webp,200,55090,image/webp,dramas/251/original.jpg
252,XZnXxf,original,dramas/252/original.jpg,image/jpeg,259153,929533ea920dc97a3ef8782e1a24d9363bcaa762bd1d3d543ec1f1969fd528f4,259153,image/jpeg,200,259153,image/jpeg,dramas/252/original.jpg
252,XZnXxf,thumbnail,dramas/252/thumbnail.webp,image/webp,49510,f4b0d094fa68d8f4386ebbdcecbe5bb6488126683aaf5cc0834e3634ef27042f,49510,image/webp,200,49510,image/webp,dramas/252/original.jpg
253,8xXANf,original,dramas/253/original.jpg,image/jpeg,236322,da157008a47468c459ab819e071861c9474252d04fff19a1ceeac76816002062,236322,image/jpeg,200,236322,image/jpeg,dramas/253/original.jpg
253,8xXANf,thumbnail,dramas/253/thumbnail.webp,image/webp,95106,86597ed282e19b51660212fd1d66b2dbf052f1c6f1b80f7b16d58cc28fb5f834,95106,image/webp,200,95106,image/webp,dramas/253/original.jpg
254,Yo6EAf,original,dramas/254/original.jpg,image/jpeg,373045,0462c424f0e8bf2ac3847dfc56abe4c6f4892366b5bc61fd6143b4c28761c6ab,373045,image/jpeg,200,373045,image/jpeg,dramas/254/original.jpg
254,Yo6EAf,thumbnail,dramas/254/thumbnail.webp,image/webp,75794,a1d8b0652ba768c8fecf1e1dc1bf1bc1c4754dc38ffedfc87d9c1408019574ad,75794,image/webp,200,75794,image/webp,dramas/254/original.jpg
255,JZ03Jf,original,dramas/255/original.jpg,image/jpeg,109658,e94b6469af201f335665e9b94f50aa1ff26034f47972170ecae4097a7085b8d8,109658,image/jpeg,200,109658,image/jpeg,dramas/255/original.jpg
255,JZ03Jf,thumbnail,dramas/255/thumbnail.webp,image/webp,53018,c45e6d480e549a6be25cf33512cffa51e3a6e3b5a4e840dfc293a59a068b6978,53018,image/webp,200,53018,image/webp,dramas/255/original.jpg
256,BjZj6f,original,dramas/256/original.jpg,image/jpeg,121969,514d71ffdfe23c72bee23058bf334d068c4321ae9d20e0175aacfcd9d146f827,121969,image/jpeg,200,121969,image/jpeg,dramas/256/original.jpg
256,BjZj6f,thumbnail,dramas/256/thumbnail.webp,image/webp,49610,0d3dbaf04170ad0732f7163aa082e4f550fb53c7cad13faeceb7a861faaf346f,49610,image/webp,200,49610,image/webp,dramas/256/original.jpg
257,2dWREf,original,dramas/257/original.jpg,image/jpeg,94134,11c753542040b56e0f09e24551a7fb50878679851ceb71a80808455d93a98924,94134,image/jpeg,200,94134,image/jpeg,dramas/257/original.jpg
257,2dWREf,thumbnail,dramas/257/thumbnail.webp,image/webp,45520,4908b33ab9e6ae75f6abad41241a15d2f8bf9557c9287444103e26049df193bb,45520,image/webp,200,45520,image/webp,dramas/257/original.jpg
258,XZqYJf,original,dramas/258/original.jpg,image/jpeg,119720,1df8578fd2205ca3d60dcef9862b0527df911f4c1d4cc1f6e772d3f890536249,119720,image/jpeg,200,119720,image/jpeg,dramas/258/original.jpg
258,XZqYJf,thumbnail,dramas/258/thumbnail.webp,image/webp,60846,35ac65be10e361d247178275596b2ccf2e38d0cba13f636d07b5bd4ec08dcb47,60846,image/webp,200,60846,image/webp,dramas/258/original.jpg
259,bZk8Vf,original,dramas/259/original.jpg,image/jpeg,125450,9ed98e90c40fc1ce725c144e02e93a181ab0e7bad939a904875417ec5756896a,125450,image/jpeg,200,125450,image/jpeg,dramas/259/original.jpg
259,bZk8Vf,thumbnail,dramas/259/thumbnail.webp,image/webp,61824,47d254ebc44715c0ccf3ff3e85fb042d2fb0ccad8234e4171217b5c8723bd19b,61824,image/webp,200,61824,image/webp,dramas/259/original.jpg
260,MBJzMf,original,dramas/260/original.jpg,image/jpeg,56994,890c9ef13d33d2fd49f2adef3caf90c6c8a20894dd996895c3b6ac64fd22d6be,56994,image/jpeg,200,56994,image/jpeg,dramas/260/original.jpg
260,MBJzMf,thumbnail,dramas/260/thumbnail.webp,image/webp,37088,e9beedc5d1b9fa6aa26bcd136c35ab10975e3fbb79df5de36963ede1248d5f89,37088,image/webp,200,37088,image/webp,dramas/260/original.jpg
261,5d4O4f,original,dramas/261/original.jpg,image/jpeg,273920,b195ce2d60acaebae2a59fdd434332b8bfaa5917c4e1760251cbe5d0a74cb5d7,273920,image/jpeg,200,273920,image/jpeg,dramas/261/original.jpg
261,5d4O4f,thumbnail,dramas/261/thumbnail.webp,image/webp,73838,ef7b3e5ec3e21a1af5866756ef476fdbdd90bdb68cb40d5fa83ca36dfa7e17dd,73838,image/webp,200,73838,image/webp,dramas/261/original.jpg
262,el6Rnf,original,dramas/262/original.jpg,image/jpeg,39530,fa97af2642dcf147ca165f963a41d71181b2031e47f87b6853fce473067141b5,39530,image/jpeg,200,39530,image/jpeg,dramas/262/original.jpg
262,el6Rnf,thumbnail,dramas/262/thumbnail.webp,image/webp,21238,adc784af15540effab932986f8fb6e8c6d30eb09245f1bb369578d971770369c,21238,image/webp,200,21238,image/webp,dramas/262/original.jpg
263,mOy41f,original,dramas/263/original.jpg,image/jpeg,115880,77c53ff7d29c510df3c8475a0f885ab1431ef9f94065b4c7a5aadfd13b34d135,115880,image/jpeg,200,115880,image/jpeg,dramas/263/original.jpg
263,mOy41f,thumbnail,dramas/263/thumbnail.webp,image/webp,44776,45a92d2ece1ed90600c97501fb6d299a34536f88f11805b1636deedf9018f64f,44776,image/webp,200,44776,image/webp,dramas/263/original.jpg
264,9O83yf,original,dramas/264/original.jpg,image/jpeg,21704,cb3a7da0c3a0c91c53ad0fc0234356f94c93ce02e790683486d031e93a4848c0,21704,image/jpeg,200,21704,image/jpeg,dramas/264/original.jpg
264,9O83yf,thumbnail,dramas/264/thumbnail.webp,image/webp,15420,808f5ba5557b2781b65d1fd21f3bed08fffb1a71b5ccdf3d70f64d331f72a80f,15420,image/webp,200,15420,image/webp,dramas/264/original.jpg
265,KDL5Xf,original,dramas/265/original.jpg,image/jpeg,224415,b68754a58cc84c80392c49a829e1434cc995267b20ef053e557bccc3c634d681,224415,image/jpeg,200,224415,image/jpeg,dramas/265/original.jpg
265,KDL5Xf,thumbnail,dramas/265/thumbnail.webp,image/webp,63174,5a0a434a1e62b9abb7e7230369bfa679ec15aded7adcb3811bc7586b44da4702,63174,image/webp,200,63174,image/webp,dramas/265/original.jpg
266,BpKqqf,original,dramas/266/original.jpg,image/jpeg,34465,133c2a48edc481c81c70fd59b71e02c3045f3977b0e07a7d0ac6c438c8175ba2,34465,image/jpeg,200,34465,image/jpeg,dramas/266/original.jpg
266,BpKqqf,thumbnail,dramas/266/thumbnail.webp,image/webp,21306,d3a2d1d2a8bee57390a359a29b2e9314cd2358ae3b7b8f1531742fb49272498c,21306,image/webp,200,21306,image/webp,dramas/266/original.jpg
267,2DNVwf,original,dramas/267/original.jpg,image/jpeg,222965,482076c86bc170a412d8e6e5de85106e42d3510c68457d73a8009f1af7867685,222965,image/jpeg,200,222965,image/jpeg,dramas/267/original.jpg
267,2DNVwf,thumbnail,dramas/267/thumbnail.webp,image/webp,38054,23a959214a9d4d71422a96b2b0d5ef579f01d7d641b1cc3b5283b530156d6517,38054,image/webp,200,38054,image/webp,dramas/267/original.jpg
268,lEKPLf,original,dramas/268/original.jpg,image/jpeg,213188,0cdd42642ec5736dff61048f6bec82a23daf9a3a26380e93feb63e5c6f5255de,213188,image/jpeg,200,213188,image/jpeg,dramas/268/original.jpg
268,lEKPLf,thumbnail,dramas/268/thumbnail.webp,image/webp,59022,da95ba2c9290970ce53aceba52ef7199d509e31f645d95b53d10a9f292969eea,59022,image/webp,200,59022,image/webp,dramas/268/original.jpg
269,nB8e6f,original,dramas/269/original.jpg,image/jpeg,132551,130dd377dda3064f522fa956e1545ce5d4bf6c300717c7541a49d0c7a11a24c2,132551,image/jpeg,200,132551,image/jpeg,dramas/269/original.jpg
269,nB8e6f,thumbnail,dramas/269/thumbnail.webp,image/webp,68610,092114ae430d98bbd0c62fea3566252507d54e4bb6bac2d3f29ce41e29e68e59,68610,image/webp,200,68610,image/webp,dramas/269/original.jpg
270,qkqgQf,original,dramas/270/original.jpg,image/jpeg,91634,6fd9194a367934f510299f7c5066bdaed5b688aa9177b57d1c08e47ad1ec5a09,91634,image/jpeg,200,91634,image/jpeg,dramas/270/original.jpg
270,qkqgQf,thumbnail,dramas/270/thumbnail.webp,image/webp,31748,ca22e17463d6ef1d6415979bfb57d482ef40ed41567cff5ee3558f511af7676b,31748,image/webp,200,31748,image/webp,dramas/270/original.jpg
271,mk62qf,original,dramas/271/original.jpg,image/jpeg,32640,ebb33d2a1cac017f626e43d17eb86b86e66ea8309d51d2dd13bc802c4c9db245,32640,image/jpeg,200,32640,image/jpeg,dramas/271/original.jpg
271,mk62qf,thumbnail,dramas/271/thumbnail.webp,image/webp,19616,cae60128a40c7bdae04bf6e988c4e55edfb75925753d6331b37320d0ed9d94a4,19616,image/webp,200,19616,image/webp,dramas/271/original.jpg
272,Lenybf,original,dramas/272/original.jpg,image/jpeg,89097,07e3ea3f4c7e659049e14a07232a8e9fad384a826389413fb9283f32b61b6393,89097,image/jpeg,200,89097,image/jpeg,dramas/272/original.jpg
272,Lenybf,thumbnail,dramas/272/thumbnail.webp,image/webp,39866,ebdfbc8ac03943438f0502273dc39af5c1dae67ffdc06ccf6066f8b9d94a8b5e,39866,image/webp,200,39866,image/webp,dramas/272/original.jpg
273,O8R1df,original,dramas/273/original.jpg,image/jpeg,67735,ae28995362543991d39a61f2d2c389380d4c10428da03cd7374e11ddf9745d0f,67735,image/jpeg,200,67735,image/jpeg,dramas/273/original.jpg
273,O8R1df,thumbnail,dramas/273/thumbnail.webp,image/webp,36656,66fdbdf0e0d40b03e50928a28c44e574a7fd42a8e71a7ce9a1778df3c8c8ea58,36656,image/webp,200,36656,image/webp,dramas/273/original.jpg
274,Or17df,original,dramas/274/original.jpg,image/jpeg,85182,4faa4f933df6e28610e2be522512a062d8090109d9e70560903b61cae0cc72f1,85182,image/jpeg,200,85182,image/jpeg,dramas/274/original.jpg
274,Or17df,thumbnail,dramas/274/thumbnail.webp,image/webp,31816,83fd82b25c8986d01e87ed24e0e6e32b8b15d7f7151c9b346e790d2f2420ca35,31816,image/webp,200,31816,image/webp,dramas/274/original.jpg
275,D2X7Df,original,dramas/275/original.jpg,image/jpeg,189437,d4db17f705d9135a2a6a8b14cee41af37346400cc515c6f2b6b218117412b526,189437,image/jpeg,200,189437,image/jpeg,dramas/275/original.jpg
275,D2X7Df,thumbnail,dramas/275/thumbnail.webp,image/webp,44938,4608d33580cfb18f08cb5c67d7b690d3999a373510a3f39640c5c24b992a4e59,44938,image/webp,200,44938,image/webp,dramas/275/original.jpg
276,ovpmvf,original,dramas/276/original.jpg,image/jpeg,170063,47a29424149bbcd7be0ea13e7594aec8afa1ba27c14e4df034a12422dfa8f24b,170063,image/jpeg,200,170063,image/jpeg,dramas/276/original.jpg
276,ovpmvf,thumbnail,dramas/276/thumbnail.webp,image/webp,32828,4be9362d3b145d5ae95963e4922edd57e57ecf945294d5d72c154caadeddfa39,32828,image/webp,200,32828,image/webp,dramas/276/original.jpg
277,KxgYRf,original,dramas/277/original.jpg,image/jpeg,316416,0407ef31582c01751695c6b8bfd9af22fdd6eb8a03771c3aadfb9e5574c261e9,316416,image/jpeg,200,316416,image/jpeg,dramas/277/original.jpg
277,KxgYRf,thumbnail,dramas/277/thumbnail.webp,image/webp,79202,362836e91d6b478ed7f69f7e3969970178a625fe57dbe206ab0dd3892beeff09,79202,image/webp,200,79202,image/webp,dramas/277/original.jpg
278,M5Zwaf,original,dramas/278/original.jpg,image/jpeg,52365,e62820598bc060609d0db78369545f7fcfdd805e30c601441e02265b0ece23a1,52365,image/jpeg,200,52365,image/jpeg,dramas/278/original.jpg
278,M5Zwaf,thumbnail,dramas/278/thumbnail.webp,image/webp,27038,23a328bef20ec09fdce33d41ee5cdc72e68c61089c1f074ae9d501db66ce88c3,27038,image/webp,200,27038,image/webp,dramas/278/original.jpg
279,jW6p8f,original,dramas/279/original.jpg,image/jpeg,98176,d078ef16f855302ab6db1d7526a3e9148d9cf35823aa928533faf405e737b088,98176,image/jpeg,200,98176,image/jpeg,dramas/279/original.jpg
279,jW6p8f,thumbnail,dramas/279/thumbnail.webp,image/webp,24700,28a8194780aa12d3babb7213acf1e118cafc859725d443f66e8332f55d200cbc,24700,image/webp,200,24700,image/webp,dramas/279/original.jpg
280,4JDbd_4f,original,dramas/280/original.jpg,image/jpeg,118773,da7c7a93a6441932412405dfc467932779e4885d428260ff0f1f57cad355afd8,118773,image/jpeg,200,118773,image/jpeg,dramas/280/original.jpg
280,4JDbd_4f,thumbnail,dramas/280/thumbnail.webp,image/webp,21154,02e2e0b4228a5cacecaedbcc234e46e865c9c056d3fa5b74e4bfd940de18cc8e,21154,image/webp,200,21154,image/webp,dramas/280/original.jpg
281,dzQ3ef,original,dramas/281/original.jpg,image/jpeg,261023,4453cb1ce983d94cfe731b5e8ae89cd334b9461deccd905690774ddb98f9fe50,261023,image/jpeg,200,261023,image/jpeg,dramas/281/original.jpg
281,dzQ3ef,thumbnail,dramas/281/thumbnail.webp,image/webp,78528,3dc50ca7d19c9d0a2d4a87ec25a55b79774f0fed354b21e1138612ab290e2e72,78528,image/webp,200,78528,image/webp,dramas/281/original.jpg
282,lOdN6f,original,dramas/282/original.jpg,image/jpeg,186556,f33eb8b82ba7b420c78c48ef45fc23e505826183d2a4dc281921796382f309ab,186556,image/jpeg,200,186556,image/jpeg,dramas/282/original.jpg
282,lOdN6f,thumbnail,dramas/282/thumbnail.webp,image/webp,51734,a9aea1f7760af51e9a5cf858f05e35147c38a8f48af87ca28e66eed41347d3a7,51734,image/webp,200,51734,image/webp,dramas/282/original.jpg
283,NdPpYf,original,dramas/283/original.jpg,image/jpeg,18522,7a778955617090d03fdf936b8ba6e173ad10833de4d1821e487335d56a0c9276,18522,image/jpeg,200,18522,image/jpeg,dramas/283/original.jpg
283,NdPpYf,thumbnail,dramas/283/thumbnail.webp,image/webp,11260,48ed93d613c5fbda7a438ffe76a1d6934c59cb62bd45682a63a9e51f34e73fd8,11260,image/webp,200,11260,image/webp,dramas/283/original.jpg
284,P05rRf,original,dramas/284/original.jpg,image/jpeg,19821,a073979d36a188dd7e74c0e6e0686d016a66b7a475b0ba557a14cb8435b2a800,19821,image/jpeg,200,19821,image/jpeg,dramas/284/original.jpg
284,P05rRf,thumbnail,dramas/284/thumbnail.webp,image/webp,8792,3d8db053b8cef975e6a583a644028eff0087af8e1b7f993703bfccce45e340a3,8792,image/webp,200,8792,image/webp,dramas/284/original.jpg
285,GQw4af,original,dramas/285/original.jpg,image/jpeg,28047,a61fa9034f801feefc8e8cfb8446c0a61a401abd11b0aec84f807d9cf0394b49,28047,image/jpeg,200,28047,image/jpeg,dramas/285/original.jpg
285,GQw4af,thumbnail,dramas/285/thumbnail.webp,image/webp,18120,e9a37edfd2c3c5b3308d11627bb2d95435ba333861ac9ddeb192baa8e4c8c538,18120,image/webp,200,18120,image/webp,dramas/285/original.jpg
286,4qvkK_4f,original,dramas/286/original.jpg,image/jpeg,113892,fc6319ac905f56032d88a679c24fc495c27156ba29ec8f97607bf3808ddb9fc0,113892,image/jpeg,200,113892,image/jpeg,dramas/286/original.jpg
286,4qvkK_4f,thumbnail,dramas/286/thumbnail.webp,image/webp,22924,68e2b0b6fa14ec68c31d767cac1ca5e2260e21fb1e07973fe5d08db067404694,22924,image/webp,200,22924,image/webp,dramas/286/original.jpg
287,31dvRf,original,dramas/287/original.jpg,image/jpeg,65386,45e61c471b7edf37d5a335e4948bc909e7d562b969afcd0c39b19ae3916b9f08,65386,image/jpeg,200,65386,image/jpeg,dramas/287/original.jpg
287,31dvRf,thumbnail,dramas/287/thumbnail.webp,image/webp,37380,b5d70da91a3990ecce3939d253cb4070ab828968ff9aa9def93063a54dd02b95,37380,image/webp,200,37380,image/webp,dramas/287/original.jpg
288,0YWVk_4f,original,dramas/288/original.jpg,image/jpeg,157037,0b62256f287bfa8e1533d00cb3ddbfaffec3599e4c1ccb0cad741e6e624ba8ff,157037,image/jpeg,200,157037,image/jpeg,dramas/288/original.jpg
288,0YWVk_4f,thumbnail,dramas/288/thumbnail.webp,image/webp,53336,b7e89979fe84e5c15c6b9962586b522d8d3a1d01ed1afb2a0091f69a9d2a3d2e,53336,image/webp,200,53336,image/webp,dramas/288/original.jpg
289,M3OAMf,original,dramas/289/original.jpg,image/jpeg,99185,10e2dda7bd676cb5257926b921eaf0e45ad4e1f02d07b536960488da49b655eb,99185,image/jpeg,200,99185,image/jpeg,dramas/289/original.jpg
289,M3OAMf,thumbnail,dramas/289/thumbnail.webp,image/webp,75676,1f0d3c65471b8665abca02296d62091fa901ba926744a3b9eda0db4f39567039,75676,image/webp,200,75676,image/webp,dramas/289/original.jpg
290,0wAONf,original,dramas/290/original.jpg,image/jpeg,173697,0332ac9a27cc02c210b6ca09cfeaa9b3717563a55ab71e636a56c58ddbb1044d,173697,image/jpeg,200,173697,image/jpeg,dramas/290/original.jpg
290,0wAONf,thumbnail,dramas/290/thumbnail.webp,image/webp,40160,db11c69f71bba8c5e8836b59753dd034b14515c55906b4dee87ab59839773ae1,40160,image/webp,200,40160,image/webp,dramas/290/original.jpg
291,2wmAkf,original,dramas/291/original.jpg,image/jpeg,97010,3554242d5a7183842c3a7d70be80e4c76b26c0a355ec7c31caa5b45e3608f6ea,97010,image/jpeg,200,97010,image/jpeg,dramas/291/original.jpg
291,2wmAkf,thumbnail,dramas/291/thumbnail.webp,image/webp,51806,0f04cda5b55346b595ae82f94687abb7cac47ac6fe4a165c8db9cbed746dcdec,51806,image/webp,200,51806,image/webp,dramas/291/original.jpg
292,3w25Wf,original,dramas/292/original.jpg,image/jpeg,212308,96f73ed5ceac7bdf73a2219f6326bdf316673cc40a189b552fb79f0c9f837cda,212308,image/jpeg,200,212308,image/jpeg,dramas/292/original.jpg
292,3w25Wf,thumbnail,dramas/292/thumbnail.webp,image/webp,34316,46f396d7b8f4be79ca59af7f4dce748805d75bdef101f06318c3ce425fa5b236,34316,image/webp,200,34316,image/webp,dramas/292/original.jpg
293,6oKxjf,original,dramas/293/original.jpg,image/jpeg,157456,8aa3d1d68e3404a81000acf7af44830a561919ad835701cf699f192b8a90705c,157456,image/jpeg,200,157456,image/jpeg,dramas/293/original.jpg
293,6oKxjf,thumbnail,dramas/293/thumbnail.webp,image/webp,34584,096928be0e04d6ab3b73ed424e338c34dc6f3af399d4ac84a11bd1861407938d,34584,image/webp,200,34584,image/webp,dramas/293/original.jpg
294,BjEp1f,original,dramas/294/original.jpg,image/jpeg,182638,7750b66c2bae7756ab6af5f6165ddd94db8115d176cde8c666f3d73345a7c720,182638,image/jpeg,200,182638,image/jpeg,dramas/294/original.jpg
294,BjEp1f,thumbnail,dramas/294/thumbnail.webp,image/webp,33106,4e6385632744398fc31db7babb0de2e8b146f96711d721613be194397f232088,33106,image/webp,200,33106,image/webp,dramas/294/original.jpg
295,Kxeb4f,original,dramas/295/original.jpg,image/jpeg,76673,b9196ae11cebafc3cbc52ea20bcabb97ef79a77a8bc7382df2ff29b1f90b5782,76673,image/jpeg,200,76673,image/jpeg,dramas/295/original.jpg
295,Kxeb4f,thumbnail,dramas/295/thumbnail.webp,image/webp,50318,edecf55df1edbfe61732acc1dcfcfaf720fe0016902e3ee1f0671710901149ce,50318,image/webp,200,50318,image/webp,dramas/295/original.jpg
296,jW2Xzf,original,dramas/296/original.jpg,image/jpeg,132124,6ad5892960a86a8c59ba2e118b3ca1d8f1f8b00d187b0a4dfaafad027ae14376,132124,image/jpeg,200,132124,image/jpeg,dramas/296/original.jpg
296,jW2Xzf,thumbnail,dramas/296/thumbnail.webp,image/webp,66360,5c10924ca4ba4ad3981e897f1bde16059df008b7ffb33774e4e1891ccfd303ed,66360,image/webp,200,66360,image/webp,dramas/296/original.jpg
297,n0nrQf,original,dramas/297/original.jpg,image/jpeg,79579,b4d4eb9f7f8a6d1da81acfc8104bf1e763592149e4527bce9030b2c0ec7ba78b,79579,image/jpeg,200,79579,image/jpeg,dramas/297/original.jpg
297,n0nrQf,thumbnail,dramas/297/thumbnail.webp,image/webp,30728,e0d3ec77e3fa9102b23eff2578db82c333ca1cdca9afac89517ba83f13bf8046,30728,image/webp,200,30728,image/webp,dramas/297/original.jpg
298,90o7af,original,dramas/298/original.jpg,image/jpeg,22247,357efef42f536d6fc721716313c147ff58580d1c18cf4716ffbb6a1a06ac7c01,22247,image/jpeg,200,22247,image/jpeg,dramas/298/original.jpg
298,90o7af,thumbnail,dramas/298/thumbnail.webp,image/webp,14176,d3105f02189c4a4bea5df1ef136ed6cfcf37e97dacfddf016d56ff7843d0962e,14176,image/webp,200,14176,image/webp,dramas/298/original.jpg
299,Red2Vf,original,dramas/299/original.jpg,image/jpeg,200381,6e35c0e2be2396049b5484df41655a9d50b2f74d415239b8d43b188c90c2d6e2,200381,image/jpeg,200,200381,image/jpeg,dramas/299/original.jpg
299,Red2Vf,thumbnail,dramas/299/thumbnail.webp,image/webp,51594,026f087fdb5c15216e20674d9c8e768ba132a23c912276ba4adb0f8248ad0545,51594,image/webp,200,51594,image/webp,dramas/299/original.jpg
300,XZ1Enf,original,dramas/300/original.jpg,image/jpeg,263437,540b27822b9565ba3e41f6a0545995ad534b746d979ffeb3911e8e0a7e883925,263437,image/jpeg,200,263437,image/jpeg,dramas/300/original.jpg
300,XZ1Enf,thumbnail,dramas/300/thumbnail.webp,image/webp,64566,5e4f140e462034ae5d48f0e337b33c390edd7befc300aa30dd04e74cccc26ece,64566,image/webp,200,64566,image/webp,dramas/300/original.jpg
301,lO75bf,original,dramas/301/original.jpg,image/jpeg,124006,2e5d5b4afd6424e32a8711522f3847bf5fe454ff095f3e6f0d4f620dbdd183a1,124006,image/jpeg,200,124006,image/jpeg,dramas/301/original.jpg
301,lO75bf,thumbnail,dramas/301/thumbnail.webp,image/webp,40250,04a5b41cf839bbf7aa53fbaef8a426947ceb844e97438e87df085a53e22055af,40250,image/webp,200,40250,image/webp,dramas/301/original.jpg
302,nKEqWf,original,dramas/302/original.jpg,image/jpeg,312827,4b64e770898a1ee76d3d4da0c5e80f34c51d6f15b1547ac36700edebe3fb015c,312827,image/jpeg,200,312827,image/jpeg,dramas/302/original.jpg
302,nKEqWf,thumbnail,dramas/302/thumbnail.webp,image/webp,76714,2495d9364e57d56689fd86b27d701f229c39b1856be629afbb8ee3e11fa13aaa,76714,image/webp,200,76714,image/webp,dramas/302/original.jpg
303,vP0re_4f,original,dramas/303/original.jpg,image/jpeg,199518,c830d422894ba917ae379011503515f5cd3c22260569b6fcd8f76139083e4a5b,199518,image/jpeg,200,199518,image/jpeg,dramas/303/original.jpg
303,vP0re_4f,thumbnail,dramas/303/thumbnail.webp,image/webp,45234,8b908e458a6e6478a24bb26793268e2ca451b9ac5d7b6d92ad9f5ea3acbbce39,45234,image/webp,200,45234,image/webp,dramas/303/original.jpg
304,Xdbrwx_4f,original,dramas/304/original.jpg,image/jpeg,166413,cafb811fc0aa2cfd93736c20b51b7e493e74caf9fdea6ef4bb15ec3e06b73509,166413,image/jpeg,200,166413,image/jpeg,dramas/304/original.jpg
304,Xdbrwx_4f,thumbnail,dramas/304/thumbnail.webp,image/webp,39968,dd68b3c43bdb520e86ce6d9b9e76234d26f5ec61bc2f5339a09e0d1c2f115b30,39968,image/webp,200,39968,image/webp,dramas/304/original.jpg
305,dRPqdf,original,dramas/305/original.jpg,image/jpeg,195104,a8b75068e9beb33726fe0503253cfec23b956b78fc69e10ba959afdc271d3cb5,195104,image/jpeg,200,195104,image/jpeg,dramas/305/original.jpg
305,dRPqdf,thumbnail,dramas/305/thumbnail.webp,image/webp,33014,8a011254163b11e32a6dbb756eef3f89c12581c3e6e4c76a146632e25ebe57b2,33014,image/webp,200,33014,image/webp,dramas/305/original.jpg
306,xAbwyf,original,dramas/306/original.jpg,image/jpeg,66339,d452e2e39149d304fd766c194d6d5a9d3db8216f91eb3eca2357fd5f3676f9a8,66339,image/jpeg,200,66339,image/jpeg,dramas/306/original.jpg
306,xAbwyf,thumbnail,dramas/306/thumbnail.webp,image/webp,22990,5dd8ae1b166cb72af760b59fd4d863e395ab8e1b4ff2b3b7a201bbb9ee2cc180,22990,image/webp,200,22990,image/webp,dramas/306/original.jpg
307,8qzDlf,original,dramas/307/original.jpg,image/jpeg,163009,0814d0cf86078660cab61d099c16f89e4acd355d7ee9b67330fc29c256a4df01,163009,image/jpeg,200,163009,image/jpeg,dramas/307/original.jpg
307,8qzDlf,thumbnail,dramas/307/thumbnail.webp,image/webp,58920,d5589f13e1ae30eb53aafd5347234c6489b9523bb624de72f7e40320d8abdc48,58920,image/webp,200,58920,image/webp,dramas/307/original.jpg
308,VKAjEf,original,dramas/308/original.jpg,image/jpeg,112599,1a2efd9d76c5c348d2a379433151146ca4f3e7175ea6d80745e2dd781a828b10,112599,image/jpeg,200,112599,image/jpeg,dramas/308/original.jpg
308,VKAjEf,thumbnail,dramas/308/thumbnail.webp,image/webp,55600,5531a3a4b202c8f8350a6a34adfd3083757e11c1699e2b354bef7938220224e5,55600,image/webp,200,55600,image/webp,dramas/308/original.jpg
309,BqZxqf,original,dramas/309/original.jpg,image/jpeg,210438,7d6fcd67b1d2baac5715ead7687d7c72ce1c9161d10ed1cf6da5ead453fe105c,210438,image/jpeg,200,210438,image/jpeg,dramas/309/original.jpg
309,BqZxqf,thumbnail,dramas/309/thumbnail.webp,image/webp,38546,77201aecbf7abca21bc8af2c977102461ccea0028e37dac9e599bd545dd7824a,38546,image/webp,200,38546,image/webp,dramas/309/original.jpg
310,XZngpf,original,dramas/310/original.jpg,image/jpeg,95815,e102d472267896d84519a7357eb62599f50495a1ffb740a34c14fd01a79307a8,95815,image/jpeg,200,95815,image/jpeg,dramas/310/original.jpg
310,XZngpf,thumbnail,dramas/310/thumbnail.webp,image/webp,45268,8849cb79d509a28b006f276f7a136b188aaf3a2b1ce3d6493be19a60ed05e72d,45268,image/webp,200,45268,image/webp,dramas/310/original.jpg
311,Z8kn7f,original,dramas/311/original.jpg,image/jpeg,241649,bd018327e89ab001829f676ed76055ee3affe1615fdc876c20ed986c6d8f5dc8,241649,image/jpeg,200,241649,image/jpeg,dramas/311/original.jpg
311,Z8kn7f,thumbnail,dramas/311/thumbnail.webp,image/webp,86786,be6fd5eb697408212b7a5a5635caab44f5da276d4a89bab0c670f9fcee30cc0f,86786,image/webp,200,86786,image/webp,dramas/311/original.jpg
312,jQV45J_4f,original,dramas/312/original.jpg,image/jpeg,212675,a3a13143e6796d405b44db73a72abb34a4cc6aa28027a903d7beb13f2d0240c6,212675,image/jpeg,200,212675,image/jpeg,dramas/312/original.jpg
312,jQV45J_4f,thumbnail,dramas/312/thumbnail.webp,image/webp,46846,d0af92ad15622cad13959aeb559d80621e7de8163a6b6aafee17889d600326a4,46846,image/webp,200,46846,image/webp,dramas/312/original.jpg
313,631jKf,original,dramas/313/original.jpg,image/jpeg,182425,c60efa2cfefec28d92dde72ef94af82998a22aec1f374d675cff73202ef9a8a3,182425,image/jpeg,200,182425,image/jpeg,dramas/313/original.jpg
313,631jKf,thumbnail,dramas/313/thumbnail.webp,image/webp,79706,2e40727d36fb6a07e377366b4063084f7ae5ca255a42add0eacfef74eb5eb87c,79706,image/webp,200,79706,image/webp,dramas/313/original.jpg
314,veEWDf,original,dramas/314/original.jpg,image/jpeg,191679,a1c72c67abf3f81fc71ee69457fe989c595ffc66e090c7b795335cc5cbcb7bdd,191679,image/jpeg,200,191679,image/jpeg,dramas/314/original.jpg
314,veEWDf,thumbnail,dramas/314/thumbnail.webp,image/webp,53648,9c37f9b420370a909b3e784a3cbc385fcc73c8626444191df5d2fa19861da485,53648,image/webp,200,53648,image/webp,dramas/314/original.jpg
315,6gZRjf,original,dramas/315/original.jpg,image/jpeg,106630,035ecc8f87fa9e00b0c7348230ab32db9223654da4d3fa5b00fd3183efb372cb,106630,image/jpeg,200,106630,image/jpeg,dramas/315/original.jpg
315,6gZRjf,thumbnail,dramas/315/thumbnail.webp,image/webp,64568,dbfd2325a9bf1fc4d2176ef544d4fa04784922bbeb7b529788d323d2e26a3a27,64568,image/webp,200,64568,image/webp,dramas/315/original.jpg
316,jWvbyf,original,dramas/316/original.jpg,image/jpeg,120308,24247896b700fe8bd2a349b5b6b0bb56c5a93c80420f2a9f7b3d37fe44770333,120308,image/jpeg,200,120308,image/jpeg,dramas/316/original.jpg
316,jWvbyf,thumbnail,dramas/316/thumbnail.webp,image/webp,41780,21b43c5244fcef537a76a4a5fcbba4e5ff037ebc8b10cf7c3024aea1e8148dc0,41780,image/webp,200,41780,image/webp,dramas/316/original.jpg
317,JkryYf,original,dramas/317/original.jpg,image/jpeg,75789,fc1e75f8e11c3bd38cd41cb0f9c218c73d3a86adbdf2675b22a391306c632b4a,75789,image/jpeg,200,75789,image/jpeg,dramas/317/original.jpg
317,JkryYf,thumbnail,dramas/317/thumbnail.webp,image/webp,38038,61598c6d7f75a8da1b2af131de46bb5f4c25c0e100d291192969b98530304256,38038,image/webp,200,38038,image/webp,dramas/317/original.jpg
318,RWmyxf,original,dramas/318/original.jpg,image/jpeg,157494,954260cc09e3e3121e0e1c360921a9abc11317aa00d232b6031334e684db942c,157494,image/jpeg,200,157494,image/jpeg,dramas/318/original.jpg
318,RWmyxf,thumbnail,dramas/318/thumbnail.webp,image/webp,53584,e12038c0c5d7c1c0b998b1578aa6fd1caefcb00a768c6ebeb5b8c7ab05267097,53584,image/webp,200,53584,image/webp,dramas/318/original.jpg
319,14yyQf,original,dramas/319/original.jpg,image/jpeg,111843,f3f29311af9fb810ca90fee5845c5d41e940add43c9fa5f5fce82689f89fa4f9,111843,image/jpeg,200,111843,image/jpeg,dramas/319/original.jpg
319,14yyQf,thumbnail,dramas/319/thumbnail.webp,image/webp,58796,df1d4e8bc29cad0f4c44bc36ef80fc0443fecb551679c7a05012344681717fc5,58796,image/webp,200,58796,image/webp,dramas/319/original.jpg
320,wAEBYf,original,dramas/320/original.jpg,image/jpeg,95583,42835c6d38952190cd34af15a243c2cbd6a62419edc4a7b6b006e190630bfbac,95583,image/jpeg,200,95583,image/jpeg,dramas/320/original.jpg
320,wAEBYf,thumbnail,dramas/320/thumbnail.webp,image/webp,67542,969e3bc58911a56825a597c1b32c2997ac1f45e30a045061db9e5f3fd0265b6d,67542,image/webp,200,67542,image/webp,dramas/320/original.jpg
321,A7eQvf,original,dramas/321/original.jpg,image/jpeg,101583,afdc707d63fd53c3fa32039b758aac322f64773d1182fa377196aff7ede9b81f,101583,image/jpeg,200,101583,image/jpeg,dramas/321/original.jpg
321,A7eQvf,thumbnail,dramas/321/thumbnail.webp,image/webp,50828,514b3f6c09e7f134d0ef32c10c55d73f60acadf1d67d5ad13e9f437ad13b3b3c,50828,image/webp,200,50828,image/webp,dramas/321/original.jpg
322,XZWAgf,original,dramas/322/original.jpg,image/jpeg,153305,2e6466ef1a8ed7c070e8fa536bd499f70275ec4a212213e88773e26b2f6e7b72,153305,image/jpeg,200,153305,image/jpeg,dramas/322/original.jpg
322,XZWAgf,thumbnail,dramas/322/thumbnail.webp,image/webp,89318,2cf4d61636e4e422b572b0d527f7fa2ba9fbf472f3074c60d99cf8e415561d5c,89318,image/webp,200,89318,image/webp,dramas/322/original.jpg
323,j0p0df,original,dramas/323/original.jpg,image/jpeg,288536,3bfcfe6b752f5268f7c1c6557394824a1d75bc5e366c68e2d5af8aa7f539f9f3,288536,image/jpeg,200,288536,image/jpeg,dramas/323/original.jpg
323,j0p0df,thumbnail,dramas/323/thumbnail.webp,image/webp,64642,8804565e9d145d17a44f62ea969f4b17c8003470b2485a0b4685d0583dfe16a4,64642,image/webp,200,64642,image/webp,dramas/323/original.jpg
324,E7ngzf,original,dramas/324/original.jpg,image/jpeg,144176,e9377888c5c3431e9de81e7a5e04f59b17292a1bba722e546279503e141f37ab,144176,image/jpeg,200,144176,image/jpeg,dramas/324/original.jpg
324,E7ngzf,thumbnail,dramas/324/thumbnail.webp,image/webp,47682,98b55dfe787369bf4dd2d36b511952cc20159beed6978a8c193df77f6f0e68e8,47682,image/webp,200,47682,image/webp,dramas/324/original.jpg
325,1o3zzf,original,dramas/325/original.jpg,image/jpeg,248749,87d78661a087cd7e57a65e1b596a74d426438c94ce102286ffc72d530a7858e7,248749,image/jpeg,200,248749,image/jpeg,dramas/325/original.jpg
325,1o3zzf,thumbnail,dramas/325/thumbnail.webp,image/webp,46318,2a7803b5c64326ed0466bd4070afe31e783745ad138ef05b2edbe014bf261e64,46318,image/webp,200,46318,image/webp,dramas/325/original.jpg
326,anO5Bf,original,dramas/326/original.jpg,image/jpeg,59790,dc29ce40fa5653c7799527a72dca99245639a671b1dd6ba86536240fc9927bf5,59790,image/jpeg,200,59790,image/jpeg,dramas/326/original.jpg
326,anO5Bf,thumbnail,dramas/326/thumbnail.webp,image/webp,39478,a4b0dba92d2ae9fa269d5395b92e5a027bfb2b0ae8a2acbf238f89037cb35e3b,39478,image/webp,200,39478,image/webp,dramas/326/original.jpg
327,dzDLbf,original,dramas/327/original.jpg,image/jpeg,143979,b5210bb1fe78fe9fe1b06c88847a21da9fca176451ec6c1ca798dfd1eb2ad779,143979,image/jpeg,200,143979,image/jpeg,dramas/327/original.jpg
327,dzDLbf,thumbnail,dramas/327/thumbnail.webp,image/webp,69510,b54ad0c684df5c0289f2dabee6ae184089fa33d0fe9f1129592833ddbd75ffbc,69510,image/webp,200,69510,image/webp,dramas/327/original.jpg
328,XZkXqf,original,dramas/328/original.jpg,image/jpeg,74546,5fa8a43c1d4c75ac2c48913aa6bc7dfd926782ed2051e86cc3e0f8e029db3f8e,74546,image/jpeg,200,74546,image/jpeg,dramas/328/original.jpg
328,XZkXqf,thumbnail,dramas/328/thumbnail.webp,image/webp,46418,212c887ce29ae8e73f158d615ea2023f3affc454a5492722556ccef80bde08bf,46418,image/webp,200,46418,image/webp,dramas/328/original.jpg
329,Z8QV8f,original,dramas/329/original.jpg,image/jpeg,135319,7b04103a2b0b205258673170ea6f95d10161faf85b59edf23d50c47a8dff131c,135319,image/jpeg,200,135319,image/jpeg,dramas/329/original.jpg
329,Z8QV8f,thumbnail,dramas/329/thumbnail.webp,image/webp,29106,e4ee30b2007a93182bace1ccc461a8737a5dc282c213e292a2d7cfa04a899a79,29106,image/webp,200,29106,image/webp,dramas/329/original.jpg
330,0BY5Yf,original,dramas/330/original.jpg,image/jpeg,31992,c33fc5698c476c6eee87f605196284b9010440d1059b06b38c4c057d4b336b84,31992,image/jpeg,200,31992,image/jpeg,dramas/330/original.jpg
330,0BY5Yf,thumbnail,dramas/330/thumbnail.webp,image/webp,20768,e22f804544695d592f9245747f60df17b3b0a78e65eb9d56b6e8026cdb9e321d,20768,image/webp,200,20768,image/webp,dramas/330/original.jpg
331,qke0df,original,dramas/331/original.jpg,image/jpeg,145962,02ddb3c8c5f18ca09d6ff704a9bd9274a2ce7eda59a1c408bca9b84c8612e475,145962,image/jpeg,200,145962,image/jpeg,dramas/331/original.jpg
331,qke0df,thumbnail,dramas/331/thumbnail.webp,image/webp,29718,043537c97e3de5f5fa3bdd3c11bd88fa0117537c9761aae7bb4f068903f2a666,29718,image/webp,200,29718,image/webp,dramas/331/original.jpg
332,nOQjWf,original,dramas/332/original.jpg,image/jpeg,33080,b8dfb2057111cd61dc9021e476c0774eff7e6179884a36e22d8edaeefda0b1b4,33080,image/jpeg,200,33080,image/jpeg,dramas/332/original.jpg
332,nOQjWf,thumbnail,dramas/332/thumbnail.webp,image/webp,19772,30a4cff66fb93e6dac7da13b3ca2b9dcaf79d792ae046d1526d347a511538f11,19772,image/webp,200,19772,image/webp,dramas/332/original.jpg
333,B2QQ5f,original,dramas/333/original.jpg,image/jpeg,107960,930103ad9f93d0341b6ec8cb856849624b13ee99f6b6f8a34bfb7d96a8a4899f,107960,image/jpeg,200,107960,image/jpeg,dramas/333/original.jpg
333,B2QQ5f,thumbnail,dramas/333/thumbnail.webp,image/webp,24244,3b01b14446f7e5b048a6f1fc8bf34e8779c8e05fe73eab8cfc209a0381c15cda,24244,image/webp,200,24244,image/webp,dramas/333/original.jpg
334,Nvw7Ef,original,dramas/334/original.jpg,image/jpeg,163898,272488de215d16c6608f9f5675fded4853ea92e62e3c6165cfba83c268605670,163898,image/jpeg,200,163898,image/jpeg,dramas/334/original.jpg
334,Nvw7Ef,thumbnail,dramas/334/thumbnail.webp,image/webp,34540,07a3dd75ccb79ffcf932f28c813164b8cc1b2b02132e2b5a773478b4bf6a5e58,34540,image/webp,200,34540,image/webp,dramas/334/original.jpg
335,nvWK2f,original,dramas/335/original.jpg,image/jpeg,154655,a886cf4d296db36260e019af50d8cf0c7c8207f48c758a3332e1d72fd9005898,154655,image/jpeg,200,154655,image/jpeg,dramas/335/original.jpg
335,nvWK2f,thumbnail,dramas/335/thumbnail.webp,image/webp,70264,1d336cf728cee3a1e25f4ecee1055ddd19887c06095704cd888ad9e46ea561c1,70264,image/webp,200,70264,image/webp,dramas/335/original.jpg
336,2Pxe2_4f,original,dramas/336/original.jpg,image/jpeg,169588,ad84e38fe6f45a694bbcc1ef5f449051d91014a1eb3cc04f42c0894ae77800b9,169588,image/jpeg,200,169588,image/jpeg,dramas/336/original.jpg
336,2Pxe2_4f,thumbnail,dramas/336/thumbnail.webp,image/webp,79996,1b05de2f33e69826abcb69ad696342ee6c8d8ac09c44537346dd38d156982527,79996,image/webp,200,79996,image/webp,dramas/336/original.jpg
337,l7nbQf,original,dramas/337/original.jpg,image/jpeg,36282,b4216659863754c1716940db15e6a6be3b551fdb9c4555eae070d0186657b0ca,36282,image/jpeg,200,36282,image/jpeg,dramas/337/original.jpg
337,l7nbQf,thumbnail,dramas/337/thumbnail.webp,image/webp,11202,444c9929758e30d8af75a6c09ef46a9eb32e3ed2c378b6db97c2523f2555c11c,11202,image/webp,200,11202,image/webp,dramas/337/original.jpg
338,XZlzqf,original,dramas/338/original.jpg,image/jpeg,180698,8327833fd7c9ac8a8bbbfd6975229319b4c07b90becde99e30d9e2b85f77fd11,180698,image/jpeg,200,180698,image/jpeg,dramas/338/original.jpg
338,XZlzqf,thumbnail,dramas/338/thumbnail.webp,image/webp,81278,3bbb8d3185c155f98ea9ae0a351df0f7dd123a34dda5795937ca5f8b7fce3c9d,81278,image/webp,200,81278,image/webp,dramas/338/original.jpg
339,Y8PRPf,original,dramas/339/original.jpg,image/jpeg,171118,e1a8ce6419dea9e92fbbe9e2df7a35c78a77bf0789f5aebe44e78ff6a2fe4977,171118,image/jpeg,200,171118,image/jpeg,dramas/339/original.jpg
339,Y8PRPf,thumbnail,dramas/339/thumbnail.webp,image/webp,36918,602098400658a4f959510a8d733e794b4794230a31de57cca550742d6baf73d2,36918,image/webp,200,36918,image/webp,dramas/339/original.jpg
340,oEn06f,original,dramas/340/original.jpg,image/jpeg,326973,9e6c7a521cb850480421b3f63444709d427dce159df3e6fa0c74d0f9b7ea489a,326973,image/jpeg,200,326973,image/jpeg,dramas/340/original.jpg
340,oEn06f,thumbnail,dramas/340/thumbnail.webp,image/webp,61756,fbc40cc6f57c8e43f3ae3731c4f3cfa086918450a465def7159d57fc2d96c718,61756,image/webp,200,61756,image/webp,dramas/340/original.jpg
341,6LQRjf,original,dramas/341/original.jpg,image/jpeg,61020,98e9569ab24d14526fa53f9299b44a0c0f7189bfb1c52770e70c511f5d2e6f2b,61020,image/jpeg,200,61020,image/jpeg,dramas/341/original.jpg
341,6LQRjf,thumbnail,dramas/341/thumbnail.webp,image/webp,34084,52d672a0a49e3fd7b5885e5dd4bb7b715c44c6acad382a1b16325ec8547e32b1,34084,image/webp,200,34084,image/webp,dramas/341/original.jpg
342,Jkd1jf,original,dramas/342/original.jpg,image/jpeg,88901,c8edd3ba12407e7f94343fa05ded0a5617f9437b787ac48a0445b5a196ea5f88,88901,image/jpeg,200,88901,image/jpeg,dramas/342/original.jpg
342,Jkd1jf,thumbnail,dramas/342/thumbnail.webp,image/webp,40294,cd695daa554cf0950f29349514c4ce78a562c265c94394fd9af873cafdc9de8e,40294,image/webp,200,40294,image/webp,dramas/342/original.jpg
343,yNNddf,original,dramas/343/original.jpg,image/jpeg,89344,c8f0eb756004a95c323fd31a83f341cda921e5b713e8e6f1f90a5dd2d3e539c5,89344,image/jpeg,200,89344,image/jpeg,dramas/343/original.jpg
343,yNNddf,thumbnail,dramas/343/thumbnail.webp,image/webp,50894,ba28cde754cd107edbec69cd641aa19f8da8ce0451cc19b722a3f23f5b5b3d81,50894,image/webp,200,50894,image/webp,dramas/343/original.jpg
344,nv0kQf,original,dramas/344/original.jpg,image/jpeg,91157,91e3573d70333caec92bdfaeb0d4595ddaaa69b7eca400fcd1b3fabd2bea46d3,91157,image/jpeg,200,91157,image/jpeg,dramas/344/original.jpg
344,nv0kQf,thumbnail,dramas/344/thumbnail.webp,image/webp,41990,40e770be205e61865356d248f5694072165a8378f8b96b19be973b0164505657,41990,image/webp,200,41990,image/webp,dramas/344/original.jpg
345,qkwj0f,original,dramas/345/original.jpg,image/jpeg,101001,2a37f9fdf53b534a94b960a979c3ba6c3f79bc9e3035b9287bb2967600498cf4,101001,image/jpeg,200,101001,image/jpeg,dramas/345/original.jpg
345,qkwj0f,thumbnail,dramas/345/thumbnail.webp,image/webp,77360,5e0326f8b432d729f672ae11a7ad4e5c3dee3bff01f90623fa2def0501634c64,77360,image/webp,200,77360,image/webp,dramas/345/original.jpg
346,gWz4Wf,original,dramas/346/original.jpg,image/jpeg,260707,8e4c8998767f3e1a0a9dc5ab31c75fef58f9b9cafb8bf47f6ffa82e29eda744a,260707,image/jpeg,200,260707,image/jpeg,dramas/346/original.jpg
346,gWz4Wf,thumbnail,dramas/346/thumbnail.webp,image/webp,67140,a6320ba023d89818e5d3fce9217df1bc8493946986a89e4dd2e85f5c58aaf7cf,67140,image/webp,200,67140,image/webp,dramas/346/original.jpg
347,OrgxLf,original,dramas/347/original.jpg,image/jpeg,64631,ee760d73a5336814413720d13fb60a9faecb8ee431490b391005ea75604e4a48,64631,image/jpeg,200,64631,image/jpeg,dramas/347/original.jpg
347,OrgxLf,thumbnail,dramas/347/thumbnail.webp,image/webp,42424,b8c063eb397a873af50ccad95cc6e60d7536cf875b35e97d6283c5079fae2872,42424,image/webp,200,42424,image/webp,dramas/347/original.jpg
348,82x4Qf,original,dramas/348/original.jpg,image/jpeg,198633,5dbe11aa5aa2598c7ad0a8bc12ad02e3b0419f0199f7eb2764c8ee2a8d343f18,198633,image/jpeg,200,198633,image/jpeg,dramas/348/original.jpg
348,82x4Qf,thumbnail,dramas/348/thumbnail.webp,image/webp,52110,1d4f3c71fc9d9d03c4bfefdc03e60e5dfa03ba0a104a1d9f386c7c9563e28794,52110,image/webp,200,52110,image/webp,dramas/348/original.jpg
349,YYnvyQ_4f,original,dramas/349/original.jpg,image/jpeg,167449,cbd0676de09209f59d54de854a147578bfa6be9a9cf90a56c9b7f5bd2231e62d,167449,image/jpeg,200,167449,image/jpeg,dramas/349/original.jpg
349,YYnvyQ_4f,thumbnail,dramas/349/thumbnail.webp,image/webp,36636,680f8067f33f6ccc6d04fe9265f18ecdbe86f51e3f03c01a812b2f2f0dfd08bf,36636,image/webp,200,36636,image/webp,dramas/349/original.jpg
350,vQvO2f,original,dramas/350/original.jpg,image/jpeg,118527,0da90038bb3647039c0fed43fa8cb6fa9543ac4383652a536c9fae140d256b06,118527,image/jpeg,200,118527,image/jpeg,dramas/350/original.jpg
350,vQvO2f,thumbnail,dramas/350/thumbnail.webp,image/webp,57724,b0f9dd448e1a536f27050323c8eaab828b1137dd53e95838dc38928086acda81,57724,image/webp,200,57724,image/webp,dramas/350/original.jpg
351,elgEef,original,dramas/351/original.jpg,image/jpeg,163378,ff160fa0f4f6c4338b415e8515e33ead8a6beaf766fae4d01765e09c501124bd,163378,image/jpeg,200,163378,image/jpeg,dramas/351/original.jpg
351,elgEef,thumbnail,dramas/351/thumbnail.webp,image/webp,53874,6175e2818c7011fed07ef7d2a3c18edc124304db985a99de557f302fb79c4402,53874,image/webp,200,53874,image/webp,dramas/351/original.jpg
352,xXK7yf,original,dramas/352/original.jpg,image/jpeg,190256,05be40b47d5754c5e4f63d7299e40a324b5459f38caa5d579052873583d6c32b,190256,image/jpeg,200,190256,image/jpeg,dramas/352/original.jpg
352,xXK7yf,thumbnail,dramas/352/thumbnail.webp,image/webp,35924,6d02f8ff23f4f4c21790c9edfca849e707ea3cf67e66df14cd7746e8774f8586,35924,image/webp,200,35924,image/webp,dramas/352/original.jpg
353,rkVXDf,original,dramas/353/original.jpg,image/jpeg,80234,ae70618137a2eb7017e3d40f7598c047b2a3bba306387b64af11591011858ab5,80234,image/jpeg,200,80234,image/jpeg,dramas/353/original.jpg
353,rkVXDf,thumbnail,dramas/353/thumbnail.webp,image/webp,37922,390a8dd62e76faa9704c3027541e1fd7cbe584a33f2d7fbf4cc6b6647c7115ff,37922,image/webp,200,37922,image/webp,dramas/353/original.jpg
354,V42myf,original,dramas/354/original.jpg,image/jpeg,263735,2e7f73ab17a6f64b3e301146956b5270f63387eadfa1368ee18b65bc36af5917,263735,image/jpeg,200,263735,image/jpeg,dramas/354/original.jpg
354,V42myf,thumbnail,dramas/354/thumbnail.webp,image/webp,55700,1f73df8a4daa68b80c4587a77b5f583960f94e3e424b25f8473fc4576235ce85,55700,image/webp,200,55700,image/webp,dramas/354/original.jpg
355,BzeWl_4f,original,dramas/355/original.jpg,image/jpeg,102163,0a697fb1668525a71863c3193ab967fa5c019cf7e65ba1088d8fce727c3aab70,102163,image/jpeg,200,102163,image/jpeg,dramas/355/original.jpg
355,BzeWl_4f,thumbnail,dramas/355/thumbnail.webp,image/webp,33608,b6dbbb4eb42ff1a067b237a472b2ee1a3034d9d661598b4f8b3da1e765e7311c,33608,image/webp,200,33608,image/webp,dramas/355/original.jpg
356,rkm5pf,original,dramas/356/original.jpg,image/jpeg,375296,9ce9bc081e76932890a9f088d29f32222500a77647350c6a720784d363861b45,375296,image/jpeg,200,375296,image/jpeg,dramas/356/original.jpg
356,rkm5pf,thumbnail,dramas/356/thumbnail.webp,image/webp,90012,b19a04f00e14984607f1ae78e5eded8480edd6cc7d0cfe1c9e959285651c2270,90012,image/webp,200,90012,image/webp,dramas/356/original.jpg
357,d4d1Wf,original,dramas/357/original.jpg,image/jpeg,247516,333a629dbda7a1714341763e03642c160a6b85ef31811a42af62377fcf6d17d6,247516,image/jpeg,200,247516,image/jpeg,dramas/357/original.jpg
357,d4d1Wf,thumbnail,dramas/357/thumbnail.webp,image/webp,41752,111d1602c7a3141a358701daf7d4c58ed7b34593bcab19385f30a08ca409126f,41752,image/webp,200,41752,image/webp,dramas/357/original.jpg
358,X4Z0Of,original,dramas/358/original.jpg,image/jpeg,204974,29e195e65c6811b199181946fe705098e89e36f0ddd07bcfd46b6db80ee693c3,204974,image/jpeg,200,204974,image/jpeg,dramas/358/original.jpg
358,X4Z0Of,thumbnail,dramas/358/thumbnail.webp,image/webp,42404,cf49af8be39467ccb9607d252fc10b74c4f3dc8d179dcb049a8866505acd6def,42404,image/webp,200,42404,image/webp,dramas/358/original.jpg
359,kok2kf,original,dramas/359/original.jpg,image/jpeg,91590,275851c08437df51811ba31eeda0c8bbb511c12c4d522e597ab7f5bdf2cbb1c6,91590,image/jpeg,200,91590,image/jpeg,dramas/359/original.jpg
359,kok2kf,thumbnail,dramas/359/thumbnail.webp,image/webp,39306,4031920a6ab46b839e4e51500fe623a398e475553b4946fc999666f87950515a,39306,image/webp,200,39306,image/webp,dramas/359/original.jpg
360,XK5dnf,original,dramas/360/original.jpg,image/jpeg,199981,fc95c353e599660de78fc31975af5f3f1d7a0de37214915c6c367bd7505e649f,199981,image/jpeg,200,199981,image/jpeg,dramas/360/original.jpg
360,XK5dnf,thumbnail,dramas/360/thumbnail.webp,image/webp,43096,a36ec3192f4c87d792b125f31a950a8d8af849107dd4e1e75824a40b05d7abd4,43096,image/webp,200,43096,image/webp,dramas/360/original.jpg
361,ZeVdY_4f,original,dramas/361/original.jpg,image/jpeg,197437,2c20a6ba9046eaa80be1bf6b648cb282f0c1473e6fd0c18cf461490679152f3f,197437,image/jpeg,200,197437,image/jpeg,dramas/361/original.jpg
361,ZeVdY_4f,thumbnail,dramas/361/thumbnail.webp,image/webp,33576,22642e8486993ff6c01d46305a5bca2ab3a1933593ff6e7abc4cf5dfe9e6e2f1,33576,image/webp,200,33576,image/webp,dramas/361/original.jpg
362,xkNgyf,original,dramas/362/original.jpg,image/jpeg,73157,8d4c40ba43d58ef5901380be80d0bcd00607b544ec16cb6791d1f37b27ac47d6,73157,image/jpeg,200,73157,image/jpeg,dramas/362/original.jpg
362,xkNgyf,thumbnail,dramas/362/thumbnail.webp,image/webp,42486,9b010d3da9d6b5461a6cbcc7f5d28c9251168b5ec7373605401f1f9bf146eb9c,42486,image/webp,200,42486,image/webp,dramas/362/original.jpg
363,Yojygf,original,dramas/363/original.jpg,image/jpeg,40953,636214af0967e835022bfc00ddc0bdee1fefec66ab291077c998b5920bdbf2d6,40953,image/jpeg,200,40953,image/jpeg,dramas/363/original.jpg
363,Yojygf,thumbnail,dramas/363/thumbnail.webp,image/webp,26978,76d33e21bb81d8610edd6bf4c1349f185f5d48f5b73a1664cc6627accab41d4c,26978,image/webp,200,26978,image/webp,dramas/363/original.jpg
364,peEX8_4f,original,dramas/364/original.jpg,image/jpeg,64032,128e5f75e401a0d2f6fdc9a3249348d17a1ddedcd128adb4234aa6c6fb166667,64032,image/jpeg,200,64032,image/jpeg,dramas/364/original.jpg
364,peEX8_4f,thumbnail,dramas/364/thumbnail.webp,image/webp,39360,73d12e4a4a0986929d193da191478df254e17df20d4e5338e75a7cec1f1565f4,39360,image/webp,200,39360,image/webp,dramas/364/original.jpg
365,V453Qf,original,dramas/365/original.jpg,image/jpeg,56253,89801659f92f3b970df15da559ea2a228f4d83dde1cf787fbe6d5af264498b85,56253,image/jpeg,200,56253,image/jpeg,dramas/365/original.jpg
365,V453Qf,thumbnail,dramas/365/thumbnail.webp,image/webp,14838,3cb3bffe0bc936b144108ad89d09c24b765c78941a2bdd11df0e5c45cc4619e1,14838,image/webp,200,14838,image/webp,dramas/365/original.jpg
366,558KZf,original,dramas/366/original.jpg,image/jpeg,199603,7385350bcfcc575a9ff36b08fce706cf5cbced702abb9f8f31538d8b3c2c57db,199603,image/jpeg,200,199603,image/jpeg,dramas/366/original.jpg
366,558KZf,thumbnail,dramas/366/thumbnail.webp,image/webp,54598,54efaeb266ac4d63ce216fd624b8237f70eaf5c5cfd2e8cb9b5dc43fb879a447,54598,image/webp,200,54598,image/webp,dramas/366/original.jpg
367,pkz2Vf,original,dramas/367/original.jpg,image/jpeg,221031,fc81064ed744776558906204012273e07aa75bf7edf9c7317a8b750d5b9c707e,221031,image/jpeg,200,221031,image/jpeg,dramas/367/original.jpg
367,pkz2Vf,thumbnail,dramas/367/thumbnail.webp,image/webp,50612,6d04da130671b98afc23f5c798ff3143b749632a94f134da6968263d3834fa1f,50612,image/webp,200,50612,image/webp,dramas/367/original.jpg
368,2NjmWf,original,dramas/368/original.jpg,image/jpeg,202218,861e46d60a12bd25476fa6702bce7df852176807d7cc7757cced71e54a4f6ce0,202218,image/jpeg,200,202218,image/jpeg,dramas/368/original.jpg
368,2NjmWf,thumbnail,dramas/368/thumbnail.webp,image/webp,56106,4ac3612e5e60b2451d64a06e73cde57d9b7ae8be03f6d09f00cd6a763cba479d,56106,image/webp,200,56106,image/webp,dramas/368/original.jpg
369,PdR0Rf,original,dramas/369/original.jpg,image/jpeg,90252,395a8a5e51b6fb39c4eea3fe4fff4a427cb208fd4fdd06bb0c2189d77b75e88d,90252,image/jpeg,200,90252,image/jpeg,dramas/369/original.jpg
369,PdR0Rf,thumbnail,dramas/369/thumbnail.webp,image/webp,60018,dc1debf1fdefab6d3eaa2b68dc0db3f7d9fddc3b32174649419e8796940210c7,60018,image/webp,200,60018,image/webp,dramas/369/original.jpg
370,pk7NEf,original,dramas/370/original.jpg,image/jpeg,45720,780d04c4e36372a1d842ffae01f7e51b2bc88ae91fca612987e15cfba06b70e7,45720,image/jpeg,200,45720,image/jpeg,dramas/370/original.jpg
370,pk7NEf,thumbnail,dramas/370/thumbnail.webp,image/webp,24328,9fc84b480f70fd9dee3a8ce5f919ea316b0f970963826d6ced8b988b52acfe87,24328,image/webp,200,24328,image/webp,dramas/370/original.jpg
371,1wJE6f,original,dramas/371/original.jpg,image/jpeg,38265,1b62bab12af8be3dd5dc89507bb0655a6dcc77b28f52f24b83722c268d23606e,38265,image/jpeg,200,38265,image/jpeg,dramas/371/original.jpg
371,1wJE6f,thumbnail,dramas/371/thumbnail.webp,image/webp,21114,dbc7e09bd8fa1db8494ec58aff3e754955162ff357df488a16f0f7bf98f05341,21114,image/webp,200,21114,image/webp,dramas/371/original.jpg
372,7nKBDf,original,dramas/372/original.jpg,image/jpeg,101150,11efad08dd5c950072e3307f3316cf98468288db1f07abf2a02b98439cfbba32,101150,image/jpeg,200,101150,image/jpeg,dramas/372/original.jpg
372,7nKBDf,thumbnail,dramas/372/thumbnail.webp,image/webp,33722,726dbd79eecf59e02fa3bd1d9f01058488ffb22667791933921de1509008d814,33722,image/webp,200,33722,image/webp,dramas/372/original.jpg
373,rYPryf,original,dramas/373/original.jpg,image/jpeg,135644,7662ca15f926ef5c1521437d50e98871f3537e34f1adb9ba3f0adb834909cfbb,135644,image/jpeg,200,135644,image/jpeg,dramas/373/original.jpg
373,rYPryf,thumbnail,dramas/373/thumbnail.webp,image/webp,40760,6041cdec783307a5dd52bd3c4adb2c0e145b2a00a65b97872d8f3e324280eeeb,40760,image/webp,200,40760,image/webp,dramas/373/original.jpg
374,qkgD5f,original,dramas/374/original.jpg,image/jpeg,183188,82b54ebb001d2ab3f8c37e31e1436b87ebbe4d8527a1d48a09c47a5f5c9c133e,183188,image/jpeg,200,183188,image/jpeg,dramas/374/original.jpg
374,qkgD5f,thumbnail,dramas/374/thumbnail.webp,image/webp,55488,7f951c6e849cc8da0569cbfcd4ee95b953bb69e6b279e86ebb49b5662522edf2,55488,image/webp,200,55488,image/webp,dramas/374/original.jpg
375,X4QEZf,original,dramas/375/original.jpg,image/jpeg,74104,8ea9b75b7f8afd7ed6941bc082e8b020535d6ebc52ea7df02ba62d24764b1d6c,74104,image/jpeg,200,74104,image/jpeg,dramas/375/original.jpg
375,X4QEZf,thumbnail,dramas/375/thumbnail.webp,image/webp,28184,5ee5a18d3f4f802dd8f4fd8572e236eae26eef84753f853ad4e7204ac42593cd,28184,image/webp,200,28184,image/webp,dramas/375/original.jpg
376,NvVXnf,original,dramas/376/original.jpg,image/jpeg,68478,a842461f6db90e4243e7454b301a09773d4d120dbf34e6b3a215f03698b01cf7,68478,image/jpeg,200,68478,image/jpeg,dramas/376/original.jpg
376,NvVXnf,thumbnail,dramas/376/thumbnail.webp,image/webp,25710,5bcfcf192ff39d1c285040a793908bc7f46cb6d90f83c3f78bc633b78aaaa992,25710,image/webp,200,25710,image/webp,dramas/376/original.jpg
377,oV54xf,original,dramas/377/original.jpg,image/jpeg,198417,27ac04084eaeeaae34050934c5ca782b90f35207dc2e5813b888e5f4031613c0,198417,image/jpeg,200,198417,image/jpeg,dramas/377/original.jpg
377,oV54xf,thumbnail,dramas/377/thumbnail.webp,image/webp,45268,d8f9a00b6f174422f0c1a2a60f3aaba60d15329895cbabc66e3982ba36c67ec2,45268,image/webp,200,45268,image/webp,dramas/377/original.jpg
378,960K0f,original,dramas/378/original.jpg,image/jpeg,240897,b2c74101c4f46b614142ba65ddabb4c3968f0b82b5be3534ee13d49240b6eb75,240897,image/jpeg,200,240897,image/jpeg,dramas/378/original.jpg
378,960K0f,thumbnail,dramas/378/thumbnail.webp,image/webp,55426,51e1f3cb4807fc512161386c15b4e5e04c59b88c22aa384eb8ca9270bdc34cc6,55426,image/webp,200,55426,image/webp,dramas/378/original.jpg
379,922k9f,original,dramas/379/original.jpg,image/jpeg,55572,41b5f03053a1568c95407025b4bb28bf3dcdcba3bf1945b8e32f6e2413fc855e,55572,image/jpeg,200,55572,image/jpeg,dramas/379/original.jpg
379,922k9f,thumbnail,dramas/379/thumbnail.webp,image/webp,27166,cebbeb51f4da3bd5a72827a61a3c95bd9c0463151465fcb4239fab0bdb4ee027,27166,image/webp,200,27166,image/webp,dramas/379/original.jpg
380,vKrdW_4f,original,dramas/380/original.jpg,image/jpeg,169899,fd897ebb1b3aad43b11470bb28691d1eadff96675e90b358291c4a322a1316d1,169899,image/jpeg,200,169899,image/jpeg,dramas/380/original.jpg
380,vKrdW_4f,thumbnail,dramas/380/thumbnail.webp,image/webp,33496,b465c3272a1640563ece61cd98eb6e218e63b86a612a1d805d295507ea6d9005,33496,image/webp,200,33496,image/webp,dramas/380/original.jpg
381,1oA1Kf,original,dramas/381/original.jpg,image/jpeg,69800,b3e7c74cc58b49e9d80919f29243b4db988884d78813d47f3d7f91a603e5528f,69800,image/jpeg,200,69800,image/jpeg,dramas/381/original.jpg
381,1oA1Kf,thumbnail,dramas/381/thumbnail.webp,image/webp,27206,e6575de5850d8a46b3438d96034bb9860371833e310d9b658b4d359d0f872b94,27206,image/webp,200,27206,image/webp,dramas/381/original.jpg
382,4571df,original,dramas/382/original.jpg,image/jpeg,33712,ef0790446dcef23c3e287d01c501abe71a117cd58fed084a2c4f8dd315cd3b1d,33712,image/jpeg,200,33712,image/jpeg,dramas/382/original.jpg
382,4571df,thumbnail,dramas/382/thumbnail.webp,image/webp,20766,617f7992fdf2fb7aba4049548f54e8047d5128b70f02bb1954fd5f71063a8d4a,20766,image/webp,200,20766,image/webp,dramas/382/original.jpg
383,LpQwbf,original,dramas/383/original.jpg,image/jpeg,109906,e3ac803e4d06ef0fdbbea2fc4ab2fe58a5e073c4a62cc74467017be01173f5d7,109906,image/jpeg,200,109906,image/jpeg,dramas/383/original.jpg
383,LpQwbf,thumbnail,dramas/383/thumbnail.webp,image/webp,36042,e64271f4d3f1262e0437569718127422c8c4d95b91a6cd20467df256226b1079,36042,image/webp,200,36042,image/webp,dramas/383/original.jpg
384,PdJJ0f,original,dramas/384/original.jpg,image/jpeg,44740,a7c208ef18aac997332d80a8d03e4e9a1e3aebda78c7ba79694ff0c1d9af6584,44740,image/jpeg,200,44740,image/jpeg,dramas/384/original.jpg
384,PdJJ0f,thumbnail,dramas/384/thumbnail.webp,image/webp,26690,769a9fc99761399ce8c6ea450e2b9db27c8ec8f21671fa769c11c0fdf162b507,26690,image/webp,200,26690,image/webp,dramas/384/original.jpg
385,b3blwf,original,dramas/385/original.jpg,image/jpeg,70625,a8746d259d1b9ce137cecb01dc7b9c8abac1fe138c17ad852491766a2c638fae,70625,image/jpeg,200,70625,image/jpeg,dramas/385/original.jpg
385,b3blwf,thumbnail,dramas/385/thumbnail.webp,image/webp,38958,880fd25a36551fd282b4a726f80937a33b2c0012ecd5b181690c1d7525e44c68,38958,image/webp,200,38958,image/webp,dramas/385/original.jpg
386,Lw8pBf,original,dramas/386/original.jpg,image/jpeg,73976,82d73b21714876c38fa7f7856d878cdfc1ac320688830fb7349be47bb55ffccb,73976,image/jpeg,200,73976,image/jpeg,dramas/386/original.jpg
386,Lw8pBf,thumbnail,dramas/386/thumbnail.webp,image/webp,38150,0f7f925adab627924b691b9514065c9274e85bb58446653f3e306f1f5911768d,38150,image/webp,200,38150,image/webp,dramas/386/original.jpg
387,5o0gef,original,dramas/387/original.jpg,image/jpeg,179803,54541f5f97bcd65c5b639ed18f351c9dd4491c9e688e8944b26559743def3f9a,179803,image/jpeg,200,179803,image/jpeg,dramas/387/original.jpg
387,5o0gef,thumbnail,dramas/387/thumbnail.webp,image/webp,51572,3c04731f75e9b23c2b2b5df41c05d66192b19728e6e69448007d4321d4cfb56a,51572,image/webp,200,51572,image/webp,dramas/387/original.jpg
388,63XdPf,original,dramas/388/original.jpg,image/jpeg,185523,729316dd97cf994e74ec08e94ba11b149737afdb8bc27b521c07453540e6292c,185523,image/jpeg,200,185523,image/jpeg,dramas/388/original.jpg
388,63XdPf,thumbnail,dramas/388/thumbnail.webp,image/webp,49916,2d416c703cb7f6ac59f6b1fec6aed8b6e7c719d4e32b842bfd60be0eaf88cc01,49916,image/webp,200,49916,image/webp,dramas/388/original.jpg
389,OrP1df,original,dramas/389/original.jpg,image/jpeg,160397,12ee2ca406c5479141101c663ca7af7cda79f1f183f5739eb53dc44f5ecb11af,160397,image/jpeg,200,160397,image/jpeg,dramas/389/original.jpg
389,OrP1df,thumbnail,dramas/389/thumbnail.webp,image/webp,36040,4446a766dda8c1d71ca1edc9a6f409283cbf51045c7d459e420192ce2db2c72e,36040,image/webp,200,36040,image/webp,dramas/389/original.jpg
390,DX3K5f,original,dramas/390/original.jpg,image/jpeg,60798,1c92ccfad2ed683ea4c817086a40e580472559844f3b933bd21ec9ee68829d10,60798,image/jpeg,200,60798,image/jpeg,dramas/390/original.jpg
390,DX3K5f,thumbnail,dramas/390/thumbnail.webp,image/webp,28090,6ec41a2a1a8cebffb293e6db88a2057d096edd9d0e42a43df2038af4f1a8f294,28090,image/webp,200,28090,image/webp,dramas/390/original.jpg
391,MBNqRf,original,dramas/391/original.jpg,image/jpeg,177332,32f159c18df264caedcbcd252605d9c9b39ecdc8271bd17283da7501ebc7ff90,177332,image/jpeg,200,177332,image/jpeg,dramas/391/original.jpg
391,MBNqRf,thumbnail,dramas/391/thumbnail.webp,image/webp,38724,d897512cd46913aabbbac6cbb0e20b75c275f91a989c61854e70affcdd440f2d,38724,image/webp,200,38724,image/webp,dramas/391/original.jpg
392,E50pmf,original,dramas/392/original.jpg,image/jpeg,43249,8908fd8076a94c081cd739229a1fbd48649285d96bd7b0fadda061d7caa34295,43249,image/jpeg,200,43249,image/jpeg,dramas/392/original.jpg
392,E50pmf,thumbnail,dramas/392/thumbnail.webp,image/webp,28452,5769b1927a7f0ffb587d1ec62554fa803b7f6dc468c120940a148420a6f15e92,28452,image/webp,200,28452,image/webp,dramas/392/original.jpg
393,pklKDf,original,dramas/393/original.jpg,image/jpeg,98055,cb1559ef6d570f622a360555674508d770436aa8316abd2279650a262ed7a806,98055,image/jpeg,200,98055,image/jpeg,dramas/393/original.jpg
393,pklKDf,thumbnail,dramas/393/thumbnail.webp,image/webp,52284,bc122b575805cb70bea0e5168a51e2408cdc52ef58d328874f526115227f6a25,52284,image/webp,200,52284,image/webp,dramas/393/original.jpg
394,MRvgMf,original,dramas/394/original.jpg,image/jpeg,50143,f3de6ab649ef9d62ffa96c60e27a655dcb02f56037727ad121510df26f36a693,50143,image/jpeg,200,50143,image/jpeg,dramas/394/original.jpg
394,MRvgMf,thumbnail,dramas/394/thumbnail.webp,image/webp,28772,15fc7f3089fca0c56e2f71def48fb90ce275990a789b8f2f90eac9096f8cb0fa,28772,image/webp,200,28772,image/webp,dramas/394/original.jpg
395,q2WrDf,original,dramas/395/original.jpg,image/jpeg,125146,1527ecb7c3fa8b8f186bf11486b273a4cabe7f14845fd8ce043de4f1458b82ba,125146,image/jpeg,200,125146,image/jpeg,dramas/395/original.jpg
395,q2WrDf,thumbnail,dramas/395/thumbnail.webp,image/webp,22650,2178aaac77783a444644d4d3597fafc1890f92904c9d875382489d1f2d128f99,22650,image/webp,200,22650,image/webp,dramas/395/original.jpg
396,rkKPmf,original,dramas/396/original.jpg,image/jpeg,125754,5617e98668740297105d3a2c641c16887f0e5799120f2931fc521d0b8b687101,125754,image/jpeg,200,125754,image/jpeg,dramas/396/original.jpg
396,rkKPmf,thumbnail,dramas/396/thumbnail.webp,image/webp,27418,538d693d3ba988b81e869fedc23b991377ad43084fa075764be5b3ba753310f2,27418,image/webp,200,27418,image/webp,dramas/396/original.jpg
397,w0Q8gf,original,dramas/397/original.jpg,image/jpeg,77258,667e2f6fbe4ac52dce9975232733fed19ebe752da455dee8763feb7d97b279d2,77258,image/jpeg,200,77258,image/jpeg,dramas/397/original.jpg
397,w0Q8gf,thumbnail,dramas/397/thumbnail.webp,image/webp,36898,0ff7f9458b3beadfaf70c5584d28f305a02c8eb885099b4d2f05c5c4eb637f4f,36898,image/webp,200,36898,image/webp,dramas/397/original.jpg
398,X4LAdf,original,dramas/398/original.jpg,image/jpeg,150975,fdb8a464c9f220751f656fca9ee14ad7c0cdb2539d8bad2e9383d6f5ab960aa7,150975,image/jpeg,200,150975,image/jpeg,dramas/398/original.jpg
398,X4LAdf,thumbnail,dramas/398/thumbnail.webp,image/webp,27092,aba208d9667a7ef5d65eee00d2ea809c8a6f382c9d03a5eabd62eaf62989274e,27092,image/webp,200,27092,image/webp,dramas/398/original.jpg
399,EDwzbf,original,dramas/399/original.jpg,image/jpeg,110581,e7156378854bc65f0ba8c07333aa29f322ffbde395671ddee04312ed275749ae,110581,image/jpeg,200,110581,image/jpeg,dramas/399/original.jpg
399,EDwzbf,thumbnail,dramas/399/thumbnail.webp,image/webp,63490,c3fd22f91a9f90d72580bf594871527cc747bf6e4790839b7b6edd3b5c5ef2ae,63490,image/webp,200,63490,image/webp,dramas/399/original.jpg
400,lOL8Lf,original,dramas/400/original.jpg,image/jpeg,118649,59eb846fe4906e91f9cdf0e8846badbf03255f871bc4d488b77822baf16ca59c,118649,image/jpeg,200,118649,image/jpeg,dramas/400/original.jpg
400,lOL8Lf,thumbnail,dramas/400/thumbnail.webp,image/webp,33788,85022556228b89062b16bae50cb7aad26c82bae23689f77a54c89a9a1ebd9817,33788,image/webp,200,33788,image/webp,dramas/400/original.jpg
401,EJyvbf,original,dramas/401/original.jpg,image/jpeg,138959,bd640bbd42a30f27e5a40511ed550c40b860cf0c6174a6a5db7e71fc5a7bade5,138959,image/jpeg,200,138959,image/jpeg,dramas/401/original.jpg
401,EJyvbf,thumbnail,dramas/401/thumbnail.webp,image/webp,25396,5037e4407ec885ad76a0379a38668a86a729646e13d5fc326f41caf96abd2a7c,25396,image/webp,200,25396,image/webp,dramas/401/original.jpg
402,33Zwmf,original,dramas/402/original.jpg,image/jpeg,201722,16fc449521aa6429796a7e4d40a47dd4f06aad3a61e8173a949301b8739de921,201722,image/jpeg,200,201722,image/jpeg,dramas/402/original.jpg
402,33Zwmf,thumbnail,dramas/402/thumbnail.webp,image/webp,43404,7ee1ba9f4667eabf6daafc97a020cd60563122aee6265e12af762b28c8697c6e,43404,image/webp,200,43404,image/webp,dramas/402/original.jpg
403,AYJQPf,original,dramas/403/original.jpg,image/jpeg,79377,759c5db2f2cf3f9450166e07ca37ae13e83ec84dd48d25b58045c7c2eda27272,79377,image/jpeg,200,79377,image/jpeg,dramas/403/original.jpg
403,AYJQPf,thumbnail,dramas/403/thumbnail.webp,image/webp,35526,ae0a6eac92f4cb85924b29e09e99f58a96462a24f3443560c126ecc5b99f3e27,35526,image/webp,200,35526,image/webp,dramas/403/original.jpg
404,XdbAxf,original,dramas/404/original.jpg,image/jpeg,46660,6558c0bdaee55ffcf8a8fbeb34dfdc16698da9c0939bd049a16ea5b8d8104092,46660,image/jpeg,200,46660,image/jpeg,dramas/404/original.jpg
404,XdbAxf,thumbnail,dramas/404/thumbnail.webp,image/webp,25830,64658647062fe06eb91a8edd030abf3c1a707288810cf6068a6921b3362196a5,25830,image/webp,200,25830,image/webp,dramas/404/original.jpg
405,2q5zWf,original,dramas/405/original.jpg,image/jpeg,248975,4ece42bb938a6080a5b4c07f9fb178d726cc3f1619fa46419169841ec1145ad2,248975,image/jpeg,200,248975,image/jpeg,dramas/405/original.jpg
405,2q5zWf,thumbnail,dramas/405/thumbnail.webp,image/webp,56850,bc6a7ae7fcc5a1883982a8178a037e41d100706044ee51a6b0356f3c036a24a2,56850,image/webp,200,56850,image/webp,dramas/405/original.jpg
406,V4zWEf,original,dramas/406/original.jpg,image/jpeg,112306,4213494d2e5ba71ba1e6c6866e568f02524ad715ba917f670b92ef168e6781d4,112306,image/jpeg,200,112306,image/jpeg,dramas/406/original.jpg
406,V4zWEf,thumbnail,dramas/406/thumbnail.webp,image/webp,59728,ece8cd8d3f1157c048177e48896e8a0cd26adaab377c54b250924d6a18169937,59728,image/webp,200,59728,image/webp,dramas/406/original.jpg
407,7nKlef,original,dramas/407/original.jpg,image/jpeg,54100,d4e8f155c20cdb58505726f4272ba3689e4013f152c54379b2310affc2aba6ba,54100,image/jpeg,200,54100,image/jpeg,dramas/407/original.jpg
407,7nKlef,thumbnail,dramas/407/thumbnail.webp,image/webp,21772,6790248823a2fa09f6c92388fdfecf7c2475ef9fc6b8ef0ff75cb0f23c9bf172,21772,image/webp,200,21772,image/webp,dramas/407/original.jpg
408,PdBoyf,original,dramas/408/original.jpg,image/jpeg,309694,d3b18a16b3759351debb3170ad2db1948f3d4fefb0a47339119d58ede1160a05,309694,image/jpeg,200,309694,image/jpeg,dramas/408/original.jpg
408,PdBoyf,thumbnail,dramas/408/thumbnail.webp,image/webp,74620,0d7b2fae78334667313bda1dcc0f98b0c0d72a1a4ebe4736220866cd67a05417,74620,image/webp,200,74620,image/webp,dramas/408/original.jpg
409,2kQO7_4f,original,dramas/409/original.jpg,image/jpeg,157323,dcf44203b66fdbabe20325fb9190abcf02d0635557f1cdbdd6d49b2f913481f7,157323,image/jpeg,200,157323,image/jpeg,dramas/409/original.jpg
409,2kQO7_4f,thumbnail,dramas/409/thumbnail.webp,image/webp,49050,e08635e0f58fb3825128deb06b966722a3d8a208d7bc2bdfd5dca55300a27c7f,49050,image/webp,200,49050,image/webp,dramas/409/original.jpg
410,nvNBxf,original,dramas/410/original.jpg,image/jpeg,64748,6102d4e43e41aff4a4bdf973e9196c62678ca5fb46d315ee025c0b2868af113f,64748,image/jpeg,200,64748,image/jpeg,dramas/410/original.jpg
410,nvNBxf,thumbnail,dramas/410/thumbnail.webp,image/webp,42946,7b2b0ecc552abbe4bec774ead1dea7f8417d00af5ad33629ac1aec6e2a7e4ac7,42946,image/webp,200,42946,image/webp,dramas/410/original.jpg
411,lJWQLf,original,dramas/411/original.jpg,image/jpeg,92036,3a1fdc99989dd266057fac4a8619428992fe288852ffec3a09a8f011b6e764e1,92036,image/jpeg,200,92036,image/jpeg,dramas/411/original.jpg
411,lJWQLf,thumbnail,dramas/411/thumbnail.webp,image/webp,44850,e65ed99804479f121c5684557fcf903cc4502be4b574f8603631b7d80230f3e4,44850,image/webp,200,44850,image/webp,dramas/411/original.jpg
412,nvlr8f,original,dramas/412/original.jpg,image/jpeg,150378,8d0b373bf02925c5e0f46b4f79821f651af99d455a4d1e6d8ef0672ec6d1b299,150378,image/jpeg,200,150378,image/jpeg,dramas/412/original.jpg
412,nvlr8f,thumbnail,dramas/412/thumbnail.webp,image/webp,43582,36abe92b1d67a0f390bebe0276f8898c886eb8542b06296295a03c6e9f2cc918,43582,image/webp,200,43582,image/webp,dramas/412/original.jpg
413,OrD4df,original,dramas/413/original.jpg,image/jpeg,228069,b7728fee81d154856aa977ad0dd0f3e3d8cdbe16fcb98a970c3256e6edb02a2c,228069,image/jpeg,200,228069,image/jpeg,dramas/413/original.jpg
413,OrD4df,thumbnail,dramas/413/thumbnail.webp,image/webp,70622,eaf73ed0de50f70c24c41b15c45fca7b3edec62bf469edcc40491f03e4b0bffc,70622,image/webp,200,70622,image/webp,dramas/413/original.jpg
414,w0RAYf,original,dramas/414/original.jpg,image/jpeg,261856,c135ad8e57050f48e222b05eec53b60dea6ee033884fd2e2bd3684323df79978,261856,image/jpeg,200,261856,image/jpeg,dramas/414/original.jpg
414,w0RAYf,thumbnail,dramas/414/thumbnail.webp,image/webp,78718,63f766a572f1bbde5976adf2d8e79e89c15f30f7d4d8ae190a9883c063eb86e1,78718,image/webp,200,78718,image/webp,dramas/414/original.jpg
415,826d2f,original,dramas/415/original.jpg,image/jpeg,35548,e2fd8ddf34ce73efa3c0662784408a3abf4e8d77822d185a86eac20aa30563f9,35548,image/jpeg,200,35548,image/jpeg,dramas/415/original.jpg
415,826d2f,thumbnail,dramas/415/thumbnail.webp,image/webp,19462,1bbea8f3afc77b28b0c970f73c8246baa5a1a9863e69fe2e2dbb68caae2d79bd,19462,image/webp,200,19462,image/webp,dramas/415/original.jpg
416,nvY4Lf,original,dramas/416/original.jpg,image/jpeg,176993,cb687a5bc56e70ae98a75f2ede233298b35726cd2898c528b9318c9111faea15,176993,image/jpeg,200,176993,image/jpeg,dramas/416/original.jpg
416,nvY4Lf,thumbnail,dramas/416/thumbnail.webp,image/webp,45652,82c95b17a66f7ac28a4d25aca81d0f43da2f2452e51b8626de1e6f5797845cb7,45652,image/webp,200,45652,image/webp,dramas/416/original.jpg
417,l0yv4f,original,dramas/417/original.jpg,image/jpeg,80762,70ce6edd8b082969dfc03a66510af38b2174e5461e28dc4d3929017cc2d15c6b,80762,image/jpeg,200,80762,image/jpeg,dramas/417/original.jpg
417,l0yv4f,thumbnail,dramas/417/thumbnail.webp,image/webp,44422,2d64b81c1ac66644f418061931e67da18bc1de5c47a78886cebda3beab96c1ed,44422,image/webp,200,44422,image/webp,dramas/417/original.jpg
418,55Dv0f,original,dramas/418/original.jpg,image/jpeg,156129,4d05582571a9fd133ee6f1808ebfedac29ce80298712e1abae2a8e64f36b795d,156129,image/jpeg,200,156129,image/jpeg,dramas/418/original.jpg
418,55Dv0f,thumbnail,dramas/418/thumbnail.webp,image/webp,40390,e271926d283d9d98e07ed38a38dc70a125c08ab954b1327c12248921f7577dc1,40390,image/webp,200,40390,image/webp,dramas/418/original.jpg
419,2lb8k_4f,original,dramas/419/original.jpg,image/jpeg,230634,52de200ef379bd8dd01e8ce1a56d3eb3c2e4f9cc9113b76845f06af0f09ac28f,230634,image/jpeg,200,230634,image/jpeg,dramas/419/original.jpg
419,2lb8k_4f,thumbnail,dramas/419/thumbnail.webp,image/webp,66556,f4a6595d12b35ee4a3461b3a2cb8aa551157dd0e1ae2c3f9ff2292e03265261e,66556,image/webp,200,66556,image/webp,dramas/419/original.jpg
420,yE4jBf,original,dramas/420/original.jpg,image/jpeg,165546,67abe8421927e342f1eae5f716ef750a347445183ea983b60258e1353b2ff0c2,165546,image/jpeg,200,165546,image/jpeg,dramas/420/original.jpg
420,yE4jBf,thumbnail,dramas/420/thumbnail.webp,image/webp,35942,36e991c4b219a9c266eeed98e7e302c679aac9f4910d3a6fd29d00dbd33ea18f,35942,image/webp,200,35942,image/webp,dramas/420/original.jpg
421,BzwYV_4f,original,dramas/421/original.jpg,image/jpeg,159962,9eb558b11df1dadb5594e67c8d153eeaeebc835d4136e73734f20c42efeaa6d3,159962,image/jpeg,200,159962,image/jpeg,dramas/421/original.jpg
421,BzwYV_4f,thumbnail,dramas/421/thumbnail.webp,image/webp,32664,8255111dfb05f569720643358483293d3273bd25bfc4bfc1b6a61d18af801ec6,32664,image/webp,200,32664,image/webp,dramas/421/original.jpg
422,Ebmym_4f,original,dramas/422/original.jpg,image/jpeg,83544,820d3b8016d8374ae1331e4d7c30cf947a8658701248a960df7e190cfb4c6a8e,83544,image/jpeg,200,83544,image/jpeg,dramas/422/original.jpg
422,Ebmym_4f,thumbnail,dramas/422/thumbnail.webp,image/webp,64222,1cd4e781fd1573c83c5502e1d17b37ebd166ff156723cf18f5abee921e1c1c21,64222,image/webp,200,64222,image/webp,dramas/422/original.jpg
423,gWerof,original,dramas/423/original.jpg,image/jpeg,71795,1d115c15ed4b22c42ca648c4b40b5cc4f53aa19b3548a4190bdfe7e0276405fa,71795,image/jpeg,200,71795,image/jpeg,dramas/423/original.jpg
423,gWerof,thumbnail,dramas/423/thumbnail.webp,image/webp,48428,d5ec0bbfb906d22e3712a3b8e31ba1859feec1dedfef6cc9d5159f5da0763c31,48428,image/webp,200,48428,image/webp,dramas/423/original.jpg
424,lyB7Nf,original,dramas/424/original.jpg,image/jpeg,125152,f6f013c7869e637727d66fcc67aea0199e7293ee85ec3200fdd6db60b9a60286,125152,image/jpeg,200,125152,image/jpeg,dramas/424/original.jpg
424,lyB7Nf,thumbnail,dramas/424/thumbnail.webp,image/webp,24122,2f86f27b7b9507ca883d3f0a00ea2a15342ac7016c9f214a1f59037c01ecacc9,24122,image/webp,200,24122,image/webp,dramas/424/original.jpg
425,bKKlVf,original,dramas/425/original.jpg,image/jpeg,256631,6771e8f09fdca4e4337bf60e1c21fcd19d0664d0bedf17bc11f76d30053de17a,256631,image/jpeg,200,256631,image/jpeg,dramas/425/original.jpg
425,bKKlVf,thumbnail,dramas/425/thumbnail.webp,image/webp,82974,dafba5c1c46b0ca81b560811ea42fa1d3a24850e5a5bb3929538e4192d234b2d,82974,image/webp,200,82974,image/webp,dramas/425/original.jpg
426,zE4eyf,original,dramas/426/original.jpg,image/jpeg,64125,d479cbd8fa03416a944f0810355456e5bb84f37837b4841c433ddf844a94067e,64125,image/jpeg,200,64125,image/jpeg,dramas/426/original.jpg
426,zE4eyf,thumbnail,dramas/426/thumbnail.webp,image/webp,19354,0921bcac52e50b2b91e0f2a649b3426ae8a386c5e867a7d456a7b4d360643aef,19354,image/webp,200,19354,image/webp,dramas/426/original.jpg
427,dwxJ5f,original,dramas/427/original.jpg,image/jpeg,153351,b3be0403e70a6a468f6333a97b9f97d55afef5890d650b1794e49391dbfe4118,153351,image/jpeg,200,153351,image/jpeg,dramas/427/original.jpg
427,dwxJ5f,thumbnail,dramas/427/thumbnail.webp,image/webp,55198,4af82cdbbb751d91a166f464609786914648f423c06b6d563312bcef05bfdfca,55198,image/webp,200,55198,image/webp,dramas/427/original.jpg
428,x4kN8X_4f,original,dramas/428/original.jpg,image/jpeg,244626,86c466dc653f264e816598d0d2ca63b11104507f9d4661cfec89e3c437bd3cc8,244626,image/jpeg,200,244626,image/jpeg,dramas/428/original.jpg
428,x4kN8X_4f,thumbnail,dramas/428/thumbnail.webp,image/webp,52378,8315e3651f2eb10f21d0542e181c31d8485706b6771a7969d4e2d2b581641cfb,52378,image/webp,200,52378,image/webp,dramas/428/original.jpg
429,oVkQNf,original,dramas/429/original.jpg,image/jpeg,188440,b079a00e172fa8d64e71775ff0c211aa6361c990e233f8bfdc2ff140da872afd,188440,image/jpeg,200,188440,image/jpeg,dramas/429/original.jpg
429,oVkQNf,thumbnail,dramas/429/thumbnail.webp,image/webp,33652,6d833099767f4193b84601fdeeb4ca30dd611914fd058e909a51b6dc4a206465,33652,image/webp,200,33652,image/webp,dramas/429/original.jpg
430,DkX1Df,original,dramas/430/original.jpg,image/jpeg,99803,6a6cff81bcf48ef6a992795ef8a9df2bc23dbdaa857e13477ff7ec29c3d44586,99803,image/jpeg,200,99803,image/jpeg,dramas/430/original.jpg
430,DkX1Df,thumbnail,dramas/430/thumbnail.webp,image/webp,39142,19a54e1405120a897e6a0e183488a6de6c1beb77d0d045f990a1ee0fd330835d,39142,image/webp,200,39142,image/webp,dramas/430/original.jpg
431,rkoV7f,original,dramas/431/original.jpg,image/jpeg,79279,781f015b234695aa06a43959cfe86af9859025c266fec8a464d37200c12d80dd,79279,image/jpeg,200,79279,image/jpeg,dramas/431/original.jpg
431,rkoV7f,thumbnail,dramas/431/thumbnail.webp,image/webp,36764,f752a3508e35e31eb7e74f8350109c2a0ebfc45c747afc9964fb91eb0641d737,36764,image/webp,200,36764,image/webp,dramas/431/original.jpg
432,nvz0Ef,original,dramas/432/original.jpg,image/jpeg,196216,3b6b47dd5af05bc3a7bf2c94a435545aecb3da26f6265aadb62f28ae4dc4bc8f,196216,image/jpeg,200,196216,image/jpeg,dramas/432/original.jpg
432,nvz0Ef,thumbnail,dramas/432/thumbnail.webp,image/webp,41264,37a6bf5045c8876d29d901ca1e9cf6e9c7bb3b9b177138ccc148e0caeb6da1f1,41264,image/webp,200,41264,image/webp,dramas/432/original.jpg
433,40Rqrf,original,dramas/433/original.jpg,image/jpeg,77158,b40929511366e3d73bd91a140c6ed82b2425a0b6692b6f11ac9ed8c5fb1b5de5,77158,image/jpeg,200,77158,image/jpeg,dramas/433/original.jpg
433,40Rqrf,thumbnail,dramas/433/thumbnail.webp,image/webp,20174,f59f9a5f08b618c3c4f3637c9ca14837f3e06c817bdc7c1af4b7e007f6fe81fe,20174,image/webp,200,20174,image/webp,dramas/433/original.jpg
434,MX2znf,original,dramas/434/original.jpg,image/jpeg,180754,0655a9327f65b486b41b6bdb469bff968fa21be330c0f7849d65ef273d5f33eb,180754,image/jpeg,200,180754,image/jpeg,dramas/434/original.jpg
434,MX2znf,thumbnail,dramas/434/thumbnail.webp,image/webp,61762,cb6b6388701f2f371cd1e188fd99a14f0d2678fcdf4e7807c9937126d8eae34e,61762,image/webp,200,61762,image/webp,dramas/434/original.jpg
435,RP8jEf,original,dramas/435/original.jpg,image/jpeg,249578,6f2b75ba852f87023de04cdc61f36bbfcab6403c9ac18d697737a419e41318e4,249578,image/jpeg,200,249578,image/jpeg,dramas/435/original.jpg
435,RP8jEf,thumbnail,dramas/435/thumbnail.webp,image/webp,45012,e96981331786d8a80085bd18403e3d03cbae143fbab19c5ff9de65708569219d,45012,image/webp,200,45012,image/webp,dramas/435/original.jpg
436,244yEf,original,dramas/436/original.jpg,image/jpeg,102005,aae81b215ccafd912b9ea6c0044e4705abefdf7298f51bdc5b17758864aaac7b,102005,image/jpeg,200,102005,image/jpeg,dramas/436/original.jpg
436,244yEf,thumbnail,dramas/436/thumbnail.webp,image/webp,56240,077e9b69f168eaba964a05a4d7d6545be658c71fec42c8a636e5e07d36d9e8d7,56240,image/webp,200,56240,image/webp,dramas/436/original.jpg
437,yN176f,original,dramas/437/original.jpg,image/jpeg,132782,2329864d2be74822495928c0eaa1ee55bfe6e1c20d1055d43d9fc79f55e4d509,132782,image/jpeg,200,132782,image/jpeg,dramas/437/original.jpg
437,yN176f,thumbnail,dramas/437/thumbnail.webp,image/webp,69712,4c99e6e78bd820f050f84fc7a350dae2ab2030df1625223d6eb6287416714b1a,69712,image/webp,200,69712,image/webp,dramas/437/original.jpg
438,g0NLYq_4f,original,dramas/438/original.jpg,image/jpeg,222964,188f5371d566197110ae828706d90536691bfa4eb564a9e785998fb75dbb342f,222964,image/jpeg,200,222964,image/jpeg,dramas/438/original.jpg
438,g0NLYq_4f,thumbnail,dramas/438/thumbnail.webp,image/webp,53432,d824b6dc95619838afc0be363b355f7f5fa6d4b11b96fb0d62d793d7c6552562,53432,image/webp,200,53432,image/webp,dramas/438/original.jpg
439,yE7P4f,original,dramas/439/original.jpg,image/jpeg,191331,bde3e59e2988878d7d905b2c41a9eaab75a717e0297a16cc36002c44f55be967,191331,image/jpeg,200,191331,image/jpeg,dramas/439/original.jpg
439,yE7P4f,thumbnail,dramas/439/thumbnail.webp,image/webp,67660,a9d6851d487769a199e025ff2053b3a50ebc1784ddd424050e4470a2e232fa56,67660,image/webp,200,67660,image/webp,dramas/439/original.jpg
440,404orf,original,dramas/440/original.jpg,image/jpeg,141253,6872c8405bbe48a8cb15da0f6473350f3a6689904772800c4d4e49e948dd1e61,141253,image/jpeg,200,141253,image/jpeg,dramas/440/original.jpg
440,404orf,thumbnail,dramas/440/thumbnail.webp,image/webp,44242,c5c7c779c5c499730cb0d01e8508b3699a2747671eb6e3efe56b84d1aa8df177,44242,image/webp,200,44242,image/webp,dramas/440/original.jpg
441,dwJ7Af,original,dramas/441/original.jpg,image/jpeg,102176,bbef3d3a248784a385de63e3597756eb09d338e8433016a0a776905a1fa0d666,102176,image/jpeg,200,102176,image/jpeg,dramas/441/original.jpg
441,dwJ7Af,thumbnail,dramas/441/thumbnail.webp,image/webp,53628,759ccd7d0a4b13a3850c6d1adb887b8540dc120c60a6dfb31f32f168497743d8,53628,image/webp,200,53628,image/webp,dramas/441/original.jpg
442,0yDKef,original,dramas/442/original.jpg,image/jpeg,74329,b893e81e390ac7c90555ccac609ececdf69f8878307fee231bb1bad3dea01597,74329,image/jpeg,200,74329,image/jpeg,dramas/442/original.jpg
442,0yDKef,thumbnail,dramas/442/thumbnail.webp,image/webp,19942,5143f398f5d5f686abac545d873d17df930078831666cf00266f8a2c89c69d84,19942,image/webp,200,19942,image/webp,dramas/442/original.jpg
443,xEp0yf,original,dramas/443/original.jpg,image/jpeg,105879,3bf0af319e3b29ae71c18813a05e0ef9f2eb2c5ea166549d5d7b62a9843ed30d,105879,image/jpeg,200,105879,image/jpeg,dramas/443/original.jpg
443,xEp0yf,thumbnail,dramas/443/thumbnail.webp,image/webp,21066,36ae60aca154289d309dcbf0ba9156b83339bbb9ed5bb469f30f1351350d3b54,21066,image/webp,200,21066,image/webp,dramas/443/original.jpg
444,yE6K3f,original,dramas/444/original.jpg,image/jpeg,159257,07494b83db53972153b3052da2e36a78cd090a8aed86762f021095b0215c6998,159257,image/jpeg,200,159257,image/jpeg,dramas/444/original.jpg
444,yE6K3f,thumbnail,dramas/444/thumbnail.webp,image/webp,41242,0bc69592269cf3a9d55af4f38f9b8d2800cadf2b8a2c4ab2e7edd0cc84f2dd63,41242,image/webp,200,41242,image/webp,dramas/444/original.jpg
445,6y0npf,original,dramas/445/original.jpg,image/jpeg,94346,4ded3f9718718a9f61ed8415208d0508a5d8f85735a90cbbdf6bc9e2515aba7e,94346,image/jpeg,200,94346,image/jpeg,dramas/445/original.jpg
445,6y0npf,thumbnail,dramas/445/thumbnail.webp,image/webp,32754,c3b4d8adaad5b912bfd584f7355d03c02a79e45193fe847aaca4b2ff69f00f33,32754,image/webp,200,32754,image/webp,dramas/445/original.jpg
446,EJJBWf,original,dramas/446/original.jpg,image/jpeg,75429,47d1ccd029bd364ed8bded897fad25a9fb07e4bc5b0e12c134db222a59675a9d,75429,image/jpeg,200,75429,image/jpeg,dramas/446/original.jpg
446,EJJBWf,thumbnail,dramas/446/thumbnail.webp,image/webp,21568,a621af79d07db3f89fe6aaf6332dee8d73d0689f2614e753a5c8938def4673db,21568,image/webp,200,21568,image/webp,dramas/446/original.jpg
447,q2ln5f,original,dramas/447/original.jpg,image/jpeg,259475,133b22402f01649fba21d0193ffe5dbec46d9b6aff279b1f321c72cbfb79b8bc,259475,image/jpeg,200,259475,image/jpeg,dramas/447/original.jpg
447,q2ln5f,thumbnail,dramas/447/thumbnail.webp,image/webp,59820,829cd350628488293c30e843f9af2448102017d443c452eeadd903f2b9ebdaa5,59820,image/webp,200,59820,image/webp,dramas/447/original.jpg
448,Xeyjdf,original,dramas/448/original.jpg,image/jpeg,189923,3170b7364b2daa88264df42aebbc2e694a3ad68b7affeb924a7c66e12538dbc3,189923,image/jpeg,200,189923,image/jpeg,dramas/448/original.jpg
448,Xeyjdf,thumbnail,dramas/448/thumbnail.webp,image/webp,32772,784fae00a77892076745203d705793eeb8403637a18dd2e41e778d2b4c568afb,32772,image/webp,200,32772,image/webp,dramas/448/original.jpg
449,wJVdnf,original,dramas/449/original.jpg,image/jpeg,70045,9036b6153abe815df65b81308a339d78c6d3afeff71f3fc527781ad01992818c,70045,image/jpeg,200,70045,image/jpeg,dramas/449/original.jpg
449,wJVdnf,thumbnail,dramas/449/thumbnail.webp,image/webp,37084,f001bb2e414813462e7902e2542ab31311f88d4e1bd2a989008d3f6256ceb314,37084,image/webp,200,37084,image/webp,dramas/449/original.jpg
450,RPPorf,original,dramas/450/original.jpg,image/jpeg,209514,659c2f7964a0efe19ff65abad425a8387b1729783e9b33c7ed7f2bcab3d2d33f,209514,image/jpeg,200,209514,image/jpeg,dramas/450/original.jpg
450,RPPorf,thumbnail,dramas/450/thumbnail.webp,image/webp,60958,0cff7b87ee75e5eb96c98c7ec452e86f0b7f6f8caa99916546cedf091e5d2c8a,60958,image/webp,200,60958,image/webp,dramas/450/original.jpg
451,PdZjZf,original,dramas/451/original.jpg,image/jpeg,168281,39df643fb82e88d6825f6419e41a3c9f81b50f13766dcf36e29ceec410517bdd,168281,image/jpeg,200,168281,image/jpeg,dramas/451/original.jpg
451,PdZjZf,thumbnail,dramas/451/thumbnail.webp,image/webp,44142,6141669d37d99a354f3ba28f26e382a8da4d1f37ab49fa0ed2139293a665db33,44142,image/webp,200,44142,image/webp,dramas/451/original.jpg
452,3mlkDf,original,dramas/452/original.jpg,image/jpeg,89270,f21c801bf6d045f3ad8ea836ae74b543b03329034bf05b8926599c0986bef147,89270,image/jpeg,200,89270,image/jpeg,dramas/452/original.jpg
452,3mlkDf,thumbnail,dramas/452/thumbnail.webp,image/webp,20538,d20f4b84698103ba6d9b2979829bbf29df7b446e3797d08b7c33e56970a0026f,20538,image/webp,200,20538,image/webp,dramas/452/original.jpg
453,nOo7Nf,original,dramas/453/original.jpg,image/jpeg,165541,1161e2ccac16241bba91220aae520ae8d037c2189e59e515aaf3f37beaf0bebc,165541,image/jpeg,200,165541,image/jpeg,dramas/453/original.jpg
453,nOo7Nf,thumbnail,dramas/453/thumbnail.webp,image/webp,36986,26d21992b98849032631f5152412ee71afac4da41b0213734c88ae6b77b0e7bc,36986,image/webp,200,36986,image/webp,dramas/453/original.jpg
454,wnqenf,original,dramas/454/original.jpg,image/jpeg,75848,6d6c41d3154a54792c972caa58a542b59da4b5f9e7f5a0d93284db588f9a30a9,75848,image/jpeg,200,75848,image/jpeg,dramas/454/original.jpg
454,wnqenf,thumbnail,dramas/454/thumbnail.webp,image/webp,35236,f731e7a0555a219737a4172dd766e1a24380fb402d094435f4574a0b36d037ab,35236,image/webp,200,35236,image/webp,dramas/454/original.jpg
455,X8e6nf,original,dramas/455/original.jpg,image/jpeg,168066,9781a71c7e1bafdafe50bab449856e8e801203f636883b8644d1b89337207383,168066,image/jpeg,200,168066,image/jpeg,dramas/455/original.jpg
455,X8e6nf,thumbnail,dramas/455/thumbnail.webp,image/webp,49934,85f069663d3537a11d506b77db1462871c5e6aac3b8e76dbcce04f94098bf4aa,49934,image/webp,200,49934,image/webp,dramas/455/original.jpg
456,AYNE8f,original,dramas/456/original.jpg,image/jpeg,116424,1879a4b13a58ebc724852b5100a50d8a541ec2c6761a8fa54494a59f71b2ae25,116424,image/jpeg,200,116424,image/jpeg,dramas/456/original.jpg
456,AYNE8f,thumbnail,dramas/456/thumbnail.webp,image/webp,30252,68050af77cb192e3530b3ca118882c17a45fea8f523e1a1b925fbf60257b36a9,30252,image/webp,200,30252,image/webp,dramas/456/original.jpg
457,RBk0gf,original,dramas/457/original.jpg,image/jpeg,208781,c407c58b7cc09d753d971027a922e177be45834a650a3afd549914619fdda478,208781,image/jpeg,200,208781,image/jpeg,dramas/457/original.jpg
457,RBk0gf,thumbnail,dramas/457/thumbnail.webp,image/webp,46130,c241e1fbebc9a33aa00166da872fdce7f941d23dced76a3571280d92af96ad7b,46130,image/webp,200,46130,image/webp,dramas/457/original.jpg
458,rk4ZZf,original,dramas/458/original.jpg,image/jpeg,55112,7325faaa868e76bdad871b17781496610ba6494a38eb243fc1979e9b87c744b9,55112,image/jpeg,200,55112,image/jpeg,dramas/458/original.jpg
458,rk4ZZf,thumbnail,dramas/458/thumbnail.webp,image/webp,30472,2beb3e6a0bc8f63977ee60fcce3768078645c2eb371e21fa4ffc28df581e08be,30472,image/webp,200,30472,image/webp,dramas/458/original.jpg
459,MX8dwf,original,dramas/459/original.jpg,image/jpeg,67835,036236d7734a5ba8db405251587a9c2e1b6667832c402dc55241dfa9c4d2c62c,67835,image/jpeg,200,67835,image/jpeg,dramas/459/original.jpg
459,MX8dwf,thumbnail,dramas/459/thumbnail.webp,image/webp,43468,89961a1b377eb6b58e1c7f6b062077fd4950bcfd5b796a688ef4703c553228f5,43468,image/webp,200,43468,image/webp,dramas/459/original.jpg
460,kAd2qb_4f,original,dramas/460/original.jpg,image/jpeg,127306,61caa2f78935dacc3ec5c5e9f820dc21c6e5e2239446628084a430a01142a1fb,127306,image/jpeg,200,127306,image/jpeg,dramas/460/original.jpg
460,kAd2qb_4f,thumbnail,dramas/460/thumbnail.webp,image/webp,37724,0aa5e273cb37adebc50b44bf2be8648b696679b87fb361a0b77895052fc711bd,37724,image/webp,200,37724,image/webp,dramas/460/original.jpg
461,RPjLrf,original,dramas/461/original.jpg,image/jpeg,105376,e5999f1dcb53283b2348ff49ac08e6fea0fd2299dbf5018f570ed1c4176f4675,105376,image/jpeg,200,105376,image/jpeg,dramas/461/original.jpg
461,RPjLrf,thumbnail,dramas/461/thumbnail.webp,image/webp,59770,4fef36178e49e9df5864f7f7e7a9deb15419da43fa2e6299875e22e020269df8,59770,image/webp,200,59770,image/webp,dramas/461/original.jpg
462,6y4Zdf,original,dramas/462/original.jpg,image/jpeg,114180,07891ef2e42ba760589a91c19deae4f4d06effa37cac8cfd051be5a4f76fee71,114180,image/jpeg,200,114180,image/jpeg,dramas/462/original.jpg
462,6y4Zdf,thumbnail,dramas/462/thumbnail.webp,image/webp,66948,119608640ca4e39b9137d7d9833216c981f5fe002cca96754b6dea5f204faf5f,66948,image/webp,200,66948,image/webp,dramas/462/original.jpg
463,q23QPf,original,dramas/463/original.jpg,image/jpeg,126928,49090b4376eea3d48c40e1c45fd1a8ddd0de38445c18cdc351434e5f63c50826,126928,image/jpeg,200,126928,image/jpeg,dramas/463/original.jpg
463,q23QPf,thumbnail,dramas/463/thumbnail.webp,image/webp,37764,1a5bd5b5f6292252990f9b89e59975b416c74beb230990159570dbabd63d6007,37764,image/webp,200,37764,image/webp,dramas/463/original.jpg
464,Q5pwYf,original,dramas/464/original.jpg,image/jpeg,244660,0d6a9b9c3c631876e6f31a1a13866f37816bb848e944a9d9e19ac099395a35f2,244660,image/jpeg,200,244660,image/jpeg,dramas/464/original.jpg
464,Q5pwYf,thumbnail,dramas/464/thumbnail.webp,image/webp,34652,34eef14391f35b2307b3cc855d1d9e93126d35d792d233fb03757bf4836cbfb9,34652,image/webp,200,34652,image/webp,dramas/464/original.jpg
465,DX4Yzf,original,dramas/465/original.jpg,image/jpeg,288597,86c91497da4bcff98b28da4c57c16a72bbd0a9fe5bb9b6444874b98085a78cc4,288597,image/jpeg,200,288597,image/jpeg,dramas/465/original.jpg
465,DX4Yzf,thumbnail,dramas/465/thumbnail.webp,image/webp,77506,5d9c7bf7f19117a35ed2d713323eca6a4bf25996eea537e4f4312479bfd73ee2,77506,image/webp,200,77506,image/webp,dramas/465/original.jpg
466,O5dxQf,original,dramas/466/original.jpg,image/jpeg,65159,d84fdf9013fb650d24d860dec0087949d4cfaa6ea15f3b225077a56861af7262,65159,image/jpeg,200,65159,image/jpeg,dramas/466/original.jpg
466,O5dxQf,thumbnail,dramas/466/thumbnail.webp,image/webp,16298,9a58ab62c119b925fc148d042910477affbc3629f36bf8192f34ae179739eb84,16298,image/webp,200,16298,image/webp,dramas/466/original.jpg
467,X8LAZf,original,dramas/467/original.jpg,image/jpeg,145828,7242cf869f5a62027105b99ddc15658c0f536b5794586922947c5c3e1c50085f,145828,image/jpeg,200,145828,image/jpeg,dramas/467/original.jpg
467,X8LAZf,thumbnail,dramas/467/thumbnail.webp,image/webp,30286,4a2ffa35e43be42ec49da370295d52b4244de4210fdf3c3bec1733c43395ea02,30286,image/webp,200,30286,image/webp,dramas/467/original.jpg
468,zB4jJf,original,dramas/468/original.jpg,image/jpeg,203375,4cec592938eb94fb4fd6ca9da847b3e0688f66fa5ef40ffdd00b1640c51b46cb,203375,image/jpeg,200,203375,image/jpeg,dramas/468/original.jpg
468,zB4jJf,thumbnail,dramas/468/thumbnail.webp,image/webp,39064,d39a0a77f8b9d9b471cc381f42d3f98715e50287cd8f4971932e3b8e8b2a3364,39064,image/webp,200,39064,image/webp,dramas/468/original.jpg
469,960ZPf,original,dramas/469/original.jpg,image/jpeg,38745,dfba447263f6253de72e060459bc2204c809695ca61facee31f5a644070f4db6,38745,image/jpeg,200,38745,image/jpeg,dramas/469/original.jpg
469,960ZPf,thumbnail,dramas/469/thumbnail.webp,image/webp,23402,7eb788f86aafdd38a72d2f87e944aedccde006a179e09d033e2b8b2a9507db60,23402,image/webp,200,23402,image/webp,dramas/469/original.jpg
470,vJqdpf,original,dramas/470/original.jpg,image/jpeg,76773,50ebf786e62b2aee401e39d8fcc36a83debb01b11e507d52154e76d8e20cf130,76773,image/jpeg,200,76773,image/jpeg,dramas/470/original.jpg
470,vJqdpf,thumbnail,dramas/470/thumbnail.webp,image/webp,34648,3771f6af7263df22c903b3ec8c8611d60a1a9bf3b45a619dbed36e4604386272,34648,image/webp,200,34648,image/webp,dramas/470/original.jpg
471,JxRjYf,original,dramas/471/original.jpg,image/jpeg,315363,44fdcf7d227913c63dc3f54026e3c2c08e27d5113383730eb68b259256afdb1f,315363,image/jpeg,200,315363,image/jpeg,dramas/471/original.jpg
471,JxRjYf,thumbnail,dramas/471/thumbnail.webp,image/webp,91832,9e19f9a5e07a5068aa0b1dae0f51045a547e4a40ae09df8177667af2edbbcd7d,91832,image/webp,200,91832,image/webp,dramas/471/original.jpg
472,ABAngf,original,dramas/472/original.jpg,image/jpeg,286335,9f9f30b6abd4bd9419603340c8fc34982dde68e9c0af99fda567cd5ea9f90ae3,286335,image/jpeg,200,286335,image/jpeg,dramas/472/original.jpg
472,ABAngf,thumbnail,dramas/472/thumbnail.webp,image/webp,66756,f9c0e3bbd7c8bb89181e29d8aa1a13e29adaf30065123836cd296d5ac7e1c7a3,66756,image/webp,200,66756,image/webp,dramas/472/original.jpg
473,wwnkJf,original,dramas/473/original.jpg,image/jpeg,110645,da6c6a1454a9cd2beef81ee7b85458100aef7a5aeb3c5da522e7f2f85ed3a0ad,110645,image/jpeg,200,110645,image/jpeg,dramas/473/original.jpg
473,wwnkJf,thumbnail,dramas/473/thumbnail.webp,image/webp,45632,5659834eb1cbd2d01f7b580d90421a3aadaf4dc4c383f77dffc0ee98650e6494,45632,image/webp,200,45632,image/webp,dramas/473/original.jpg
474,X8Bwqf,original,dramas/474/original.jpg,image/jpeg,94671,a242dd62d8a4788f4994d530f4c230efd158661c86fa1e193f46dec50a0c120d,94671,image/jpeg,200,94671,image/jpeg,dramas/474/original.jpg
474,X8Bwqf,thumbnail,dramas/474/thumbnail.webp,image/webp,44538,d409ffb7c1a0b94f0a482112569ae111e6c4e060e8590ede2f9521105b2ded8d,44538,image/webp,200,44538,image/webp,dramas/474/original.jpg
475,E5vbjl_4f,original,dramas/475/original.jpg,image/jpeg,144836,15ff2c9b05fae3c233fa6f76233d0c5a9fdc15d19a447b95cb6595e1e7490477,144836,image/jpeg,200,144836,image/jpeg,dramas/475/original.jpg
475,E5vbjl_4f,thumbnail,dramas/475/thumbnail.webp,image/webp,27078,58f8928adb40d85aaad2dd414c683bdc39de8aadd8e5a7480ccc5a10a4a37e7d,27078,image/webp,200,27078,image/webp,dramas/475/original.jpg
476,jrjB8f,original,dramas/476/original.jpg,image/jpeg,97941,8d65890fe8fda2ff5fa02cc0f11b2f291eff4eabc76aa75319c96321da5b1628,97941,image/jpeg,200,97941,image/jpeg,dramas/476/original.jpg
476,jrjB8f,thumbnail,dramas/476/thumbnail.webp,image/webp,24536,99cae553d24a64a6edd04bb3ae7371fcccb35f18990bd1388da3a3876c3b18d7,24536,image/webp,200,24536,image/webp,dramas/476/original.jpg
477,p0yXrf,original,dramas/477/original.jpg,image/jpeg,117769,246c451837eb2e8421799b2766f63c6a4324c3d2524a80705cc0620bfbee9bbf,117769,image/jpeg,200,117769,image/jpeg,dramas/477/original.jpg
477,p0yXrf,thumbnail,dramas/477/thumbnail.webp,image/webp,63560,14773644d95f159f3e5b67e7ecdc87a5ed2c26f5e92ce0f474b3a48f01688c3b,63560,image/webp,200,63560,image/webp,dramas/477/original.jpg
478,jQr6qb_4f,original,dramas/478/original.jpg,image/jpeg,280670,c3fe96a9e8196bd292cd35dd19679c0aaa7c239a4571a39be64b7726ae91ad5f,280670,image/jpeg,200,280670,image/jpeg,dramas/478/original.jpg
478,jQr6qb_4f,thumbnail,dramas/478/thumbnail.webp,image/webp,68272,48846a75425eb659274a439bb37653a150e6ce698a432fac22204199128473ca,68272,image/webp,200,68272,image/webp,dramas/478/original.jpg
479,00OLef,original,dramas/479/original.jpg,image/jpeg,120972,773f2bc0ae72ec4bba9bd2d3af285bb1e6c12120b81903196710d62bb9897936,120972,image/jpeg,200,120972,image/jpeg,dramas/479/original.jpg
479,00OLef,thumbnail,dramas/479/thumbnail.webp,image/webp,63732,493cdf78fee41cc7394b34a0b613c660cabe76721341c6dc5fbeb08a695fe34d,63732,image/webp,200,63732,image/webp,dramas/479/original.jpg
480,VbJnQf,original,dramas/480/original.jpg,image/jpeg,76160,0a553dea3083aab4f223ce9751f8b2234b97252665769a2bc341358f0c33e47d,76160,image/jpeg,200,76160,image/jpeg,dramas/480/original.jpg
480,VbJnQf,thumbnail,dramas/480/thumbnail.webp,image/webp,33912,f1643928f0ecbb74cd5ff803ff57dbdfec5bfb7a3e8dbbc9d3d1f61510227ac7,33912,image/webp,200,33912,image/webp,dramas/480/original.jpg
481,KA1w8f,original,dramas/481/original.jpg,image/jpeg,268822,ff28f49110db2045db6bcd7df01dd7b05069a78613a6c429e2dcb979c6061895,268822,image/jpeg,200,268822,image/jpeg,dramas/481/original.jpg
481,KA1w8f,thumbnail,dramas/481/thumbnail.webp,image/webp,64480,a004f9cf33745a67e78bb2980151c9c77c902db4c8a1ea516a55243fc73ebe32,64480,image/webp,200,64480,image/webp,dramas/481/original.jpg
482,egd3Ef,original,dramas/482/original.jpg,image/jpeg,99307,4561fb56aff3fa24f5f3b4d07654cd6a4aeacb1659d440c8ea10c0b58090a8c6,99307,image/jpeg,200,99307,image/jpeg,dramas/482/original.jpg
482,egd3Ef,thumbnail,dramas/482/thumbnail.webp,image/webp,29626,133d173bd4623b9b0a72de6ecc5a211445383f91f4d3a171c1ce0aa74f78a3d1,29626,image/webp,200,29626,image/webp,dramas/482/original.jpg
483,5oB1yf,original,dramas/483/original.jpg,image/jpeg,110841,9edda605f66a2b7ad6fe06ae865511af86e51240925be206e069e125c38f13c8,110841,image/jpeg,200,110841,image/jpeg,dramas/483/original.jpg
483,5oB1yf,thumbnail,dramas/483/thumbnail.webp,image/webp,21388,b95e4bfb94e14ecac16a6f4e4c2fce3b48fb593290192dccc3b1bfb71661d0d7,21388,image/webp,200,21388,image/webp,dramas/483/original.jpg
484,0wgvYf,original,dramas/484/original.jpg,image/jpeg,90797,d5a890a9aa525360d0ec55afbbe7e130f2ecd6360987aa2e511c91b500586735,90797,image/jpeg,200,90797,image/jpeg,dramas/484/original.jpg
484,0wgvYf,thumbnail,dramas/484/thumbnail.webp,image/webp,50352,7f5354c396de4c21b2bd131e5b1d8e1d19b5ec3c5cf172e4b02d51f866209b52,50352,image/webp,200,50352,image/webp,dramas/484/original.jpg
485,kKnkj_4f,original,dramas/485/original.jpg,image/jpeg,305488,daaa3d6ac4ef0e6086abd79c04742c956419742c5ddc9282633d452b1e4c8cf0,305488,image/jpeg,200,305488,image/jpeg,dramas/485/original.jpg
485,kKnkj_4f,thumbnail,dramas/485/thumbnail.webp,image/webp,72204,be8be38f107d05b8f1fadb3dd627b99e8017aca7d651b8c3f51908f9be81c202,72204,image/webp,200,72204,image/webp,dramas/485/original.jpg
486,jr3Dzf,original,dramas/486/original.jpg,image/jpeg,164846,4cbaa513e32713e45fcd57f55febea2a856ae6b7410952d937e0d2f77737f511,164846,image/jpeg,200,164846,image/jpeg,dramas/486/original.jpg
486,jr3Dzf,thumbnail,dramas/486/thumbnail.webp,image/webp,41212,cefe1761a5ce79e66966569edae29dbf2e01811664c21342ce7c7b3a0355791e,41212,image/webp,200,41212,image/webp,dramas/486/original.jpg
487,Y3LBKf,original,dramas/487/original.jpg,image/jpeg,131441,e61bb52c3966ca4e7fc87720714ef04fa3526e321bdf0176d5343f00a98092a0,131441,image/jpeg,200,131441,image/jpeg,dramas/487/original.jpg
487,Y3LBKf,thumbnail,dramas/487/thumbnail.webp,image/webp,22564,b9746ba973ac03808ddaddaae1bd88f31cca50876fabb8e17c7aaf64eb5cc25f,22564,image/webp,200,22564,image/webp,dramas/487/original.jpg
488,od3oOf,original,dramas/488/original.jpg,image/jpeg,74448,bb4e71e0e6f57dfac05ddc3788d9059ce71f48c7a495365cba4e167772c3f228,74448,image/jpeg,200,74448,image/jpeg,dramas/488/original.jpg
488,od3oOf,thumbnail,dramas/488/thumbnail.webp,image/webp,34984,d104029d9b317f174ee803fed24280f7884b9b8872b412767e0b3a0b4807ec16,34984,image/webp,200,34984,image/webp,dramas/488/original.jpg
489,enylef,original,dramas/489/original.jpg,image/jpeg,187462,e99fe77f2f028ce1de807ea6810ddcb962f03dac9e0c8042f6db558063482bb6,187462,image/jpeg,200,187462,image/jpeg,dramas/489/original.jpg
489,enylef,thumbnail,dramas/489/thumbnail.webp,image/webp,55252,658a8125609cb8060e783d57137143b27c7066ffa8eea1ec90de136536660afb,55252,image/webp,200,55252,image/webp,dramas/489/original.jpg
490,AYNW8f,original,dramas/490/original.jpg,image/jpeg,120434,4a4ccb920cdf51ac8d3c16e8c885a9305da9d72f0bda8df22a074b77775cbcab,120434,image/jpeg,200,120434,image/jpeg,dramas/490/original.jpg
490,AYNW8f,thumbnail,dramas/490/thumbnail.webp,image/webp,53982,f260f8f8acbc900dec4347210320f23677d6fe737dda9403343b87405724a62f,53982,image/webp,200,53982,image/webp,dramas/490/original.jpg
491,g2Jxrf,original,dramas/491/original.jpg,image/jpeg,164545,02c1a740ea1ffbc4ef22da2c5198972d260ba6fc6d26f7db33ff841113562822,164545,image/jpeg,200,164545,image/jpeg,dramas/491/original.jpg
491,g2Jxrf,thumbnail,dramas/491/thumbnail.webp,image/webp,21396,3398c44e5c832e30231c65dcd61c20713c1b4e906959e636c16cf57172e15f0f,21396,image/webp,200,21396,image/webp,dramas/491/original.jpg
492,x2Pywf,original,dramas/492/original.jpg,image/jpeg,114089,61b8a7989134fef72d7bfd19fe83eb8593062ed0df7d1e0873a957d9de3be680,114089,image/jpeg,200,114089,image/jpeg,dramas/492/original.jpg
492,x2Pywf,thumbnail,dramas/492/thumbnail.webp,image/webp,57350,83992c4608f11f24f45ea9e383bbab01d3d146165c138920739c65ab28cecb27,57350,image/webp,200,57350,image/webp,dramas/492/original.jpg
493,bwZ6wf,original,dramas/493/original.jpg,image/jpeg,78240,007907a9665e8e190847428b95c4a825c51498a09ef8c2c46c42e5ded7de0a7e,78240,image/jpeg,200,78240,image/jpeg,dramas/493/original.jpg
493,bwZ6wf,thumbnail,dramas/493/thumbnail.webp,image/webp,28062,116a3730ea058844e9b5077e7c1d3624e16487f48f6e2eef4b7aa28082e7065e,28062,image/webp,200,28062,image/webp,dramas/493/original.jpg
494,odDLxf,original,dramas/494/original.jpg,image/jpeg,141042,9c3cfb7d0ba8d4f990acc1bed1cb7296df778e8a0f409b6833f7bbf2351d5799,141042,image/jpeg,200,141042,image/jpeg,dramas/494/original.jpg
494,odDLxf,thumbnail,dramas/494/thumbnail.webp,image/webp,29932,d9e9989ce30fe33ec414e16428f6aa36177eefc58b6dc353c0ab3013307ec3de,29932,image/webp,200,29932,image/webp,dramas/494/original.jpg
495,AYxZ4f,original,dramas/495/original.jpg,image/jpeg,40878,5064c7acd31315c4a13497f4a10a86013c9c6f8891472402e0ccc60c08aa3ebe,40878,image/jpeg,200,40878,image/jpeg,dramas/495/original.jpg
495,AYxZ4f,thumbnail,dramas/495/thumbnail.webp,image/webp,24130,c92efae6f380aea5fa1aef085884add8c7c47b8126348ac2e82acd478e720a86,24130,image/webp,200,24130,image/webp,dramas/495/original.jpg
496,wmz5nf,original,dramas/496/original.jpg,image/jpeg,249463,524e8889674e9a2efa939a62f64ce096b864d6d1a44e739f18daf6e41c88bd02,249463,image/jpeg,200,249463,image/jpeg,dramas/496/original.jpg
496,wmz5nf,thumbnail,dramas/496/thumbnail.webp,image/webp,72614,6d5c3eb6d81a24ea790bb48a806dbfaa8566cb76fe901b8597909dcd4dcbe469,72614,image/webp,200,72614,image/webp,dramas/496/original.jpg
497,GLox9f,original,dramas/497/original.jpg,image/jpeg,64382,e07ba9507368441199b87ca931f928454f5d969e309931995dd614eb6ee94f8b,64382,image/jpeg,200,64382,image/jpeg,dramas/497/original.jpg
497,GLox9f,thumbnail,dramas/497/thumbnail.webp,image/webp,42716,f3dd4e3e773e8bf074b33363860be389eb570c5435b4303f235e02a5f51d5fce,42716,image/webp,200,42716,image/webp,dramas/497/original.jpg
498,VbE1mf,original,dramas/498/original.jpg,image/jpeg,232884,1732f2ee8ca0ae2834791eaa546169b7aa09c81f217631868dd2d0925a59f3ba,232884,image/jpeg,200,232884,image/jpeg,dramas/498/original.jpg
498,VbE1mf,thumbnail,dramas/498/thumbnail.webp,image/webp,64014,5e814d92778813c13318e672ab41a38d7481cbc6e84ea9200160b3f5ca4e92a7,64014,image/webp,200,64014,image/webp,dramas/498/original.jpg
499,0vVX7f,original,dramas/499/original.jpg,image/jpeg,101743,56a378919d26288196d1f2de9d67255693726124f9dddf47e10fc265f43c79b0,101743,image/jpeg,200,101743,image/jpeg,dramas/499/original.jpg
499,0vVX7f,thumbnail,dramas/499/thumbnail.webp,image/webp,33264,f1b378aa014093700c00aaa251d96f2fc12fa3a4e58e0690a3195d988c0b2e42,33264,image/webp,200,33264,image/webp,dramas/499/original.jpg
500,8pBZDf,original,dramas/500/original.jpg,image/jpeg,271151,3fab88bb3f405e42b43ed27f0a13358b7a40a717874388a570b4aadf72cb1a5c,271151,image/jpeg,200,271151,image/jpeg,dramas/500/original.jpg
500,8pBZDf,thumbnail,dramas/500/thumbnail.webp,image/webp,51368,641ec55a5e3b123d9d7f87eb29ab4dc841a56cf49662eb5c11c8c565faab294f,51368,image/webp,200,51368,image/webp,dramas/500/original.jpg
501,8pX2bf,original,dramas/501/original.jpg,image/jpeg,90597,936f52720a151e8c8713a1e3eb99927a2155fdbb27bd6ed471fcd1d57b7cc4d4,90597,image/jpeg,200,90597,image/jpeg,dramas/501/original.jpg
501,8pX2bf,thumbnail,dramas/501/thumbnail.webp,image/webp,56468,f3883d68e67a92559b45635691988e0c810434268e08c715fe90cfead7540ce3,56468,image/webp,200,56468,image/webp,dramas/501/original.jpg
502,nd2q2f,original,dramas/502/original.jpg,image/jpeg,162006,1d577416e023b1d0abe74aafba9be1cb11de848dad046db9f915f4f0dbe1afbe,162006,image/jpeg,200,162006,image/jpeg,dramas/502/original.jpg
502,nd2q2f,thumbnail,dramas/502/thumbnail.webp,image/webp,40028,3e022300afa5b0b6dddb379b7f3cac1e3ec14d3f6f7d39dcea7e4ee2be3b6f83,40028,image/webp,200,40028,image/webp,dramas/502/original.jpg
503,13LbKf,original,dramas/503/original.jpg,image/jpeg,153154,425b17769b04a70c4647566da55ec0b2c77d191d2acb6158289c821e6a8f0bf4,153154,image/jpeg,200,153154,image/jpeg,dramas/503/original.jpg
503,13LbKf,thumbnail,dramas/503/thumbnail.webp,image/webp,26742,03902aa2ce25b4fde31a57de7ac016ce3ef2f5d422f08a71ff6b99ea2aa96075,26742,image/webp,200,26742,image/webp,dramas/503/original.jpg
504,ZgYg8f,original,dramas/504/original.jpg,image/jpeg,157815,f6c58d0c2c78fd925939b3c92071c6a6178794bbf6a5ade08553ef96d10ac406,157815,image/jpeg,200,157815,image/jpeg,dramas/504/original.jpg
504,ZgYg8f,thumbnail,dramas/504/thumbnail.webp,image/webp,33698,174232a892abab0381f18a0e927d2a045ccbef1bcf5d6f43c8f0eb8b4027c287,33698,image/webp,200,33698,image/webp,dramas/504/original.jpg
505,q2e0Bf,original,dramas/505/original.jpg,image/jpeg,65317,14cf012957430ad7afd519b872d51e87455946b827a6e13c3bf8956e49a35c98,65317,image/jpeg,200,65317,image/jpeg,dramas/505/original.jpg
505,q2e0Bf,thumbnail,dramas/505/thumbnail.webp,image/webp,25062,a5fa855d2023f2c2d6a408d0fec42cde691a76e110410d867a7dc5a92e829e18,25062,image/webp,200,25062,image/webp,dramas/505/original.jpg
506,q2pD8f,original,dramas/506/original.jpg,image/jpeg,112923,3a15f1f35b6ab8fdf5bc5dfb6c96e33e2025cdbdd540b9720eed0c5abe75df11,112923,image/jpeg,200,112923,image/jpeg,dramas/506/original.jpg
506,q2pD8f,thumbnail,dramas/506/thumbnail.webp,image/webp,64486,b236d04b28dac825a473fbcf3541bc1e208e2d98010e391b1cbe26b41b08c0db,64486,image/webp,200,64486,image/webp,dramas/506/original.jpg
507,Wb2pWf,original,dramas/507/original.jpg,image/jpeg,207415,a99613a5fa98114496266ba37fa6176a26a359e2e5afd3d3e81387a543a061d5,207415,image/jpeg,200,207415,image/jpeg,dramas/507/original.jpg
507,Wb2pWf,thumbnail,dramas/507/thumbnail.webp,image/webp,48688,49da107ea63fa1c3488a9b034ca7294657fe126d8a945437d08a19b9c3c78ebe,48688,image/webp,200,48688,image/webp,dramas/507/original.jpg
508,Vbojyf,original,dramas/508/original.jpg,image/jpeg,64207,9c79653736dc8bfd049a039276bd79d89ec7da1499e45a63ed241c4f9c4f7c3a,64207,image/jpeg,200,64207,image/jpeg,dramas/508/original.jpg
508,Vbojyf,thumbnail,dramas/508/thumbnail.webp,image/webp,31312,4b4f3cf1444a588300440cf52ead9eaf4a07d5febbac7e0e0052744c69584e20,31312,image/webp,200,31312,image/webp,dramas/508/original.jpg
509,rNq32f,original,dramas/509/original.jpg,image/jpeg,85717,e5d6fe098121b47055f74fb79072ef3d641c5f370346d78dfbd5e0f9b970fc6c,85717,image/jpeg,200,85717,image/jpeg,dramas/509/original.jpg
509,rNq32f,thumbnail,dramas/509/thumbnail.webp,image/webp,26610,e38a81b3d07474f475fb7c9000ac7d923e01efe5f2cdd522c1ca7e12411689bc,26610,image/webp,200,26610,image/webp,dramas/509/original.jpg
510,DXmrrf,original,dramas/510/original.jpg,image/jpeg,106877,a9781b713105a0d4751e980c4c9304ffb6bfdae9df14b458af286fa416e88d3a,106877,image/jpeg,200,106877,image/jpeg,dramas/510/original.jpg
510,DXmrrf,thumbnail,dramas/510/thumbnail.webp,image/webp,30898,dbbe44411e3e858a3d8d0f3cf547fda88424eacaac0fedbad99088a8edc65c63,30898,image/webp,200,30898,image/webp,dramas/510/original.jpg
511,qboZPf,original,dramas/511/original.jpg,image/jpeg,240037,b78287837e1ae4a82fcdfedae682a80567034e327b59f338f7a3b1dc020dce1f,240037,image/jpeg,200,240037,image/jpeg,dramas/511/original.jpg
511,qboZPf,thumbnail,dramas/511/thumbnail.webp,image/webp,72908,77deb815cdba7770ef37e7ab41e7bb002d782ea7a8e8b842c32e759784aa7afa,72908,image/webp,200,72908,image/webp,dramas/511/original.jpg
512,rYDxDf,original,dramas/512/original.jpg,image/jpeg,112305,a168f7d8bfbb95011437092ffe67bac5ccf62a67ec7cebe9b2a8020d926dc229,112305,image/jpeg,200,112305,image/jpeg,dramas/512/original.jpg
512,rYDxDf,thumbnail,dramas/512/thumbnail.webp,image/webp,71352,0f3d260068d6517ae8e7239393fe6eda52e83ade553f3f97f6c9561b16f3afae,71352,image/webp,200,71352,image/webp,dramas/512/original.jpg
513,PWLw8f,original,dramas/513/original.jpg,image/jpeg,156668,2b48309652098c94fd531dbae629c1261a8e23426a08f7a5ddd13b6ad79ef900,156668,image/jpeg,200,156668,image/jpeg,dramas/513/original.jpg
513,PWLw8f,thumbnail,dramas/513/thumbnail.webp,image/webp,59196,bf59a72a2cf34c28b0faaca2202a0caf951d35d87c4d2c5f02dfaea7fce8ce0e,59196,image/webp,200,59196,image/webp,dramas/513/original.jpg
514,96Y2af,original,dramas/514/original.jpg,image/jpeg,75990,5b9e3e29a728dd33a28f09df3c7b02e4984514fdeeab205127389c4c7bdc0e94,75990,image/jpeg,200,75990,image/jpeg,dramas/514/original.jpg
514,96Y2af,thumbnail,dramas/514/thumbnail.webp,image/webp,41778,b2f7abe495add2c8a3db2dafddbbf0e7b1563e8fe6bb58b671c19b5418c92905,41778,image/webp,200,41778,image/webp,dramas/514/original.jpg
515,Y3YXPf,original,dramas/515/original.jpg,image/jpeg,101276,7fe0bc2fa704875561e9468128fcddbefbc2a4ffca54742cdd4ff8633503d964,101276,image/jpeg,200,101276,image/jpeg,dramas/515/original.jpg
515,Y3YXPf,thumbnail,dramas/515/thumbnail.webp,image/webp,71294,638cd4491a26bc888cf7d6ad6182c7795e321fd0d561b6430aaf82806da0a274,71294,image/webp,200,71294,image/webp,dramas/515/original.jpg
516,6nYyXf,original,dramas/516/original.jpg,image/jpeg,172967,4c3e183eb067e32e7bdb1a7c4881edc6ecdb4e3b63d06e476b69fceed9c1f721,172967,image/jpeg,200,172967,image/jpeg,dramas/516/original.jpg
516,6nYyXf,thumbnail,dramas/516/thumbnail.webp,image/webp,35018,771c51a6944d1dda1b9d73baf78b6025bdf7ccb75f2f511b05aea1f6ae3c6250,35018,image/webp,200,35018,image/webp,dramas/516/original.jpg
517,O5jzQf,original,dramas/517/original.jpg,image/jpeg,192308,f78cb7907823389777ce19b8d20fd9bb4194644771c82d299e875d82a9d7c923,192308,image/jpeg,200,192308,image/jpeg,dramas/517/original.jpg
517,O5jzQf,thumbnail,dramas/517/thumbnail.webp,image/webp,36802,58702e1129294bf1d9cd32094737d51246ed43ed37623bcbf3623221ccf8bd24,36802,image/webp,200,36802,image/webp,dramas/517/original.jpg
518,Gq459f,original,dramas/518/original.jpg,image/jpeg,35112,5435f28f682027f07eedc2f400b9971a9b66ef26c1568d363100a92e7da09a43,35112,image/jpeg,200,35112,image/jpeg,dramas/518/original.jpg
518,Gq459f,thumbnail,dramas/518/thumbnail.webp,image/webp,24148,b125af2310d416472a8aab8de99578e71e95ad7f1c546fb8aa8f86f2951fb63e,24148,image/webp,200,24148,image/webp,dramas/518/original.jpg
519,Bd5kzf,original,dramas/519/original.jpg,image/jpeg,56374,655f1688f81465d52d3d5e16376a6b678c5c01869fbdbdaf321c8230c79bd8a1,56374,image/jpeg,200,56374,image/jpeg,dramas/519/original.jpg
519,Bd5kzf,thumbnail,dramas/519/thumbnail.webp,image/webp,34874,685686a2374b758010cfcd86cc1123d96aded05cd82f15ee310342a37e6eb4b8,34874,image/webp,200,34874,image/webp,dramas/519/original.jpg
520,bKEnwf,original,dramas/520/original.jpg,image/jpeg,173251,5da3a01fd4fd388700fec6ec805d49b92a95fff937eb54fd9ef4de470ff81cb7,173251,image/jpeg,200,173251,image/jpeg,dramas/520/original.jpg
520,bKEnwf,thumbnail,dramas/520/thumbnail.webp,image/webp,38766,0a6001edc27b901066d18bd253eb1b18a815f7b02866dac989bff09baefecc53,38766,image/webp,200,38766,image/webp,dramas/520/original.jpg
521,anzWaf,original,dramas/521/original.jpg,image/jpeg,66426,ca5741edae2441ceb0d111af8cab869c810afabb787b3cadd4f68c4ee73a0d5c,66426,image/jpeg,200,66426,image/jpeg,dramas/521/original.jpg
521,anzWaf,thumbnail,dramas/521/thumbnail.webp,image/webp,43684,9c5627a0dbcdaadc84c0ae1f33bc643c72d1c6a72052ad50d939363e09c492ad,43684,image/webp,200,43684,image/webp,dramas/521/original.jpg
522,mOxobf,original,dramas/522/original.jpg,image/jpeg,145242,3469428b6df9ccffa668c370a06b29161d08f7d2a1077395377a6228bc6d9e69,145242,image/jpeg,200,145242,image/jpeg,dramas/522/original.jpg
522,mOxobf,thumbnail,dramas/522/thumbnail.webp,image/webp,60424,7e22a31c73fba244419da2d162c7dea8152e98c58f02146c7bd2633b91704a6b,60424,image/webp,200,60424,image/webp,dramas/522/original.jpg
523,mVYm3f,original,dramas/523/original.jpg,image/jpeg,105688,43446d24401c56fca131c0fd60c9dcfe253fe284ed89922f518d83c094576c37,105688,image/jpeg,200,105688,image/jpeg,dramas/523/original.jpg
523,mVYm3f,thumbnail,dramas/523/thumbnail.webp,image/webp,52526,24bb08693eb7596565d491dcdd8f1f7df76bc868dc47dcaf607295c41412c6b9,52526,image/webp,200,52526,image/webp,dramas/523/original.jpg
524,DXB6rf,original,dramas/524/original.jpg,image/jpeg,206440,b058268b5b18b9eab3f2fc06b1eaeb8ca61328a41605ebae41686396a6d332bd,206440,image/jpeg,200,206440,image/jpeg,dramas/524/original.jpg
524,DXB6rf,thumbnail,dramas/524/thumbnail.webp,image/webp,44700,f75249788e51b12f47db5773676098baa9ba7c303477155658362a6cd26fe1d0,44700,image/webp,200,44700,image/webp,dramas/524/original.jpg
525,DXrxzf,original,dramas/525/original.jpg,image/jpeg,176232,f5513d2042dc301daccc2d03cbba529272a27c1b035f535ef413a75ca15e007a,176232,image/jpeg,200,176232,image/jpeg,dramas/525/original.jpg
525,DXrxzf,thumbnail,dramas/525/thumbnail.webp,image/webp,37460,a0ce66084773475ecbecff9951076fdaa70c2d98f4c26d607ac096e265803d45,37460,image/webp,200,37460,image/webp,dramas/525/original.jpg
526,d2W7zf,original,dramas/526/original.jpg,image/jpeg,189888,4e16123bd2e260c4f397235b1ad9dff44ed94f7ecd8d5c04674a9fc6337e8eb4,189888,image/jpeg,200,189888,image/jpeg,dramas/526/original.jpg
526,d2W7zf,thumbnail,dramas/526/thumbnail.webp,image/webp,74360,ba6c8bd584d225c2dd4af7b17e6936abeaf76377df9101156c01f9211b42e37d,74360,image/webp,200,74360,image/webp,dramas/526/original.jpg
527,DXAEpf,original,dramas/527/original.jpg,image/jpeg,112944,e820429375c2bae2d663f7dc66d084baa5e27df826ffabaea789e3893b10cdae,112944,image/jpeg,200,112944,image/jpeg,dramas/527/original.jpg
527,DXAEpf,thumbnail,dramas/527/thumbnail.webp,image/webp,22446,dcd7875ed202ff748cb5aad849329c34b5832d70d5ba12c4798d7de62e610414,22446,image/webp,200,22446,image/webp,dramas/527/original.jpg
528,10jnQf,original,dramas/528/original.jpg,image/jpeg,140591,497f7b218a6e3defcc837f50f2f67cc703e8d792146acd445707be2e73b03a15,140591,image/jpeg,200,140591,image/jpeg,dramas/528/original.jpg
528,10jnQf,thumbnail,dramas/528/thumbnail.webp,image/webp,60802,ab94559b86ca626ec86e715aa12c2f9ad3fc5c2b9d5c7fdd75b4d645b6953c26,60802,image/webp,200,60802,image/webp,dramas/528/original.jpg
529,JKzZlf,original,dramas/529/original.jpg,image/jpeg,79174,e5d8e39631a764ef5eff426ed89f42e1d5388f09d3e5cd31a2f79e0c4177dd53,79174,image/jpeg,200,79174,image/jpeg,dramas/529/original.jpg
529,JKzZlf,thumbnail,dramas/529/thumbnail.webp,image/webp,44812,d31d90de61ea93c4482fdfeaa0fb7d684ff41a6cabe41d9268a669adbdb8bab0,44812,image/webp,200,44812,image/webp,dramas/529/original.jpg
530,O5Dk3f,original,dramas/530/original.jpg,image/jpeg,112436,919730a598359ce3bafd932075d2e366d0bca986991bcec7dd85bfa65e1c16cd,112436,image/jpeg,200,112436,image/jpeg,dramas/530/original.jpg
530,O5Dk3f,thumbnail,dramas/530/thumbnail.webp,image/webp,31912,ce0cdd636267ff0c55bbe5377c1d0159055790608364fb32866907abb3d79de4,31912,image/webp,200,31912,image/webp,dramas/530/original.jpg
531,3ox2Df,original,dramas/531/original.jpg,image/jpeg,136903,f6e6dc3623ba04f8b2ed6b8194ea57c20bb3e25f746526d604b430bae5082c8d,136903,image/jpeg,200,136903,image/jpeg,dramas/531/original.jpg
531,3ox2Df,thumbnail,dramas/531/thumbnail.webp,image/webp,42540,fedbf047f9c002a53367f46c1ff2c89970b48fd0471d1cdda5637ecc14518334,42540,image/webp,200,42540,image/webp,dramas/531/original.jpg
532,Bq6Z6f,original,dramas/532/original.jpg,image/jpeg,47364,bb9f9740e81f6c1f613c683be51fc186432b57bd322d309088f8dc407ba53605,47364,image/jpeg,200,47364,image/jpeg,dramas/532/original.jpg
532,Bq6Z6f,thumbnail,dramas/532/thumbnail.webp,image/webp,18270,b83074e46b6b9fdc27343b8161c7f518b99557399394df1f4f1f338ede3da974,18270,image/webp,200,18270,image/webp,dramas/532/original.jpg
533,7glRyf,original,dramas/533/original.jpg,image/jpeg,79939,63f423ecf73a261fc00de6d68971a655ea14a85156ffc750189f27ab786b21ce,79939,image/jpeg,200,79939,image/jpeg,dramas/533/original.jpg
533,7glRyf,thumbnail,dramas/533/thumbnail.webp,image/webp,29036,d83a0a6671d6fde7ba1bec09bc939775bd4fa9a164b39a388287b3e4bb9df4bd,29036,image/webp,200,29036,image/webp,dramas/533/original.jpg
534,33EKef,original,dramas/534/original.jpg,image/jpeg,61596,4c3ad7c58812dedd978a9d7d414972d9433315ba575f24ebfb7c465f8d851ba3,61596,image/jpeg,200,61596,image/jpeg,dramas/534/original.jpg
534,33EKef,thumbnail,dramas/534/thumbnail.webp,image/webp,11216,eb5086573a82bc0cab83e32a56ac72c47c9f3f4aa4db38890bf0b3a6f0b7c925,11216,image/webp,200,11216,image/webp,dramas/534/original.jpg
535,qqYj0f,original,dramas/535/original.jpg,image/jpeg,95425,a44f9fbc70a82a9d9d2cd2cb797bc268f8e5bf59411c1db394ee7bd7c01009cf,95425,image/jpeg,200,95425,image/jpeg,dramas/535/original.jpg
535,qqYj0f,thumbnail,dramas/535/thumbnail.webp,image/webp,44424,86146e8c2eb42563b2a4a43519e6fd9a5bef0037dd86184ac1d6f85f79e12bac,44424,image/webp,200,44424,image/webp,dramas/535/original.jpg
536,x4gbrf,original,dramas/536/original.jpg,image/jpeg,77432,c95cc0ec658cb8be52f52765647056f5fd322f8b6b6a6debf808d943164871c6,77432,image/jpeg,200,77432,image/jpeg,dramas/536/original.jpg
536,x4gbrf,thumbnail,dramas/536/thumbnail.webp,image/webp,25470,de6059e3c6fa1aa32d0b40ca57d03b6fde1dc5d8bdb3f5bf91d2db44473dc4b4,25470,image/webp,200,25470,image/webp,dramas/536/original.jpg
537,X80Eqf,original,dramas/537/original.jpg,image/jpeg,216361,5c1cb6663cbfdd9124ebf01d379f06fec6a67ee68dee17ab095d092c48a2d8d4,216361,image/jpeg,200,216361,image/jpeg,dramas/537/original.jpg
537,X80Eqf,thumbnail,dramas/537/thumbnail.webp,image/webp,44988,0af1b366ea9bdbead5e38c35527cd9d783a749f9b44b633268b5b13e52a6b1d1,44988,image/webp,200,44988,image/webp,dramas/537/original.jpg
538,EJm55f,original,dramas/538/original.jpg,image/jpeg,127604,9cc5f5ce07a37b77a3423903b57b584ce5296107a4ab97fca13d612876e13429,127604,image/jpeg,200,127604,image/jpeg,dramas/538/original.jpg
538,EJm55f,thumbnail,dramas/538/thumbnail.webp,image/webp,35164,a2e322815df12856f2a181b04fa6335f511bdbe55f167b1bcadceb451ba7cbd5,35164,image/webp,200,35164,image/webp,dramas/538/original.jpg
539,M5v84f,original,dramas/539/original.jpg,image/jpeg,36473,22c9cc27785063d42a038828c920932886ef8cfd8448628574d3fd347749e7d7,36473,image/jpeg,200,36473,image/jpeg,dramas/539/original.jpg
539,M5v84f,thumbnail,dramas/539/thumbnail.webp,image/webp,24114,d2f174dddcdcd7e1a6a0ed40028682e1a5a5687c199633b047e586871b01101a,24114,image/webp,200,24114,image/webp,dramas/539/original.jpg
540,KrpBnf,original,dramas/540/original.jpg,image/jpeg,88060,b9237403b2952ddb1087ae462ea931152383b00fa97a9d022225e17d7dbf39b4,88060,image/jpeg,200,88060,image/jpeg,dramas/540/original.jpg
540,KrpBnf,thumbnail,dramas/540/thumbnail.webp,image/webp,37680,8bc6b937ddc8e4d1724d4d122737466170b787f81c6a3872c822f3d3b98a8cc4,37680,image/webp,200,37680,image/webp,dramas/540/original.jpg
541,NvD1nf,original,dramas/541/original.jpg,image/jpeg,143839,f8d597ad645327ef30377de6abd085f899492462d8f75682e8df8642d28e8cad,143839,image/jpeg,200,143839,image/jpeg,dramas/541/original.jpg
541,NvD1nf,thumbnail,dramas/541/thumbnail.webp,image/webp,39634,d925497258f828b0bc410ffb1b547abee74e6108046e2e07242a9e2380befe10,39634,image/webp,200,39634,image/webp,dramas/541/original.jpg
542,evbZqf,original,dramas/542/original.jpg,image/jpeg,116310,0b7a8e28f0996da49807b2eb0131d8bd54415a815808a200c1c765fafd7751d0,116310,image/jpeg,200,116310,image/jpeg,dramas/542/original.jpg
542,evbZqf,thumbnail,dramas/542/thumbnail.webp,image/webp,57670,7e98a8d9f288fa0a0e1ad47e578d348715ce0e7872b3b3aaa697b7ccae2ae17f,57670,image/webp,200,57670,image/webp,dramas/542/original.jpg
543,9mOD3f,original,dramas/543/original.jpg,image/jpeg,19763,9993645e4e4692719785ce6f24bc2cfd95bdbeec7df55dc80b966c952220254b,19763,image/jpeg,200,19763,image/jpeg,dramas/543/original.jpg
543,9mOD3f,thumbnail,dramas/543/thumbnail.webp,image/webp,11646,5dd9215f315679d1c51aa8ad9aca3ae88f956260ec46a13b501fab8e125f71c6,11646,image/webp,200,11646,image/webp,dramas/543/original.jpg
544,O8nQkf,original,dramas/544/original.jpg,image/jpeg,218967,47074e5c94920256eafe49f26b21f4337a42be8fc1fd8d069d8c2c3cf4858b8a,218967,image/jpeg,200,218967,image/jpeg,dramas/544/original.jpg
544,O8nQkf,thumbnail,dramas/544/thumbnail.webp,image/webp,48378,b954077020ab26ecb3a0e33ea2726a1761c4caead95f1a19c0850f78a004691b,48378,image/webp,200,48378,image/webp,dramas/544/original.jpg
545,jQY2zf,original,dramas/545/original.jpg,image/jpeg,153395,c76bb514da7c46cc01af3c17b491ff4c218ce567cafcc1b2ee5881b6bfe6617a,153395,image/jpeg,200,153395,image/jpeg,dramas/545/original.jpg
545,jQY2zf,thumbnail,dramas/545/thumbnail.webp,image/webp,42184,e705d63e91fa85e814afaa147590c3c3a4392cc264074c3641388d7b7f5c8901,42184,image/webp,200,42184,image/webp,dramas/545/original.jpg
546,Wlm4O_4f,original,dramas/546/original.jpg,image/jpeg,182979,8e884cf453fc9b41c0b490e736209f0ddf822674bb07f5cd55420eb3d7682c12,182979,image/jpeg,200,182979,image/jpeg,dramas/546/original.jpg
546,Wlm4O_4f,thumbnail,dramas/546/thumbnail.webp,image/webp,35270,8d799cb795da0c669300502e54e1836cd610571943e12f9841c6c8cb03c0ea2c,35270,image/webp,200,35270,image/webp,dramas/546/original.jpg
547,NdXOkn_4f,original,dramas/547/original.jpg,image/jpeg,336908,56a8b54900b06fa6552c16d5b043e1df7474f3aadb7d7d35d30d8e24c402897d,336908,image/jpeg,200,336908,image/jpeg,dramas/547/original.jpg
547,NdXOkn_4f,thumbnail,dramas/547/thumbnail.webp,image/webp,80196,1bef7a339c6fbbdaa5dc6572fe9779405108c567c9427a46cb59e04263c90ea6,80196,image/webp,200,80196,image/webp,dramas/547/original.jpg
548,Y0z4gf,original,dramas/548/original.jpg,image/jpeg,176102,8f8c54089586f357690cd73b846461f2a681e5ba7682283c93a59fbf595dc6e1,176102,image/jpeg,200,176102,image/jpeg,dramas/548/original.jpg
548,Y0z4gf,thumbnail,dramas/548/thumbnail.webp,image/webp,33720,14c819916e590c6ff1e5c187d604c7287fed82408ffdd3045fa1cd548cbf1091,33720,image/webp,200,33720,image/webp,dramas/548/original.jpg
549,RJNZxf,original,dramas/549/original.jpg,image/jpeg,95325,626d35f12a58382729116b4787db968c7c7e7607126a81b89e92fc59ae019ff4,95325,image/jpeg,200,95325,image/jpeg,dramas/549/original.jpg
549,RJNZxf,thumbnail,dramas/549/thumbnail.webp,image/webp,40582,c281ef7ac1b9bc88e7232e84dd6db7bd3e6bb96c552dd6dd41ad7f4990d8130f,40582,image/webp,200,40582,image/webp,dramas/549/original.jpg
550,LwBY3f,original,dramas/550/original.jpg,image/jpeg,147162,391837c7a44a97ba9443e01b3bd16997767585bb71516dd7aa75dbf4f11d444a,147162,image/jpeg,200,147162,image/jpeg,dramas/550/original.jpg
550,LwBY3f,thumbnail,dramas/550/thumbnail.webp,image/webp,57266,301500ac6bd148f1695ba62d4bdf274bb43161889e0bbc217a7afe44a0fdad3f,57266,image/webp,200,57266,image/webp,dramas/550/original.jpg
551,736znf,original,dramas/551/original.jpg,image/jpeg,192421,35e90db03c9cba589f709eb99bca22eed8ae9b2665388215c75485f472ae23ab,192421,image/jpeg,200,192421,image/jpeg,dramas/551/original.jpg
551,736znf,thumbnail,dramas/551/thumbnail.webp,image/webp,43954,dbe5dcf86157321568d40f11d3899825916449b8e12a207e0e6a1b92544fa94c,43954,image/webp,200,43954,image/webp,dramas/551/original.jpg
552,peoVE_4f,original,dramas/552/original.jpg,image/jpeg,216984,fd33c844b9d2ab9937f3866f79cc645d3c55e9fab72205718c5e8b876919dea9,216984,image/jpeg,200,216984,image/jpeg,dramas/552/original.jpg
552,peoVE_4f,thumbnail,dramas/552/thumbnail.webp,image/webp,47108,d57d9f75ee13d0f19b3bcb8effd8b20aed9f17ae2ba95a3f39aedcb69b98307f,47108,image/webp,200,47108,image/webp,dramas/552/original.jpg
553,abOnYf,original,dramas/553/original.jpg,image/jpeg,29580,f232785999044da16bb43d75b3eb7c5e9dc72f128a90a93caf9e119cddb5213b,29580,image/jpeg,200,29580,image/jpeg,dramas/553/original.jpg
553,abOnYf,thumbnail,dramas/553/thumbnail.webp,image/webp,17610,7cd74cf18d44c411bddabf2fa144f84df97ed34c3f691be49023a5f9882a4f2d,17610,image/webp,200,17610,image/webp,dramas/553/original.jpg
554,Jx4LYf,original,dramas/554/original.jpg,image/jpeg,139342,a8b8929721134d4b499376a2d6b8885df833894c162c3ddce5bd41cb397542a8,139342,image/jpeg,200,139342,image/jpeg,dramas/554/original.jpg
554,Jx4LYf,thumbnail,dramas/554/thumbnail.webp,image/webp,26934,05fb882b5ded4f21f51ed0063da4bec5b51b8df379bf2ace0748e5310e0c21f9,26934,image/webp,200,26934,image/webp,dramas/554/original.jpg
555,PWLk0f,original,dramas/555/original.jpg,image/jpeg,200131,e0cdfb424a67ec717f48ea102c876a610dc09f8ddf27beb7f28271aa0b251956,200131,image/jpeg,200,200131,image/jpeg,dramas/555/original.jpg
555,PWLk0f,thumbnail,dramas/555/thumbnail.webp,image/webp,47700,b636ea274245a9ead375a38c78d5dbb54e19a7bbc495509f090e48250c5377ff,47700,image/webp,200,47700,image/webp,dramas/555/original.jpg
556,wJLbnf,original,dramas/556/original.jpg,image/jpeg,171090,9885d9b9f04bc290780d433a584c82a40a833e16bb301d29eb377c01983d3ab0,171090,image/jpeg,200,171090,image/jpeg,dramas/556/original.jpg
556,wJLbnf,thumbnail,dramas/556/thumbnail.webp,image/webp,54840,12668e1c75797d153c9bf5a0ce7df7ae7dbafb4673c16cf1765a61e3ff1fd45f,54840,image/webp,200,54840,image/webp,dramas/556/original.jpg
557,4em0Kf,original,dramas/557/original.jpg,image/jpeg,112234,d7d6705a3b01b1f53e323945494de32a0eb4d6af3a126bf21c13fcd2283fe522,112234,image/jpeg,200,112234,image/jpeg,dramas/557/original.jpg
557,4em0Kf,thumbnail,dramas/557/thumbnail.webp,image/webp,36596,b87fc6a4ac72392bfe21b4909d9d40e2e707034e42431d0830147a0ddb002b41,36596,image/webp,200,36596,image/webp,dramas/557/original.jpg
558,JjKqjf,original,dramas/558/original.jpg,image/jpeg,95519,74e29e8f1ed984280bea940e610546e351e1ddfece730eaafafc253cf675d9af,95519,image/jpeg,200,95519,image/jpeg,dramas/558/original.jpg
558,JjKqjf,thumbnail,dramas/558/thumbnail.webp,image/webp,63690,3aec50c691ebc311568d8efcadb03e1fcb23bebec5d1a54d90ab7f8bdd1ff81d,63690,image/webp,200,63690,image/webp,dramas/558/original.jpg
559,jrkDyf,original,dramas/559/original.jpg,image/jpeg,193365,d0dae36b1639bda82a3e0145a3e9f204b9464520094e29daad0089b80f95dc93,193365,image/jpeg,200,193365,image/jpeg,dramas/559/original.jpg
559,jrkDyf,thumbnail,dramas/559/thumbnail.webp,image/webp,49626,4846a5cef94887addc29a3688f1c0b5cd76f48883095f9e6d2301004a2eb5857,49626,image/webp,200,49626,image/webp,dramas/559/original.jpg
560,pnJByf,original,dramas/560/original.jpg,image/jpeg,86414,da0b5df04eeb47f297ff64baa263d79340ddb576bc5a645961bbd36e300794bd,86414,image/jpeg,200,86414,image/jpeg,dramas/560/original.jpg
560,pnJByf,thumbnail,dramas/560/thumbnail.webp,image/webp,46014,996dd89248fd412949937f3dd29e94eb880576d08a9d1410fe1b314dc5d6d54a,46014,image/webp,200,46014,image/webp,dramas/560/original.jpg
561,4JZkk_4f,original,dramas/561/original.jpg,image/jpeg,178009,c4ea0ebb53c4f58bae6fe70b7e9a7501be6c1adf9bba9d08ab4cf166e426ccec,178009,image/jpeg,200,178009,image/jpeg,dramas/561/original.jpg
561,4JZkk_4f,thumbnail,dramas/561/thumbnail.webp,image/webp,26194,1df9002af147d3c64128e6b8fd935eb7ba806470abd1844f111f00542776c38e,26194,image/webp,200,26194,image/webp,dramas/561/original.jpg
562,evrxpf,original,dramas/562/original.jpg,image/jpeg,112710,65e6185c6d1bb734e61db8f8218b44547d54b830fdccc70d31066cb940d7f7bd,112710,image/jpeg,200,112710,image/jpeg,dramas/562/original.jpg
562,evrxpf,thumbnail,dramas/562/thumbnail.webp,image/webp,24360,a7a3cc93ebb34545ebff56d89b15dc01928d11156f9aa33a7c3cc65d390e1a00,24360,image/webp,200,24360,image/webp,dramas/562/original.jpg
563,AvzQZf,original,dramas/563/original.jpg,image/jpeg,64803,7200b46514c1d28ee30bf2dfc9d04097015d7474c8583cc3308cd0d2808f3c56,64803,image/jpeg,200,64803,image/jpeg,dramas/563/original.jpg
563,AvzQZf,thumbnail,dramas/563/thumbnail.webp,image/webp,33330,0650010d3252cc0e6bc352d1c6b93aacc38f4ac7688a8061ff3be33134e0cfd2,33330,image/webp,200,33330,image/webp,dramas/563/original.jpg
564,33d6mf,original,dramas/564/original.jpg,image/jpeg,153122,f6ff7d524efd097565c495cda8a6e211943951b7eb0302eaf81a37b6b9e39e9b,153122,image/jpeg,200,153122,image/jpeg,dramas/564/original.jpg
564,33d6mf,thumbnail,dramas/564/thumbnail.webp,image/webp,57434,1b91ad0092486627fcafe6a3791ba20ba4d9fe477c7d7f366bf08f9e6391b1cd,57434,image/webp,200,57434,image/webp,dramas/564/original.jpg
565,ABR884_4f,original,dramas/565/original.jpg,image/jpeg,194261,67aeec6d8e6671f60740d76782180991ce2632aef68aa6cc32319c4aa17d4977,194261,image/jpeg,200,194261,image/jpeg,dramas/565/original.jpg
565,ABR884_4f,thumbnail,dramas/565/thumbnail.webp,image/webp,46512,d4f06a015f5ea4936d9bd3dae960f0fa762ad30023d408ad9f32ae3328dd98e6,46512,image/webp,200,46512,image/webp,dramas/565/original.jpg
566,13BYzf,original,dramas/566/original.jpg,image/jpeg,174544,cc05653862973d45fe3545ff4ed7c18120d52358bbecd677329a8774d6acff93,174544,image/jpeg,200,174544,image/jpeg,dramas/566/original.jpg
566,13BYzf,thumbnail,dramas/566/thumbnail.webp,image/webp,40558,13e09d2837a11fa00af8c0117bdc1b51a74ce45f0193178975cd3ac927119861,40558,image/webp,200,40558,image/webp,dramas/566/original.jpg
567,QKRW2f,original,dramas/567/original.jpg,image/jpeg,77641,d3719fc097bf1dce99724023ee50be1ed31268452aa193663896f7143ad3272e,77641,image/jpeg,200,77641,image/jpeg,dramas/567/original.jpg
567,QKRW2f,thumbnail,dramas/567/thumbnail.webp,image/webp,31222,a846ab9006fb678db2fe1fa64c403e6718d664d2f70b542b7590f7acd38e2b2e,31222,image/webp,200,31222,image/webp,dramas/567/original.jpg
568,ae6vYf,original,dramas/568/original.jpg,image/jpeg,109839,afe5274ded6dd3bc63da6a170debe6634c9876aa1cf0f0e689a7b79421a0a5ca,109839,image/jpeg,200,109839,image/jpeg,dramas/568/original.jpg
568,ae6vYf,thumbnail,dramas/568/thumbnail.webp,image/webp,54482,2722fe311477f551eef6954a10766544c37cdf7a500543c4029ede51e6c63d66,54482,image/webp,200,54482,image/webp,dramas/568/original.jpg
569,AvnE4f,original,dramas/569/original.jpg,image/jpeg,218030,e86b469278fc268d6002835feebbc47e5352b50bd499c9069796dc9b32233272,218030,image/jpeg,200,218030,image/jpeg,dramas/569/original.jpg
569,AvnE4f,thumbnail,dramas/569/thumbnail.webp,image/webp,42318,d4c24ee714b0628ac980dfd291c14e073951055883b1c350c01c31d04bbe321a,42318,image/webp,200,42318,image/webp,dramas/569/original.jpg
570,GJYYyf,original,dramas/570/original.jpg,image/jpeg,138930,2ac37e54cbd76b61d16d9e2a41aef493432abdfd2f1e4944bc1698edbf533644,138930,image/jpeg,200,138930,image/jpeg,dramas/570/original.jpg
570,GJYYyf,thumbnail,dramas/570/thumbnail.webp,image/webp,34754,3ece26087478be4431834e8dcefe97ba8ec396f82e15441990d6166fbc78dd74,34754,image/webp,200,34754,image/webp,dramas/570/original.jpg
571,Y33DKf,original,dramas/571/original.jpg,image/jpeg,106008,64220c37c2ddedacfb40b0f21e9fd219025994753560e12b5db803dbd6dfb29d,106008,image/jpeg,200,106008,image/jpeg,dramas/571/original.jpg
571,Y33DKf,thumbnail,dramas/571/thumbnail.webp,image/webp,52052,14ce304793146d3bb482294215da19779776ef1823e028c817a74112fc057e28,52052,image/webp,200,52052,image/webp,dramas/571/original.jpg
572,2wndKO_4f,original,dramas/572/original.jpg,image/jpeg,179831,d72017b7490067cf46656fb9d642946a7e74d5b2e14f3f4d4f297bea2712daa6,179831,image/jpeg,200,179831,image/jpeg,dramas/572/original.jpg
572,2wndKO_4f,thumbnail,dramas/572/thumbnail.webp,image/webp,36988,778cec99908921616d0d6633d8deda27de2187f0944335f0a778a2bc8eb1ca86,36988,image/webp,200,36988,image/webp,dramas/572/original.jpg
573,RWW6Rf,original,dramas/573/original.jpg,image/jpeg,71901,0255b057fee62ef25069b38cd6637ba98cdf017b9d209ff129fff4a1c60e0108,71901,image/jpeg,200,71901,image/jpeg,dramas/573/original.jpg
573,RWW6Rf,thumbnail,dramas/573/thumbnail.webp,image/webp,23276,f2033729d409e174e8152fd35cd405749a5e9e375e3ec7a29fb9be5c199f2917,23276,image/webp,200,23276,image/webp,dramas/573/original.jpg
574,WbxgPf,original,dramas/574/original.jpg,image/jpeg,144494,83e65bdb28c3266edebce5aab86f19fbd79c547e61e4f1529de473d0756bbe86,144494,image/jpeg,200,144494,image/jpeg,dramas/574/original.jpg
574,WbxgPf,thumbnail,dramas/574/thumbnail.webp,image/webp,52406,6ac775a3b650677a04db37cce9238756f30c2b559ee029db0d09241aa468be53,52406,image/webp,200,52406,image/webp,dramas/574/original.jpg
575,dY3kAf,original,dramas/575/original.jpg,image/jpeg,202803,fd0a41c5124fa77b4af2845bc59e97595654d0903e8f066f30095faadc798b6c,202803,image/jpeg,200,202803,image/jpeg,dramas/575/original.jpg
575,dY3kAf,thumbnail,dramas/575/thumbnail.webp,image/webp,43260,3a8dd667497faa10fac5140f217d3aef23fecb521f1375b75aa6161a183b6573,43260,image/webp,200,43260,image/webp,dramas/575/original.jpg
576,E5kEbf,original,dramas/576/original.jpg,image/jpeg,73612,f3635ec09620e89e1426ce74f45894e2d1b79fb8d64c43c85d852006aee3cb3f,73612,image/jpeg,200,73612,image/jpeg,dramas/576/original.jpg
576,E5kEbf,thumbnail,dramas/576/thumbnail.webp,image/webp,46756,79b8f7aed1b8d79924a3dcfb49ccaf7f2cdfbbd77003529e0419c0bb9114df0e,46756,image/webp,200,46756,image/webp,dramas/576/original.jpg
577,O5ZXxf,original,dramas/577/original.jpg,image/jpeg,146311,acdd626d2e1e1f3d93c03d9f40f225be8cac8b057ae68fb5bfbf760e9f5dac9f,146311,image/jpeg,200,146311,image/jpeg,dramas/577/original.jpg
577,O5ZXxf,thumbnail,dramas/577/thumbnail.webp,image/webp,53356,07ed91b8e7d7fb54510b7b8a9e94b75a96ee87a46af75b410ea666f8699380f4,53356,image/webp,200,53356,image/webp,dramas/577/original.jpg
578,pWVlnf,original,dramas/578/original.jpg,image/jpeg,71264,f9a708fe53ea4a73186177fbb4b1f1beea79cd64d6b521772cc102481ec99246,71264,image/jpeg,200,71264,image/jpeg,dramas/578/original.jpg
578,pWVlnf,thumbnail,dramas/578/thumbnail.webp,image/webp,34714,ff065f3a2a9e456311c98cf92a9929d788162a5a8ff4cc505d018dc913a74283,34714,image/webp,200,34714,image/webp,dramas/578/original.jpg
579,6yY62f,original,dramas/579/original.jpg,image/jpeg,100256,6af98862dc7fd36c2d5fbbfc23304fc3bc634ec73556597496292ad9443b28ac,100256,image/jpeg,200,100256,image/jpeg,dramas/579/original.jpg
579,6yY62f,thumbnail,dramas/579/thumbnail.webp,image/webp,32688,ddb28a2351b6df231d841a2213209fae912c09bffd414402ee91d74cc2b79a68,32688,image/webp,200,32688,image/webp,dramas/579/original.jpg
580,z708ef,original,dramas/580/original.jpg,image/jpeg,139141,938479f465968eef93555b1b53954ec40cfc74ea5c94fc976e1b828d9d3cc36a,139141,image/jpeg,200,139141,image/jpeg,dramas/580/original.jpg
580,z708ef,thumbnail,dramas/580/thumbnail.webp,image/webp,34968,ce19ac53dc2137a762c21b27043b90026d3274be75c7f5df6f79a474db30385c,34968,image/webp,200,34968,image/webp,dramas/580/original.jpg
581,2xzkRf,original,dramas/581/original.jpg,image/jpeg,312753,8213e96820270cf8c570ca8bd522b050679e33ac06a5083c25caf8c255c8865b,312753,image/jpeg,200,312753,image/jpeg,dramas/581/original.jpg
581,2xzkRf,thumbnail,dramas/581/thumbnail.webp,image/webp,69506,040c0921092463bf913e8c8131d1833ebfb298c31c8577a3962ca206eab5244c,69506,image/webp,200,69506,image/webp,dramas/581/original.jpg
582,jAYOrf,original,dramas/582/original.jpg,image/jpeg,202647,5d09ba11c4a03f19b9acff8d1a1b73e45797e2b676c88cdb3804b2439a0abf2d,202647,image/jpeg,200,202647,image/jpeg,dramas/582/original.jpg
582,jAYOrf,thumbnail,dramas/582/thumbnail.webp,image/webp,61988,329a184291234286ba6d8ef048c9016bfd0234e5a315e04c924652849328c287,61988,image/webp,200,61988,image/webp,dramas/582/original.jpg
583,mjgmPf,original,dramas/583/original.jpg,image/jpeg,83595,e7c100d4b9484c110826e5f2a625e08c5090d4c028086f382aa1171d86b841a2,83595,image/jpeg,200,83595,image/jpeg,dramas/583/original.jpg
583,mjgmPf,thumbnail,dramas/583/thumbnail.webp,image/webp,44240,83c6ce70f20727f9914cd778aa712dc50d8cf6eca4064a057c33607f9f76b4f9,44240,image/webp,200,44240,image/webp,dramas/583/original.jpg
584,Lx1NDf,original,dramas/584/original.jpg,image/jpeg,246854,d1f0233fde13d9bcb0df18036cc674b7f79d1c3bb17006b232a6a7c9a7938c1f,246854,image/jpeg,200,246854,image/jpeg,dramas/584/original.jpg
584,Lx1NDf,thumbnail,dramas/584/thumbnail.webp,image/webp,48470,0c2d8eb76e13c5ae4f6957aa20ffa16f9c6286964550148ae38a33673c8fea84,48470,image/webp,200,48470,image/webp,dramas/584/original.jpg
585,Xe6Wwf,original,dramas/585/original.jpg,image/jpeg,124987,4d331ae2d428d229be102563bddca1ae8d0e680b070265cc5397e8ed9d8aa573,124987,image/jpeg,200,124987,image/jpeg,dramas/585/original.jpg
585,Xe6Wwf,thumbnail,dramas/585/thumbnail.webp,image/webp,38628,c7c0c4204acadd4a4a9c746f9e962de4dae7160b275f522234e06a4ba50a8f12,38628,image/webp,200,38628,image/webp,dramas/585/original.jpg
586,JBvnRm_4f,original,dramas/586/original.jpg,image/jpeg,203782,72ab9fc75e3ca5cbf64dd0e78a5e36347e2772312316eb5521bba82946a00819,203782,image/jpeg,200,203782,image/jpeg,dramas/586/original.jpg
586,JBvnRm_4f,thumbnail,dramas/586/thumbnail.webp,image/webp,41124,c1b8c523713ca0653214ddd05e3a827bc79c84ce3938ea26e94a34b2a147cdc0,41124,image/webp,200,41124,image/webp,dramas/586/original.jpg
587,2OW0df,original,dramas/587/original.jpg,image/jpeg,167383,68ac7cbc54caea179d1fb21f180366fdea78ba8fe802d4bca422685298658bb0,167383,image/jpeg,200,167383,image/jpeg,dramas/587/original.jpg
587,2OW0df,thumbnail,dramas/587/thumbnail.webp,image/webp,36810,b85f7930b8c0d495c3b5884f9fdac834567a3397efe460d352542c1a6836cc6d,36810,image/webp,200,36810,image/webp,dramas/587/original.jpg
588,wwW01f,original,dramas/588/original.jpg,image/jpeg,215512,80ccfbb79d17ceed3b47cfc4ba5f66e46e7f371d0aa8ea4079cae5a30bb75c73,215512,image/jpeg,200,215512,image/jpeg,dramas/588/original.jpg
588,wwW01f,thumbnail,dramas/588/thumbnail.webp,image/webp,45234,886f41e4e75fafe70ecfdde86b5af1ad7776ca77fe449dc77a0772c92a22befd,45234,image/webp,200,45234,image/webp,dramas/588/original.jpg
589,XEoKn_4f,original,dramas/589/original.jpg,image/jpeg,174803,aca3ed2abf94e2abf62f20e033b7e52ffce2e5176567304ed5727992316354c7,174803,image/jpeg,200,174803,image/jpeg,dramas/589/original.jpg
589,XEoKn_4f,thumbnail,dramas/589/thumbnail.webp,image/webp,47654,d3ce59360a2051f21b76a22e835a0ac4cd4cbbbbe740b31719ae9f1959f7ebcb,47654,image/webp,200,47654,image/webp,dramas/589/original.jpg
590,lJOevf,original,dramas/590/original.jpg,image/jpeg,85233,9459b484f56aad0f2255a1902b0645635915fcd696525ee939d1509268982b7e,85233,image/jpeg,200,85233,image/jpeg,dramas/590/original.jpg
590,lJOevf,thumbnail,dramas/590/thumbnail.webp,image/webp,31864,7ce460e9671b46c30ad4a3125e14805347934084ab31efc4144b0af90c82d3aa,31864,image/webp,200,31864,image/webp,dramas/590/original.jpg
591,Xedoqf,original,dramas/591/original.jpg,image/jpeg,113016,2be37790bdede7c372c79508a93252d5c9d27bf07a06d78481577f4fec2854cc,113016,image/jpeg,200,113016,image/jpeg,dramas/591/original.jpg
591,Xedoqf,thumbnail,dramas/591/thumbnail.webp,image/webp,44830,b851046153ea2513b4a79d80536f908f853d5a99084dccd644953bd5ddc30f67,44830,image/webp,200,44830,image/webp,dramas/591/original.jpg
592,vOOjgf,original,dramas/592/original.jpg,image/jpeg,392404,17d8dd7fd2eb5307895b47b8d917b18c4d35137154cb6832986ca63914229a7b,392404,image/jpeg,200,392404,image/jpeg,dramas/592/original.jpg
592,vOOjgf,thumbnail,dramas/592/thumbnail.webp,image/webp,86090,5d648f2b784c4bfd547dbc708e5284862d92a011dcd5fda79f329053c57bd408,86090,image/webp,200,86090,image/webp,dramas/592/original.jpg
593,WPXpXf,original,dramas/593/original.jpg,image/jpeg,233200,b9ebfaf757bd9f96d2c76ec14eda8babf3ec791f5f881c1d4e5a80ac0e0228de,233200,image/jpeg,200,233200,image/jpeg,dramas/593/original.jpg
593,WPXpXf,thumbnail,dramas/593/thumbnail.webp,image/webp,67070,7bff7a5d7c9bffcbfff494830e540da187d2192a9ea1eb3286b638b3b42c9c95,67070,image/webp,200,67070,image/webp,dramas/593/original.jpg
594,QJ53r4_4f,original,dramas/594/original.jpg,image/jpeg,144851,5a4a6ef443cbbfdde8c575617cbaf26e25436ff41f4c15501306d0d309dbcbc3,144851,image/jpeg,200,144851,image/jpeg,dramas/594/original.jpg
594,QJ53r4_4f,thumbnail,dramas/594/thumbnail.webp,image/webp,26442,55030a3dcf06d8a7b5c7935832efa6deca628dfc390b70f65a23205954421b0a,26442,image/webp,200,26442,image/webp,dramas/594/original.jpg
595,96vwgf,original,dramas/595/original.jpg,image/jpeg,57706,1ca66a8bbfe20e4e838b0c112428503607b63dc417018339668eec9ced4c3f1e,57706,image/jpeg,200,57706,image/jpeg,dramas/595/original.jpg
595,96vwgf,thumbnail,dramas/595/thumbnail.webp,image/webp,35586,2fc2539a67762c814dfc25e3b84932ba765b57ad8737c1557da8f3852af34869,35586,image/webp,200,35586,image/webp,dramas/595/original.jpg
596,kJPlrf,original,dramas/596/original.jpg,image/jpeg,207626,a2794aa8399e26b0a5a7a8174fce7e0af2b2a46429fa0cee9f59c5baca7a8fca,207626,image/jpeg,200,207626,image/jpeg,dramas/596/original.jpg
596,kJPlrf,thumbnail,dramas/596/thumbnail.webp,image/webp,41618,2b82f2eebea3c6fa6370ed608a86a11115a67654e8e07f7968b1be4935e4fe2b,41618,image/webp,200,41618,image/webp,dramas/596/original.jpg
597,oEW86f,original,dramas/597/original.jpg,image/jpeg,114700,a55fb477d4168a766e11081aca780becf27bc0694bacf286fa7bce1e5e7dd7b0,114700,image/jpeg,200,114700,image/jpeg,dramas/597/original.jpg
597,oEW86f,thumbnail,dramas/597/thumbnail.webp,image/webp,70754,ba7e97625b02a3b6109f675213c53728e0351a77d29ac46d5a6cb8b642efa9a8,70754,image/webp,200,70754,image/webp,dramas/597/original.jpg
598,vOzQ8f,original,dramas/598/original.jpg,image/jpeg,164248,0f2da9a4cbae0eb73a2a0bfb34add491d442294e7144d514fba2040021263a96,164248,image/jpeg,200,164248,image/jpeg,dramas/598/original.jpg
598,vOzQ8f,thumbnail,dramas/598/thumbnail.webp,image/webp,32514,1adb1b96d4e88cdff578481ba4014ccdf86137d3cf7c505a8d1904b9a7f8541f,32514,image/webp,200,32514,image/webp,dramas/598/original.jpg
599,RWnmof,original,dramas/599/original.jpg,image/jpeg,74327,2e1bb3c836dfdeef5b11bcaacda6e6c59d9e8d3936358d8077b78a43bb60d4f3,74327,image/jpeg,200,74327,image/jpeg,dramas/599/original.jpg
599,RWnmof,thumbnail,dramas/599/thumbnail.webp,image/webp,26190,eb60c94787a5653d53ef0a8c014a091ea14a9a9c770f701935216ab2fb9da1d5,26190,image/webp,200,26190,image/webp,dramas/599/original.jpg
600,B0gEqf,original,dramas/600/original.jpg,image/jpeg,122770,3d26fb5299936b2fbb80f6bc4174837d3049918d1b88b669fa8539aa7f83d25f,122770,image/jpeg,200,122770,image/jpeg,dramas/600/original.jpg
600,B0gEqf,thumbnail,dramas/600/thumbnail.webp,image/webp,36762,093aecdc17b8eb3b56224362177917ddc15b52c759334a73374ec509bc201056,36762,image/webp,200,36762,image/webp,dramas/600/original.jpg
601,Xee1wf,original,dramas/601/original.jpg,image/jpeg,102755,f6c7910117fef58f664fea97efe24e34b65b42e0c24b215252064890f6f9ea1b,102755,image/jpeg,200,102755,image/jpeg,dramas/601/original.jpg
601,Xee1wf,thumbnail,dramas/601/thumbnail.webp,image/webp,35336,c5ea359829aeda776059e3b209c16f3bfa62b549963fa8b0c95a905f7fe8f4ed,35336,image/webp,200,35336,image/webp,dramas/601/original.jpg
602,zBLwzf,original,dramas/602/original.jpg,image/jpeg,166605,91052c3d2155e954cfcd4b075df413007573e05ba441f278fb24c4bf0e3fd198,166605,image/jpeg,200,166605,image/jpeg,dramas/602/original.jpg
602,zBLwzf,thumbnail,dramas/602/thumbnail.webp,image/webp,46624,82b64ba8f1294bc26833bfae86d335ef112a54b488e27dc4b269837d02d8a071,46624,image/webp,200,46624,image/webp,dramas/602/original.jpg
603,WNgPRf,original,dramas/603/original.jpg,image/jpeg,74252,140e911a45b3239287859ce379c0078ad38f0401fceddfeef54edf0defc4e605,74252,image/jpeg,200,74252,image/jpeg,dramas/603/original.jpg
603,WNgPRf,thumbnail,dramas/603/thumbnail.webp,image/webp,33394,f9d548615867753fac87ede643bcee061def0c535b30f046374dd9891ccb86f5,33394,image/webp,200,33394,image/webp,dramas/603/original.jpg
604,qqPxdf,original,dramas/604/original.jpg,image/jpeg,131992,0769c50acb13552d8eb1d76545a936873bd2553f07fea72d43e1d13a16674b68,131992,image/jpeg,200,131992,image/jpeg,dramas/604/original.jpg
604,qqPxdf,thumbnail,dramas/604/thumbnail.webp,image/webp,49392,d97d590ab4784438da5a820ebcf622aa490c3d6c82333c71fbe86e446afd9672,49392,image/webp,200,49392,image/webp,dramas/604/original.jpg
605,M7vwNf,original,dramas/605/original.jpg,image/jpeg,108329,58e8aa0eed4d1988fbf5f5db9e167e33ca7a38a43dd8916b6aa4453438109f3c,108329,image/jpeg,200,108329,image/jpeg,dramas/605/original.jpg
605,M7vwNf,thumbnail,dramas/605/thumbnail.webp,image/webp,63148,338c8e91f3a2be940ab020a5c874bd8a166559d08a094adb5302d36b35314633,63148,image/webp,200,63148,image/webp,dramas/605/original.jpg
606,B0dO6f,original,dramas/606/original.jpg,image/jpeg,219911,4fbc78aa44b20ab681855bc1eb161188a7ff3303250f0dc1c280f838f3acd6c4,219911,image/jpeg,200,219911,image/jpeg,dramas/606/original.jpg
606,B0dO6f,thumbnail,dramas/606/thumbnail.webp,image/webp,50950,01ec143d49645d995453b2b2d99d80de3a9581656fc758e102f240d69bd9ec08,50950,image/webp,200,50950,image/webp,dramas/606/original.jpg
607,peoOE_4f,original,dramas/607/original.jpg,image/jpeg,148241,6495f24b35e6f436166a062bc8595eb400c6689dbf9302fb1de46db451e847d2,148241,image/jpeg,200,148241,image/jpeg,dramas/607/original.jpg
607,peoOE_4f,thumbnail,dramas/607/thumbnail.webp,image/webp,28334,186f93ee0241c80771ea85888ee47a99b056c7ea6ae955a135c7bb77e1a48c1a,28334,image/webp,200,28334,image/webp,dramas/607/original.jpg
608,3Lbodf,original,dramas/608/original.jpg,image/jpeg,159374,6ae8373e1ce4e0fb61e001fb95e6ed3d361ae048a42dcb9b9a796a18588e2a10,159374,image/jpeg,200,159374,image/jpeg,dramas/608/original.jpg
608,3Lbodf,thumbnail,dramas/608/thumbnail.webp,image/webp,48894,682cb1a29d44cd73062848323d5b871028221fc69b2f2971c8886249696e60ab,48894,image/webp,200,48894,image/webp,dramas/608/original.jpg
609,ww3NJf,original,dramas/609/original.jpg,image/jpeg,224635,b1be37c3eb020ce97b2a37ae53086a9770b20e0f01e07ff457d0cf1a8efe51fd,224635,image/jpeg,200,224635,image/jpeg,dramas/609/original.jpg
609,ww3NJf,thumbnail,dramas/609/thumbnail.webp,image/webp,45492,4bec0ca2c4a72d71540695466cdae96e3a7cea236200d07889dbcfa95b44443c,45492,image/webp,200,45492,image/webp,dramas/609/original.jpg
610,AB61Ef,original,dramas/610/original.jpg,image/jpeg,95063,5bc501aa90f503a11e0c8246d05c823a3a8c08b81cc38b5d1d58c44cfdef555e,95063,image/jpeg,200,95063,image/jpeg,dramas/610/original.jpg
610,AB61Ef,thumbnail,dramas/610/thumbnail.webp,image/webp,68980,c28509c39bd0473a247dceb490ba0e43921d32932adaeb0e50e5db748e230eec,68980,image/webp,200,68980,image/webp,dramas/610/original.jpg
611,qYVNQf,original,dramas/611/original.jpg,image/jpeg,106292,59f5b102bcff3382cc8ca76eed842cfc0fad0c49fffdcbeef302798400e532c5,106292,image/jpeg,200,106292,image/jpeg,dramas/611/original.jpg
611,qYVNQf,thumbnail,dramas/611/thumbnail.webp,image/webp,33716,7ac17972bcddc6c2169ed5b8dd92652c39f5ad60d9d0e422a7a50dc9e797c5c7,33716,image/webp,200,33716,image/webp,dramas/611/original.jpg
612,XeNmxf,original,dramas/612/original.jpg,image/jpeg,123918,081b71af2a5d727ae2526c2ed3621395f9d2eefc91085477bae816e9f65339e7,123918,image/jpeg,200,123918,image/jpeg,dramas/612/original.jpg
612,XeNmxf,thumbnail,dramas/612/thumbnail.webp,image/webp,25028,6ef1a9b3a96e7d2cd877d0e7c4a8951ec74b127139c5968146ca6a45fe41cd85,25028,image/webp,200,25028,image/webp,dramas/612/original.jpg
613,Oxnqkf,original,dramas/613/original.jpg,image/jpeg,154131,000c585aa8c6aab1b16f21d208c6bb02d50f3c4931fda9a9e45c0d21e3b36b9c,154131,image/jpeg,200,154131,image/jpeg,dramas/613/original.jpg
613,Oxnqkf,thumbnail,dramas/613/thumbnail.webp,image/webp,101866,8e1ae86bdbec838f5af9f4b1b8983b5dc047e2176b9b3998bd8d49a03ba43fee,101866,image/webp,200,101866,image/webp,dramas/613/original.jpg
614,nEAWBf,original,dramas/614/original.jpg,image/jpeg,136528,3e86a5c9a540e1127f9ebafe2731fd93b155d9f2c675491979d08ea04dca1e06,136528,image/jpeg,200,136528,image/jpeg,dramas/614/original.jpg
614,nEAWBf,thumbnail,dramas/614/thumbnail.webp,image/webp,76676,b3ca33a77f4ed046a68ee092985fa9a6451b7e65783cd66cd075c2d0651a7586,76676,image/webp,200,76676,image/webp,dramas/614/original.jpg
615,KrmrJf,original,dramas/615/original.jpg,image/jpeg,76472,4b4ddbb478c06bb1b44384fb6a91d156e9f8a5bb3bbb347cb2fd957d3009b609,76472,image/jpeg,200,76472,image/jpeg,dramas/615/original.jpg
615,KrmrJf,thumbnail,dramas/615/thumbnail.webp,image/webp,37368,5aa6b8aa481a70ae3a1895ab7f09bbf2a4824e2d7e8226b6b1022cb08cab99fd,37368,image/webp,200,37368,image/webp,dramas/615/original.jpg
616,ArmK3f,original,dramas/616/original.jpg,image/jpeg,162652,9e4f6d7ee9592edbbf0b30b146b8c2cd888f23d6de7d6b16486bb59850536729,162652,image/jpeg,200,162652,image/jpeg,dramas/616/original.jpg
616,ArmK3f,thumbnail,dramas/616/thumbnail.webp,image/webp,36000,57f08c85ca28a5e29e63319ae69b7a8e7711766d19614e8f8160bdb969aadc7b,36000,image/webp,200,36000,image/webp,dramas/616/original.jpg
617,5vNlef,original,dramas/617/original.jpg,image/jpeg,213016,8951bf84441e88f9efd55db44bc2272f1f30ba42ada29bab62d0b058541177f4,213016,image/jpeg,200,213016,image/jpeg,dramas/617/original.jpg
617,5vNlef,thumbnail,dramas/617/thumbnail.webp,image/webp,69626,da835820c24ab93cbe30283ff31b9a2a21b97c8c94477e8bdb2e2270b0c4e87e,69626,image/webp,200,69626,image/webp,dramas/617/original.jpg
618,GJmY9f,original,dramas/618/original.jpg,image/jpeg,57909,da649c8e2edf7b62bf9b9f8cead339ab8d72e7836c53c3b45bafe7d780aed938,57909,image/jpeg,200,57909,image/jpeg,dramas/618/original.jpg
618,GJmY9f,thumbnail,dramas/618/thumbnail.webp,image/webp,37362,c82d3f0d34121243601f820e3ffdf25fda93800d7cc24e883ba4c60e53bb29a2,37362,image/webp,200,37362,image/webp,dramas/618/original.jpg
619,wwN6Af,original,dramas/619/original.jpg,image/jpeg,146510,064185fb352bdc0456757f1f360dd6497ab1838269e777efad1cd9b83be163a5,146510,image/jpeg,200,146510,image/jpeg,dramas/619/original.jpg
619,wwN6Af,thumbnail,dramas/619/thumbnail.webp,image/webp,47848,3bc43aaa3c135fff8a16107fdde6287f1f0d00dae34e597754fb4909d5997bb4,47848,image/webp,200,47848,image/webp,dramas/619/original.jpg
620,D8xjzf,original,dramas/620/original.jpg,image/jpeg,145184,605707756f87d77f6f01c92eaa4e6699c92b2dc37607d15be4a0b63cc0c1f642,145184,image/jpeg,200,145184,image/jpeg,dramas/620/original.jpg
620,D8xjzf,thumbnail,dramas/620/thumbnail.webp,image/webp,54456,75d2a31ee048499ddfc2e5e4378f4f0c5816e9dce8e0f592a6c69d6933cab958,54456,image/webp,200,54456,image/webp,dramas/620/original.jpg
621,XwBpqf,original,dramas/621/original.jpg,image/jpeg,49226,2b8631fde699503d7a2252a91562ee44f9c502e13487041ce810ecf89280119c,49226,image/jpeg,200,49226,image/jpeg,dramas/621/original.jpg
621,XwBpqf,thumbnail,dramas/621/thumbnail.webp,image/webp,18976,6f5e990734bf183df4c69ea9ae0749044de49e0e868fa27710f288812af292db,18976,image/webp,200,18976,image/webp,dramas/621/original.jpg
622,KrrEnf,original,dramas/622/original.jpg,image/jpeg,119877,a6376d05b44817b57c946669c204ebf7cacc7758363db10d0ff647a4038cd979,119877,image/jpeg,200,119877,image/jpeg,dramas/622/original.jpg
622,KrrEnf,thumbnail,dramas/622/thumbnail.webp,image/webp,42706,ca350dbcebcc6c1eb73bdd0531369c8379c086fb4a23ad8f993fd540cef1dfaf,42706,image/webp,200,42706,image/webp,dramas/622/original.jpg
623,6peeWf,original,dramas/623/original.jpg,image/jpeg,60395,7635651cb27660d7b284289f07ab3a91a448d006034acf45412c7559b4012fe5,60395,image/jpeg,200,60395,image/jpeg,dramas/623/original.jpg
623,6peeWf,thumbnail,dramas/623/thumbnail.webp,image/webp,26386,e4e20b07ebb78656403d478c6ab5b3636757c8504bae62e2afe40e84eddfa882,26386,image/webp,200,26386,image/webp,dramas/623/original.jpg
624,Z0rAkf,original,dramas/624/original.jpg,image/jpeg,46606,05057341bb67dc94b19478dfaad9b1c23bb7e0a70199c08f116546dcd860d318,46606,image/jpeg,200,46606,image/jpeg,dramas/624/original.jpg
624,Z0rAkf,thumbnail,dramas/624/thumbnail.webp,image/webp,18570,7363eb5ecd903393810d5cf89d95a801f48ef854babb3e96e6e67d5e34a5f37b,18570,image/webp,200,18570,image/webp,dramas/624/original.jpg
625,yWQE4f,original,dramas/625/original.jpg,image/jpeg,87851,df0d3e0e77af9ed0f5b99ae3850a31f7e4ba7cec23d6072b9303673fde322555,87851,image/jpeg,200,87851,image/jpeg,dramas/625/original.jpg
625,yWQE4f,thumbnail,dramas/625/thumbnail.webp,image/webp,47498,c64d36e590e29245ae2273fd254bf9745b4544e76f253fd02cf8e47e2bc4f9fb,47498,image/webp,200,47498,image/webp,dramas/625/original.jpg
626,kXL5bf,original,dramas/626/original.jpg,image/jpeg,208407,0356c5c483654c92a7a9ed1ca9a559339c32f7a862432cd80354ebcbc8da6537,208407,image/jpeg,200,208407,image/jpeg,dramas/626/original.jpg
626,kXL5bf,thumbnail,dramas/626/thumbnail.webp,image/webp,66870,009fa1e4c30b7553a8f14e586a9dbf66a8f75a5fb72bdf742a5052a78d1ba33a,66870,image/webp,200,66870,image/webp,dramas/626/original.jpg
627,Z0q4Of,original,dramas/627/original.jpg,image/jpeg,394609,29268fc451ab5b8dd6e71883869a199c34186890d95cba249968a8d107679f53,394609,image/jpeg,200,394609,image/jpeg,dramas/627/original.jpg
627,Z0q4Of,thumbnail,dramas/627/thumbnail.webp,image/webp,107540,3dc58f0b7f148f38c3212437badc60ae8eb4d861a80b3b789e82baf0b4eb2d42,107540,image/webp,200,107540,image/webp,dramas/627/original.jpg
628,XeQDdf,original,dramas/628/original.jpg,image/jpeg,173781,b8a670eb814d318d438a7ad13a02b017995d6f2f5b77a8e6f9e99d6bbb1707a3,173781,image/jpeg,200,173781,image/jpeg,dramas/628/original.jpg
628,XeQDdf,thumbnail,dramas/628/thumbnail.webp,image/webp,69428,1848959d562147ab9dc55dfde938a9770b9c52e25f1395952588b19ac6f4bb31,69428,image/webp,200,69428,image/webp,dramas/628/original.jpg
629,mOnjAk_4f,original,dramas/629/original.jpg,image/jpeg,73006,86a4584b30539fe76620e41785966a2114ca97c35815bf688ee24c74f5a8135f,73006,image/jpeg,200,73006,image/jpeg,dramas/629/original.jpg
629,mOnjAk_4f,thumbnail,dramas/629/thumbnail.webp,image/webp,33430,1a506a2e3d5595c3ad22df49a2d133e3eda21838cc11876d5f702cfbc0890a10,33430,image/webp,200,33430,image/webp,dramas/629/original.jpg
630,Wmq1Rf,original,dramas/630/original.jpg,image/jpeg,258529,63c125066a7d8428cb27e32bc6832a41d936d264ca592a5d41e2f8953b6ba1ca,258529,image/jpeg,200,258529,image/jpeg,dramas/630/original.jpg
630,Wmq1Rf,thumbnail,dramas/630/thumbnail.webp,image/webp,52896,51710c3c68656043d6c1fd12e6b46ed9337270fd3f075cf537b13f5766d39938,52896,image/webp,200,52896,image/webp,dramas/630/original.jpg
631,Y3wNef,original,dramas/631/original.jpg,image/jpeg,52558,2d3929e402d0b0e08f54f34891c277164a7c74825f212cb95699e3e7ffa693f9,52558,image/jpeg,200,52558,image/jpeg,dramas/631/original.jpg
631,Y3wNef,thumbnail,dramas/631/thumbnail.webp,image/webp,29728,1d665038e4de9c423c62e2b6e7422d2ab8da8b93def2be72bc6b38a387c6fdff,29728,image/webp,200,29728,image/webp,dramas/631/original.jpg
632,72bALf,original,dramas/632/original.jpg,image/jpeg,115460,19e645c76ab3f70ba084a8ca6d846717288340b412292089e36924eee946b491,115460,image/jpeg,200,115460,image/jpeg,dramas/632/original.jpg
632,72bALf,thumbnail,dramas/632/thumbnail.webp,image/webp,54532,523e7030695361a6a73c884e9aff40b5857fc99968931180919b4013fec2d2fa,54532,image/webp,200,54532,image/webp,dramas/632/original.jpg
633,6n2Ejf,original,dramas/633/original.jpg,image/jpeg,219816,8d164b9aa7d54073ad2c449b20fb81fa457e4c954b3547a139dcad708ce980da,219816,image/jpeg,200,219816,image/jpeg,dramas/633/original.jpg
633,6n2Ejf,thumbnail,dramas/633/thumbnail.webp,image/webp,43592,6e6781e5517c2bb187a86112c2a3be561b7e68bdf8fd6ba602ebf0d519480169,43592,image/webp,200,43592,image/webp,dramas/633/original.jpg
634,nOROWf,original,dramas/634/original.jpg,image/jpeg,51421,7bd1a693f982a8115a61913607ff89b8c5c38e3112a199a04bec1850384c8cfa,51421,image/jpeg,200,51421,image/jpeg,dramas/634/original.jpg
634,nOROWf,thumbnail,dramas/634/thumbnail.webp,image/webp,23586,311627138e3bba0996463219344a652d8fa1d84a1aa8cb6e49536c406f7b88ff,23586,image/webp,200,23586,image/webp,dramas/634/original.jpg
635,AvL7vf,original,dramas/635/original.jpg,image/jpeg,170315,0d9ca0c703f396aff4ab0ab618ec142eb0797fc530cd60e46b593dfa2464c54c,170315,image/jpeg,200,170315,image/jpeg,dramas/635/original.jpg
635,AvL7vf,thumbnail,dramas/635/thumbnail.webp,image/webp,36298,1e40a66ba4a20dde169bd7f67197cba54ea12c37811b16bdbba8e22cd7dc60c3,36298,image/webp,200,36298,image/webp,dramas/635/original.jpg
636,RWnjxf,original,dramas/636/original.jpg,image/jpeg,109727,e8a5a47f1f9305c712fac0d3dfd7412dbbe9807843345127348b09583883b31a,109727,image/jpeg,200,109727,image/jpeg,dramas/636/original.jpg
636,RWnjxf,thumbnail,dramas/636/thumbnail.webp,image/webp,34956,608750a6bd74d2613d84212e69f8a890be4c78486e661280622147dd33ebe0de,34956,image/webp,200,34956,image/webp,dramas/636/original.jpg
637,qqwp0f,original,dramas/637/original.jpg,image/jpeg,120175,fb48e76c87fee65e01206410108658712c3304a7ad75f5788f835ee7cb01da77,120175,image/jpeg,200,120175,image/jpeg,dramas/637/original.jpg
637,qqwp0f,thumbnail,dramas/637/thumbnail.webp,image/webp,47368,5e4ae8e3b6ec7c62b160fd97e833cad790fdd8faca88d1adcfe0adff2435c1ef,47368,image/webp,200,47368,image/webp,dramas/637/original.jpg
638,z7goef,original,dramas/638/original.jpg,image/jpeg,192355,6bdec49e7e0e1c1d99cb6db301f86847440a97fe54206465a436e40390c3eb3b,192355,image/jpeg,200,192355,image/jpeg,dramas/638/original.jpg
638,z7goef,thumbnail,dramas/638/thumbnail.webp,image/webp,62668,ac9d18d237664b523925eeb1abf59163c20fd546affcae877fd0f3dfdaf14820,62668,image/webp,200,62668,image/webp,dramas/638/original.jpg
639,10Y8yf,original,dramas/639/original.jpg,image/jpeg,75669,f844f51c939a349106e32859668ad56cc5ee026a01ff7406f0130749b371bb4c,75669,image/jpeg,200,75669,image/jpeg,dramas/639/original.jpg
639,10Y8yf,thumbnail,dramas/639/thumbnail.webp,image/webp,19490,11e91519b2fa67dc1fb37a75f2d80bafafb839719847b273b30260da5df10ad3,19490,image/webp,200,19490,image/webp,dramas/639/original.jpg
640,qoq5Kf,original,dramas/640/original.jpg,image/jpeg,89876,bb05568e2c8a124557b2323b513289b5448a4e9c74cbf7b7d4dcde29b9f52822,89876,image/jpeg,200,89876,image/jpeg,dramas/640/original.jpg
640,qoq5Kf,thumbnail,dramas/640/thumbnail.webp,image/webp,32828,e668658990a4dc58528081f8b1c03b37f85dd15fea01bc1992ddc9a52a70ed83,32828,image/webp,200,32828,image/webp,dramas/640/original.jpg
641,ErXmQf,original,dramas/641/original.jpg,image/jpeg,74809,0fbcecf332d4fba2a26cb28d4b481af8f7a442a3980b5857172dcad37296aa7f,74809,image/jpeg,200,74809,image/jpeg,dramas/641/original.jpg
641,ErXmQf,thumbnail,dramas/641/thumbnail.webp,image/webp,31174,c25e1e309a85fe6b9b68d7d25057b70bc132ce365932391759116316166656e6,31174,image/webp,200,31174,image/webp,dramas/641/original.jpg
642,wVqObf,original,dramas/642/original.jpg,image/jpeg,84544,fa74a5ad751b64eb117c7e84fc8735552e3ea7ff1576b9b0cd4562e6ea58d976,84544,image/jpeg,200,84544,image/jpeg,dramas/642/original.jpg
642,wVqObf,thumbnail,dramas/642/thumbnail.webp,image/webp,60478,66e776c6b9e25dfca9d9f17ac7915344e9a047d20fdb3694fca2da3b0c4f7250,60478,image/webp,200,60478,image/webp,dramas/642/original.jpg
643,XO1yd_4f,original,dramas/643/original.jpg,image/jpeg,227213,78395e3f4e4364ec4f5277e8ad474204af698a3e3a06f5124d1c4f6d86568947,227213,image/jpeg,200,227213,image/jpeg,dramas/643/original.jpg
643,XO1yd_4f,thumbnail,dramas/643/thumbnail.webp,image/webp,46444,73feee2c74d43c8f924a8fb7608850b3e30eefe2bd36a06819339f4c2fc37d05,46444,image/webp,200,46444,image/webp,dramas/643/original.jpg
644,p84Jef,original,dramas/644/original.jpg,image/jpeg,39030,a964b1ef5d92f053578a83275e4f0d0a60cb47126ebcb75513a11fbe8ec59fa2,39030,image/jpeg,200,39030,image/jpeg,dramas/644/original.jpg
644,p84Jef,thumbnail,dramas/644/thumbnail.webp,image/webp,16696,e2224029ec68b605df40f1c47015877eb6599df941e3b3c09f20f2177cfd4552,16696,image/webp,200,16696,image/webp,dramas/644/original.jpg
645,enw3ef,original,dramas/645/original.jpg,image/jpeg,149749,31b567d7583ba5082852002a7debb3eb83784d22f77517e0dffc1d0109868614,149749,image/jpeg,200,149749,image/jpeg,dramas/645/original.jpg
645,enw3ef,thumbnail,dramas/645/thumbnail.webp,image/webp,49472,0cafad3ba1419b41df8a27189eb8482bcea50655e351cb69d0d44bdd0e89ad7e,49472,image/webp,200,49472,image/webp,dramas/645/original.jpg
646,RApq6f,original,dramas/646/original.jpg,image/jpeg,240389,102408b38f239a15c6348df2585cc31329b0c1edf49c944ede22735d42d3494c,240389,image/jpeg,200,240389,image/jpeg,dramas/646/original.jpg
646,RApq6f,thumbnail,dramas/646/thumbnail.webp,image/webp,47466,ea97e07ee259e171c5e521d022e0cbae5dc1ff67bd6f16556dc27383e248f7f7,47466,image/webp,200,47466,image/webp,dramas/646/original.jpg
647,jXmvbf,original,dramas/647/original.jpg,image/jpeg,119058,a38a733bdc944eab246e4af2145d0201ced56ca177c3a11d742daeb6017aa4ec,119058,image/jpeg,200,119058,image/jpeg,dramas/647/original.jpg
647,jXmvbf,thumbnail,dramas/647/thumbnail.webp,image/webp,27158,991bc65e9bc8f34162d32dcc7d837f07641671f928bc1d6069250ee17171047e,27158,image/webp,200,27158,image/webp,dramas/647/original.jpg
648,0lAZO_4f,original,dramas/648/original.jpg,image/jpeg,106154,e442827f1634437492c0715d7b254768841fb869aed9834f54d692a44ec6f9b7,106154,image/jpeg,200,106154,image/jpeg,dramas/648/original.jpg
648,0lAZO_4f,thumbnail,dramas/648/thumbnail.webp,image/webp,22452,4d1ed6fa7d60cade8f4f2fb02403442003e41d6aa9d2773493e927e7c9b3023b,22452,image/webp,200,22452,image/webp,dramas/648/original.jpg
649,MAJz4f,original,dramas/649/original.jpg,image/jpeg,17765,af521f252a6387bb3d16b5d4ea9d08794aa15e6902dfaba827257f3de096dc74,17765,image/jpeg,200,17765,image/jpeg,dramas/649/original.jpg
649,MAJz4f,thumbnail,dramas/649/thumbnail.webp,image/webp,5762,d6522bd7f8232ad4afdefc643f28e1cf3cc77400b5b9d0032e026e35e488916c,5762,image/webp,200,5762,image/webp,dramas/649/original.jpg
650,kEJRjf,original,dramas/650/original.jpg,image/jpeg,109391,ada26d373a93aa187a2242ba4f821a09591db0c31b9556415f469759deeaae23,109391,image/jpeg,200,109391,image/jpeg,dramas/650/original.jpg
650,kEJRjf,thumbnail,dramas/650/thumbnail.webp,image/webp,32202,1087c07958efaa7a2a1ce29a7915330dcfe99db43e702954ea28d8006dcbe1a0,32202,image/webp,200,32202,image/webp,dramas/650/original.jpg
651,E21Jbf,original,dramas/651/original.jpg,image/jpeg,81614,b8aa9c66a479b33d528d4f4cd89966e43418c04d488e97999d7e3eb784379af7,81614,image/jpeg,200,81614,image/jpeg,dramas/651/original.jpg
651,E21Jbf,thumbnail,dramas/651/thumbnail.webp,image/webp,40194,bc09bf821f69df690e60cdc7377f8df0dacbec664edfe849b943645e66e11b9c,40194,image/webp,200,40194,image/webp,dramas/651/original.jpg
652,RJP8gf,original,dramas/652/original.jpg,image/jpeg,175786,9e285344c4e11f387ad031f720b9e8856543396cbbf0c3366498c312ab19eb4b,175786,image/jpeg,200,175786,image/jpeg,dramas/652/original.jpg
652,RJP8gf,thumbnail,dramas/652/thumbnail.webp,image/webp,26804,5a6989bfda7a269f1d051923b268655e9dbdf558000b44d1c09e9380cd482233,26804,image/webp,200,26804,image/webp,dramas/652/original.jpg
653,y7yYKf,original,dramas/653/original.jpg,image/jpeg,183141,49dfe24f574c54f0ac4df5a0de7b43e7810d0cd1d71813a75e617e2f05a058fb,183141,image/jpeg,200,183141,image/jpeg,dramas/653/original.jpg
653,y7yYKf,thumbnail,dramas/653/thumbnail.webp,image/webp,39026,09cf1de7de4b2efab4ce814bb4e26c45a4b0561de2bb8b0c7a9ec70313ae1999,39026,image/webp,200,39026,image/webp,dramas/653/original.jpg
654,4p2vdf,original,dramas/654/original.jpg,image/jpeg,90553,1f498e51fc038a8dd8b064e7ea3f2b97bf56f172d2a5d967beb709ed27abb634,90553,image/jpeg,200,90553,image/jpeg,dramas/654/original.jpg
654,4p2vdf,thumbnail,dramas/654/thumbnail.webp,image/webp,43274,6391a71cb223518fad1a90fbf1bcfb0e51bba06393133f428c71dccd1f743ad1,43274,image/webp,200,43274,image/webp,dramas/654/original.jpg
655,10XjQf,original,dramas/655/original.jpg,image/jpeg,85351,069fa63724121e4b2aaa87738eef9b400d32744cf348dfc8ca7570ab54ee8c4c,85351,image/jpeg,200,85351,image/jpeg,dramas/655/original.jpg
655,10XjQf,thumbnail,dramas/655/thumbnail.webp,image/webp,28044,10eb2069bf4be0a0f08ae7153e0e645f1f34d1fdb64becdee3fb2441c939d2c0,28044,image/webp,200,28044,image/webp,dramas/655/original.jpg
656,xQEdXf,original,dramas/656/original.jpg,image/jpeg,242287,eed29cdde428d77c41fc758ef969884a8dc243dad76a2c46f09737fa8dbb1057,242287,image/jpeg,200,242287,image/jpeg,dramas/656/original.jpg
656,xQEdXf,thumbnail,dramas/656/thumbnail.webp,image/webp,56732,96328fbc9cc485996918a2002ca4472bb516af83881bb097ac5ff95ae37458a1,56732,image/webp,200,56732,image/webp,dramas/656/original.jpg
657,enwzqf,original,dramas/657/original.jpg,image/jpeg,117408,d2c4184928799cb561b3f20e2f7c3f2017b84425a6c652d920cdf713e5503d1e,117408,image/jpeg,200,117408,image/jpeg,dramas/657/original.jpg
657,enwzqf,thumbnail,dramas/657/thumbnail.webp,image/webp,37762,8004e1b37253434c390e48a661f04ce0e4db0bed34b55ede4029cf8b01cdd787,37762,image/webp,200,37762,image/webp,dramas/657/original.jpg
658,qoQK2f,original,dramas/658/original.jpg,image/jpeg,62671,50e05d040cd18d108ed757c3eeeec4d28ad5254695bbf98639c373b82c41827f,62671,image/jpeg,200,62671,image/jpeg,dramas/658/original.jpg
658,qoQK2f,thumbnail,dramas/658/thumbnail.webp,image/webp,29000,77d9c1aa811722fac314e2c95e04117aec7f11af7257a701fc775912ec9b60ec,29000,image/webp,200,29000,image/webp,dramas/658/original.jpg
659,jXbgrf,original,dramas/659/original.jpg,image/jpeg,67168,01e5fef19471d77e9f55e4d294363dfdd856bddf897e5108e393dbf88e7686db,67168,image/jpeg,200,67168,image/jpeg,dramas/659/original.jpg
659,jXbgrf,thumbnail,dramas/659/thumbnail.webp,image/webp,20574,656c2c3d6d9cfeb0a3180031bd20e75fd0999f5bb0414d29dcbc9e6bc1d47310,20574,image/webp,200,20574,image/webp,dramas/659/original.jpg
660,rmv27f,original,dramas/660/original.jpg,image/jpeg,173758,a91065444b156e82c0a8606733edf5a0aa3fd618cb19fb4ed368c5836ab88df6,173758,image/jpeg,200,173758,image/jpeg,dramas/660/original.jpg
660,rmv27f,thumbnail,dramas/660/thumbnail.webp,image/webp,33074,3ab1ff046d6981f10ff8d8538ebcf2cf5fa7fbf258cb29dc80d293068a9b1dbf,33074,image/webp,200,33074,image/webp,dramas/660/original.jpg
661,BbKo6f,original,dramas/661/original.jpg,image/jpeg,158024,f941ad77ef137730ce374622eb9b3a009cf4f67b7f07add307c83684819df24e,158024,image/jpeg,200,158024,image/jpeg,dramas/661/original.jpg
661,BbKo6f,thumbnail,dramas/661/thumbnail.webp,image/webp,33330,8c59cf927a292d8636cade96aed17f8330974b0eeb8708d23559fa669eb4e061,33330,image/webp,200,33330,image/webp,dramas/661/original.jpg
662,dd1Ezf,original,dramas/662/original.jpg,image/jpeg,88171,fd7b8b77a782a71cdb7d1fec78d05f14664d97240c6c26bab6f9594ba9564b0a,88171,image/jpeg,200,88171,image/jpeg,dramas/662/original.jpg
662,dd1Ezf,thumbnail,dramas/662/thumbnail.webp,image/webp,19352,d2e0a02e35d0740177b13fbf9795be7663349a312ba77a335530d9f3b8f7f07f,19352,image/webp,200,19352,image/webp,dramas/662/original.jpg
663,XwOzqf,original,dramas/663/original.jpg,image/jpeg,84937,326f733f0863b7bf39085f1623fe7cfdc66f693c6687a28c25a53babb8793489,84937,image/jpeg,200,84937,image/jpeg,dramas/663/original.jpg
663,XwOzqf,thumbnail,dramas/663/thumbnail.webp,image/webp,34484,7b546b0e6f2e681a41dae8bd8de14572bd6312b0192094114ffb97c1a4dd77cc,34484,image/webp,200,34484,image/webp,dramas/663/original.jpg
664,VQRALf,original,dramas/664/original.jpg,image/jpeg,55550,30195b8165bbf55563158f1323a2be3964704864a721e69eb804f17ded35a375,55550,image/jpeg,200,55550,image/jpeg,dramas/664/original.jpg
664,VQRALf,thumbnail,dramas/664/thumbnail.webp,image/webp,24392,7b6136e88f715cc077de592145e1276539e929ea3f75830db2f51b48c5c4e865,24392,image/webp,200,24392,image/webp,dramas/664/original.jpg
665,ElxBWf,original,dramas/665/original.jpg,image/jpeg,139239,e5d07eae747a434b32855e359a0f2a9caab1ea7c47d1bbcc998caa29366cc3c6,139239,image/jpeg,200,139239,image/jpeg,dramas/665/original.jpg
665,ElxBWf,thumbnail,dramas/665/thumbnail.webp,image/webp,51110,7b4095c317ca22d6226a45fd891029c0595ae28fe50c165355f989229bb024eb,51110,image/webp,200,51110,image/webp,dramas/665/original.jpg
666,jlBjOf,original,dramas/666/original.jpg,image/jpeg,98685,3237f230093200292f698a545bfc0e99a7d3c4b7cd17648ddd1feaebeafeacff,98685,image/jpeg,200,98685,image/jpeg,dramas/666/original.jpg
666,jlBjOf,thumbnail,dramas/666/thumbnail.webp,image/webp,41978,b220f2150ca2553185101d916a3bfc6b14009c3e7aeab14403a370bb0de72f4b,41978,image/webp,200,41978,image/webp,dramas/666/original.jpg
667,XKdzpf,original,dramas/667/original.jpg,image/jpeg,138829,befaa0058f651d917251ce45adf206b6e42489d8d26f94282ddd5c30e33a35fa,138829,image/jpeg,200,138829,image/jpeg,dramas/667/original.jpg
667,XKdzpf,thumbnail,dramas/667/thumbnail.webp,image/webp,51534,2922a205c13bed83371f81c95093f808755d22da987b4f4c4697f5999f65e896,51534,image/webp,200,51534,image/webp,dramas/667/original.jpg
668,N75Yof,original,dramas/668/original.jpg,image/jpeg,119149,63d86dad7c5e0197485c44ed5486893734a20971a846c2bf81d028bbba76be0a,119149,image/jpeg,200,119149,image/jpeg,dramas/668/original.jpg
668,N75Yof,thumbnail,dramas/668/thumbnail.webp,image/webp,39168,03871bad53e659b8f337273dd2d3a5e7f56015ad8bcc75ee3e8ba288e4f0d669,39168,image/webp,200,39168,image/webp,dramas/668/original.jpg
669,WmXwXf,original,dramas/669/original.jpg,image/jpeg,124418,2de15826f5382a34c56621f0824c03e7a525c6ba500c1410c695e4022741630c,124418,image/jpeg,200,124418,image/jpeg,dramas/669/original.jpg
669,WmXwXf,thumbnail,dramas/669/thumbnail.webp,image/webp,30668,9346b2be99109a4e7722db4b9d55f21a2d7d72ec36a7518e54a9fd2f6e336ea0,30668,image/webp,200,30668,image/webp,dramas/669/original.jpg
670,qvEV8_4f,original,dramas/670/original.jpg,image/jpeg,167983,a8415538926f6410073902711816f985d39be6074fb874df39adc79dcb7e58c6,167983,image/jpeg,200,167983,image/jpeg,dramas/670/original.jpg
670,qvEV8_4f,thumbnail,dramas/670/thumbnail.webp,image/webp,30696,7c729343b390002037951dfd5347a588923500ac743984bff3a4e659a38989b7,30696,image/webp,200,30696,image/webp,dramas/670/original.jpg
671,2xvrEf,original,dramas/671/original.jpg,image/jpeg,148298,d934e4d1dee3e8fe8ad60eff97df8fb80221cc86ecdeb95aa7dd35b9925d8d60,148298,image/jpeg,200,148298,image/jpeg,dramas/671/original.jpg
671,2xvrEf,thumbnail,dramas/671/thumbnail.webp,image/webp,27796,2c77f77802a903baf6fc037e42d7099f5a9291f326ba6ff59717aa6cc176fd4c,27796,image/webp,200,27796,image/webp,dramas/671/original.jpg
672,0brEKf,original,dramas/672/original.jpg,image/jpeg,200538,6b7e76ddff4fc6f2a2394a1dcf0250308b67291038fe54ca5db412f1926cfb02,200538,image/jpeg,200,200538,image/jpeg,dramas/672/original.jpg
672,0brEKf,thumbnail,dramas/672/thumbnail.webp,image/webp,42636,c1dba6c526570fb40d8bf0d3ed215d4778bd00f00efaebe1f9d0b1303cd47f6b,42636,image/webp,200,42636,image/webp,dramas/672/original.jpg
673,dvv3Kf,original,dramas/673/original.jpg,image/jpeg,72347,624c8e893d65245bbcfcbf817de663dc9e135500ebbe8c79e75d2ca6f954d8df,72347,image/jpeg,200,72347,image/jpeg,dramas/673/original.jpg
673,dvv3Kf,thumbnail,dramas/673/thumbnail.webp,image/webp,27956,872dac7726ba9fb69d35ccf5e457ede94d72797c8dc15c6cdb3d96c8c6ebc65d,27956,image/webp,200,27956,image/webp,dramas/673/original.jpg
674,0pkwNf,original,dramas/674/original.jpg,image/jpeg,108621,144c2da94ba0a2fd046eb7a5b034e4796612f234d2607e405ec83c24e4f7c800,108621,image/jpeg,200,108621,image/jpeg,dramas/674/original.jpg
674,0pkwNf,thumbnail,dramas/674/thumbnail.webp,image/webp,53406,3920934b39cf8a981d83a557074dc08e8807e9ba618e37b8eebcf32a10f56d26,53406,image/webp,200,53406,image/webp,dramas/674/original.jpg
675,jl6Wrf,original,dramas/675/original.jpg,image/jpeg,100476,46ce3236f6eb45e58709c1e5c278d900b0251d87741cb10e35f18b74bc17e8ef,100476,image/jpeg,200,100476,image/jpeg,dramas/675/original.jpg
675,jl6Wrf,thumbnail,dramas/675/thumbnail.webp,image/webp,40772,102e9a18b04ebf2a77a6522cccab9909a5b94430bf2cbdb63f43be99e70d937e,40772,image/webp,200,40772,image/webp,dramas/675/original.jpg
676,qOk3Df,original,dramas/676/original.jpg,image/jpeg,329976,b4347088854c6b5fad14d7226aa79a717d3ffc3960930dcf2148c7e4e1818926,329976,image/jpeg,200,329976,image/jpeg,dramas/676/original.jpg
676,qOk3Df,thumbnail,dramas/676/thumbnail.webp,image/webp,69346,04e460400ef7fdc8beaa15fb1e14f6d2ad6b2ed92ba903d21a43f90fce10a35c,69346,image/webp,200,69346,image/webp,dramas/676/original.jpg
677,E24zpf,original,dramas/677/original.jpg,image/jpeg,117603,2f28af1c9f1b1b10a065828a735b5f17bff7b021a0361802d9d18ec67b6fe0e2,117603,image/jpeg,200,117603,image/jpeg,dramas/677/original.jpg
677,E24zpf,thumbnail,dramas/677/thumbnail.webp,image/webp,32480,474029bc1a9d72f9dc71c175d4b9bfb676c5fd74f3ee022f456298303bbfbecb,32480,image/webp,200,32480,image/webp,dramas/677/original.jpg
678,NdAzWf,original,dramas/678/original.jpg,image/jpeg,211379,6ad589b0c68884d79d4dad665e39f70c757dc6e164e2e978ec0bcba8ceefcbeb,211379,image/jpeg,200,211379,image/jpeg,dramas/678/original.jpg
678,NdAzWf,thumbnail,dramas/678/thumbnail.webp,image/webp,59604,336285102e54be549ba6d95b04ceea440df478dd1355aa0064d5636100a353b6,59604,image/webp,200,59604,image/webp,dramas/678/original.jpg
679,kbQdr_4f,original,dramas/679/original.jpg,image/jpeg,234802,948b16d157f69af977c55e5ca6d4104b0e2ae7593814ea5fd6b4b81748095304,234802,image/jpeg,200,234802,image/jpeg,dramas/679/original.jpg
679,kbQdr_4f,thumbnail,dramas/679/thumbnail.webp,image/webp,51400,fa0d69166baa923d95c9626cb7ef3c2b08c6bd8f699fc6774b19288e5b427484,51400,image/webp,200,51400,image/webp,dramas/679/original.jpg
680,j8EJzf,original,dramas/680/original.jpg,image/jpeg,40559,bacb913f760f33f1a774f71cb992e3b4e2007f951072dde0dae43c36c6d81835,40559,image/jpeg,200,40559,image/jpeg,dramas/680/original.jpg
680,j8EJzf,thumbnail,dramas/680/thumbnail.webp,image/webp,10148,b4bd94ebd56c1e6a7305ef0b80b109061662e728e0379ca993734f03db824e60,10148,image/webp,200,10148,image/webp,dramas/680/original.jpg
681,1qvQyf,original,dramas/681/original.jpg,image/jpeg,355355,73b4c82ebd9af7a461571f33bc2a140e095553a5462a8f5f09aa8167acc0a90a,355355,image/jpeg,200,355355,image/jpeg,dramas/681/original.jpg
681,1qvQyf,thumbnail,dramas/681/thumbnail.webp,image/webp,72124,3330f873d496f0ba9077a1d778d3b5cdd2630ef5a961bfd254592f1f858987d5,72124,image/webp,200,72124,image/webp,dramas/681/original.jpg
682,b3nWEf,original,dramas/682/original.jpg,image/jpeg,147543,9b5cc82abf95758a4b353f6a3230dedf02468edc6366898c15aa54af5dea0e7e,147543,image/jpeg,200,147543,image/jpeg,dramas/682/original.jpg
682,b3nWEf,thumbnail,dramas/682/thumbnail.webp,image/webp,36676,eee836370c1e2077e6489a8f0ae0709b9d8b330d2498f1632be5f3c9a74f21d9,36676,image/webp,200,36676,image/webp,dramas/682/original.jpg
683,kOpKmf,original,dramas/683/original.jpg,image/jpeg,291546,a9a4af7dc420dc543e416cea2836dc859d5514d0c8b1046ad8a45956aa6945e8,291546,image/jpeg,200,291546,image/jpeg,dramas/683/original.jpg
683,kOpKmf,thumbnail,dramas/683/thumbnail.webp,image/webp,78634,d4a1cd1a149e6e876895ddbe42b27d160ca5083bf34fcc897e0c05c50654bf20,78634,image/webp,200,78634,image/webp,dramas/683/original.jpg
684,X4Q3qf,original,dramas/684/original.jpg,image/jpeg,335076,0ffbace0aee247541761bb9c784b4265d7d440d129383ae9f2267905eb1fdf1f,335076,image/jpeg,200,335076,image/jpeg,dramas/684/original.jpg
684,X4Q3qf,thumbnail,dramas/684/thumbnail.webp,image/webp,94892,cd0298249cf2764496ca298a6bf826ac2de4928ed955e879fb47d2ba041dafa7,94892,image/webp,200,94892,image/webp,dramas/684/original.jpg
685,r5kLy_4f,original,dramas/685/original.jpg,image/jpeg,328591,f68aa03e37afc59750cb6712d5a5845c4be78b55c1d8eae56e1f36ae356d1a07,328591,image/jpeg,200,328591,image/jpeg,dramas/685/original.jpg
685,r5kLy_4f,thumbnail,dramas/685/thumbnail.webp,image/webp,78536,2d75cc228fbddd7bb5947d1c5a884103db4391231ec2c337bf169aab1224c6c9,78536,image/webp,200,78536,image/webp,dramas/685/original.jpg
686,6pDbOf,original,dramas/686/original.jpg,image/jpeg,84999,30e25ac6c450cacfba5518c7c7fae7a708473483fda6b519862b66c8180c2df3,84999,image/jpeg,200,84999,image/jpeg,dramas/686/original.jpg
686,6pDbOf,thumbnail,dramas/686/thumbnail.webp,image/webp,55174,fa11539295d696948f0e6a6c75e41ef96d87254ddfa267ecbd6528671cda2160,55174,image/webp,200,55174,image/webp,dramas/686/original.jpg
687,BxZxbf,original,dramas/687/original.jpg,image/jpeg,290222,94a3d1ce959e0f20d731a4e709fcc2b9e5f2edec0156ccd9432f5482c5da03ab,290222,image/jpeg,200,290222,image/jpeg,dramas/687/original.jpg
687,BxZxbf,thumbnail,dramas/687/thumbnail.webp,image/webp,81684,2f926c56a750639af7d2b67f95e25a5897d79cdfc66cc42a26c78dd46fd6698d,81684,image/webp,200,81684,image/webp,dramas/687/original.jpg
688,23k3Of,original,dramas/688/original.jpg,image/jpeg,114760,fb602373dce9e010dbc19059486dd175430d2fcbbe3a5e6bcc3ea2fbbc69f637,114760,image/jpeg,200,114760,image/jpeg,dramas/688/original.jpg
688,23k3Of,thumbnail,dramas/688/thumbnail.webp,image/webp,30460,ca51222a6740924c4c9b3b725a41245fa6a30a34036f5b7ca563e768875410af,30460,image/webp,200,30460,image/webp,dramas/688/original.jpg
689,RNoko_4f,original,dramas/689/original.jpg,image/jpeg,273711,4223c11bd7a351e5850be21dd97a371c98fb29c23b1078c6e4570e1c2f583480,273711,image/jpeg,200,273711,image/jpeg,dramas/689/original.jpg
689,RNoko_4f,thumbnail,dramas/689/thumbnail.webp,image/webp,53580,51f3428a0fe7369bd99f0881f82feefdd66e65f2fe153aaf0aa5d90c1638fa3a,53580,image/webp,200,53580,image/webp,dramas/689/original.jpg
690,QNqYgf,original,dramas/690/original.jpg,image/jpeg,141145,248763698d724beb6843ca762466af2abfc018656a7e169dfeb6863b193ce043,141145,image/jpeg,200,141145,image/jpeg,dramas/690/original.jpg
690,QNqYgf,thumbnail,dramas/690/thumbnail.webp,image/webp,24104,6f92e412b7d38baf9ae86c2260c96ba45900b0af689d761a139ef95be3c487c9,24104,image/webp,200,24104,image/webp,dramas/690/original.jpg
691,xy8oq_4f,original,dramas/691/original.jpg,image/jpeg,169003,3c3491a1c7e8c995571956bb4189eb37c46d6a6b213d2034f379f47f52a2c557,169003,image/jpeg,200,169003,image/jpeg,dramas/691/original.jpg
691,xy8oq_4f,thumbnail,dramas/691/thumbnail.webp,image/webp,36842,333c5c77c0ede9b7ace60b7391895f774469ff84309b7e7e4c430c57fcee65e5,36842,image/webp,200,36842,image/webp,dramas/691/original.jpg
692,8Y4q2f,original,dramas/692/original.jpg,image/jpeg,131022,a1e935cd187392cd2ecb78d6f29e72b0b094fa0b942466ecb55b85af882cb03e,131022,image/jpeg,200,131022,image/jpeg,dramas/692/original.jpg
692,8Y4q2f,thumbnail,dramas/692/thumbnail.webp,image/webp,50440,b853c51d215a2068115ada4c2f49566e883de2dfc6d1309a1672515ade35bd62,50440,image/webp,200,50440,image/webp,dramas/692/original.jpg
693,XwLgwf,original,dramas/693/original.jpg,image/jpeg,76371,f04fecf3d153be08acce67ca89f5a6b6dfe93a34799df4a4750ca143857c286a,76371,image/jpeg,200,76371,image/jpeg,dramas/693/original.jpg
693,XwLgwf,thumbnail,dramas/693/thumbnail.webp,image/webp,29388,2586c034ec9e0ce78d9355284c2d816f0f07dad1c523bb281cd524da11b0f5d3,29388,image/webp,200,29388,image/webp,dramas/693/original.jpg
694,1LOk5f,original,dramas/694/original.jpg,image/jpeg,173362,4246f265bd99f3c8e1c38463509ae40298e6ce9c6b18528a1e96b1284959da3e,173362,image/jpeg,200,173362,image/jpeg,dramas/694/original.jpg
694,1LOk5f,thumbnail,dramas/694/thumbnail.webp,image/webp,37732,b62ff6e9c1090b1258a92c1b811b76e1542fc0365d6f85c4166731bb751d641d,37732,image/webp,200,37732,image/webp,dramas/694/original.jpg
695,1pp55f,original,dramas/695/original.jpg,image/jpeg,155983,ce912fcb563a369a5b2c321a74b570100f4ae5f093b5f2a9100fb67e33e00525,155983,image/jpeg,200,155983,image/jpeg,dramas/695/original.jpg
695,1pp55f,thumbnail,dramas/695/thumbnail.webp,image/webp,45062,878bd50d19116f0e344b63aaebc441d1cf5928134f20a7dfb3c9cb2014985236,45062,image/webp,200,45062,image/webp,dramas/695/original.jpg
696,pkYVbf,original,dramas/696/original.jpg,image/jpeg,189410,0c10a84857620e919933c0df5ea4046ef9e6978909c725dbc7c9ae00a8511eea,189410,image/jpeg,200,189410,image/jpeg,dramas/696/original.jpg
696,pkYVbf,thumbnail,dramas/696/thumbnail.webp,image/webp,61872,c0822842190a47b738604a958b244a3686766f1ca78ec4662c97f158e13cbbd3,61872,image/webp,200,61872,image/webp,dramas/696/original.jpg
697,27Ry2f,original,dramas/697/original.jpg,image/jpeg,44938,57918dea5c6de97c35e6af93042f5c2f6fa08cd267379f6ef8661def5fbaec72,44938,image/jpeg,200,44938,image/jpeg,dramas/697/original.jpg
697,27Ry2f,thumbnail,dramas/697/thumbnail.webp,image/webp,21584,a9c1a5c45fa0c671f9c46d174c61fca1382a1c9d81fa82a703a4dd33b1aac5a2,21584,image/webp,200,21584,image/webp,dramas/697/original.jpg
698,wl01kf,original,dramas/698/original.jpg,image/jpeg,224780,3acf4d2b157a14f9540b191eedac72869eff39f0b1f3af3f840e38cbf462e952,224780,image/jpeg,200,224780,image/jpeg,dramas/698/original.jpg
698,wl01kf,thumbnail,dramas/698/thumbnail.webp,image/webp,43848,ab4278749ebab4b881f2607b845be51cc8fccde75e46ff40015605f8d9257f57,43848,image/webp,200,43848,image/webp,dramas/698/original.jpg
699,Bb1RRf,original,dramas/699/original.jpg,image/jpeg,105515,e92c5f82691ca5d72269fc8990ac241b849834fed17290f11f6d86d0d6817038,105515,image/jpeg,200,105515,image/jpeg,dramas/699/original.jpg
699,Bb1RRf,thumbnail,dramas/699/thumbnail.webp,image/webp,52686,779f3e0826db83eae03ff7b26d32f4d534612a4888686db9a4bde2d971719533,52686,image/webp,200,52686,image/webp,dramas/699/original.jpg
700,kJKvkf,original,dramas/700/original.jpg,image/jpeg,98888,5035117eb122b50c01c14d665c673d129009cefe98cc3865384068ef460bbdbf,98888,image/jpeg,200,98888,image/jpeg,dramas/700/original.jpg
700,kJKvkf,thumbnail,dramas/700/thumbnail.webp,image/webp,43596,daa1f892ee449856a426317f4357070c63e105edfe2dd277ec9ab2b62ae15265,43596,image/webp,200,43596,image/webp,dramas/700/original.jpg
701,Bx3NAf,original,dramas/701/original.jpg,image/jpeg,119130,9d39ea818e2ce30e1c216bda144574ba6894b590c3f3efd1594e88f7885bdf24,119130,image/jpeg,200,119130,image/jpeg,dramas/701/original.jpg
701,Bx3NAf,thumbnail,dramas/701/thumbnail.webp,image/webp,29758,80b262dd9f8a16276c97dd7421f6dd93a7d077688e03b8c232a417ec18bc6116,29758,image/webp,200,29758,image/webp,dramas/701/original.jpg
702,aDvOpf,original,dramas/702/original.jpg,image/jpeg,83028,9b84cb8e5c33cf301015689e81c734e8821d7335423c0d96bb6c367b3887fb75,83028,image/jpeg,200,83028,image/jpeg,dramas/702/original.jpg
702,aDvOpf,thumbnail,dramas/702/thumbnail.webp,image/webp,59266,396f1e8a46e0280683056851fbe83f4c5c3d64cdf8ff480a959be58a25a487ff,59266,image/webp,200,59266,image/webp,dramas/702/original.jpg
703,eEkppf,original,dramas/703/original.jpg,image/jpeg,69595,08dd17b38817fb40a53f1be8d56d77443d21cd2ce9cfa9349ba575868ee7d9f2,69595,image/jpeg,200,69595,image/jpeg,dramas/703/original.jpg
703,eEkppf,thumbnail,dramas/703/thumbnail.webp,image/webp,41400,b6fce12ed4c34673fe9d7b6269a336782f18fbd3caf4491a060c4af26ef596a2,41400,image/webp,200,41400,image/webp,dramas/703/original.jpg
704,1pdJ7f,original,dramas/704/original.jpg,image/jpeg,81847,48fe521dd51df908f72edb8be4f845950308fda61ec232d8b3f4dd490c7da657,81847,image/jpeg,200,81847,image/jpeg,dramas/704/original.jpg
704,1pdJ7f,thumbnail,dramas/704/thumbnail.webp,image/webp,19910,f75f02be2137be4a5c7261260e0ff7ab4e2a878a44b192a459f705fe65d09689,19910,image/webp,200,19910,image/webp,dramas/704/original.jpg
705,4D56rf,original,dramas/705/original.jpg,image/jpeg,162756,7bf932da8379cf56e5473dd71050f826722caded1be35d02d426ab2a63168a12,162756,image/jpeg,200,162756,image/jpeg,dramas/705/original.jpg
705,4D56rf,thumbnail,dramas/705/thumbnail.webp,image/webp,30628,a2f68e3475ea3d430db1f0edbfb4a3f323553a114eecf5719c288af07389bd82,30628,image/webp,200,30628,image/webp,dramas/705/original.jpg
706,wwpb1f,original,dramas/706/original.jpg,image/jpeg,67279,eb5d3e91641eb2ae1d8936eb53a2ddc977ef1710139de4588b5bfbf514b7a42a,67279,image/jpeg,200,67279,image/jpeg,dramas/706/original.jpg
706,wwpb1f,thumbnail,dramas/706/thumbnail.webp,image/webp,18024,9eb39e36fc5045ad7e5770a5a89f6a1c243d8745102864be66ea448dd34b95a7,18024,image/webp,200,18024,image/webp,dramas/706/original.jpg
707,6o4N2f,original,dramas/707/original.jpg,image/jpeg,165310,2b2f94b9841e2e06316a2bdc1067b9ff66e80cbf0470723a4e778b3f0c1e0979,165310,image/jpeg,200,165310,image/jpeg,dramas/707/original.jpg
707,6o4N2f,thumbnail,dramas/707/thumbnail.webp,image/webp,44536,fe356c6877cfda01d2fa49a1d3476e12c8a54f4646c7ebf96e7fb7e70f2271a7,44536,image/webp,200,44536,image/webp,dramas/707/original.jpg
708,23m6wf,original,dramas/708/original.jpg,image/jpeg,256548,dc24eb485c7d009ea4d23b559688a46e51635f46fe50db43ee5fbef144ace351,256548,image/jpeg,200,256548,image/jpeg,dramas/708/original.jpg
708,23m6wf,thumbnail,dramas/708/thumbnail.webp,image/webp,56218,5c8509ba69010237b87001f87c6d840609935d06719cb5d28c2e126c6d344387,56218,image/webp,200,56218,image/webp,dramas/708/original.jpg
709,pWmJBf,original,dramas/709/original.jpg,image/jpeg,169263,e6f63d34e2323c687b92a0f14a0e29df2b75ce6d3ce35d27e06fa12b5141f126,169263,image/jpeg,200,169263,image/jpeg,dramas/709/original.jpg
709,pWmJBf,thumbnail,dramas/709/thumbnail.webp,image/webp,49450,e54d14bdf4fec7b5ea2b9126622341e07fd80a7e163c583523419fc53f0af46c,49450,image/webp,200,49450,image/webp,dramas/709/original.jpg
710,GQny6f,original,dramas/710/original.jpg,image/jpeg,65985,ce2c191f94c33ac7ff0b521731b62f654ed9f5727e1af3243f593089ef541cc3,65985,image/jpeg,200,65985,image/jpeg,dramas/710/original.jpg
710,GQny6f,thumbnail,dramas/710/thumbnail.webp,image/webp,47114,c47fa20ded946ed5c34658e727f77fce62865243e0aded9a64b0b4470be5c1a8,47114,image/webp,200,47114,image/webp,dramas/710/original.jpg
711,9m4kaf,original,dramas/711/original.jpg,image/jpeg,44230,f6324e0427e678d4f8aa3c842c44abcabd842453d9775bc7bc3798fa8dfdf397,44230,image/jpeg,200,44230,image/jpeg,dramas/711/original.jpg
711,9m4kaf,thumbnail,dramas/711/thumbnail.webp,image/webp,26134,4f940c25a401e59f7e477a929e02778a6cf8f446037c4dec24dafcca19c7c42f,26134,image/webp,200,26134,image/webp,dramas/711/original.jpg
712,eoD8Wf,original,dramas/712/original.jpg,image/jpeg,192417,fcc46d8a461f3c93e60ab44715ffef1430a81bc48edeca2079cf541dbe7fb583,192417,image/jpeg,200,192417,image/jpeg,dramas/712/original.jpg
712,eoD8Wf,thumbnail,dramas/712/thumbnail.webp,image/webp,44516,996beee6fbc7b912a84bda9bc9513f3956c8011c98f30df89b8de34e97b11639,44516,image/webp,200,44516,image/webp,dramas/712/original.jpg
713,vOkvgf,original,dramas/713/original.jpg,image/jpeg,250765,38d54b9761f71af97238c603aabfdf5f3b98d1c3a6d1d190f73a00d3af9982c7,250765,image/jpeg,200,250765,image/jpeg,dramas/713/original.jpg
713,vOkvgf,thumbnail,dramas/713/thumbnail.webp,image/webp,57738,4f677c3f2dc35246ccdf3337b0f823450780b5692dc6a058d724aca74ca28d1d,57738,image/webp,200,57738,image/webp,dramas/713/original.jpg
714,RXo6E_4f,original,dramas/714/original.jpg,image/jpeg,175921,199ca138268a626e2bd05dafd6ed80171668bb7aa4e423717b72663df23168c8,175921,image/jpeg,200,175921,image/jpeg,dramas/714/original.jpg
714,RXo6E_4f,thumbnail,dramas/714/thumbnail.webp,image/webp,31762,644b1b3d29b65d2e912a747320e95e90bad02ca9ddf48458f6f2780360ddebfe,31762,image/webp,200,31762,image/webp,dramas/714/original.jpg
715,B3yVzf,original,dramas/715/original.jpg,image/jpeg,335811,c6b9d270f038f704001f65bab00f42731621134ca211fd3cc5567ce8eea3db45,335811,image/jpeg,200,335811,image/jpeg,dramas/715/original.jpg
715,B3yVzf,thumbnail,dramas/715/thumbnail.webp,image/webp,67360,20340a8fa43f5017d1ed404bb878c2552bd250b1cd48effeedc525e1b1454ffa,67360,image/webp,200,67360,image/webp,dramas/715/original.jpg
716,qbkg0f,original,dramas/716/original.jpg,image/jpeg,129966,5dff65f23a92cc56ae9b3d68b320ef3988c5e7cf08e3132af9c2d4ec48101ff6,129966,image/jpeg,200,129966,image/jpeg,dramas/716/original.jpg
716,qbkg0f,thumbnail,dramas/716/thumbnail.webp,image/webp,48804,afe8c8a82264f8b306a231e465e40a84fa58d2e2b7083b96c6e016fdfc30cd3d,48804,image/webp,200,48804,image/webp,dramas/716/original.jpg
717,1q1ORf,original,dramas/717/original.jpg,image/jpeg,115771,baeaebb30196da17e40dae2bfe57c9bd946eabde2553d89004c636c0dbbdfa3f,115771,image/jpeg,200,115771,image/jpeg,dramas/717/original.jpg
717,1q1ORf,thumbnail,dramas/717/thumbnail.webp,image/webp,30368,885768ec740c5575840725c7da5ee3cb91ecf0e8c4942c202c06c64acf9da356,30368,image/webp,200,30368,image/webp,dramas/717/original.jpg
718,GNvlEf,original,dramas/718/original.jpg,image/jpeg,46476,364fc5e2d9a281ac4e8f166f456078fb56c14fb1b3cfd3e0b730f4d6d1aa69c0,46476,image/jpeg,200,46476,image/jpeg,dramas/718/original.jpg
718,GNvlEf,thumbnail,dramas/718/thumbnail.webp,image/webp,27038,cc1f740dfc049c04ec3fc5ea8354e7a4fdb9feb84bbdce51ba74b2ddb914c678,27038,image/webp,200,27038,image/webp,dramas/718/original.jpg
719,qY5jDf,original,dramas/719/original.jpg,image/jpeg,99912,a39953845d99ca2f40dcee9878a5db27e53e0a237b4798f316b975170b1433fe,99912,image/jpeg,200,99912,image/jpeg,dramas/719/original.jpg
719,qY5jDf,thumbnail,dramas/719/thumbnail.webp,image/webp,41850,953c2eabc915443fb14610c4cab84cbede880d0926fc07d8bb36184f38f41a91,41850,image/webp,200,41850,image/webp,dramas/719/original.jpg
720,g0wylo_4f,original,dramas/720/original.jpg,image/jpeg,220260,cd6b81a6c3d128a0f2af9628fc3c8e15bfbea2366194a28aaaf966a84a579022,220260,image/jpeg,200,220260,image/jpeg,dramas/720/original.jpg
720,g0wylo_4f,thumbnail,dramas/720/thumbnail.webp,image/webp,43618,92089c7a036ac6f66209793280d699b00f045e24ef7c4d2472b239ae11c16c5b,43618,image/webp,200,43618,image/webp,dramas/720/original.jpg
721,6zoDX_4f,original,dramas/721/original.jpg,image/jpeg,138014,711602a9ea659a8309031b5603296d10b982ec6debdc737f82f9e45b3ceb27cb,138014,image/jpeg,200,138014,image/jpeg,dramas/721/original.jpg
721,6zoDX_4f,thumbnail,dramas/721/thumbnail.webp,image/webp,52584,29a20cb86a27d8cbda73e034c917a811bac82dfc317046b8d759c3f83371ea97,52584,image/webp,200,52584,image/webp,dramas/721/original.jpg
722,WPB3lf,original,dramas/722/original.jpg,image/jpeg,125609,73bc1b3acffd98a3e2f7dbb19f3a014165c3a604b2d73d4dc3bb0600b90f7f32,125609,image/jpeg,200,125609,image/jpeg,dramas/722/original.jpg
722,WPB3lf,thumbnail,dramas/722/thumbnail.webp,image/webp,32984,16efaba1d733155a65d8e305e592c6a77914d0cc7292269d82c041fd7886b59a,32984,image/webp,200,32984,image/webp,dramas/722/original.jpg
723,RXXL6_4f,original,dramas/723/original.jpg,image/jpeg,154139,34ece445d68329c0339177c530dcd87548259733ee43b3b6a717a8a104006001,154139,image/jpeg,200,154139,image/jpeg,dramas/723/original.jpg
723,RXXL6_4f,thumbnail,dramas/723/thumbnail.webp,image/webp,34512,ffb4d1839e33cc1e9cb44e983535caa39e4311f282a16c0ade72dae53eba2509,34512,image/webp,200,34512,image/webp,dramas/723/original.jpg
724,rOQA2f,original,dramas/724/original.jpg,image/jpeg,182698,55856b6e23d82fad513db63fa10b94a5b97f52731d11abea1a6126727d6437ec,182698,image/jpeg,200,182698,image/jpeg,dramas/724/original.jpg
724,rOQA2f,thumbnail,dramas/724/thumbnail.webp,image/webp,49732,2b604d08adefc2eb7889060c73ab14c7a51b99a1ef5833200dceeacfea6ff469,49732,image/webp,200,49732,image/webp,dramas/724/original.jpg
725,EVJB5_4f,original,dramas/725/original.jpg,image/jpeg,163028,72f98ec7be44445919eb73b6911dde60561738d59075c637323e721e43fd7a58,163028,image/jpeg,200,163028,image/jpeg,dramas/725/original.jpg
725,EVJB5_4f,thumbnail,dramas/725/thumbnail.webp,image/webp,31236,e98d0db57db796b49b57cb0130acdb6b4def8d35c9fb5d331c1faa6ecc2de02b,31236,image/webp,200,31236,image/webp,dramas/725/original.jpg
726,2wgzdf,original,dramas/726/original.jpg,image/jpeg,95526,400b6725a37cf162e6b6f8c3c6c1b7769cc6c05182362da176dd3db0b3a61480,95526,image/jpeg,200,95526,image/jpeg,dramas/726/original.jpg
726,2wgzdf,thumbnail,dramas/726/thumbnail.webp,image/webp,25226,a5cc5284258a6128541a852243f698532142f30d6c378246d94d524be15036eb,25226,image/webp,200,25226,image/webp,dramas/726/original.jpg
727,0Ak7Yf,original,dramas/727/original.jpg,image/jpeg,87545,e41a2592c34ee784e833db5996a9b827985b213974998d36f6abeaf00d432c81,87545,image/jpeg,200,87545,image/jpeg,dramas/727/original.jpg
727,0Ak7Yf,thumbnail,dramas/727/thumbnail.webp,image/webp,59196,946e6d96403872348d78bb49968658e82ffa582f13007e7e4adcf527ca8a63ec,59196,image/webp,200,59196,image/webp,dramas/727/original.jpg
728,zNbw7f,original,dramas/728/original.jpg,image/jpeg,216852,297518b72138032b247d1fe5a70d91d26296c69adbc213596ea97e97bf6de63f,216852,image/jpeg,200,216852,image/jpeg,dramas/728/original.jpg
728,zNbw7f,thumbnail,dramas/728/thumbnail.webp,image/webp,51828,a439349efb1e4be68f9da02e5a8c82a52f550974c2647e248ef11d52e412d7db,51828,image/webp,200,51828,image/webp,dramas/728/original.jpg
729,GwlBAf,original,dramas/729/original.jpg,image/jpeg,61905,37df390717446c7fd0e9f5cf95586ac3d5926ee4fa5c26025ec898229cf6ad71,61905,image/jpeg,200,61905,image/jpeg,dramas/729/original.jpg
729,GwlBAf,thumbnail,dramas/729/thumbnail.webp,image/webp,40390,4cd62e21e0a40579c196ba58b3dec01e19d2f54c83c3381e91db773787907ae9,40390,image/webp,200,40390,image/webp,dramas/729/original.jpg
730,ab07Vf,original,dramas/730/original.jpg,image/jpeg,57411,c0d4db551daacc5d7e27c5a1b71d9ffc6a195eb55bcbc04c7cb16ac0b49fa955,57411,image/jpeg,200,57411,image/jpeg,dramas/730/original.jpg
730,ab07Vf,thumbnail,dramas/730/thumbnail.webp,image/webp,34816,bf268420364f65ad134faa7c94d054d8d2bb22d4be3d6cc0d9647dabe5a9ad2d,34816,image/webp,200,34816,image/webp,dramas/730/original.jpg
731,kWkAgf,original,dramas/731/original.jpg,image/jpeg,222118,0171c757339070de6d9d10becb6769043f274eb6b3c9309d6630f62e488da29b,222118,image/jpeg,200,222118,image/jpeg,dramas/731/original.jpg
731,kWkAgf,thumbnail,dramas/731/thumbnail.webp,image/webp,45996,b41f1e6534a41eec13e6f76e99e048f5462a0e108964bafa2fceb82919139271,45996,image/webp,200,45996,image/webp,dramas/731/original.jpg
732,GPR38f,original,dramas/732/original.jpg,image/jpeg,112684,d2894c28a1f43312be11d4cd1ad35ffda7a105d7e5428ac13b3e7a0bd663e7a4,112684,image/jpeg,200,112684,image/jpeg,dramas/732/original.jpg
732,GPR38f,thumbnail,dramas/732/thumbnail.webp,image/webp,52738,79d676351af4b19820bf029fd363d26aa80cf841f6ae825afa5c0f8c08e7682a,52738,image/webp,200,52738,image/webp,dramas/732/original.jpg
733,M36eGf,original,dramas/733/original.jpg,image/jpeg,50347,ef76b0af49195d866d64e1846b5ef23ceecce72cb374ebca4df37d98c8717189,50347,image/jpeg,200,50347,image/jpeg,dramas/733/original.jpg
733,M36eGf,thumbnail,dramas/733/thumbnail.webp,image/webp,30540,b500302b1d971b351f9d81335abf596780ccadff43c5a0a560c20bbefdf859f0,30540,image/webp,200,30540,image/webp,dramas/733/original.jpg
734,2g4yWf,original,dramas/734/original.jpg,image/jpeg,116254,84212297f51650a401f0dfe7c9317ed153f831016582862ca86a6d6db895917d,116254,image/jpeg,200,116254,image/jpeg,dramas/734/original.jpg
734,2g4yWf,thumbnail,dramas/734/thumbnail.webp,image/webp,46012,a67b8a93926fae1276890c72145776c89473d6c83e059768630930f7781610de,46012,image/webp,200,46012,image/webp,dramas/734/original.jpg
735,2OEvwf,original,dramas/735/original.jpg,image/jpeg,91304,66f502c5e9134865bf5264199de903b6bfa5cb1c2d3f5de31f528665b2c43200,91304,image/jpeg,200,91304,image/jpeg,dramas/735/original.jpg
735,2OEvwf,thumbnail,dramas/735/thumbnail.webp,image/webp,40364,10309c772b5174babbf4674c3b6bfe1435c789cd34919536df0dd01640fc4176,40364,image/webp,200,40364,image/webp,dramas/735/original.jpg
736,b30NEf,original,dramas/736/original.jpg,image/jpeg,277958,a8f78c5f64a3bb565f5684830cee8ded9c71fec2fdb95d414b5d8015d7f70f4c,277958,image/jpeg,200,277958,image/jpeg,dramas/736/original.jpg
736,b30NEf,thumbnail,dramas/736/thumbnail.webp,image/webp,70390,d320ebe09d39183514e44d9afa12f0cdec127483649512dafb33336ba50b5a66,70390,image/webp,200,70390,image/webp,dramas/736/original.jpg
737,6oYpXf,original,dramas/737/original.jpg,image/jpeg,114752,a7d834211a73b15f8739ef39ac4a599a626c796c62e785a9360a889c19be61f9,114752,image/jpeg,200,114752,image/jpeg,dramas/737/original.jpg
737,6oYpXf,thumbnail,dramas/737/thumbnail.webp,image/webp,69516,5808f4a69fc59f4d5b144770157ea053b3235ead441e66cba336c6bc698808a2,69516,image/webp,200,69516,image/webp,dramas/737/original.jpg
738,966P9f,original,dramas/738/original.jpg,image/jpeg,71579,536f5c8904cc2741f9d3e40a6f8ed1e3aeeb80698c2c8cca91a285f8783fd516,71579,image/jpeg,200,71579,image/jpeg,dramas/738/original.jpg
738,966P9f,thumbnail,dramas/738/thumbnail.webp,image/webp,48240,d6af9d68e2ac7ad6bc2bc25e3a91a649438cea85372221c48dd3201b1c8fc2b9,48240,image/webp,200,48240,image/webp,dramas/738/original.jpg
739,927qdf,original,dramas/739/original.jpg,image/jpeg,66430,ca3db35e2e30fea5f440ca1dc76acab89b47bf82d23351669005a6f0beee0499,66430,image/jpeg,200,66430,image/jpeg,dramas/739/original.jpg
739,927qdf,thumbnail,dramas/739/thumbnail.webp,image/webp,43836,61fa9c7c146f6240b5170ab723747e2fff01d7031200951e726dfd4cc7a05cc9,43836,image/webp,200,43836,image/webp,dramas/739/original.jpg
740,Rr7DEf,original,dramas/740/original.jpg,image/jpeg,250017,f9ef897fa586171f947eb31a2e1decf25eb4c7db10346c597200d0bda07df98d,250017,image/jpeg,200,250017,image/jpeg,dramas/740/original.jpg
740,Rr7DEf,thumbnail,dramas/740/thumbnail.webp,image/webp,64832,8b3fe2554ca1e4d5aa2dc853f133d648c008616aa6b9745549ce3dcc30b5a905,64832,image/webp,200,64832,image/webp,dramas/740/original.jpg
741,QN30Af,original,dramas/741/original.jpg,image/jpeg,93400,a922fb1fb7b461cee2024dbf9e6f5544252caed500c529f602719e3701b74ff6,93400,image/jpeg,200,93400,image/jpeg,dramas/741/original.jpg
741,QN30Af,thumbnail,dramas/741/thumbnail.webp,image/webp,37040,dd2797ef51ce8af2869aaf5f5511ffb47573b706edc519dcccd2d80d49dbe491,37040,image/webp,200,37040,image/webp,dramas/741/original.jpg
742,p4PDef,original,dramas/742/original.jpg,image/jpeg,39594,18db2c69bbc4b06c4996291b1e19541fa14be0d73b0c464ef401a435bcb96a3b,39594,image/jpeg,200,39594,image/jpeg,dramas/742/original.jpg
742,p4PDef,thumbnail,dramas/742/thumbnail.webp,image/webp,19206,4a79686d61ca60d11c8a3f4ae3c891e077aa84e4df4e0e700d302c43989903fa,19206,image/webp,200,19206,image/webp,dramas/742/original.jpg
743,vWAkpf,original,dramas/743/original.jpg,image/jpeg,201842,565ed3fd809c67092ee4dad735b0b8d18e8c17836692a1d8800229036db198ae,201842,image/jpeg,200,201842,image/jpeg,dramas/743/original.jpg
743,vWAkpf,thumbnail,dramas/743/thumbnail.webp,image/webp,49942,c8ecc4273ea74c854876fc2c72c1f15489620929b99bb085d7a7f4f395bfd8d5,49942,image/webp,200,49942,image/webp,dramas/743/original.jpg
744,QJAO7f,original,dramas/744/original.jpg,image/jpeg,105606,01ff0b419fb04c0e86ccdc2c450c48dbd891190322396f6b3d9725d8be5ee120,105606,image/jpeg,200,105606,image/jpeg,dramas/744/original.jpg
744,QJAO7f,thumbnail,dramas/744/thumbnail.webp,image/webp,35388,ac1db8ca4f247f7d776794d914e28c2fbfb1cb334bb5d411933c26c8f20df4b4,35388,image/webp,200,35388,image/webp,dramas/744/original.jpg
745,qP2kK_4f,original,dramas/745/original.jpg,image/jpeg,115014,12037fe30d4ba1e550ca453ce572e4fa00e0a3fb7b8b974777452f19506144fb,115014,image/jpeg,200,115014,image/jpeg,dramas/745/original.jpg
745,qP2kK_4f,thumbnail,dramas/745/thumbnail.webp,image/webp,40746,cf61faad00f51c811a7190b0269351069e9176c0193ff64ec7d8719559801aca,40746,image/webp,200,40746,image/webp,dramas/745/original.jpg
746,Kp5wRf,original,dramas/746/original.jpg,image/jpeg,97434,3547974a410bc7b9a8b5c08c87b9ade4e85e25902e88e96c270ff6934d83e70f,97434,image/jpeg,200,97434,image/jpeg,dramas/746/original.jpg
746,Kp5wRf,thumbnail,dramas/746/thumbnail.webp,image/webp,65956,7fd1198816640b80268a1cc6a3536720650ce88a698d69d406475a5e2783e643,65956,image/webp,200,65956,image/webp,dramas/746/original.jpg
747,jVyBbf,original,dramas/747/original.jpg,image/jpeg,105114,fca8a569870fe1790dd50b4e5e58f088dced3a5d66fc58bac0c8d25127d7051b,105114,image/jpeg,200,105114,image/jpeg,dramas/747/original.jpg
747,jVyBbf,thumbnail,dramas/747/thumbnail.webp,image/webp,17798,257099ea39b28773380023f5598ee4bdb195b7d45a2d807e9c8f386ba27d0748,17798,image/webp,200,17798,image/webp,dramas/747/original.jpg
748,doR8zf,original,dramas/748/original.jpg,image/jpeg,48942,075f758db5227aa5edd0ad6cd042c4c93f90f19944b90320aba63d8c51acaf50,48942,image/jpeg,200,48942,image/jpeg,dramas/748/original.jpg
748,doR8zf,thumbnail,dramas/748/thumbnail.webp,image/webp,25376,8f64704c20086706264b6292a07e4a7e01fac2aa69b81eeaeca8e3d679952a9b,25376,image/webp,200,25376,image/webp,dramas/748/original.jpg
749,VXw5mf,original,dramas/749/original.jpg,image/jpeg,193899,7bfc12da01239fc869d1b4c6d4b33bb60f9100104a5c4541dd978c1d7e34f85a,193899,image/jpeg,200,193899,image/jpeg,dramas/749/original.jpg
749,VXw5mf,thumbnail,dramas/749/thumbnail.webp,image/webp,41950,e7a31fd20edfc82036f73efc6bac371b0d71f4416d1195f00bb5d0af52b98519,41950,image/webp,200,41950,image/webp,dramas/749/original.jpg
750,WvvXOf,original,dramas/750/original.jpg,image/jpeg,92076,38a2ae231b177c05dd92cb7c68721870418e177f222b7fc5f4030c89044267d1,92076,image/jpeg,200,92076,image/jpeg,dramas/750/original.jpg
750,WvvXOf,thumbnail,dramas/750/thumbnail.webp,image/webp,47858,5319e4256e27e88ae9429df6aa1f9a7be66b58c35737112bc76e1e99a1eca1d9,47858,image/webp,200,47858,image/webp,dramas/750/original.jpg
751,jXBvOf,original,dramas/751/original.jpg,image/jpeg,135453,85d795794ff290236471e2728e7816a0f48e47c3b90ac2bfe651de06c089c984,135453,image/jpeg,200,135453,image/jpeg,dramas/751/original.jpg
751,jXBvOf,thumbnail,dramas/751/thumbnail.webp,image/webp,79062,7f701fbce77e9ebcc60a2a8082f39899890fa106bc2d64d769f9fe1b34407eb6,79062,image/webp,200,79062,image/webp,dramas/751/original.jpg
752,xqVw3_4f,original,dramas/752/original.jpg,image/jpeg,192179,a1913e18436131fba39eb90580288c44c178f64220d225e3cb255ce54ede17b9,192179,image/jpeg,200,192179,image/jpeg,dramas/752/original.jpg
752,xqVw3_4f,thumbnail,dramas/752/thumbnail.webp,image/webp,38420,76147bc3d60e2ece02e7409dad847fcf1594ee0dfe5c3b76295cf7dd34e85bbe,38420,image/webp,200,38420,image/webp,dramas/752/original.jpg
753,vRDYXf,original,dramas/753/original.jpg,image/jpeg,101874,d059905760bf5e800f3ec520d3b48eef05dcc540ad4953bcf2d48b7ce191eee2,101874,image/jpeg,200,101874,image/jpeg,dramas/753/original.jpg
753,vRDYXf,thumbnail,dramas/753/thumbnail.webp,image/webp,19032,a89b959df8f95ae92dd29e7aa803258269b14f7e19161453c4f06a369fba45bd,19032,image/webp,200,19032,image/webp,dramas/753/original.jpg
754,64zg0f,original,dramas/754/original.jpg,image/jpeg,162986,7bd52dad8642a9faea95c836cb296d09f2d44a03d350461563819afdc1ced465,162986,image/jpeg,200,162986,image/jpeg,dramas/754/original.jpg
754,64zg0f,thumbnail,dramas/754/thumbnail.webp,image/webp,71516,cf74f167c4c00c90a8e50c8f763a4cc3bc0c43f7d2c29704ded73bc9cf8a0e16,71516,image/webp,200,71516,image/webp,dramas/754/original.jpg
755,enDv8f,original,dramas/755/original.jpg,image/jpeg,88740,d3cfc6dd4e4d5ec0eaefebf428f27c5eae5e76db3bfc53a0bf59bffa142b2bd4,88740,image/jpeg,200,88740,image/jpeg,dramas/755/original.jpg
755,enDv8f,thumbnail,dramas/755/thumbnail.webp,image/webp,17540,9e83926fe1e4829b91a4a4ddf6b74a6fcd03306eaed89ffab6f33196fa8735c7,17540,image/webp,200,17540,image/webp,dramas/755/original.jpg
756,eoNQKf,original,dramas/756/original.jpg,image/jpeg,116684,0c4a7b74c17829c50d42db66114ed1c9f59dc912e07d18d428826454c30ba6a0,116684,image/jpeg,200,116684,image/jpeg,dramas/756/original.jpg
756,eoNQKf,thumbnail,dramas/756/thumbnail.webp,image/webp,39506,30da87b5dcbfd50deb632fd3f57a2364235d7cf945d163f382059027d566d7d4,39506,image/webp,200,39506,image/webp,dramas/756/original.jpg
757,XPg0w_4f,original,dramas/757/original.jpg,image/jpeg,220079,e6ef4ca39293cee73385357fd791e35ca5a4c9ccf32b36fe1c1ece3e2af0b74e,220079,image/jpeg,200,220079,image/jpeg,dramas/757/original.jpg
757,XPg0w_4f,thumbnail,dramas/757/thumbnail.webp,image/webp,51178,51a7f1ac0f0fb1be85b3b427d7cfeab65a40c620f0023468be253a8e8d866b90,51178,image/webp,200,51178,image/webp,dramas/757/original.jpg
758,ZrX3Of,original,dramas/758/original.jpg,image/jpeg,195045,e32b22dbb28502d79507e059325da11bddd57fd9c0dd4e17a83d6f4d76c90bb3,195045,image/jpeg,200,195045,image/jpeg,dramas/758/original.jpg
758,ZrX3Of,thumbnail,dramas/758/thumbnail.webp,image/webp,38172,03881e4dd4c94ab1e7b684b8ad412937a3f216087f24d67446c2fad81879d77b,38172,image/webp,200,38172,image/webp,dramas/758/original.jpg
759,9Z48kf,original,dramas/759/original.jpg,image/jpeg,67211,38b3b9d7601f5ff33742e3437f09fb081654f9c2280866840d5fe1ede95cce60,67211,image/jpeg,200,67211,image/jpeg,dramas/759/original.jpg
759,9Z48kf,thumbnail,dramas/759/thumbnail.webp,image/webp,43872,acf687362a33be74092779438ac0336acf7fb2a7786bf6b4686689da12ae7186,43872,image/webp,200,43872,image/webp,dramas/759/original.jpg
760,wJK5bf,original,dramas/760/original.jpg,image/jpeg,60023,ed0c22f1bf3c97d211a3b7e2d030f12b109510ea0744f7dd830059d51c7aa659,60023,image/jpeg,200,60023,image/jpeg,dramas/760/original.jpg
760,wJK5bf,thumbnail,dramas/760/thumbnail.webp,image/webp,35718,dc105491a02523729bd0e384759421ebdea902e6c7b552fda85113b0827f01f6,35718,image/webp,200,35718,image/webp,dramas/760/original.jpg
761,vWVoBf,original,dramas/761/original.jpg,image/jpeg,238036,ebf5995dd52ec33752c894ee4b048d980a4d59d09590cfcf89346899c7ab8579,238036,image/jpeg,200,238036,image/jpeg,dramas/761/original.jpg
761,vWVoBf,thumbnail,dramas/761/thumbnail.webp,image/webp,92448,c432e3b793cc676679c952a1bc455bd97201acf07885241aa3adb7e918d4b1e2,92448,image/webp,200,92448,image/webp,dramas/761/original.jpg
762,Ee3KQ_4f,original,dramas/762/original.jpg,image/jpeg,35900,9d80c42f09d55c71b535ee21c8d84232f7b431d9024a76c5bbc1437253d8ee14,35900,image/jpeg,200,35900,image/jpeg,dramas/762/original.jpg
762,Ee3KQ_4f,thumbnail,dramas/762/thumbnail.webp,image/webp,20366,28e42a3d596abe7b7969b5ba0b128fc0b871240d745a6857f3f652585312b7cd,20366,image/webp,200,20366,image/webp,dramas/762/original.jpg
763,2ebvW_4f,original,dramas/763/original.jpg,image/jpeg,224754,0b730cc02c541151060c12e1425196d2d4ea0cd41a82ef901444942d2ca1fe68,224754,image/jpeg,200,224754,image/jpeg,dramas/763/original.jpg
763,2ebvW_4f,thumbnail,dramas/763/thumbnail.webp,image/webp,46686,9dc6e8d64de37e9aace677ee0868dcd3b50f5aa64e70e2c4af2909d2ab765a23,46686,image/webp,200,46686,image/webp,dramas/763/original.jpg
764,Wp4LW_4f,original,dramas/764/original.jpg,image/jpeg,123200,a6cb460e2f4fefb24cf27234dff122a2656d5bd06a33bf848bdfbfe16751bbd0,123200,image/jpeg,200,123200,image/jpeg,dramas/764/original.jpg
764,Wp4LW_4f,thumbnail,dramas/764/thumbnail.webp,image/webp,36574,d9b2d762367c5a09c89ccbdbcbe96c4637054b4b6d631c637f3dc2dfbefb872c,36574,image/webp,200,36574,image/webp,dramas/764/original.jpg
765,ZrwAjf,original,dramas/765/original.jpg,image/jpeg,150766,be25827d02e5526f5da774592fe55c142d58df6b2c014ac56695bd9524901e55,150766,image/jpeg,200,150766,image/jpeg,dramas/765/original.jpg
765,ZrwAjf,thumbnail,dramas/765/thumbnail.webp,image/webp,58788,f98753b601f1a7908044de80f4ec5a776e65d9cfa2acf51f5726df9f55da92e0,58788,image/webp,200,58788,image/webp,dramas/765/original.jpg
766,9oVZEf,original,dramas/766/original.jpg,image/jpeg,79556,ec5ff25f771d5ce60da9e22bf835b9655feff34b2ac3e808b11ca579d5362af1,79556,image/jpeg,200,79556,image/jpeg,dramas/766/original.jpg
766,9oVZEf,thumbnail,dramas/766/thumbnail.webp,image/webp,59610,69a0e9a6fbf8a8894b31822d4e1a164a9ec8d4e4e7b9bf484c796da115d4a354,59610,image/webp,200,59610,image/webp,dramas/766/original.jpg
767,q88bdf,original,dramas/767/original.jpg,image/jpeg,189296,e1c815fac4d6eede3c41e6641da46b180e459fe1c8bed74ddc670d68087c9387,189296,image/jpeg,200,189296,image/jpeg,dramas/767/original.jpg
767,q88bdf,thumbnail,dramas/767/thumbnail.webp,image/webp,53260,546de3425555adb17c41362e546390530fc7d525caec2dac9caf8f32650bb909,53260,image/webp,200,53260,image/webp,dramas/767/original.jpg
768,JBw0wf,original,dramas/768/original.jpg,image/jpeg,132589,73193157c9fd11629e7b487486fae5c6b9f3f829394536ba486f6eec74098fb6,132589,image/jpeg,200,132589,image/jpeg,dramas/768/original.jpg
768,JBw0wf,thumbnail,dramas/768/thumbnail.webp,image/webp,48092,d8a04d319b3537c4552bb0079e5ca0d97b1c767aee229f3292fdcf47ffc6e82b,48092,image/webp,200,48092,image/webp,dramas/768/original.jpg
769,9rO0mf,original,dramas/769/original.jpg,image/jpeg,60127,a4a582e2f2fa812dd706ea0d2a7becc95a35da7759088211176c351e9807d2f8,60127,image/jpeg,200,60127,image/jpeg,dramas/769/original.jpg
769,9rO0mf,thumbnail,dramas/769/thumbnail.webp,image/webp,37420,46da8c238c6603cfa045a5a52c0ae688892ce42177d3e85842f6b7c415b48b77,37420,image/webp,200,37420,image/webp,dramas/769/original.jpg
770,O8vyxf,original,dramas/770/original.jpg,image/jpeg,206324,0da6a0b8d509c94945a97537c7bcb8f3fef8ef959fb416c08cb1b903de674abb,206324,image/jpeg,200,206324,image/jpeg,dramas/770/original.jpg
770,O8vyxf,thumbnail,dramas/770/thumbnail.webp,image/webp,38506,6d5ab93b888e31abe5fdd1ee9fb37bdc418827489c1cd799cb3d897cf9320394,38506,image/webp,200,38506,image/webp,dramas/770/original.jpg
771,W3gKXf,original,dramas/771/original.jpg,image/jpeg,189412,7c0067cdd45e0080ea3b47b351f7b28a133e7bfdca14cff56d16222d0eff8c56,189412,image/jpeg,200,189412,image/jpeg,dramas/771/original.jpg
771,W3gKXf,thumbnail,dramas/771/thumbnail.webp,image/webp,34444,f548d0e5eb4440aac369eca5a185628a9b92a6d46666aaaca5eb7b77927d26c8,34444,image/webp,200,34444,image/webp,dramas/771/original.jpg
772,BxqWRf,original,dramas/772/original.jpg,image/jpeg,140989,1c276d36d83672c27d5927cb044aedc1cfad437cbd566ec1debadecc1aa33781,140989,image/jpeg,200,140989,image/jpeg,dramas/772/original.jpg
772,BxqWRf,thumbnail,dramas/772/thumbnail.webp,image/webp,45824,9817604ee9f6beb8350e1e243d8c98051533f1b4d93909cc426b0bf413ffcbf7,45824,image/webp,200,45824,image/webp,dramas/772/original.jpg
773,eYEPPE_4f,original,dramas/773/original.jpg,image/jpeg,170628,0bfac11e74aa80e3b723f52de8271c38abf45839a5f7a50733506ad225e1ae13,170628,image/jpeg,200,170628,image/jpeg,dramas/773/original.jpg
773,eYEPPE_4f,thumbnail,dramas/773/thumbnail.webp,image/webp,36334,cffeb059d226c3b2602fb04fb5f01323c313e05f6d2a2629c9d82f4f381eee37,36334,image/webp,200,36334,image/webp,dramas/773/original.jpg
774,GQdRAf,original,dramas/774/original.jpg,image/jpeg,28591,afb41f062247b0896bbcec259652e723dcc77333d8495e1bb4a2e90a0ee9284a,28591,image/jpeg,200,28591,image/jpeg,dramas/774/original.jpg
774,GQdRAf,thumbnail,dramas/774/thumbnail.webp,image/webp,16500,8d7f15f1f8fefe125df24a9dedaadd4296d51aacf7942b1c5be32d9dde5b3291,16500,image/webp,200,16500,image/webp,dramas/774/original.jpg
775,67ooX_4f,original,dramas/775/original.jpg,image/jpeg,103537,1fee32611b442695154093aebff43648e29ff07ea33aa7a2df5c1528b012ae24,103537,image/jpeg,200,103537,image/jpeg,dramas/775/original.jpg
775,67ooX_4f,thumbnail,dramas/775/thumbnail.webp,image/webp,24808,ce28d56bd4b1a413872399ffca3b01e085a1c0d94993c01c9d0841fd3ce36819,24808,image/webp,200,24808,image/webp,dramas/775/original.jpg
776,X6vkX_4f,original,dramas/776/original.jpg,image/jpeg,178035,30a4f9d1a08eaf135d863fce6f2aef5a45b85927988ea6894dbef71808cc4fd6,178035,image/jpeg,200,178035,image/jpeg,dramas/776/original.jpg
776,X6vkX_4f,thumbnail,dramas/776/thumbnail.webp,image/webp,61384,52512afcb8a2f10ff4d3a5b0498218f45e374e76e2195826e1e00630eb59356d,61384,image/webp,200,61384,image/webp,dramas/776/original.jpg
777,0bNY4f,original,dramas/777/original.jpg,image/jpeg,111688,82227e71405c220068b9a277e8afd0983c0ab120115aad5e8badb7e2438e0d25,111688,image/jpeg,200,111688,image/jpeg,dramas/777/original.jpg
777,0bNY4f,thumbnail,dramas/777/thumbnail.webp,image/webp,28760,4eaf3331cd2b0d25c9db19e65d99a55cc180f2f74a200db393fbb6fd34bd7a27,28760,image/webp,200,28760,image/webp,dramas/777/original.jpg
778,0w1l7f,original,dramas/778/original.jpg,image/jpeg,124372,38a7e8cdc81438b1c99018f36402ed656258f2a24a97987531035bee9fdad319,124372,image/jpeg,200,124372,image/jpeg,dramas/778/original.jpg
778,0w1l7f,thumbnail,dramas/778/thumbnail.webp,image/webp,55288,3d71daf157188218833a9efafdbe29d4b00fb0e389f53363dc7d3067aa51534c,55288,image/webp,200,55288,image/webp,dramas/778/original.jpg
779,QW3XQ_4f,original,dramas/779/original.jpg,image/jpeg,159831,7896050c05df9b85d7b0ace606204bc4f79cac1d173dc03d7fb1c010e5c41804,159831,image/jpeg,200,159831,image/jpeg,dramas/779/original.jpg
779,QW3XQ_4f,thumbnail,dramas/779/thumbnail.webp,image/webp,37602,5540a643577a937528f27c4edf73da6d5f619324befd707c8c55b431a89a1e0c,37602,image/webp,200,37602,image/webp,dramas/779/original.jpg
780,Jj5wpf,original,dramas/780/original.jpg,image/jpeg,46785,b80be7c29293e8ace27e790f53bf3147f30afafaac814680fe72a8820b48b857,46785,image/jpeg,200,46785,image/jpeg,dramas/780/original.jpg
780,Jj5wpf,thumbnail,dramas/780/thumbnail.webp,image/webp,24786,b0dbff020c48a64477afb1b798d0c935ac831535d2c780c6b243089047ce83ac,24786,image/webp,200,24786,image/webp,dramas/780/original.jpg
781,zBzwOf,original,dramas/781/original.jpg,image/jpeg,197257,472a8ce8d0bf29b039b7229316698410406ba778bcc099362f6612a703845266,197257,image/jpeg,200,197257,image/jpeg,dramas/781/original.jpg
781,zBzwOf,thumbnail,dramas/781/thumbnail.webp,image/webp,48002,4f1e70a9bd1eba365f850bcccf51d5c127624556d233eaa2bc7f82471b5ab180,48002,image/webp,200,48002,image/webp,dramas/781/original.jpg
782,wVWznf,original,dramas/782/original.jpg,image/jpeg,77836,648e4fde44d92e15374a157bf4a0e73424a03e75d0ad40a584dff8bcba911246,77836,image/jpeg,200,77836,image/jpeg,dramas/782/original.jpg
782,wVWznf,thumbnail,dramas/782/thumbnail.webp,image/webp,25888,11d677a371de1421e64002205652e58be1520ba490ed634d2a238fbaa0ff4c8d,25888,image/webp,200,25888,image/webp,dramas/782/original.jpg
783,9ozEaf,original,dramas/783/original.jpg,image/jpeg,67782,356d90fb8cbe112fd5cb495ea238763cc3fd160c6e9e733f9722291627f13da9,67782,image/jpeg,200,67782,image/jpeg,dramas/783/original.jpg
783,9ozEaf,thumbnail,dramas/783/thumbnail.webp,image/webp,47676,6cd34112d51c96c33708a89a873a67514fec62beaef2baca20f246e8b444679e,47676,image/webp,200,47676,image/webp,dramas/783/original.jpg
784,9r4mMf,original,dramas/784/original.jpg,image/jpeg,62803,fa8cd817492557aeea3a2164034a6123e7f2ae17021be2c6e04fbdd8778a0546,62803,image/jpeg,200,62803,image/jpeg,dramas/784/original.jpg
784,9r4mMf,thumbnail,dramas/784/thumbnail.webp,image/webp,22264,5b08a20d6a2768c8a51bf8549ef0be68e362e6056e53848b1421e444e896ff2d,22264,image/webp,200,22264,image/webp,dramas/784/original.jpg
785,4QXDJ_4f,original,dramas/785/original.jpg,image/jpeg,194201,d08d0b3b8bb7f557f9cd70380a2681cf294455cf3c27beac270c218fc9e7be83,194201,image/jpeg,200,194201,image/jpeg,dramas/785/original.jpg
785,4QXDJ_4f,thumbnail,dramas/785/thumbnail.webp,image/webp,42122,69a9ea7a233c46d1d749fc5dacc141c280bf051803e271c0f3a76427fec1210e,42122,image/webp,200,42122,image/webp,dramas/785/original.jpg
786,9yD4af,original,dramas/786/original.jpg,image/jpeg,37683,270019c8195f9c936d5f8d6ab4435aeb295a261cc7a0f3b3a932510e77e21fb4,37683,image/jpeg,200,37683,image/jpeg,dramas/786/original.jpg
786,9yD4af,thumbnail,dramas/786/thumbnail.webp,image/webp,20852,2177545f414df1cb090d735d21a9278f658bedcadc5a96c06cbfdbeb3852dd7e,20852,image/webp,200,20852,image/webp,dramas/786/original.jpg
787,qkoKBf,original,dramas/787/original.jpg,image/jpeg,240881,f28b566ecf5791e19cf7c476c09287b1d4acbc96033bf9c6be1b28ce99747c81,240881,image/jpeg,200,240881,image/jpeg,dramas/787/original.jpg
787,qkoKBf,thumbnail,dramas/787/thumbnail.webp,image/webp,52008,774e911bd328bcb5483939efa7bd2805d04a3dc957ecd4e04d7f6f3281e902be,52008,image/webp,200,52008,image/webp,dramas/787/original.jpg
788,M5nEBf,original,dramas/788/original.jpg,image/jpeg,71142,ce95474b1a0b573d9535d41a2f49d8b9f5c2cf3991ca09ec69758b85bc968d92,71142,image/jpeg,200,71142,image/jpeg,dramas/788/original.jpg
788,M5nEBf,thumbnail,dramas/788/thumbnail.webp,image/webp,49426,41ae6a5009c5513eb31df0133aea575dc427795394711fc1ac0695de32e610ad,49426,image/webp,200,49426,image/webp,dramas/788/original.jpg
789,9Ozmgf,original,dramas/789/original.jpg,image/jpeg,191544,50747329fb63b2d687e2778a87730d892026ae01242d68b6fd67858dc8045aa2,191544,image/jpeg,200,191544,image/jpeg,dramas/789/original.jpg
789,9Ozmgf,thumbnail,dramas/789/thumbnail.webp,image/webp,36484,d1289120e1bcd2add3be8a4ee5614923eff18167dd6d026dce2c9903e316023d,36484,image/webp,200,36484,image/webp,dramas/789/original.jpg
790,LwkQrf,original,dramas/790/original.jpg,image/jpeg,151490,710f853a9a82cd38149319ec9f1a9f4c7145732ac74db58459daebce4337b5d5,151490,image/jpeg,200,151490,image/jpeg,dramas/790/original.jpg
790,LwkQrf,thumbnail,dramas/790/thumbnail.webp,image/webp,37440,080b1a0a0bd8876e57003634bc376845c09fce5545099b872ff84f62c7d58fa7,37440,image/webp,200,37440,image/webp,dramas/790/original.jpg
791,eYr8ln_4f,original,dramas/791/original.jpg,image/jpeg,161190,d6c6e75b6e05d99bb16bf383a8b4a29d3ab81d8626857fabd7067d3438a2f29f,161190,image/jpeg,200,161190,image/jpeg,dramas/791/original.jpg
791,eYr8ln_4f,thumbnail,dramas/791/thumbnail.webp,image/webp,29962,ba0d3919906e4427d7dea3c561ac52e68485b5d4d4a571ac4ce7c6985803f446,29962,image/webp,200,29962,image/webp,dramas/791/original.jpg
792,eYbL8f,original,dramas/792/original.jpg,image/jpeg,91377,1748d74353db12daf081818708886e9d9a6e0213cf4c5716a3f5cb269323b2b3,91377,image/jpeg,200,91377,image/jpeg,dramas/792/original.jpg
792,eYbL8f,thumbnail,dramas/792/thumbnail.webp,image/webp,40382,89f4a5d30c46f6561a63f85eb8fef7ff4b1d06f81e7077de3dc2321acdada96c,40382,image/webp,200,40382,image/webp,dramas/792/original.jpg
793,rNg6yf,original,dramas/793/original.jpg,image/jpeg,294832,545bb92b26ff874f54ba611c59e27f974e4c6b6c2cc41eaf9911c4e45e086d1c,294832,image/jpeg,200,294832,image/jpeg,dramas/793/original.jpg
793,rNg6yf,thumbnail,dramas/793/thumbnail.webp,image/webp,67700,ea8ef332de58a6def6965196e575b96e09154a205c09d2498660cc09e9c17e0e,67700,image/webp,200,67700,image/webp,dramas/793/original.jpg
794,kWPprf,original,dramas/794/original.jpg,image/jpeg,332348,47e13e745254327595b571c7e7b5ca13648d866683ca92e18f47d4ac6accccf7,332348,image/jpeg,200,332348,image/jpeg,dramas/794/original.jpg
794,kWPprf,thumbnail,dramas/794/thumbnail.webp,image/webp,78770,45211622743b66597ec3fef77984a68ea2a727c4c87ca09a8da22929a6f08dbc,78770,image/webp,200,78770,image/webp,dramas/794/original.jpg
795,jWZxrf,original,dramas/795/original.jpg,image/jpeg,170912,fad31ef39f166ae6d9282a9c7afd79309aed41f6508049fa88a5f9697d877466,170912,image/jpeg,200,170912,image/jpeg,dramas/795/original.jpg
795,jWZxrf,thumbnail,dramas/795/thumbnail.webp,image/webp,30296,8ac7ea1424cbc32a39dea6dd7267a53d83a73f4584b75ce4ec5fce08df877d7c,30296,image/webp,200,30296,image/webp,dramas/795/original.jpg
796,vX2zXf,original,dramas/796/original.jpg,image/jpeg,40171,64a73a7f7e75fdf789991efb0344c78566b4c4276d9bb127fe821704c3091ef3,40171,image/jpeg,200,40171,image/jpeg,dramas/796/original.jpg
796,vX2zXf,thumbnail,dramas/796/thumbnail.webp,image/webp,24342,44147b74fa8ec0cd6ff8cbe8e408dea0e53f6b19a79763cc36374f531a288aa1,24342,image/webp,200,24342,image/webp,dramas/796/original.jpg
797,pLJ8E_4f,original,dramas/797/original.jpg,image/jpeg,211942,615644ac6629e61a06c7d4400ed9435d657856c03cae8d42b051832d1471551c,211942,image/jpeg,200,211942,image/jpeg,dramas/797/original.jpg
797,pLJ8E_4f,thumbnail,dramas/797/thumbnail.webp,image/webp,41436,47e229b46211c5fb6faf4371fb2152d77ffa8aebe6d9ff5b08f6e1edcee7f8dc,41436,image/webp,200,41436,image/webp,dramas/797/original.jpg
798,9YqKof,original,dramas/798/original.jpg,image/jpeg,58947,5772a07309afd60849275628d922900359ebb4af86cd49418f46d43be65d50e8,58947,image/jpeg,200,58947,image/jpeg,dramas/798/original.jpg
798,9YqKof,thumbnail,dramas/798/thumbnail.webp,image/webp,34902,827e25294fb9a7fdd88ee5fd94f9ee7768534f819e3dd8c77c650f3ac721ee21,34902,image/webp,200,34902,image/webp,dramas/798/original.jpg
799,MdQ2ef,original,dramas/799/original.jpg,image/jpeg,85547,5f69da745e1b6dda633a0d23227f64924da1bac2f3ecde5e1b51b8488decb57a,85547,image/jpeg,200,85547,image/jpeg,dramas/799/original.jpg
799,MdQ2ef,thumbnail,dramas/799/thumbnail.webp,image/webp,55674,2fae2a2ce7c812ed2442a6dd4d52581ed2397565c1858f1a785dcd8d007d9326,55674,image/webp,200,55674,image/webp,dramas/799/original.jpg
800,qbXgPf,original,dramas/800/original.jpg,image/jpeg,141449,62594fd76eca6c29516f757b56e18495201f44dd3acb5f8dab8737808b8b8dd2,141449,image/jpeg,200,141449,image/jpeg,dramas/800/original.jpg
800,qbXgPf,thumbnail,dramas/800/thumbnail.webp,image/webp,37076,8e8e442a34b02a9765f2a5cb905036ec6a1d37d7b031e6bd28626fd33caa50db,37076,image/webp,200,37076,image/webp,dramas/800/original.jpg
801,60vxXf,original,dramas/801/original.jpg,image/jpeg,133454,895b6d7b916d417fdcacaf5cdb34edea22ff5fc054ddfc6b90dc1c269085c23a,133454,image/jpeg,200,133454,image/jpeg,dramas/801/original.jpg
801,60vxXf,thumbnail,dramas/801/thumbnail.webp,image/webp,48776,373a5accee48fd3cdc6f5d16315fcde95c5f3146aac45958b03111a48174d80f,48776,image/webp,200,48776,image/webp,dramas/801/original.jpg
802,M7KQyf,original,dramas/802/original.jpg,image/jpeg,117373,4b6f1a71ccb26bef9cc02b3427844205c9c7afe766486b586009ff2d34b83aeb,117373,image/jpeg,200,117373,image/jpeg,dramas/802/original.jpg
802,M7KQyf,thumbnail,dramas/802/thumbnail.webp,image/webp,55452,b915bdf8c085c32116320f686294e5afbed29607187dbb3b7ef9d7253f31e807,55452,image/webp,200,55452,image/webp,dramas/802/original.jpg
803,O81Abf,original,dramas/803/original.jpg,image/jpeg,229959,ea97bb460b2d2a6bf6383ae37c28f3debb8613d312439d6ab0dc933d7f429f34,229959,image/jpeg,200,229959,image/jpeg,dramas/803/original.jpg
803,O81Abf,thumbnail,dramas/803/thumbnail.webp,image/webp,56638,746d974cd0a9b63065622e1903ab8169d9306b718c94c01d82782392dc34cdf9,56638,image/webp,200,56638,image/webp,dramas/803/original.jpg
804,QNDrYf,original,dramas/804/original.jpg,image/jpeg,161316,e5549ffc0171609f560c27f96a72636b9494defef77980ede0613d4cfb68af30,161316,image/jpeg,200,161316,image/jpeg,dramas/804/original.jpg
804,QNDrYf,thumbnail,dramas/804/thumbnail.webp,image/webp,36144,b0771fe82d46f914aabc6f27f058c38a1c53808bbb5b08d3477a6fa376ac9395,36144,image/webp,200,36144,image/webp,dramas/804/original.jpg
805,qAvY2f,original,dramas/805/original.jpg,image/jpeg,258378,83f87a51b7404a582def3063f7ebd8e8af85003528af53fcee15bd1d0ae4d9f0,258378,image/jpeg,200,258378,image/jpeg,dramas/805/original.jpg
805,qAvY2f,thumbnail,dramas/805/thumbnail.webp,image/webp,67000,17fb8ebc18f4334062bd9d5a1750d365042d8b07293d05a80e3a25f8fc79c0b3,67000,image/webp,200,67000,image/webp,dramas/805/original.jpg
806,2DNbwf,original,dramas/806/original.jpg,image/jpeg,143603,1a167793850f1c0f7bf3a9c489030ba0abe8ba46a6bc5e7b29fbb2ad9e1d1aef,143603,image/jpeg,200,143603,image/jpeg,dramas/806/original.jpg
806,2DNbwf,thumbnail,dramas/806/thumbnail.webp,image/webp,28580,a337c7076eecb82f340f4c3ac5619201f215434ecf366cd5dd18c14d520bb9e7,28580,image/webp,200,28580,image/webp,dramas/806/original.jpg
807,816kQf,original,dramas/807/original.jpg,image/jpeg,203433,016844732a896e142a8ec8e73d5eacf6e6aa5f6da0ad0f09709fa0be8ef73eea,203433,image/jpeg,200,203433,image/jpeg,dramas/807/original.jpg
807,816kQf,thumbnail,dramas/807/thumbnail.webp,image/webp,42966,74961b9025eab169e062c7fc36b33c1ee58d504ed521af1ae83ce1c7334c7460,42966,image/webp,200,42966,image/webp,dramas/807/original.jpg
808,O8mxbf,original,dramas/808/original.jpg,image/jpeg,130175,c3c55dffb93dd29d5f72a099bab67b56d5c8a457053f2588b3a7f5fd9ec5cf43,130175,image/jpeg,200,130175,image/jpeg,dramas/808/original.jpg
808,O8mxbf,thumbnail,dramas/808/thumbnail.webp,image/webp,57882,133eb00f197ac3ea5fac4e5f816d7d31b40a4a318ac5b5e0c04e25764734a62b,57882,image/webp,200,57882,image/webp,dramas/808/original.jpg
809,yW54Nf,original,dramas/809/original.jpg,image/jpeg,116857,3a32840ba87318ca828b52971aa15d22a93a8682d1ccfbd386a3374189c6fbc6,116857,image/jpeg,200,116857,image/jpeg,dramas/809/original.jpg
809,yW54Nf,thumbnail,dramas/809/thumbnail.webp,image/webp,58350,5b54925fc6b1c88a71f3bebbac81e2112b76af6474515d9d3e38b23db92794fc,58350,image/webp,200,58350,image/webp,dramas/809/original.jpg
810,GllVJf,original,dramas/810/original.jpg,image/jpeg,83833,3c2f1506f365ae42d4f65180de933c5034c18584225f128f86c904c1b3893816,83833,image/jpeg,200,83833,image/jpeg,dramas/810/original.jpg
810,GllVJf,thumbnail,dramas/810/thumbnail.webp,image/webp,56028,71a121f597e56ad33c387328ad896ff632d6fb0ba6ac9ec744bf6a1412c3428c,56028,image/webp,200,56028,image/webp,dramas/810/original.jpg
811,dAwB5f,original,dramas/811/original.jpg,image/jpeg,67398,3582dc9572a5aa0f0bba850caa9330e17ea67bc72593936fb6b5a5b86c5af403,67398,image/jpeg,200,67398,image/jpeg,dramas/811/original.jpg
811,dAwB5f,thumbnail,dramas/811/thumbnail.webp,image/webp,40606,034d5968c1bc7f505b90ea0a40bea2e483e6f64b4e9ba5c5c2bc539450d9864b,40606,image/webp,200,40606,image/webp,dramas/811/original.jpg
812,E5rp5f,original,dramas/812/original.jpg,image/jpeg,90237,489c6bb11e3d1bd9cb1b4ab4eff651864c878aaf6f1eb4a42b6c18ac6cec5c89,90237,image/jpeg,200,90237,image/jpeg,dramas/812/original.jpg
812,E5rp5f,thumbnail,dramas/812/thumbnail.webp,image/webp,42262,a48a8839d02a042dac88790c0c4c3370234aeb4eaaf050f87dd4542155c540d3,42262,image/webp,200,42262,image/webp,dramas/812/original.jpg
813,73vobf,original,dramas/813/original.jpg,image/jpeg,72222,659a954786b06e89a82e1337e27a4d628214a1449d6ab8bba34305b20e6d0869,72222,image/jpeg,200,72222,image/jpeg,dramas/813/original.jpg
813,73vobf,thumbnail,dramas/813/thumbnail.webp,image/webp,42976,8b9ce60a481e12aa89763b5dd06111d9bf7f5bfa5b92fb3bab20773c75b53040,42976,image/webp,200,42976,image/webp,dramas/813/original.jpg
814,3oqLRf,original,dramas/814/original.jpg,image/jpeg,101057,c2b5cdc64bd13e97ba4ca289f4baf626ec274bbdbbf4b9beed483c091cfb8818,101057,image/jpeg,200,101057,image/jpeg,dramas/814/original.jpg
814,3oqLRf,thumbnail,dramas/814/thumbnail.webp,image/webp,61018,dfa706503d89792233fd77513f97f7148797d3b109f480c38a0a50d9cd3b96a3,61018,image/webp,200,61018,image/webp,dramas/814/original.jpg
815,AB71Lf,original,dramas/815/original.jpg,image/jpeg,45331,940f66ce4860912d18ee7a9fa0bd6707541d3ba1b2acedcb58be7ba3fcbf1281,45331,image/jpeg,200,45331,image/jpeg,dramas/815/original.jpg
815,AB71Lf,thumbnail,dramas/815/thumbnail.webp,image/webp,24280,21bdd901382778d2de170e5cd7b2e5e1167f7bf4f1572845638c93e409846726,24280,image/webp,200,24280,image/webp,dramas/815/original.jpg
816,Rle36_4f,original,dramas/816/original.jpg,image/jpeg,182526,79cc05a89bc23498c5b1cfbbae4be4d2f39605bc79711346935242acaa0c36bf,182526,image/jpeg,200,182526,image/jpeg,dramas/816/original.jpg
816,Rle36_4f,thumbnail,dramas/816/thumbnail.webp,image/webp,34542,0566df786d92b16e6350b277788c24d45e4360101e7aba8d6e2f17a8710338c3,34542,image/webp,200,34542,image/webp,dramas/816/original.jpg
817,1Qlxdf,original,dramas/817/original.jpg,image/jpeg,75450,d5ec6e60071043844a6386ff5f5d250b795a03f45818c57cc98614989df82a49,75450,image/jpeg,200,75450,image/jpeg,dramas/817/original.jpg
817,1Qlxdf,thumbnail,dramas/817/thumbnail.webp,image/webp,49216,a4234a0e30bef590b5ae0f1d06c2a071114d12a3ef2a70b923993d304749a650,49216,image/webp,200,49216,image/webp,dramas/817/original.jpg
818,E5o5Of,original,dramas/818/original.jpg,image/jpeg,127753,9625157411a91effc88e92e3c5a23386a51bfad5b3dac0a89e8a630dda857a55,127753,image/jpeg,200,127753,image/jpeg,dramas/818/original.jpg
818,E5o5Of,thumbnail,dramas/818/thumbnail.webp,image/webp,37656,b868303753f62150555fa88c22a71723d05d2ad3ce648446a1a87535b5bd321c,37656,image/webp,200,37656,image/webp,dramas/818/original.jpg
819,9mw3Mf,original,dramas/819/original.jpg,image/jpeg,73935,6723f83b568a6d6ee071263c4b302087bdf5a8422d335ee258349180ebe9663c,73935,image/jpeg,200,73935,image/jpeg,dramas/819/original.jpg
819,9mw3Mf,thumbnail,dramas/819/thumbnail.webp,image/webp,52776,51310f37570c7e90b2f772cdcdb056903367e19dad78f5c4f7417f35395ecde3,52776,image/webp,200,52776,image/webp,dramas/819/original.jpg
820,1wzVKf,original,dramas/820/original.jpg,image/jpeg,94677,a2f7980c8d4f2239b462814251ece60e399426066a1804c25628b61492cb53cc,94677,image/jpeg,200,94677,image/jpeg,dramas/820/original.jpg
820,1wzVKf,thumbnail,dramas/820/thumbnail.webp,image/webp,29990,d314448c1362a1c86c51213eef0812c91ba6bc9defda657b0faec3301009a625,29990,image/webp,200,29990,image/webp,dramas/820/original.jpg
821,QYZZg_4f,original,dramas/821/original.jpg,image/jpeg,256523,92caaf06e1ca90151b08d8da668d89e9b61b87ed3218141a04465b6beb0f9365,256523,image/jpeg,200,256523,image/jpeg,dramas/821/original.jpg
821,QYZZg_4f,thumbnail,dramas/821/thumbnail.webp,image/webp,58114,610a86453502510f958d3f28a2fdd1c26c16bc4489eaf318bfe87e136d4e1d7b,58114,image/webp,200,58114,image/webp,dramas/821/original.jpg
822,kWPbjf,original,dramas/822/original.jpg,image/jpeg,357183,99835a096542d2304d6e1a43c29e98fe494fc91cf9e8c011886ef92d1067f8cb,357183,image/jpeg,200,357183,image/jpeg,dramas/822/original.jpg
822,kWPbjf,thumbnail,dramas/822/thumbnail.webp,image/webp,94896,0e31c0f02ef945e75dd6a5f75f7091be009c499ab9936fa8d07240d69c3d8a9b,94896,image/webp,200,94896,image/webp,dramas/822/original.jpg
823,43y1Jf,original,dramas/823/original.jpg,image/jpeg,156682,2fd1dec463b2f7e987e5516154e5bafe275cea7d408544a22b11172507b0e231,156682,image/jpeg,200,156682,image/jpeg,dramas/823/original.jpg
823,43y1Jf,thumbnail,dramas/823/thumbnail.webp,image/webp,29506,186459b61ef6c5c94f8b78e91b83aab55d94553dc7b7c4eba431553a61f03740,29506,image/webp,200,29506,image/webp,dramas/823/original.jpg
824,xw3xX_4f,original,dramas/824/original.jpg,image/jpeg,89252,062e2f1bc0a832a5df86a959ad4919a3e675b74f0963a70a40523c2148cb6ac7,89252,image/jpeg,200,89252,image/jpeg,dramas/824/original.jpg
824,xw3xX_4f,thumbnail,dramas/824/thumbnail.webp,image/webp,28186,0dc7905d5e12cb259dca1286399022a89386427119a67435757b4e905c03ee78,28186,image/webp,200,28186,image/webp,dramas/824/original.jpg
825,1vlzRf,original,dramas/825/original.jpg,image/jpeg,217515,31df847b8020661cde5686daf0f1e62d17c6d9bf967b88e3a227969c465f3e9e,217515,image/jpeg,200,217515,image/jpeg,dramas/825/original.jpg
825,1vlzRf,thumbnail,dramas/825/thumbnail.webp,image/webp,76366,e18f3f53abb7941332c3dc8062aa3138509c06fdc9da42894b3fe4e6ed41cb5d,76366,image/webp,200,76366,image/webp,dramas/825/original.jpg
826,MAmoXf,original,dramas/826/original.jpg,image/jpeg,84315,923b276758bc604466e23b257392ec58a29c1d5803c1cc3327d8e21964f36fc3,84315,image/jpeg,200,84315,image/jpeg,dramas/826/original.jpg
826,MAmoXf,thumbnail,dramas/826/thumbnail.webp,image/webp,43324,453edf1f40a445fe24efa234d314c9c730ae70d1f7f11e4724dcf5e4301e552d,43324,image/webp,200,43324,image/webp,dramas/826/original.jpg
827,4ewNdd_4f,original,dramas/827/original.jpg,image/jpeg,171620,4bc12b7a1f23383e5ea6a83235e4a873a4ba4f892ee25475c39acbd22c54f0d7,171620,image/jpeg,200,171620,image/jpeg,dramas/827/original.jpg
827,4ewNdd_4f,thumbnail,dramas/827/thumbnail.webp,image/webp,33064,6c421b80699dba310ad0d3da4404d02e4f9ee6a12e07ef9c6c24c8a8f39a1f80,33064,image/webp,200,33064,image/webp,dramas/827/original.jpg
828,eEw3df,original,dramas/828/original.jpg,image/jpeg,150013,a46fea93c74a93f5e5d121d8140e37ca256b1571d72fdca00cd28054c2270b87,150013,image/jpeg,200,150013,image/jpeg,dramas/828/original.jpg
828,eEw3df,thumbnail,dramas/828/thumbnail.webp,image/webp,20580,00104f1012083d99408b3921cecd66cae784dbc782fe4c8737d0fa1dd98f484c,20580,image/webp,200,20580,image/webp,dramas/828/original.jpg
829,MR7Paf,original,dramas/829/original.jpg,image/jpeg,56590,a7f67f1a3bb0e0e2bb9ee3d273ae839e35c6e7f13e43b3a310600097eee97d66,56590,image/jpeg,200,56590,image/jpeg,dramas/829/original.jpg
829,MR7Paf,thumbnail,dramas/829/thumbnail.webp,image/webp,34938,ce0c4eb1822989389af20940210f2c438f28dcb25548cbdab369c7e435a0f467,34938,image/webp,200,34938,image/webp,dramas/829/original.jpg
830,44npYf,original,dramas/830/original.jpg,image/jpeg,103952,25178a7af7f517bcdf01c6c6d0852616efadaef8f3915be57f5dde6688f0a4b0,103952,image/jpeg,200,103952,image/jpeg,dramas/830/original.jpg
830,44npYf,thumbnail,dramas/830/thumbnail.webp,image/webp,44850,9f5a1947c979b697c24f94432c3634bfd8da583f5a7aaacd84d6559be4c577c8,44850,image/webp,200,44850,image/webp,dramas/830/original.jpg
831,kY6Wgf,original,dramas/831/original.jpg,image/jpeg,147155,19207b9cc9458e6ddc02c56d7402dd075bacebf2b5a2a06cd89ca3946b55ba0b,147155,image/jpeg,200,147155,image/jpeg,dramas/831/original.jpg
831,kY6Wgf,thumbnail,dramas/831/thumbnail.webp,image/webp,28704,0f295285f008ccf07e957eb73e0662f0a9b1660e24ba6fc35222de051b7e4731,28704,image/webp,200,28704,image/webp,dramas/831/original.jpg
832,RZ16Pf,original,dramas/832/original.jpg,image/jpeg,158783,4c9921d77218055ee8ed458f4e584b1af20ce117a731ef6e2aebde3930ad3e7b,158783,image/jpeg,200,158783,image/jpeg,dramas/832/original.jpg
832,RZ16Pf,thumbnail,dramas/832/thumbnail.webp,image/webp,53238,db852d78d4e8b427cb746df4e20b92fc8191416d95971586e10cb1cefe035645,53238,image/webp,200,53238,image/webp,dramas/832/original.jpg
833,qo4Qzf,original,dramas/833/original.jpg,image/jpeg,187132,654978d24bca77cf3557a42a1fdc6f3bfc2f11a0de0f1ebc95d41c16736151ed,187132,image/jpeg,200,187132,image/jpeg,dramas/833/original.jpg
833,qo4Qzf,thumbnail,dramas/833/thumbnail.webp,image/webp,32026,8d8edd1625b32af23d83728c66b550d40d7e655c48b789bbbfff9ee7422c78b5,32026,image/webp,200,32026,image/webp,dramas/833/original.jpg
834,0w8Jee_4f,original,dramas/834/original.jpg,image/jpeg,164302,189fa310bd4c2fcde5f13e5571ff9b5c979cd052553274b20c72542fa3dcc2b8,164302,image/jpeg,200,164302,image/jpeg,dramas/834/original.jpg
834,0w8Jee_4f,thumbnail,dramas/834/thumbnail.webp,image/webp,34550,896b55e071a54e7f348b76882837a2209bcb163e8a62925a6059aecc0c2035bd,34550,image/webp,200,34550,image/webp,dramas/834/original.jpg
835,6024gf,original,dramas/835/original.jpg,image/jpeg,170044,56e8ff88ae03db429f2859bfde39c7b701a392c13dad7a2ec304087592eb1fe4,170044,image/jpeg,200,170044,image/jpeg,dramas/835/original.jpg
835,6024gf,thumbnail,dramas/835/thumbnail.webp,image/webp,34838,942c89779a4e06646578264534e195bf2cba895b8b44b624c73a80cbba5a2745,34838,image/webp,200,34838,image/webp,dramas/835/original.jpg
836,E5PN7z_4f,original,dramas/836/original.jpg,image/jpeg,140292,7d5dc042d7c6118419f5efd053a2a125ef3711eef55ae3883b3175937cd11bae,140292,image/jpeg,200,140292,image/jpeg,dramas/836/original.jpg
836,E5PN7z_4f,thumbnail,dramas/836/thumbnail.webp,image/webp,26594,26518f95b067b04662cb18ef1283e0a4d39afb4bdea75328ac1a46e20b5265a5,26594,image/webp,200,26594,image/webp,dramas/836/original.jpg
837,bvrgNf,original,dramas/837/original.jpg,image/jpeg,177928,c16e1568c27d082da0b5f32be6f8646a3bc1033476914238d86567b1f1a97adb,177928,image/jpeg,200,177928,image/jpeg,dramas/837/original.jpg
837,bvrgNf,thumbnail,dramas/837/thumbnail.webp,image/webp,35684,08dd4c35cf927e1927b02c67015a8cbf27876fcff7cb931281f1ac926a68c9a5,35684,image/webp,200,35684,image/webp,dramas/837/original.jpg
838,aeWXKf,original,dramas/838/original.jpg,image/jpeg,38117,b31946f9205ef4b3ade4419609323108ff95b9af09775d5050f5691af82bd390,38117,image/jpeg,200,38117,image/jpeg,dramas/838/original.jpg
838,aeWXKf,thumbnail,dramas/838/thumbnail.webp,image/webp,23452,f7eba083ccd8cefa9b6e3b1ab697a99cf6e62abac5ee8532719fe0674a6b875a,23452,image/webp,200,23452,image/webp,dramas/838/original.jpg
839,WBj3Rf,original,dramas/839/original.jpg,image/jpeg,157377,ede4a3239540fbea0688df6e033f96ff9ca62ee23068be3926b80d4ab09db14d,157377,image/jpeg,200,157377,image/jpeg,dramas/839/original.jpg
839,WBj3Rf,thumbnail,dramas/839/thumbnail.webp,image/webp,31958,ed1d775a059da4f24b796a04894d2149e01fd7da3d3f850541224ff9e7516189,31958,image/webp,200,31958,image/webp,dramas/839/original.jpg
840,ZWd6O_4f,original,dramas/840/original.jpg,image/jpeg,55934,bb4969dd8ce30e99437bc3ed2e144536faf37d10a7dfa4b85440447ca80ea7e6,55934,image/jpeg,200,55934,image/jpeg,dramas/840/original.jpg
840,ZWd6O_4f,thumbnail,dramas/840/thumbnail.webp,image/webp,31778,ec257987147b1acfb98fd89458a890bec0d760a88f4687ee22f176650bde1de6,31778,image/webp,200,31778,image/webp,dramas/840/original.jpg
841,BDKkV_4f,original,dramas/841/original.jpg,image/jpeg,306626,fc89a8af2ffb25174e4279c80f645fb3877dc5c4fc5a1df356821a01643016fa,306626,image/jpeg,200,306626,image/jpeg,dramas/841/original.jpg
841,BDKkV_4f,thumbnail,dramas/841/thumbnail.webp,image/webp,63932,6a3f9ba7eed4338caa6a69e94b063b2aeece74e0570bc29ff0816848263b83bd,63932,image/webp,200,63932,image/webp,dramas/841/original.jpg
842,kl5N8_4f,original,dramas/842/original.jpg,image/jpeg,143518,9124d7de1b29d61630cbd7906d4c5ce89141a69356f2e967b1139f275a67b3d2,143518,image/jpeg,200,143518,image/jpeg,dramas/842/original.jpg
842,kl5N8_4f,thumbnail,dramas/842/thumbnail.webp,image/webp,57168,1bb28f303db4bf62f7caf65b63c64eb76e3f5779e99d59e4ab17b84ffa5de8b0,57168,image/webp,200,57168,image/webp,dramas/842/original.jpg
843,Ekvemf,original,dramas/843/original.jpg,image/jpeg,211816,bfb4071b44e99a719719edd748e84884ec455b926b610e061771b88673ae9a97,211816,image/jpeg,200,211816,image/jpeg,dramas/843/original.jpg
843,Ekvemf,thumbnail,dramas/843/thumbnail.webp,image/webp,51432,a5fe66799072c90b2503425bb6e6a42f8cb49d4b49ca32168252fb1ac573ebf8,51432,image/webp,200,51432,image/webp,dramas/843/original.jpg
844,4eVdYf,original,dramas/844/original.jpg,image/jpeg,283819,9e35568c924fc3fb52f3e534a12f95753fcc717132396ab7adbb64e147b5a647,283819,image/jpeg,200,283819,image/jpeg,dramas/844/original.jpg
844,4eVdYf,thumbnail,dramas/844/thumbnail.webp,image/webp,61070,37334ec735a65a87c93a00833cfa9ced61aa573642f93ae62c28cdc25e1e16aa,61070,image/webp,200,61070,image/webp,dramas/844/original.jpg
845,RRz2E_4f,original,dramas/845/original.jpg,image/jpeg,127942,3c0e939f8cd11cdd51924923ad3a4f6191fb69a808e3b7af0cb0b973934e7a66,127942,image/jpeg,200,127942,image/jpeg,dramas/845/original.jpg
845,RRz2E_4f,thumbnail,dramas/845/thumbnail.webp,image/webp,54390,f6fd214a1bfccdbe2251013e7659b369a06487971167eb343094b65e9a2be8fd,54390,image/webp,200,54390,image/webp,dramas/845/original.jpg
846,RQLeY_4f,original,dramas/846/original.jpg,image/jpeg,141632,8503b8296547c876dfb490742d27349ad5382160d752225f48a768bc66c7753d,141632,image/jpeg,200,141632,image/jpeg,dramas/846/original.jpg
846,RQLeY_4f,thumbnail,dramas/846/thumbnail.webp,image/webp,26370,331ffbc53cb37f6fd0132d6c8ec6d592751581410a3112b577c001535fd72d8a,26370,image/webp,200,26370,image/webp,dramas/846/original.jpg
847,Bdgzqf,original,dramas/847/original.jpg,image/jpeg,169776,e97fafbb390efddf5b04e88905bdaf33dc3ce6c2a930d9c166678ce689fad12f,169776,image/jpeg,200,169776,image/jpeg,dramas/847/original.jpg
847,Bdgzqf,thumbnail,dramas/847/thumbnail.webp,image/webp,34984,4949af64ca2d2c4d4750890fc590d337b16f915218e6284d13685f6c5608b8ee,34984,image/webp,200,34984,image/webp,dramas/847/original.jpg
848,BgnKz_4f,original,dramas/848/original.jpg,image/jpeg,275784,5c5e9960a51cfa6a7bf929bc5ebc718f72771043a678ac1ee595f46eeddea756,275784,image/jpeg,200,275784,image/jpeg,dramas/848/original.jpg
848,BgnKz_4f,thumbnail,dramas/848/thumbnail.webp,image/webp,56112,3e4e2d23815f50a2d0d0c7798e5792ddd365a2cd6430f7bed2b5fb9a1296cd19,56112,image/webp,200,56112,image/webp,dramas/848/original.jpg
849,p8woVf,original,dramas/849/original.jpg,image/jpeg,93479,00408e49bc193409fef34d50f5a4298e24da0db8b9e25eca04f2f18c70c79f5f,93479,image/jpeg,200,93479,image/jpeg,dramas/849/original.jpg
849,p8woVf,thumbnail,dramas/849/thumbnail.webp,image/webp,27492,677d1707f9e521ec2e82d72c90c7c19918356dbe8e1023b2ecff3a9a4601131d,27492,image/webp,200,27492,image/webp,dramas/849/original.jpg
850,4xzKK_4f,original,dramas/850/original.jpg,image/jpeg,142366,dbb3a43a546b574367dd83d3d931af4d9952a5ca911328b39b7a5d8df59eff0e,142366,image/jpeg,200,142366,image/jpeg,dramas/850/original.jpg
850,4xzKK_4f,thumbnail,dramas/850/thumbnail.webp,image/webp,49940,70a38775069a06e6345ea13e896c043aebc416aa059b2a0a07ee32fdec179a8b,49940,image/webp,200,49940,image/webp,dramas/850/original.jpg
851,kdEBO_4f,original,dramas/851/original.jpg,image/jpeg,233911,a4edf975780e6c92036ab3502098de17f4035bee68713c8c71598c5003178005,233911,image/jpeg,200,233911,image/jpeg,dramas/851/original.jpg
851,kdEBO_4f,thumbnail,dramas/851/thumbnail.webp,image/webp,53870,3c6fa8e7b5542e67bb453359b2305f79815dda38af2e73e8794182b32b214457,53870,image/webp,200,53870,image/webp,dramas/851/original.jpg
852,15wRd_4f,original,dramas/852/original.jpg,image/jpeg,213298,c29f6f7234881b4b7de9e57a5bb8c6b13b840397a3cce862ab144b72a9396a66,213298,image/jpeg,200,213298,image/jpeg,dramas/852/original.jpg
852,15wRd_4f,thumbnail,dramas/852/thumbnail.webp,image/webp,43204,b41a8a75132492470fb67132853a2d0ea10bce3b20700c218b842fc26d4540fb,43204,image/webp,200,43204,image/webp,dramas/852/original.jpg
853,G1YRGf,original,dramas/853/original.jpg,image/jpeg,58937,0de647a5f20a1fea76bfcca514ad72181fae743dfd045598d34085ba84fcf9fc,58937,image/jpeg,200,58937,image/jpeg,dramas/853/original.jpg
853,G1YRGf,thumbnail,dramas/853/thumbnail.webp,image/webp,37956,cd35d376529964f0585acb239e9bd06c31bcaa28fb068d1114c87c363827875b,37956,image/webp,200,37956,image/webp,dramas/853/original.jpg
854,QpB4Qf,original,dramas/854/original.jpg,image/jpeg,155228,2ad37ae80a258fe4c30e84cec3a98a47c1c8117807d0a76b0ba16d6343806f4c,155228,image/jpeg,200,155228,image/jpeg,dramas/854/original.jpg
854,QpB4Qf,thumbnail,dramas/854/thumbnail.webp,image/webp,42954,5d644c463917fb53a5eaf2d93953691b0931381e91dc85db4aab7407d900673a,42954,image/webp,200,42954,image/webp,dramas/854/original.jpg
855,4D5VKf,original,dramas/855/original.jpg,image/jpeg,175226,9f6a6c56d3d3a328116c5881ab168137e1e85005f485f1e3a3b9f2541b53dec0,175226,image/jpeg,200,175226,image/jpeg,dramas/855/original.jpg
855,4D5VKf,thumbnail,dramas/855/thumbnail.webp,image/webp,32042,83a0dfe3a9fec1fa1702defdea882d431899d810cb9713494fba1ae8d929ab8a,32042,image/webp,200,32042,image/webp,dramas/855/original.jpg
856,d2ZV5f,original,dramas/856/original.jpg,image/jpeg,136978,cfa5cb15fda374f7171690a03bd8817643d4529be9d1d06d7e8d4cb0048db24e,136978,image/jpeg,200,136978,image/jpeg,dramas/856/original.jpg
856,d2ZV5f,thumbnail,dramas/856/thumbnail.webp,image/webp,31078,c53aa7c14605ba97a4c855f3060acae2f4e55a84f2ea3391e3d58978ace97dbf,31078,image/webp,200,31078,image/webp,dramas/856/original.jpg
857,2Bkww_4f,original,dramas/857/original.jpg,image/jpeg,253621,82cd9cdac76b27de2d77ac75b1b6c3f54b8b85409ce20c22b7159a4a870c41a6,253621,image/jpeg,200,253621,image/jpeg,dramas/857/original.jpg
857,2Bkww_4f,thumbnail,dramas/857/thumbnail.webp,image/webp,57512,3f3ffe6b270039815fe61e7df26f33e5f4b59ea40bd81945af00fc906baeddf5,57512,image/webp,200,57512,image/webp,dramas/857/original.jpg
858,Beg4z_4f,original,dramas/858/original.jpg,image/jpeg,96820,bf4af130a06ba51d4e77ed1efb931c241db5f90e052ddfe77c54777b2e50b13a,96820,image/jpeg,200,96820,image/jpeg,dramas/858/original.jpg
858,Beg4z_4f,thumbnail,dramas/858/thumbnail.webp,image/webp,32328,6e191b2249f8dc7ed3041c085169cb00609d13bb457723a9c0ea77031923cf9e,32328,image/webp,200,32328,image/webp,dramas/858/original.jpg
859,xnNnq_4f,original,dramas/859/original.jpg,image/jpeg,127429,2537a650464b6e40c2945f17e48ef8ca412fd371e712a0782e12f7e23f7e8520,127429,image/jpeg,200,127429,image/jpeg,dramas/859/original.jpg
859,xnNnq_4f,thumbnail,dramas/859/thumbnail.webp,image/webp,41728,ce5936f0a2ee43e0bb188bb400be48827aec79369a70b491c9533352dae81e43,41728,image/webp,200,41728,image/webp,dramas/859/original.jpg
860,BbZY7f,original,dramas/860/original.jpg,image/jpeg,122210,98338e7ee64ee99abc1e61540a57e73f0006918509129fa823e4a79ed6f6cc86,122210,image/jpeg,200,122210,image/jpeg,dramas/860/original.jpg
860,BbZY7f,thumbnail,dramas/860/thumbnail.webp,image/webp,24186,749a87df79a3c728736a61f6ddc6c0105a6a5b3e7539d5a45230aad993eab0c2,24186,image/webp,200,24186,image/webp,dramas/860/original.jpg
861,2kjdk_4f,original,dramas/861/original.jpg,image/jpeg,93814,8d8a8d909934f6772eafcb5e5513822f4410ec823fbb680b6227e873f8afdfa2,93814,image/jpeg,200,93814,image/jpeg,dramas/861/original.jpg
861,2kjdk_4f,thumbnail,dramas/861/thumbnail.webp,image/webp,31490,cb4f50ed170d303b91e7bf3ef55d2829ebdea874dcf6e7213923fc7c1a6881ec,31490,image/webp,200,31490,image/webp,dramas/861/original.jpg
862,v7jBp_4f,original,dramas/862/original.jpg,image/jpeg,78916,fbadbd2e49d2875fe267f640d2e81f2cdd573a0738c36961017e4b8d54763dc8,78916,image/jpeg,200,78916,image/jpeg,dramas/862/original.jpg
862,v7jBp_4f,thumbnail,dramas/862/thumbnail.webp,image/webp,44842,99a6ea35ae4b2d50e6ea52402c423edcc6f40b3af23b63d283003f2819b44653,44842,image/webp,200,44842,image/webp,dramas/862/original.jpg
863,xJv2N_4f,original,dramas/863/original.jpg,image/jpeg,191397,2bc65150619c6021de94e49494ffea8838013b79a7ac418086089fa1be3ce946,191397,image/jpeg,200,191397,image/jpeg,dramas/863/original.jpg
863,xJv2N_4f,thumbnail,dramas/863/thumbnail.webp,image/webp,41484,0ba775985ffec6c711bf263298fc16961ea671029992d7285c8d35534ad4b700,41484,image/webp,200,41484,image/webp,dramas/863/original.jpg
864,wzXQN_4f,original,dramas/864/original.jpg,image/jpeg,285739,9c3b53508451f24a8d43c6b58419de44ce3c0a14544f16d3f662068b171754be,285739,image/jpeg,200,285739,image/jpeg,dramas/864/original.jpg
864,wzXQN_4f,thumbnail,dramas/864/thumbnail.webp,image/webp,53856,bad926f5c5e545bc49dc57982f37906ad641edc0ef617b69c841049267cc4697,53856,image/webp,200,53856,image/webp,dramas/864/original.jpg
865,ZrqbLf,original,dramas/865/original.jpg,image/jpeg,107948,08b2af05381580a82eb32288161acd0ad63016ece6dbd4aabf89e3d9dece159f,107948,image/jpeg,200,107948,image/jpeg,dramas/865/original.jpg
865,ZrqbLf,thumbnail,dramas/865/thumbnail.webp,image/webp,37912,17dbe377f1f11c465ef8870fd805598902b507e49df54c726d6e81fbb1064d2b,37912,image/webp,200,37912,image/webp,dramas/865/original.jpg
866,Ej5XO_4f,original,dramas/866/original.jpg,image/jpeg,231072,64b3b26f8d68e4d8db76886dd7da554e1e1609ed3716f40047d3283bcd15f821,231072,image/jpeg,200,231072,image/jpeg,dramas/866/original.jpg
866,Ej5XO_4f,thumbnail,dramas/866/thumbnail.webp,image/webp,48966,15056c9a3e4b1da0bf489a10ab6f6315d67c4ada7275b33bf4f1cae3df12cabc,48966,image/webp,200,48966,image/webp,dramas/866/original.jpg
867,4klPZf,original,dramas/867/original.jpg,image/jpeg,41999,63289cbad33c896eeb311d96a8b681be6d818d3609a424b144c76248e16b1cff,41999,image/jpeg,200,41999,image/jpeg,dramas/867/original.jpg
867,4klPZf,thumbnail,dramas/867/thumbnail.webp,image/webp,21734,bdca023f42d40f11e37284e9a2f83d945ccf3036033c0bd30583208e97626051,21734,image/webp,200,21734,image/webp,dramas/867/original.jpg
868,wLdVN_4f,original,dramas/868/original.jpg,image/jpeg,163487,4777463120b5ad8deb87ba9a194216dde69af845a0dd710b59ebc2b1204e8d88,163487,image/jpeg,200,163487,image/jpeg,dramas/868/original.jpg
868,wLdVN_4f,thumbnail,dramas/868/thumbnail.webp,image/webp,33032,b460bd89ca27cf8b1fbebefad13f81439c4dff80342ab022199774bcfd457e9a,33032,image/webp,200,33032,image/webp,dramas/868/original.jpg
869,QyBA2_4f,original,dramas/869/original.jpg,image/jpeg,233255,c356b86a55c6bcd175384cd54a7f97370c70b6b1c39a31bbf1d59a7b991d8bfb,233255,image/jpeg,200,233255,image/jpeg,dramas/869/original.jpg
869,QyBA2_4f,thumbnail,dramas/869/thumbnail.webp,image/webp,50542,46f894dfc0201878ff7d4e22bfc9c813f9ad34ae55433fc66fbbe3ddfc847be5,50542,image/webp,200,50542,image/webp,dramas/869/original.jpg
870,QpzY6f,original,dramas/870/original.jpg,image/jpeg,111215,c618caa9403c3563f169f725ba1c54e2d08a0addc9abd02f73eae4b39a9496e6,111215,image/jpeg,200,111215,image/jpeg,dramas/870/original.jpg
870,QpzY6f,thumbnail,dramas/870/thumbnail.webp,image/webp,48698,15ddc8cd86bd743d89526314352d99cecbb5a07f1e3bc0b1c77711b210bea97a,48698,image/webp,200,48698,image/webp,dramas/870/original.jpg
871,6pLePf,original,dramas/871/original.jpg,image/jpeg,139855,e020c9bd4a6172049ec7127e2cd602f2dc920a051f408b42803edcb3e75e1e55,139855,image/jpeg,200,139855,image/jpeg,dramas/871/original.jpg
871,6pLePf,thumbnail,dramas/871/thumbnail.webp,image/webp,35012,1f89d116a6a630e9d36c4457b82b8396a866e04eed50fbf99672446d5c1daca3,35012,image/webp,200,35012,image/webp,dramas/871/original.jpg
872,0ex5E_4f,original,dramas/872/original.jpg,image/jpeg,51921,05935ca14181d83ebbf849d876cbbd660086c4feda1608468c0de07ff52995c9,51921,image/jpeg,200,51921,image/jpeg,dramas/872/original.jpg
872,0ex5E_4f,thumbnail,dramas/872/thumbnail.webp,image/webp,20368,1d92baca91447b97aec5ba762d3cd18739b02c2e896102fb01dc1f1c58cea29b,20368,image/webp,200,20368,image/webp,dramas/872/original.jpg
873,Mjepyf,original,dramas/873/original.jpg,image/jpeg,101461,f401aa373e058ef2d3da5f5cae53855b71d5cb5c51f6b7ee395637d3b2a5a277,101461,image/jpeg,200,101461,image/jpeg,dramas/873/original.jpg
873,Mjepyf,thumbnail,dramas/873/thumbnail.webp,image/webp,44914,58c6ed233007ac365be21a7b8212407d1f11ea9223a5fdb2eb3f991bbfc73ead,44914,image/webp,200,44914,image/webp,dramas/873/original.jpg
874,YANDof,original,dramas/874/original.jpg,image/jpeg,121745,635e9514327b160dec6cc811e0fe2f63672c72e509ef35a3e7de77a96f3477d5,121745,image/jpeg,200,121745,image/jpeg,dramas/874/original.jpg
874,YANDof,thumbnail,dramas/874/thumbnail.webp,image/webp,70954,824fdc6252e1f6eaf4d39c65345b316ebd6e3f08bb5f16f35dfb04aee35d67c8,70954,image/webp,200,70954,image/webp,dramas/874/original.jpg
875,BgXjl_4f,original,dramas/875/original.jpg,image/jpeg,123924,a0236d51bc5ab09b7881c9b2b476c2e6a307a37f582f399c6b2b4612183fc619,123924,image/jpeg,200,123924,image/jpeg,dramas/875/original.jpg
875,BgXjl_4f,thumbnail,dramas/875/thumbnail.webp,image/webp,33452,9a804b1b47352339a420c69efa281fd6d394850c8d0b267b232209eb90ae58b7,33452,image/webp,200,33452,image/webp,dramas/875/original.jpg
876,kAq4Of,original,dramas/876/original.jpg,image/jpeg,121142,9eaf5e3aa49205d9613bec0cfe3b6cb383757e7398e3aa8e47a4f6285796278a,121142,image/jpeg,200,121142,image/jpeg,dramas/876/original.jpg
876,kAq4Of,thumbnail,dramas/876/thumbnail.webp,image/webp,48424,9b828256936888d41745c342d6c8cdafea4dd68d4aa2777e72f2725981fbcab7,48424,image/webp,200,48424,image/webp,dramas/876/original.jpg
877,Jpexmf,original,dramas/877/original.jpg,image/jpeg,76368,cc5e9b390b626b5b0a8f21092de82716aa82f4e4444830ba1ca9fe3b5befa379,76368,image/jpeg,200,76368,image/jpeg,dramas/877/original.jpg
877,Jpexmf,thumbnail,dramas/877/thumbnail.webp,image/webp,39938,c328c7108d1c2e1fb079b9df543123e68a823f93471289b6634ade7416526ce0,39938,image/webp,200,39938,image/webp,dramas/877/original.jpg
878,WAEAp_4f,original,dramas/878/original.jpg,image/jpeg,145969,bb45f1593a09774488144976fe2bca829c13698fb11c68121bd84d928fd6bf86,145969,image/jpeg,200,145969,image/jpeg,dramas/878/original.jpg
878,WAEAp_4f,thumbnail,dramas/878/thumbnail.webp,image/webp,28646,096c33da4ad7750841e8f110f8a71dadf5fa58f6a267febfb29d41d2beab58db,28646,image/webp,200,28646,image/webp,dramas/878/original.jpg
879,M7EkLf,original,dramas/879/original.jpg,image/jpeg,98053,e45df17df00959c26224ac1a77f58fcff7f500e3d61ee30a862a7c6db15f86d7,98053,image/jpeg,200,98053,image/jpeg,dramas/879/original.jpg
879,M7EkLf,thumbnail,dramas/879/thumbnail.webp,image/webp,37098,ca47b39404dc9bc87d1c1374b4d809f78519a5445fd6278b5251df0828d2387e,37098,image/webp,200,37098,image/webp,dramas/879/original.jpg
880,xxJEy_4f,original,dramas/880/original.jpg,image/jpeg,174950,3c9e44699911cee0b18fcd57e20e3526e298bb716aef49aa5865249ccc972a49,174950,image/jpeg,200,174950,image/jpeg,dramas/880/original.jpg
880,xxJEy_4f,thumbnail,dramas/880/thumbnail.webp,image/webp,51108,284ea18eb3a50072d04d67f15540b0ba519ec31c90573b2f325ef8e0fa7cb912,51108,image/webp,200,51108,image/webp,dramas/880/original.jpg
881,735qBe_4f,original,dramas/881/original.jpg,image/jpeg,193333,6b9de6859b53a39feaa642a89cd68a5c1b6c371fb1af7b3447e0f92a4f271839,193333,image/jpeg,200,193333,image/jpeg,dramas/881/original.jpg
881,735qBe_4f,thumbnail,dramas/881/thumbnail.webp,image/webp,41786,3da7b6ba5c8d1a569d3a965d26e97d2abeeaa1aecde19c4e0dc7e2be1c97d52d,41786,image/webp,200,41786,image/webp,dramas/881/original.jpg
882,kxDvw_4f,original,dramas/882/original.jpg,image/jpeg,60736,5ea39396def8ed5edd19acf0c372f10e4a0a5ea00cce466babb9f1cbf83edc9a,60736,image/jpeg,200,60736,image/jpeg,dramas/882/original.jpg
882,kxDvw_4f,thumbnail,dramas/882/thumbnail.webp,image/webp,17726,95824ca3170a15ad225130f11c97ac5e28d9851c3da2877ab6d6d6ee5e76b742,17726,image/webp,200,17726,image/webp,dramas/882/original.jpg
883,v0J5e_4f,original,dramas/883/original.jpg,image/jpeg,175194,afaaf5c8310af3f046eb1b89758aa70f62d7445443c57bfd64351124ee3c2175,175194,image/jpeg,200,175194,image/jpeg,dramas/883/original.jpg
883,v0J5e_4f,thumbnail,dramas/883/thumbnail.webp,image/webp,69818,836880efc0e1493b79faca3555d992fcd24012da42caa914d86972462cd49689,69818,image/webp,200,69818,image/webp,dramas/883/original.jpg
884,p4Kl8f,original,dramas/884/original.jpg,image/jpeg,135310,45d0fd4557c502d2f98874405c4281dd5aa94f3c3851a3729c97eed8624277ea,135310,image/jpeg,200,135310,image/jpeg,dramas/884/original.jpg
884,p4Kl8f,thumbnail,dramas/884/thumbnail.webp,image/webp,39600,9d271f306bb09608b22c6ad7a4fb41c3e89f13618ebb345a2a3df96b3fa619a1,39600,image/webp,200,39600,image/webp,dramas/884/original.jpg
885,EpOqOf,original,dramas/885/original.jpg,image/jpeg,95185,7af03d6859810e49001b7725dffacbf66e45f5e68577f0a70a879cf5fd3faf57,95185,image/jpeg,200,95185,image/jpeg,dramas/885/original.jpg
885,EpOqOf,thumbnail,dramas/885/thumbnail.webp,image/webp,26604,17df6f3a4aac7f7fdfdad47dfe887923b05e8ac7ff9956bd3a89e86b0ea7da9d,26604,image/webp,200,26604,image/webp,dramas/885/original.jpg
886,qAJkBf,original,dramas/886/original.jpg,image/jpeg,302501,ce35cbf4f8c25c17a219d106c22c941c401e61076102e88b4ace9866b38b27b9,302501,image/jpeg,200,302501,image/jpeg,dramas/886/original.jpg
886,qAJkBf,thumbnail,dramas/886/thumbnail.webp,image/webp,82872,140364921f18ea38639454275a37656b4f3236de4fae5f1efa3c90622db64bb1,82872,image/webp,200,82872,image/webp,dramas/886/original.jpg
887,Xv8vZf,original,dramas/887/original.jpg,image/jpeg,91096,97497616069eb526046d4f037b2f14e4646f884ae5661dd74a0ebf3f03d88bc3,91096,image/jpeg,200,91096,image/jpeg,dramas/887/original.jpg
887,Xv8vZf,thumbnail,dramas/887/thumbnail.webp,image/webp,27514,9d5d2e60243ed0799da507099e4db35113d5afdb8e2cce97ea7ac945a406cce7,27514,image/webp,200,27514,image/webp,dramas/887/original.jpg
888,Ex3rQf,original,dramas/888/original.jpg,image/jpeg,171722,20d971c44542ccf9b4e243972ecdb30e27fc718e5dbec6b4fca37c0653b253c8,171722,image/jpeg,200,171722,image/jpeg,dramas/888/original.jpg
888,Ex3rQf,thumbnail,dramas/888/thumbnail.webp,image/webp,53550,12394e0c2b1de42fb70f9aee4a5a4602f3517035a8bfa7d6f7a1b7ac34271109,53550,image/webp,200,53550,image/webp,dramas/888/original.jpg
889,woN2J_4f,original,dramas/889/original.jpg,image/jpeg,99615,b83c31e53ae2156df5fac150279b74be2dfd77872563763ecd3abb9a774fe1a5,99615,image/jpeg,200,99615,image/jpeg,dramas/889/original.jpg
889,woN2J_4f,thumbnail,dramas/889/thumbnail.webp,image/webp,28988,7fa18cff0faf7ba699cdbcaf08b9c892cff06ed23134cdeaba47ff2c7f7033a4,28988,image/webp,200,28988,image/webp,dramas/889/original.jpg
890,W3J1pf,original,dramas/890/original.jpg,image/jpeg,109861,4dea5bcb41adeab2488ef9b5eef2e84163225e9d706a74f67878169cb10ba4b1,109861,image/jpeg,200,109861,image/jpeg,dramas/890/original.jpg
890,W3J1pf,thumbnail,dramas/890/thumbnail.webp,image/webp,40980,a590884cd33f01156a4f70a8cd7b3a8ffa1315d9a040733ac0cdb012605477b9,40980,image/webp,200,40980,image/webp,dramas/890/original.jpg
891,9Yg5gf,original,dramas/891/original.jpg,image/jpeg,104099,19ef4176d40d8cb38da3ba304c21c0ca197e6f471133bb19b1b9cee4443bbd22,104099,image/jpeg,200,104099,image/jpeg,dramas/891/original.jpg
891,9Yg5gf,thumbnail,dramas/891/thumbnail.webp,image/webp,54594,432b37b1afee78cbc133a825ecde67133201de4c38517be8ba9e9ff0db686b60,54594,image/webp,200,54594,image/webp,dramas/891/original.jpg
892,EgNWW_4f,original,dramas/892/original.jpg,image/jpeg,132134,bb3f269e68da6161b73739894f9eecbd7ceaae957c08a3933416ec47e591c86b,132134,image/jpeg,200,132134,image/jpeg,dramas/892/original.jpg
892,EgNWW_4f,thumbnail,dramas/892/thumbnail.webp,image/webp,34432,1e9a6b230234f39bcf2aa5b3425378a01adf62799b48f64593b18c0112306c5a,34432,image/webp,200,34432,image/webp,dramas/892/original.jpg
893,r5YL2_4f,original,dramas/893/original.jpg,image/jpeg,210999,a1d2e7edcc1085fce0c644c75a0d08f6bf2f30c8ac34593eeeb50efa5e18c198,210999,image/jpeg,200,210999,image/jpeg,dramas/893/original.jpg
893,r5YL2_4f,thumbnail,dramas/893/thumbnail.webp,image/webp,59614,38e5d9cf0843ccd6e4284659ec097ea447f88f6f24613bfe4086abb915982eff,59614,image/webp,200,59614,image/webp,dramas/893/original.jpg
894,x48Ryf,original,dramas/894/original.jpg,image/jpeg,119121,4bc1361917eb80d7c981a5cd80e6c4c34fdba0c668be5b3ab8b45ee1fa26f69d,119121,image/jpeg,200,119121,image/jpeg,dramas/894/original.jpg
894,x48Ryf,thumbnail,dramas/894/thumbnail.webp,image/webp,64246,195e0609069769ff914e9e0b1154d8fb0124702db05c14c8f4be5f900dcbd296,64246,image/webp,200,64246,image/webp,dramas/894/original.jpg
895,doREzf,original,dramas/895/original.jpg,image/jpeg,124056,6ddf6c54e8dbd7bdc9b1a43726e7dc526a3fd5b3669e3c44815984bf5efe34ca,124056,image/jpeg,200,124056,image/jpeg,dramas/895/original.jpg
895,doREzf,thumbnail,dramas/895/thumbnail.webp,image/webp,35966,fdff991daa299a583242b5a8d2c78a098b06b51ac306c795bed3146864686d9a,35966,image/webp,200,35966,image/webp,dramas/895/original.jpg
896,Z82l1f,original,dramas/896/original.jpg,image/jpeg,284401,67021fe8c78ca4ae3674db897b0eab13750cb60b5eefc798158fde4efcab273d,284401,image/jpeg,200,284401,image/jpeg,dramas/896/original.jpg
896,Z82l1f,thumbnail,dramas/896/thumbnail.webp,image/webp,65320,ffe6398e590fd87d43e1262a7bfd41e01ae37142d51a48012b832d8ff57db67a,65320,image/webp,200,65320,image/webp,dramas/896/original.jpg
897,4e5YE6_4f,original,dramas/897/original.jpg,image/jpeg,228174,d5b94255a1a37b19dcb7989b962e3fe5b6d687513c42ad39860f575dd13f127f,228174,image/jpeg,200,228174,image/jpeg,dramas/897/original.jpg
897,4e5YE6_4f,thumbnail,dramas/897/thumbnail.webp,image/webp,51324,e9c0e3e354dee9ff870ae20ac96567d58d32da0f3cacc680c4ad8f4d015f4e45,51324,image/webp,200,51324,image/webp,dramas/897/original.jpg
898,qxodD_4f,original,dramas/898/original.jpg,image/jpeg,167843,7e3e50b8de2d63dc444a4bd1182c3d5c380de5e93d38762787552132faf2b2e4,167843,image/jpeg,200,167843,image/jpeg,dramas/898/original.jpg
898,qxodD_4f,thumbnail,dramas/898/thumbnail.webp,image/webp,39560,7005d37f2fdf29d07b2e33206cbbcec14024dcdd77610f00e5038236e71f9aba,39560,image/webp,200,39560,image/webp,dramas/898/original.jpg
899,del50_4f,original,dramas/899/original.jpg,image/jpeg,163199,4d47c076a39056a7cd502ed64be9bfd4183cb569075015858fc87f2df7335c10,163199,image/jpeg,200,163199,image/jpeg,dramas/899/original.jpg
899,del50_4f,thumbnail,dramas/899/thumbnail.webp,image/webp,58640,eec149a776667d0b49249265b8846bb79945da2a4df65e2fdb804da4ca3af32c,58640,image/webp,200,58640,image/webp,dramas/899/original.jpg
900,rOnj7f,original,dramas/900/original.jpg,image/jpeg,81514,179f6892e1cad98d06baf3be747855c8c4e6c98f6eb04990c930b757e0953753,81514,image/jpeg,200,81514,image/jpeg,dramas/900/original.jpg
900,rOnj7f,thumbnail,dramas/900/thumbnail.webp,image/webp,28440,95c7d4b61a6d27f979baacc3f591019cf4a9f02e6fb6983a7d6d348d01b09285,28440,image/webp,200,28440,image/webp,dramas/900/original.jpg
901,dWyEW_4f,original,dramas/901/original.jpg,image/jpeg,65332,dbaabb6d4d10d5c875e950edfd13d256f8a6cba66c68582cf4cf97dc8fdff1c7,65332,image/jpeg,200,65332,image/jpeg,dramas/901/original.jpg
901,dWyEW_4f,thumbnail,dramas/901/thumbnail.webp,image/webp,22752,d2d81beab411a0be8935b4cf80f94d63f2416d33a20573d2771eb6ad358c4392,22752,image/webp,200,22752,image/webp,dramas/901/original.jpg
902,RB2Bgf,original,dramas/902/original.jpg,image/jpeg,129837,7426cba4b782dfdd6e1296c38831a53d633df3effc13fc6e67ad2f9d0f4401df,129837,image/jpeg,200,129837,image/jpeg,dramas/902/original.jpg
902,RB2Bgf,thumbnail,dramas/902/thumbnail.webp,image/webp,41784,e1ce85119592f10a228dde5333e8d9e6089ebcded05de698c03ae7e99ed7c595,41784,image/webp,200,41784,image/webp,dramas/902/original.jpg
903,GWqBpf,original,dramas/903/original.jpg,image/jpeg,58142,808bf7ca5dd09f35e087516a3e26190aeb32661f082e04cd73a3c945f19aae15,58142,image/jpeg,200,58142,image/jpeg,dramas/903/original.jpg
903,GWqBpf,thumbnail,dramas/903/thumbnail.webp,image/webp,29574,dd77916cfdc076a4e32eb60cfe457c00bc1f808376167547a8dc74e89cc97cac,29574,image/webp,200,29574,image/webp,dramas/903/original.jpg
904,0dD7e_4f,original,dramas/904/original.jpg,image/jpeg,167875,1269d3f06057882f39a7346c9825cfb6f2610a129ef1330f2ccacaf3b727ab61,167875,image/jpeg,200,167875,image/jpeg,dramas/904/original.jpg
904,0dD7e_4f,thumbnail,dramas/904/thumbnail.webp,image/webp,31744,6977a68f26ae91ee28493d4e0910733ccd582ad67ea0ffebb0dde53bc3ed1039,31744,image/webp,200,31744,image/webp,dramas/904/original.jpg
905,6K5dp_4f,original,dramas/905/original.jpg,image/jpeg,184015,d48ddb5d2fdac3fd2395ba6dec155d7238f380a9647ea302a164bfe721542ba1,184015,image/jpeg,200,184015,image/jpeg,dramas/905/original.jpg
905,6K5dp_4f,thumbnail,dramas/905/thumbnail.webp,image/webp,42106,24f8678bb18b7f72cd59a9bb64e88b9d723e240aaba1ce9663224398fe9da5f9,42106,image/webp,200,42106,image/webp,dramas/905/original.jpg
906,B1YWl_4f,original,dramas/906/original.jpg,image/jpeg,62563,f6329928437fa491902fb5f02004d688cf3de80114203d9c0762b7ecc58a14bd,62563,image/jpeg,200,62563,image/jpeg,dramas/906/original.jpg
906,B1YWl_4f,thumbnail,dramas/906/thumbnail.webp,image/webp,35744,3abea78e86fb1fcf1c1112e9bf40e3d9bf8ca7bba06fab2f69c61294f770ed4b,35744,image/webp,200,35744,image/webp,dramas/906/original.jpg
907,dKY0d_4f,original,dramas/907/original.jpg,image/jpeg,120738,bf81736e40cd34611e63e0ba7aa9975388ab1a2145177baadd4b2f8b622904c2,120738,image/jpeg,200,120738,image/jpeg,dramas/907/original.jpg
907,dKY0d_4f,thumbnail,dramas/907/thumbnail.webp,image/webp,47928,fb14a9bb2c048136ae827b6143fb52ee14083f005183113ad0a42fb061eea53e,47928,image/webp,200,47928,image/webp,dramas/907/original.jpg
908,jvwnB_4f,original,dramas/908/original.jpg,image/jpeg,100765,2522546119b2d4fed2b414dd2622be1d9cbf481b79634076994e75525a610fb3,100765,image/jpeg,200,100765,image/jpeg,dramas/908/original.jpg
908,jvwnB_4f,thumbnail,dramas/908/thumbnail.webp,image/webp,56208,fd2fe82e11d66adc02a7efb26267c8bca8fb83365bb2019979ff398675d1f54f,56208,image/webp,200,56208,image/webp,dramas/908/original.jpg
909,6weyW_4f,original,dramas/909/original.jpg,image/jpeg,140215,f54b651751453565c1818d3948c8cbcefdcab07f1192dc9f52cdb88133467d05,140215,image/jpeg,200,140215,image/jpeg,dramas/909/original.jpg
909,6weyW_4f,thumbnail,dramas/909/thumbnail.webp,image/webp,54068,3f0ea4a1895beb480aec013279437a54e79973e6c390e71790050b4439ae50d3,54068,image/webp,200,54068,image/webp,dramas/909/original.jpg
910,Jjx4wf,original,dramas/910/original.jpg,image/jpeg,69990,e482c935c69900ead05b866490f5668ca824d66e1eaddc80cb72d0283f409c23,69990,image/jpeg,200,69990,image/jpeg,dramas/910/original.jpg
910,Jjx4wf,thumbnail,dramas/910/thumbnail.webp,image/webp,32928,07a725779fb648e4bdd4fa40a8bdd127d27c7760b040ee5cd85cddf499886c01,32928,image/webp,200,32928,image/webp,dramas/910/original.jpg
911,EwpK7_4f,original,dramas/911/original.jpg,image/jpeg,222441,0f3a3f804768812458cc594b24ec55b6af26fd07ce17783da407fbb3093551be,222441,image/jpeg,200,222441,image/jpeg,dramas/911/original.jpg
911,EwpK7_4f,thumbnail,dramas/911/thumbnail.webp,image/webp,32500,f1f27c2fb4acc11ea027344186cb850b988b9d514835f57094433e4ac57c8774,32500,image/webp,200,32500,image/webp,dramas/911/original.jpg
912,XdmVpf,original,dramas/912/original.jpg,image/jpeg,229980,6a79bf891e04954a2463afd1523e5e0b3af0a3d3f0d4fbce84753de810a1842f,229980,image/jpeg,200,229980,image/jpeg,dramas/912/original.jpg
912,XdmVpf,thumbnail,dramas/912/thumbnail.webp,image/webp,105454,04be92a5ac66c8860446d3322b37b6ac7d41607dd0515df395cf52ff08061391,105454,image/webp,200,105454,image/webp,dramas/912/original.jpg
913,1lAw5_4f,original,dramas/913/original.jpg,image/jpeg,191631,233df9f6c5d1d48c23e7453d3f28aa7b0c11b3501e349e044a7bebab717b73ca,191631,image/jpeg,200,191631,image/jpeg,dramas/913/original.jpg
913,1lAw5_4f,thumbnail,dramas/913/thumbnail.webp,image/webp,45554,98cca5cbf895074ba98c06fcc41a5110076f9dd8f6f38ddb79912cdf9346c656,45554,image/webp,200,45554,image/webp,dramas/913/original.jpg
914,Lw7jrL_4f,original,dramas/914/original.jpg,image/jpeg,188889,24e1109eabc8ce9ad448e942c8e0fe612a1cfadddd995e2aa77f8c6babf17516,188889,image/jpeg,200,188889,image/jpeg,dramas/914/original.jpg
914,Lw7jrL_4f,thumbnail,dramas/914/thumbnail.webp,image/webp,36262,a944fe19c91816eff0f4657281f3dcb02fa692762598aa4958f07e6b060b27b4,36262,image/webp,200,36262,image/webp,dramas/914/original.jpg
915,eEKrKf,original,dramas/915/original.jpg,image/jpeg,210635,522de371c02bb967c8db06bb34d0dc49e75c1bdab06e5937883bb982bad95a65,210635,image/jpeg,200,210635,image/jpeg,dramas/915/original.jpg
915,eEKrKf,thumbnail,dramas/915/thumbnail.webp,image/webp,33012,a974bc1456f7b9dbdb2b645a84724f0957d1c4974933d0a80dcac26773498cee,33012,image/webp,200,33012,image/webp,dramas/915/original.jpg
916,pgDDV_4f,original,dramas/916/original.jpg,image/jpeg,293813,a2437156afd88f1071203f125799c80d7ad53dd095544fbe5ca86d7e4d2484ff,293813,image/jpeg,200,293813,image/jpeg,dramas/916/original.jpg
916,pgDDV_4f,thumbnail,dramas/916/thumbnail.webp,image/webp,84678,5d5c3d6f46721a256a8872a503b041425824839b53f645251ccc4ef7102bb3cc,84678,image/webp,200,84678,image/webp,dramas/916/original.jpg
917,EN4Wz_4f,original,dramas/917/original.jpg,image/jpeg,202694,7cf30d14af8a8244108929fd6554872ab740446a04c71753e2f1ad480e469eba,202694,image/jpeg,200,202694,image/jpeg,dramas/917/original.jpg
917,EN4Wz_4f,thumbnail,dramas/917/thumbnail.webp,image/webp,35696,19361994c481d88376e4aaf0174b39318ad2b0e616a31e10a57393751afa3801,35696,image/webp,200,35696,image/webp,dramas/917/original.jpg
918,b3RmlV_4f,original,dramas/918/original.jpg,image/jpeg,305326,856953f6b3e903f56f6464ceaaa03eb9e9a4e827a6dcbebc06994cbf13bbc961,305326,image/jpeg,200,305326,image/jpeg,dramas/918/original.jpg
918,b3RmlV_4f,thumbnail,dramas/918/thumbnail.webp,image/webp,70176,9c6d98eab072664e9c81f280c28e0ec533f9434e923ea587a9d71b82c6a817ed,70176,image/webp,200,70176,image/webp,dramas/918/original.jpg
919,XOYRZ_4f,original,dramas/919/original.jpg,image/jpeg,144004,1ddaf301346484076392d496e3923e5854147f5f684c106758057ec371ea25d1,144004,image/jpeg,200,144004,image/jpeg,dramas/919/original.jpg
919,XOYRZ_4f,thumbnail,dramas/919/thumbnail.webp,image/webp,48704,410cd0505c7b948aead6fba8c0d1ac1b6aa01627b37a18e9c17885f23e8cc685,48704,image/webp,200,48704,image/webp,dramas/919/original.jpg
920,2zNr7_4f,original,dramas/920/original.jpg,image/jpeg,182201,9b1a2396f2dc8b2946899bfe294e04499598a87cf47b181d7e03f9f76f7e8d70,182201,image/jpeg,200,182201,image/jpeg,dramas/920/original.jpg
920,2zNr7_4f,thumbnail,dramas/920/thumbnail.webp,image/webp,70088,a7ab61eba51365bf92405ed809faa31b75b9faa6e2dee8b690fa31c7d1b175e1,70088,image/webp,200,70088,image/webp,dramas/920/original.jpg
921,kY1jgf,original,dramas/921/original.jpg,image/jpeg,109479,db24008496686a3d97106f1f205a18e8a4d5a15b15b0b6c3560af87f756ccead,109479,image/jpeg,200,109479,image/jpeg,dramas/921/original.jpg
921,kY1jgf,thumbnail,dramas/921/thumbnail.webp,image/webp,26534,105fe3da5dc0bf671d50a5e1053e3d3e7b02a4b905a7d420fe9edad64195e4a0,26534,image/webp,200,26534,image/webp,dramas/921/original.jpg
922,EDgJzf,original,dramas/922/original.jpg,image/jpeg,166477,14e8956cb7b534476476b246d5089aa3e8fd6364d4dbd072b85ec0515b6a7532,166477,image/jpeg,200,166477,image/jpeg,dramas/922/original.jpg
922,EDgJzf,thumbnail,dramas/922/thumbnail.webp,image/webp,37402,624d9f50d9b5912e7511e07b473fcfc53b3da1aa7d5771b65bab5e65e54ff4e8,37402,image/webp,200,37402,image/webp,dramas/922/original.jpg
923,81Z3jW_4f,original,dramas/923/original.jpg,image/jpeg,165409,b260a7ff9a2fd8ac438b44798b3b5ebce3693e688664f014b7f899bf6726c2be,165409,image/jpeg,200,165409,image/jpeg,dramas/923/original.jpg
923,81Z3jW_4f,thumbnail,dramas/923/thumbnail.webp,image/webp,35046,3b8e6d4db35375c25bada8b8f4aca559423d28e2fe7f553d459f3cf45c56801b,35046,image/webp,200,35046,image/webp,dramas/923/original.jpg
924,4DxeJf,original,dramas/924/original.jpg,image/jpeg,134918,0efec3a16ac865b5aaad94579fe56ec11d39b4e35dd30ca27e72051d716fbcf5,134918,image/jpeg,200,134918,image/jpeg,dramas/924/original.jpg
924,4DxeJf,thumbnail,dramas/924/thumbnail.webp,image/webp,52502,452916e826c3619de51a21dcc7d7727d91df009c41ad9b8348bc83d56294fdc3,52502,image/webp,200,52502,image/webp,dramas/924/original.jpg
925,1882z_4f,original,dramas/925/original.jpg,image/jpeg,46265,8ff827ab9c1949457904242ac10f701700d920733cab69b409ad49b0e857fa3c,46265,image/jpeg,200,46265,image/jpeg,dramas/925/original.jpg
925,1882z_4f,thumbnail,dramas/925/thumbnail.webp,image/webp,24258,e9400843676d0353362771cff20eb65fe0cf5457c6d7eb4e1a7d3eaf6df16ea3,24258,image/webp,200,24258,image/webp,dramas/925/original.jpg
926,BNk5b_4f,original,dramas/926/original.jpg,image/jpeg,116920,6167a157ad236eede8b32c49a47fcfe5db0e86ca4cf45b32df3a488faa27dda2,116920,image/jpeg,200,116920,image/jpeg,dramas/926/original.jpg
926,BNk5b_4f,thumbnail,dramas/926/thumbnail.webp,image/webp,44592,ee5ce1a896ab48592b789a5e274c0420a19610de770346d0810c175e12819000,44592,image/webp,200,44592,image/webp,dramas/926/original.jpg
927,B5OKq_4f,original,dramas/927/original.jpg,image/jpeg,99868,86a516dd0ef18ffa4f88b5e8b9a086645c8afb8d169856df4486b8f2b9947534,99868,image/jpeg,200,99868,image/jpeg,dramas/927/original.jpg
927,B5OKq_4f,thumbnail,dramas/927/thumbnail.webp,image/webp,46138,5aab2191fd17dfdd2d66effcfeb65edf715b3e77393280f9fcde4dd9a4c8e068,46138,image/webp,200,46138,image/webp,dramas/927/original.jpg
928,r5zJE_4f,original,dramas/928/original.jpg,image/jpeg,60829,fbd11c56e54677a16b7c0af14170e735411337dc2068e63d0982738a71320eef,60829,image/jpeg,200,60829,image/jpeg,dramas/928/original.jpg
928,r5zJE_4f,thumbnail,dramas/928/thumbnail.webp,image/webp,35614,0a1caf373ac6f0727a30e399bd3a0b9d34c88a009e438bee4c67e7f16caaa211,35614,image/webp,200,35614,image/webp,dramas/928/original.jpg
929,QlKB6_4f,original,dramas/929/original.jpg,image/jpeg,41846,240e1d4583c9f84147a3f1c957722eb430fc10556b3765d225e36b6bc49ee097,41846,image/jpeg,200,41846,image/jpeg,dramas/929/original.jpg
929,QlKB6_4f,thumbnail,dramas/929/thumbnail.webp,image/webp,20314,05789af3cf540bdfd70441152f5051e3b87fefccecd39c267aa36fa44c891ead,20314,image/webp,200,20314,image/webp,dramas/929/original.jpg
930,ZQ8KL_4f,original,dramas/930/original.jpg,image/jpeg,154213,153386642a84c9e029d9dbbedb07748603a982ce1795d0fdc976000602369ea6,154213,image/jpeg,200,154213,image/jpeg,dramas/930/original.jpg
930,ZQ8KL_4f,thumbnail,dramas/930/thumbnail.webp,image/webp,30510,12b9918a586f5e384433f24558af14d0ffaf4d0656f662f5397d0e2ff6d5ef82,30510,image/webp,200,30510,image/webp,dramas/930/original.jpg
931,RX2og_4f,original,dramas/931/original.jpg,image/jpeg,54905,479da4bccda33b161b3e4a57d9a77d26cdbc52b145b0c13bdda863afa55bcc62,54905,image/jpeg,200,54905,image/jpeg,dramas/931/original.jpg
931,RX2og_4f,thumbnail,dramas/931/thumbnail.webp,image/webp,13750,cc1f81b079c16f64bf8d3b3df4d6cf899d78702a9729d507a7bb052d212f37e5,13750,image/webp,200,13750,image/webp,dramas/931/original.jpg
932,XNeKO_4f,original,dramas/932/original.jpg,image/jpeg,248056,e59859ec482fe39a722a9eac3e9257ef53c5cb0aa0b52bc3ca9185234b9e67bb,248056,image/jpeg,200,248056,image/jpeg,dramas/932/original.jpg
932,XNeKO_4f,thumbnail,dramas/932/thumbnail.webp,image/webp,39778,5ead59d91cd7f2246207d81c25d3750220c3ec88a4ce1afee5272e83b0def54a,39778,image/webp,200,39778,image/webp,dramas/932/original.jpg
933,XkYln_4f,original,dramas/933/original.jpg,image/jpeg,158306,d246ad2407eab47fcce1c33059c810a3a37b6883f2f8fa2c1e80f995b7075ec1,158306,image/jpeg,200,158306,image/jpeg,dramas/933/original.jpg
933,XkYln_4f,thumbnail,dramas/933/thumbnail.webp,image/webp,58776,62b3ef53b8597789d4e9f40f851c13a16f7c6923d95bf8787b4f188134ca66b3,58776,image/webp,200,58776,image/webp,dramas/933/original.jpg
934,4dd4d_4f,original,dramas/934/original.jpg,image/jpeg,125649,ddb63d635fb4702e5229e2f8dadae3793099f989225af3f86d3a061862565948,125649,image/jpeg,200,125649,image/jpeg,dramas/934/original.jpg
934,4dd4d_4f,thumbnail,dramas/934/thumbnail.webp,image/webp,23350,3cae895906e6b49b5658d3d4ad29bb89462a78a83dad88e6ce4da80752ed4015,23350,image/webp,200,23350,image/webp,dramas/934/original.jpg
935,wE3AA_4f,original,dramas/935/original.jpg,image/jpeg,242591,3c6c2f173bb4818f58d224138d11fcc847425b119ea3eefe5ba7664ab7a003c0,242591,image/jpeg,200,242591,image/jpeg,dramas/935/original.jpg
935,wE3AA_4f,thumbnail,dramas/935/thumbnail.webp,image/webp,27528,d9e171021a553b9e3b662fd611f0c15b91dc9e34280ce8fc29ccc51be09d03df,27528,image/webp,200,27528,image/webp,dramas/935/original.jpg
936,WRQmX_4f,original,dramas/936/original.jpg,image/jpeg,89711,0b8c6568f30110e474ec6d993251772825e179a4f311faf4d1bd0c069d41d29a,89711,image/jpeg,200,89711,image/jpeg,dramas/936/original.jpg
936,WRQmX_4f,thumbnail,dramas/936/thumbnail.webp,image/webp,37984,2bab38daffd790c1d1418b3321c41a68a2a708037caaffa791effa4e886f2795,37984,image/webp,200,37984,image/webp,dramas/936/original.jpg
937,8Q5BKf,original,dramas/937/original.jpg,image/jpeg,215731,01e4f87e2279acbc74651543f34513fb2d6d6e22f861907f4b0f6e05c639e298,215731,image/jpeg,200,215731,image/jpeg,dramas/937/original.jpg
937,8Q5BKf,thumbnail,dramas/937/thumbnail.webp,image/webp,46068,e3f8b4063686c7273060bec289c346c674b84fd3fc5026c1687608e78ee557ee,46068,image/webp,200,46068,image/webp,dramas/937/original.jpg
938,w8LAJf,original,dramas/938/original.jpg,image/jpeg,39944,265470aedce42b9b54971568c92f3cf04fc8b3c784ac2260d44d7d51f7ba3d00,39944,image/jpeg,200,39944,image/jpeg,dramas/938/original.jpg
938,w8LAJf,thumbnail,dramas/938/thumbnail.webp,image/webp,14522,885371332d7df407299c589231ede6e56b7741082d613320db13f53df832b6d3,14522,image/webp,200,14522,image/webp,dramas/938/original.jpg
939,GNL2Ef,original,dramas/939/original.jpg,image/jpeg,122573,0297bbf50618642b5174c225acddce4c48b2378f779982519ee6bc7261d8de42,122573,image/jpeg,200,122573,image/jpeg,dramas/939/original.jpg
939,GNL2Ef,thumbnail,dramas/939/thumbnail.webp,image/webp,48322,5f16111e78d08943803ccc9ce346e1e737b84791ed225ea8e7849e8c7d6f8366,48322,image/webp,200,48322,image/webp,dramas/939/original.jpg
940,QkVy4_4f,original,dramas/940/original.jpg,image/jpeg,222106,6d723766a7290c8b07ba33ec12bb7c1d4468ebcffa6a690f3ab1cefcbb50158b,222106,image/jpeg,200,222106,image/jpeg,dramas/940/original.jpg
940,QkVy4_4f,thumbnail,dramas/940/thumbnail.webp,image/webp,42566,368f11208ec1c2bdcbcf7833fdb6e60506a753fd98f83b4c8161b6c6de5f963d,42566,image/webp,200,42566,image/webp,dramas/940/original.jpg
941,rz4LD_4f,original,dramas/941/original.jpg,image/jpeg,92083,50903e8c4e829344e93b0ff3d9592f249ba815579a08e73c3e36b5375232be1a,92083,image/jpeg,200,92083,image/jpeg,dramas/941/original.jpg
941,rz4LD_4f,thumbnail,dramas/941/thumbnail.webp,image/webp,25946,79e791a6fde1814bb75d57a8d372630833706c5368dc920864575ea0525e01e6,25946,image/webp,200,25946,image/webp,dramas/941/original.jpg
942,pzymr_4f,original,dramas/942/original.jpg,image/jpeg,94300,76b4a338ec18e710de8b4b74cc224f5b4ce5031e169462dbe995ee3c7fefbe0b,94300,image/jpeg,200,94300,image/jpeg,dramas/942/original.jpg
942,pzymr_4f,thumbnail,dramas/942/thumbnail.webp,image/webp,24342,3f1975b0054483f46a2029fd47247861933f3e199966b058c154915a246c4a9c,24342,image/webp,200,24342,image/webp,dramas/942/original.jpg
943,jZz4J_4f,original,dramas/943/original.jpg,image/jpeg,180057,ea2afce33f0a9ca77aa19f14b5502fc5848381bd97c342ec9ff5d046c0a70df4,180057,image/jpeg,200,180057,image/jpeg,dramas/943/original.jpg
943,jZz4J_4f,thumbnail,dramas/943/thumbnail.webp,image/webp,29800,3ad06962aa7064e5c95defb4d169d005298386e5036f59b55a4c7eaf2097f223,29800,image/webp,200,29800,image/webp,dramas/943/original.jpg
944,EX1Pp_4f,original,dramas/944/original.jpg,image/jpeg,189788,22f2134cbd0009d9ccd830cc5361343f8513e9d8ceaff8691c1b42311d835fab,189788,image/jpeg,200,189788,image/jpeg,dramas/944/original.jpg
944,EX1Pp_4f,thumbnail,dramas/944/thumbnail.webp,image/webp,46580,95055d0d0595585f82d7867e0f87b0e36f9940c1d9103390d183e639268e163a,46580,image/webp,200,46580,image/webp,dramas/944/original.jpg
945,4JzlJ_4f,original,dramas/945/original.jpg,image/jpeg,187962,1208e6b4ea84656be94cffca16237095d08f912d4d00b570621687ba73e9e4d3,187962,image/jpeg,200,187962,image/jpeg,dramas/945/original.jpg
945,4JzlJ_4f,thumbnail,dramas/945/thumbnail.webp,image/webp,38002,7715d10f17cb4e721a54c651740932820eb47bb81e163326b6f5acb10426edd9,38002,image/webp,200,38002,image/webp,dramas/945/original.jpg
946,KpJ8y8_4f,original,dramas/946/original.jpg,image/jpeg,89864,e77a669534a6f5ae20f16f1a8f05206c5666a634e7314eec10a39be7636dfb10,89864,image/jpeg,200,89864,image/jpeg,dramas/946/original.jpg
946,KpJ8y8_4f,thumbnail,dramas/946/thumbnail.webp,image/webp,30192,e2dd11bb45feb121a52decc9fe0c5abec9841f028ef8a30252e7531e71711577,30192,image/webp,200,30192,image/webp,dramas/946/original.jpg
947,JBEZmf,original,dramas/947/original.jpg,image/jpeg,166736,e49c64b31ebceb77532b9fe1ac9c9f76fd4ee97bad50ec2deed1b8181283afd1,166736,image/jpeg,200,166736,image/jpeg,dramas/947/original.jpg
947,JBEZmf,thumbnail,dramas/947/thumbnail.webp,image/webp,63166,08214181a446b8930a41aa4008566195e3868ac395cb08c95f7a148c42143142,63166,image/webp,200,63166,image/webp,dramas/947/original.jpg
948,BddB47_4f,original,dramas/948/original.jpg,image/jpeg,197029,39f86ccba141f3437a1d807e67a2f445752514d2eab84aab0015d7714c1eb99a,197029,image/jpeg,200,197029,image/jpeg,dramas/948/original.jpg
948,BddB47_4f,thumbnail,dramas/948/thumbnail.webp,image/webp,39322,31ce00a5dbe234032aee8bae5c2bf7adcf7278c746c44ababbc300ddecdbe107,39322,image/webp,200,39322,image/webp,dramas/948/original.jpg
949,KpPWJf,original,dramas/949/original.jpg,image/jpeg,197268,6d8f71d7de2d9a27352ee63679d3a0121a36adc0eca8c6a06bb6fbbbe376811c,197268,image/jpeg,200,197268,image/jpeg,dramas/949/original.jpg
949,KpPWJf,thumbnail,dramas/949/thumbnail.webp,image/webp,38578,abf35eda9facd9efb86752ce3ada2f54e2372786d7a449b21482003b35d63255,38578,image/webp,200,38578,image/webp,dramas/949/original.jpg
950,v3DLp_4f,original,dramas/950/original.jpg,image/jpeg,72348,0bd138555459436f8086d06356fc0ed679b3190dd0ec7ca1bdf94939fe2cc1d2,72348,image/jpeg,200,72348,image/jpeg,dramas/950/original.jpg
950,v3DLp_4f,thumbnail,dramas/950/thumbnail.webp,image/webp,33792,a41f7fc6d610c77ed0124115572b893ae7a401a4723afcec628419fea6fe00af,33792,image/webp,200,33792,image/webp,dramas/950/original.jpg
951,0l4wY_4f,original,dramas/951/original.jpg,image/jpeg,134697,5bde11fc88cdf94944653a0230c4895d4505c9e1c7591259e2a4d1e02a12bd75,134697,image/jpeg,200,134697,image/jpeg,dramas/951/original.jpg
951,0l4wY_4f,thumbnail,dramas/951/thumbnail.webp,image/webp,21500,d22bfc1e4b36ba7875e48ecf5137fd9dc685f2b25425c9c11222e8424f88d305,21500,image/webp,200,21500,image/webp,dramas/951/original.jpg
952,wz4R1_4f,original,dramas/952/original.jpg,image/jpeg,164800,f45f172d7f56b7e2210f64638f129d71e4af6de3ffd7263640ae33aa0035653d,164800,image/jpeg,200,164800,image/jpeg,dramas/952/original.jpg
952,wz4R1_4f,thumbnail,dramas/952/thumbnail.webp,image/webp,64660,52b2e762750b95e7fc602900ebabdabb6f391041088984e2354c4d56d22b997a,64660,image/webp,200,64660,image/webp,dramas/952/original.jpg
953,v8g0D_4f,original,dramas/953/original.jpg,image/jpeg,194951,6cff26be408f3c405883408eb4931821bd47d38002871b8930e6877a104aae37,194951,image/jpeg,200,194951,image/jpeg,dramas/953/original.jpg
953,v8g0D_4f,thumbnail,dramas/953/thumbnail.webp,image/webp,36974,b83045e8c78e7bc43e1a85e1c6b1f7a456733d4ebce98ae7dd7fc579a0ad5433,36974,image/webp,200,36974,image/webp,dramas/953/original.jpg
954,j3olB_4f,original,dramas/954/original.jpg,image/jpeg,135823,c04bf780cb17fd20a070492ed4a967e29c4690350f7a3f2bad7b1b2643244d78,135823,image/jpeg,200,135823,image/jpeg,dramas/954/original.jpg
954,j3olB_4f,thumbnail,dramas/954/thumbnail.webp,image/webp,49410,4e23298dad14a0f470d5f211ee989f3f4e8b43cfc047d09b93201847507a51e2,49410,image/webp,200,49410,image/webp,dramas/954/original.jpg
955,vAnBe_4f,original,dramas/955/original.jpg,image/jpeg,168811,0ce176a992d17b3189d9ad3253edb896753bd8a667f90ad8683891fe3d6217cd,168811,image/jpeg,200,168811,image/jpeg,dramas/955/original.jpg
955,vAnBe_4f,thumbnail,dramas/955/thumbnail.webp,image/webp,22738,bd44e5bff7f07a857e345344a4a0a3c119b2596a5ea66dbe91295d77a452c397,22738,image/webp,200,22738,image/webp,dramas/955/original.jpg
956,x46blz_4f,original,dramas/956/original.jpg,image/jpeg,218346,87b926b76636ac3282ae01fea4fce000bf38aebfb75e15a55bef883bb12ec43d,218346,image/jpeg,200,218346,image/jpeg,dramas/956/original.jpg
956,x46blz_4f,thumbnail,dramas/956/thumbnail.webp,image/webp,44504,bb063f5e7a89d6a4153f49af0c2d6da4e62a18c37fcc6b3eb0b1ae662b1c92a3,44504,image/webp,200,44504,image/webp,dramas/956/original.jpg
957,2WpKk_4f,original,dramas/957/original.jpg,image/jpeg,82430,158727c720fa63bf14813ef4b182668af334f3be6975ecebed06a96b444c5b63,82430,image/jpeg,200,82430,image/jpeg,dramas/957/original.jpg
957,2WpKk_4f,thumbnail,dramas/957/thumbnail.webp,image/webp,25096,0edd9ff14225bae4895ca2e36cea286b0a0d0db244a7dec6160b9d424df804e3,25096,image/webp,200,25096,image/webp,dramas/957/original.jpg
958,vlNOX_4f,original,dramas/958/original.jpg,image/jpeg,155896,3184e613db022b25d10edc09d8ab497b4398961d465326affd2f46d430416010,155896,image/jpeg,200,155896,image/jpeg,dramas/958/original.jpg
958,vlNOX_4f,thumbnail,dramas/958/thumbnail.webp,image/webp,28754,a5b6b8ed3201bd5e4fee063314501f214324815a8faabc70fd7aaf3566296d8a,28754,image/webp,200,28754,image/webp,dramas/958/original.jpg
959,w6wqn_4f,original,dramas/959/original.jpg,image/jpeg,142486,319818ca09658f57cb39fb74d563fc1879bc17c31b92c4f09e6b9ff8142266b1,142486,image/jpeg,200,142486,image/jpeg,dramas/959/original.jpg
959,w6wqn_4f,thumbnail,dramas/959/thumbnail.webp,image/webp,44058,eee91ad7fbdd60964775fbd719dea2cdcb4989e57a14d647ae69763b4e6329ec,44058,image/webp,200,44058,image/webp,dramas/959/original.jpg
960,6L6x2f,original,dramas/960/original.jpg,image/jpeg,28156,9a32f28656f3a2aa369275d37b234931162d586a47e8b436faeaf3163404bf3a,28156,image/jpeg,200,28156,image/jpeg,dramas/960/original.jpg
960,6L6x2f,thumbnail,dramas/960/thumbnail.webp,image/webp,15970,f4db402105995e63969aff2345476ad4f832da01aa7c6418efc3fdba7a3bc078,15970,image/webp,200,15970,image/webp,dramas/960/original.jpg
961,RJ6wgf,original,dramas/961/original.jpg,image/jpeg,45151,4c82db434ff067f251314eb32a4da749acb5c4375990e9159683e344deb8db2e,45151,image/jpeg,200,45151,image/jpeg,dramas/961/original.jpg
961,RJ6wgf,thumbnail,dramas/961/thumbnail.webp,image/webp,21982,17c4b6e089c98cc26af39bb5c194d2af5df1b92469889c587283ad4fd3e14f0f,21982,image/webp,200,21982,image/webp,dramas/961/original.jpg
962,jQlgBf,original,dramas/962/original.jpg,image/jpeg,120876,625fa52ffa26b4b875a888b759640d3d892682a457a26d93c351b386409874dc,120876,image/jpeg,200,120876,image/jpeg,dramas/962/original.jpg
962,jQlgBf,thumbnail,dramas/962/thumbnail.webp,image/webp,27994,09e7e0e1c8403bfaca5360769018c677de069e7082276b88950c132e11c139c6,27994,image/webp,200,27994,image/webp,dramas/962/original.jpg
963,v3032_4f,original,dramas/963/original.jpg,image/jpeg,278757,2bfce26b586a6c83c1546fac00776765a7de9069b8e2fcc807c77fc8a859dbbc,278757,image/jpeg,200,278757,image/jpeg,dramas/963/original.jpg
963,v3032_4f,thumbnail,dramas/963/thumbnail.webp,image/webp,69238,ef94ed86620a3ea0a852ea4370d7581602e8d967de95497d247f31459029e4f3,69238,image/webp,200,69238,image/webp,dramas/963/original.jpg
964,XJL7Z_4f,original,dramas/964/original.jpg,image/jpeg,348957,56bcc0a05fbe314b77044cfdc8f0a57730c460e7a6bbb7eb09ea36cc19391428,348957,image/jpeg,200,348957,image/jpeg,dramas/964/original.jpg
964,XJL7Z_4f,thumbnail,dramas/964/thumbnail.webp,image/webp,66704,aba325e01ae1ce90912f18e7c8867932fcc3fbd8eee15c3c58bbe088e46577cc,66704,image/webp,200,66704,image/webp,dramas/964/original.jpg
965,vKrp8_4f,original,dramas/965/original.jpg,image/jpeg,74875,e10d4843e5a93c928795a50e38ca1e139408beda878896e01f212239ccaea185,74875,image/jpeg,200,74875,image/jpeg,dramas/965/original.jpg
965,vKrp8_4f,thumbnail,dramas/965/thumbnail.webp,image/webp,17506,e95f23cf40e45cb7fc2dc54c5d3ef164a3803a4479aeaa6545d3e1f3a3d14566,17506,image/webp,200,17506,image/webp,dramas/965/original.jpg
966,xJdOy_4f,original,dramas/966/original.jpg,image/jpeg,227554,b552bc969b39a5c8a02131c9b04e84764cee89414711709a68690aa0884cb796,227554,image/jpeg,200,227554,image/jpeg,dramas/966/original.jpg
966,xJdOy_4f,thumbnail,dramas/966/thumbnail.webp,image/webp,45456,fc3d533ff240fd7fb2a400c8a5c9bf56bb4017a64a32b3cfaeae8dc8a781979d,45456,image/webp,200,45456,image/webp,dramas/966/original.jpg
967,X1nRX_4f,original,dramas/967/original.jpg,image/jpeg,131733,a3f1aa897a2a358ffbaf3db55eae0ac54b4cdaf3dd139273fa0ca67eca469592,131733,image/jpeg,200,131733,image/jpeg,dramas/967/original.jpg
967,X1nRX_4f,thumbnail,dramas/967/thumbnail.webp,image/webp,41380,ba0bc7eabe74fb4b0d8e9914525fae13c4f0b6c21ce4a87c98698da393cb8dd7,41380,image/webp,200,41380,image/webp,dramas/967/original.jpg
968,0jj4e_4f,original,dramas/968/original.jpg,image/jpeg,163420,8b045b94c98008fd311396268c9db140c8a2933f0bf7ffe06b5d912962a9fefb,163420,image/jpeg,200,163420,image/jpeg,dramas/968/original.jpg
968,0jj4e_4f,thumbnail,dramas/968/thumbnail.webp,image/webp,29096,c7a816c7269290582c33adbb2a8c0f45bb5d93a14868e220d420998487035ea4,29096,image/webp,200,29096,image/webp,dramas/968/original.jpg
969,GLl5Lf,original,dramas/969/original.jpg,image/jpeg,57220,e81700b36b2d383a2b13aa7cf7f746f6a241c8df959bc0152f432fc8f38e8df5,57220,image/jpeg,200,57220,image/jpeg,dramas/969/original.jpg
969,GLl5Lf,thumbnail,dramas/969/thumbnail.webp,image/webp,34468,737abfefca16fd5dd56fec0f04d41089ea30d151762dd84608f1a55851208f2c,34468,image/webp,200,34468,image/webp,dramas/969/original.jpg
970,xW1vX_4f,original,dramas/970/original.jpg,image/jpeg,166230,a816a8a965b42e108c1d3f6094e81eed886a1b31b4eae6f58d77668ed6f5b900,166230,image/jpeg,200,166230,image/jpeg,dramas/970/original.jpg
970,xW1vX_4f,thumbnail,dramas/970/thumbnail.webp,image/webp,45828,81123a97c52d97c7f861583dabe287a311083a592c95b602fa0c0780b4b8be92,45828,image/webp,200,45828,image/webp,dramas/970/original.jpg
971,256YO_4f,original,dramas/971/original.jpg,image/jpeg,133432,4ef2e84079e38be23c4adf0f4a70588d22310d977eb073db832a8880ed7d1db6,133432,image/jpeg,200,133432,image/jpeg,dramas/971/original.jpg
971,256YO_4f,thumbnail,dramas/971/thumbnail.webp,image/webp,44166,def7339ba87d38ad45908c4b8852d25234f68abf2b2d9b7e9228a275358b6acc,44166,image/webp,200,44166,image/webp,dramas/971/original.jpg
972,EzEB5_4f,original,dramas/972/original.jpg,image/jpeg,207064,31709c6ede28ced3d45b0b051788aba3a610b762dc382a1af69a42532de57c47,207064,image/jpeg,200,207064,image/jpeg,dramas/972/original.jpg
972,EzEB5_4f,thumbnail,dramas/972/thumbnail.webp,image/webp,44360,297a37a8abf95c95efbc01df1d3733e0b712a1dd89b4e7aa45068c8ba7762f29,44360,image/webp,200,44360,image/webp,dramas/972/original.jpg
973,jQ4Pzz_4f,original,dramas/973/original.jpg,image/jpeg,191264,8e315254ade056b9b454a4294906896015b01e1c59b5c3a891163d42c748ee9f,191264,image/jpeg,200,191264,image/jpeg,dramas/973/original.jpg
973,jQ4Pzz_4f,thumbnail,dramas/973/thumbnail.webp,image/webp,32194,50d76b71ef3120e3fa332da670a557222908e27f45a3ca84be17243ea385ea79,32194,image/webp,200,32194,image/webp,dramas/973/original.jpg
974,RKBWE_4f,original,dramas/974/original.jpg,image/jpeg,136807,c372e9a4857a7e727aa9306785eecd8abb34a7a806446cbeaa49bb0c85dd100d,136807,image/jpeg,200,136807,image/jpeg,dramas/974/original.jpg
974,RKBWE_4f,thumbnail,dramas/974/thumbnail.webp,image/webp,24380,81da713130a2bf5d53016b2ac4aa57daa8fd467843d65adfde3d8212d09acabd,24380,image/webp,200,24380,image/webp,dramas/974/original.jpg
975,Xk2Dg_4f,original,dramas/975/original.jpg,image/jpeg,168096,edde1f986f4e2e8dd7362e777d066f0977c6f15f6f6ec07d9b3e8f64114522c1,168096,image/jpeg,200,168096,image/jpeg,dramas/975/original.jpg
975,Xk2Dg_4f,thumbnail,dramas/975/thumbnail.webp,image/webp,64620,74b231200d481992d829922a268df9aeaa78d4722279228bf1fe38af406ce809,64620,image/webp,200,64620,image/webp,dramas/975/original.jpg
976,BKZ4z_4f,original,dramas/976/original.jpg,image/jpeg,137198,433e4eb6a1a7d6157db22df79c2b4c128acd98eea5bf9b2f98c8dc7a9b236881,137198,image/jpeg,200,137198,image/jpeg,dramas/976/original.jpg
976,BKZ4z_4f,thumbnail,dramas/976/thumbnail.webp,image/webp,20164,5656749159aae164c9911de1490b27a22597221d9fed2621b0498b87d61554ad,20164,image/webp,200,20164,image/webp,dramas/976/original.jpg
977,2XRgR_4f,original,dramas/977/original.jpg,image/jpeg,147603,74679806f47a13da67a41186b629e64457a548cf764dad738bf341630b5484f9,147603,image/jpeg,200,147603,image/jpeg,dramas/977/original.jpg
977,2XRgR_4f,thumbnail,dramas/977/thumbnail.webp,image/webp,28980,07a684c5100eba69c507cd6383dbc88a45e72bffe69b66a7a8bfe6b85fc5d6d0,28980,image/webp,200,28980,image/webp,dramas/977/original.jpg
978,v6dlB_4f,original,dramas/978/original.jpg,image/jpeg,60352,b510744d731911777849573c57ea2516eee5213f6a439ccd7fd0d63554fd4d4e,60352,image/jpeg,200,60352,image/jpeg,dramas/978/original.jpg
978,v6dlB_4f,thumbnail,dramas/978/thumbnail.webp,image/webp,24388,de583a360d08b4f5ddbf9fee3fe14878f123d9bd70a149616201cc2a2224af8a,24388,image/webp,200,24388,image/webp,dramas/978/original.jpg
979,rzp4D_4f,original,dramas/979/original.jpg,image/jpeg,52365,bb528e6652bcabfebaca219b91d82a8feb87d45fb0673716a014573d77ac396d,52365,image/jpeg,200,52365,image/jpeg,dramas/979/original.jpg
979,rzp4D_4f,thumbnail,dramas/979/thumbnail.webp,image/webp,24630,f2c63391e1a178750c45bcf310671a65231543c6ad4756fb942ea6e7c57277e3,24630,image/webp,200,24630,image/webp,dramas/979/original.jpg
980,dkVP0_4f,original,dramas/980/original.jpg,image/jpeg,145763,4a6fb1e06d04cd9236eb417eff938da1048a7483d0b599a4975f42b5bda46d53,145763,image/jpeg,200,145763,image/jpeg,dramas/980/original.jpg
980,dkVP0_4f,thumbnail,dramas/980/thumbnail.webp,image/webp,51518,a36fc52f788648e7c7af4fc535efd7f6976d3da704dc62e4a1af6ceae5725a87,51518,image/webp,200,51518,image/webp,dramas/980/original.jpg
981,YYzB0e_4f,original,dramas/981/original.jpg,image/jpeg,152862,3667930fe1296388f10607cd2c39868504ec40770927b88f50f12d8d71b45da9,152862,image/jpeg,200,152862,image/jpeg,dramas/981/original.jpg
981,YYzB0e_4f,thumbnail,dramas/981/thumbnail.webp,image/webp,29898,897435fdf795c9c3e4b0c3c9ef60b8229c320c4a75e454313fe80b58854dc618,29898,image/webp,200,29898,image/webp,dramas/981/original.jpg
982,GJODXf,original,dramas/982/original.jpg,image/jpeg,106611,d24c4d2751027bc3e0b54a509497d177c9e52109b88de6d5dff23ec9a3b806fc,106611,image/jpeg,200,106611,image/jpeg,dramas/982/original.jpg
982,GJODXf,thumbnail,dramas/982/thumbnail.webp,image/webp,49438,8ce2c78535ba4746d017c83a5c1e21daf73e12b081df15bb808ea1f78ff0fcf5,49438,image/webp,200,49438,image/webp,dramas/982/original.jpg
983,vEzgB_4f,original,dramas/983/original.jpg,image/jpeg,109526,4c2ca8f8772f650acb928eeccd9ba8fb0a6212fe3da061caca6a02c343c3ba11,109526,image/jpeg,200,109526,image/jpeg,dramas/983/original.jpg
983,vEzgB_4f,thumbnail,dramas/983/thumbnail.webp,image/webp,40376,2037dfee6677a964a86552f10e74094fadd97e791b089c50c08ae2e09496ac1b,40376,image/webp,200,40376,image/webp,dramas/983/original.jpg
984,6NopK_4f,original,dramas/984/original.jpg,image/jpeg,138807,58765401cae0034f5b678f01285726462713f59a2170fa6c23607a51793ef897,138807,image/jpeg,200,138807,image/jpeg,dramas/984/original.jpg
984,6NopK_4f,thumbnail,dramas/984/thumbnail.webp,image/webp,49266,27647c39f524374b953244eb9fbea980cefd81b106efe64f51973a16b96bcce3,49266,image/webp,200,49266,image/webp,dramas/984/original.jpg
985,djDkW_4f,original,dramas/985/original.jpg,image/jpeg,309978,f0fd81ac57a3b899c184211ac0a9540d0ff462d54292d603aa13defe897446d7,309978,image/jpeg,200,309978,image/jpeg,dramas/985/original.jpg
985,djDkW_4f,thumbnail,dramas/985/thumbnail.webp,image/webp,76964,6dcb7aa62c628e492f6c6777b6e6c4da62163d2e300e0854e5d92f7ba84983ec,76964,image/webp,200,76964,image/webp,dramas/985/original.jpg
986,e18Pq_4f,original,dramas/986/original.jpg,image/jpeg,116170,d9ec83ccd2f54669d61d811f0533430cafd3d5b7117edb0c0f2aaeeacd7cc616,116170,image/jpeg,200,116170,image/jpeg,dramas/986/original.jpg
986,e18Pq_4f,thumbnail,dramas/986/thumbnail.webp,image/webp,23600,ef654b35eb7200041e7b693bcd8c9cce31af4b1592954c21d708fc8b37209ccb,23600,image/webp,200,23600,image/webp,dramas/986/original.jpg
987,4eNyZf,original,dramas/987/original.jpg,image/jpeg,66809,e9ac0cbeb83ae29580f07ef89b295acc5b0151c90233c7089bd9c2a03674daa7,66809,image/jpeg,200,66809,image/jpeg,dramas/987/original.jpg
987,4eNyZf,thumbnail,dramas/987/thumbnail.webp,image/webp,43270,7acce5d00826a700fadc7130a1b9acbb8243d2bcbd17eae3e8874bb1e30f61ed,43270,image/webp,200,43270,image/webp,dramas/987/original.jpg
988,2wmwkf,original,dramas/988/original.jpg,image/jpeg,170643,4cd272deb5c34c706b51a9bc0380312b85f23faff13da31f3dbd05eba46046f7,170643,image/jpeg,200,170643,image/jpeg,dramas/988/original.jpg
988,2wmwkf,thumbnail,dramas/988/thumbnail.webp,image/webp,41016,f306d52b6ded2ec568a2dc6552e8ce6f1b825c38981ccc5682cd5892f2d4f720,41016,image/webp,200,41016,image/webp,dramas/988/original.jpg
989,MRxr9f,original,dramas/989/original.jpg,image/jpeg,43835,760e16bd96393715a9eaf2afdf9e4b84fd12348936349b7b77f29d062e5a9987,43835,image/jpeg,200,43835,image/jpeg,dramas/989/original.jpg
989,MRxr9f,thumbnail,dramas/989/thumbnail.webp,image/webp,24678,9bffd14af04facd4d197a8d739a6009fc9ab186d403cef8b3cbaee8c30877030,24678,image/webp,200,24678,image/webp,dramas/989/original.jpg
990,1wEBJK_4f,original,dramas/990/original.jpg,image/jpeg,159696,3292e020c4bbce2c424dcd54f0d6019d338eba7cde8d661db5e644eee7f6585d,159696,image/jpeg,200,159696,image/jpeg,dramas/990/original.jpg
990,1wEBJK_4f,thumbnail,dramas/990/thumbnail.webp,image/webp,31400,7d47cf14c491dcb34569af2d9159a267ea9a8c50710c142b0061292f97796505,31400,image/webp,200,31400,image/webp,dramas/990/original.jpg
991,jD3br_4f,original,dramas/991/original.jpg,image/jpeg,146275,5564f47b2f92bc34a323e02fc2ca77b5569cd4dafeaed7b299c557bf7fb82c79,146275,image/jpeg,200,146275,image/jpeg,dramas/991/original.jpg
991,jD3br_4f,thumbnail,dramas/991/thumbnail.webp,image/webp,54530,a092ef1880c72d3c39e99e4e5a23519faada18a430ffda368a717b25e515569f,54530,image/webp,200,54530,image/webp,dramas/991/original.jpg
992,1ljod_4f,original,dramas/992/original.jpg,image/jpeg,248765,f91766dda024cfd9c0dd55acde6ad60aa0f6a2dfcbb19e347302985689ea83d5,248765,image/jpeg,200,248765,image/jpeg,dramas/992/original.jpg
992,1ljod_4f,thumbnail,dramas/992/thumbnail.webp,image/webp,55644,74463846b9285b1bc5e91bf176ad6b86667d4e350e9acb4ae04f3e197e349dd1,55644,image/webp,200,55644,image/webp,dramas/992/original.jpg
993,mO4J2f,original,dramas/993/original.jpg,image/jpeg,220127,d18845638f913a5b01d3cb6e0988069d4f3a99fad7f081824dbb6bd233b807e4,220127,image/jpeg,200,220127,image/jpeg,dramas/993/original.jpg
993,mO4J2f,thumbnail,dramas/993/thumbnail.webp,image/webp,48180,f111843bc9a2615820927e72fcca0906dc2e14a50c3686429b6833a53d41d9ad,48180,image/webp,200,48180,image/webp,dramas/993/original.jpg
994,0wv3Nf,original,dramas/994/original.jpg,image/jpeg,78668,eecf974669611d5a618a3f6880c12a5cc1c31b7d7f9ebb6065eaa8b482746a24,78668,image/jpeg,200,78668,image/jpeg,dramas/994/original.jpg
994,0wv3Nf,thumbnail,dramas/994/thumbnail.webp,image/webp,38508,3cc5562a83bbd95bfc6feaf80a1902ce50eba9650bbc78b4baeb4abb78931e33,38508,image/webp,200,38508,image/webp,dramas/994/original.jpg
995,81LKdf,original,dramas/995/original.jpg,image/jpeg,111845,b871b5a55845d55d3ce86e2943815573aad11a3782ea9fd4765af03f48dde57d,111845,image/jpeg,200,111845,image/jpeg,dramas/995/original.jpg
995,81LKdf,thumbnail,dramas/995/thumbnail.webp,image/webp,60948,e263e436e318a10ef816e2e180ed535aca944939e1a1ab9696432217e87aaf30,60948,image/webp,200,60948,image/webp,dramas/995/original.jpg
996,Bd7Ybf,original,dramas/996/original.jpg,image/jpeg,148042,578f3a2c72b96af03b784ead43abc2c859deca64d0677f9425a157b533cf975b,148042,image/jpeg,200,148042,image/jpeg,dramas/996/original.jpg
996,Bd7Ybf,thumbnail,dramas/996/thumbnail.webp,image/webp,50632,632891183093863b82221ff33738018c8eca1a6d1b50acb0328e69b2f52322dc,50632,image/webp,200,50632,image/webp,dramas/996/original.jpg
997,qYVY5f,original,dramas/997/original.jpg,image/jpeg,47608,aee08a1e7d79f66c5ca98259e9fb10916c721bec8fca699554e28a00e963e7b5,47608,image/jpeg,200,47608,image/jpeg,dramas/997/original.jpg
997,qYVY5f,thumbnail,dramas/997/thumbnail.webp,image/webp,27280,eef6e8d1ecab631fdaee21605737a0d336c4640cadf1e4937657331aaebfe55a,27280,image/webp,200,27280,image/webp,dramas/997/original.jpg
998,qWb15f,original,dramas/998/original.jpg,image/jpeg,184631,88d6657782a97d6c4dcf7b081c41d4abf44e04ed4036cdfd07a7338f5e0b8a1c,184631,image/jpeg,200,184631,image/jpeg,dramas/998/original.jpg
998,qWb15f,thumbnail,dramas/998/thumbnail.webp,image/webp,38170,167a2e293c6a7e3ad4b69221a14c629a2b59ed128389e85c924bb3f7c25316d3,38170,image/webp,200,38170,image/webp,dramas/998/original.jpg
999,j3RBr_4f,original,dramas/999/original.jpg,image/jpeg,198714,103f05156c46b1501eb7b00624361d8ab34bd4ae54b4e11fabe2ad91fbc7a488,198714,image/jpeg,200,198714,image/jpeg,dramas/999/original.jpg
999,j3RBr_4f,thumbnail,dramas/999/thumbnail.webp,image/webp,40538,a49cb91e216823ab3df6376465a6a6f05c8f8126d3ccaae666e508c4d133baf6,40538,image/webp,200,40538,image/webp,dramas/999/original.jpg
1000,aboE9f,original,dramas/1000/original.jpg,image/jpeg,73339,0519c589a7f20eff5cd8fc6edec0129385328ecede7d4b07e83b8637b21ff986,73339,image/jpeg,200,73339,image/jpeg,dramas/1000/original.jpg
1000,aboE9f,thumbnail,dramas/1000/thumbnail.webp,image/webp,49534,a30d99a0af28ca7b05b67f46f6a76ec6738fc42c041570742f1d214190d44aa3,49534,image/webp,200,49534,image/webp,dramas/1000/original.jpg
1001,x78Ar_4f,original,dramas/1001/original.jpg,image/jpeg,128353,5afbdb61b07ae5df9b43d9e50fe2e836493c819c394e63e4f95c18ac7180c62f,128353,image/jpeg,200,128353,image/jpeg,dramas/1001/original.jpg
1001,x78Ar_4f,thumbnail,dramas/1001/thumbnail.webp,image/webp,50366,7e954ea4ca3ffad310fc67bee73309553921b1b4e8aa23d1d529d7e23345c072,50366,image/webp,200,50366,image/webp,dramas/1001/original.jpg
1002,abbQxf,original,dramas/1002/original.jpg,image/jpeg,80011,8addf1446b98e9693e9e0b123e7a5b54ee6d39bf571505ddfd5f0ebbaa35fbde,80011,image/jpeg,200,80011,image/jpeg,dramas/1002/original.jpg
1002,abbQxf,thumbnail,dramas/1002/thumbnail.webp,image/webp,39294,c5295a8db6eb3b997cc8e1beac038ba9c18dd3de77e576238696fa35b3545c2d,39294,image/webp,200,39294,image/webp,dramas/1002/original.jpg
1003,GLodBf,original,dramas/1003/original.jpg,image/jpeg,106311,4d3a0a23e7bbea41f6c8721b190f93867c52e7abe557ed1ca0d7bfb59b851b9c,106311,image/jpeg,200,106311,image/jpeg,dramas/1003/original.jpg
1003,GLodBf,thumbnail,dramas/1003/thumbnail.webp,image/webp,33374,5efa860a950d2f86048ad3e811ecebf2431346a4d9577d76f6a17c71e20075de,33374,image/webp,200,33374,image/webp,dramas/1003/original.jpg
1004,rNrYj2_4f,original,dramas/1004/original.jpg,image/jpeg,67297,11d12519c9d4c99fc4cfd3ecdbe417f2ef8615857cbb6c8d5abe2274bbdd11eb,67297,image/jpeg,200,67297,image/jpeg,dramas/1004/original.jpg
1004,rNrYj2_4f,thumbnail,dramas/1004/thumbnail.webp,image/webp,43284,3cb8fc6ddd985d56a6d1174c7f90f3dec2d2d0f9995270d4c5aab3bccfed4d51,43284,image/webp,200,43284,image/webp,dramas/1004/original.jpg
1005,l0zq4f,original,dramas/1005/original.jpg,image/jpeg,274051,b194d8ad3ea6e8ee6e51bf51433410530f47a7b36b6aa72fabea430140bae19c,274051,image/jpeg,200,274051,image/jpeg,dramas/1005/original.jpg
1005,l0zq4f,thumbnail,dramas/1005/thumbnail.webp,image/webp,60986,b9c38c9514f68e85b19e6390969b925f44641bec67cd7f092571a5d7b5707e3b,60986,image/webp,200,60986,image/webp,dramas/1005/original.jpg
1006,WPlBXf,original,dramas/1006/original.jpg,image/jpeg,134997,a1a06f6e15f82ae8ae6eaf361e1fd8c06b5892acedbbb5d98a8af3ce7bd427c6,134997,image/jpeg,200,134997,image/jpeg,dramas/1006/original.jpg
1006,WPlBXf,thumbnail,dramas/1006/thumbnail.webp,image/webp,52828,4e8c0db59b022f9f4b4640cfa44ed743db66020a722da9cc6feabec4c4672a32,52828,image/webp,200,52828,image/webp,dramas/1006/original.jpg
1007,GJ58pf,original,dramas/1007/original.jpg,image/jpeg,51875,59f5d22dec498f7247cd5294c4333fa24c2fbb8bbe17a60b2f60789deb73a757,51875,image/jpeg,200,51875,image/jpeg,dramas/1007/original.jpg
1007,GJ58pf,thumbnail,dramas/1007/thumbnail.webp,image/webp,32364,8c7930c0d607355a04131004d01882ee1840dae3942d0ec32fa83770287d5d1c,32364,image/webp,200,32364,image/webp,dramas/1007/original.jpg
1008,RLd8R_4f,original,dramas/1008/original.jpg,image/jpeg,170921,85881ae72d9633866514ab4f9ed9f204c57b48544073e809a1f3cb8d40cfbf66,170921,image/jpeg,200,170921,image/jpeg,dramas/1008/original.jpg
1008,RLd8R_4f,thumbnail,dramas/1008/thumbnail.webp,image/webp,39296,a3142bf17204bddb78d002ab73acf7e288e561fe772180da1e9196e0b84f18fa,39296,image/webp,200,39296,image/webp,dramas/1008/original.jpg
1009,XJVEO_4f,original,dramas/1009/original.jpg,image/jpeg,124250,5ef3b1a80fc563371f28b6e8bd4bda47fa14a93a71f1bc554cc80d2a32ab103b,124250,image/jpeg,200,124250,image/jpeg,dramas/1009/original.jpg
1009,XJVEO_4f,thumbnail,dramas/1009/thumbnail.webp,image/webp,35960,3d150d3ff98da4ee0a56fdcb9e48ea4309a7e7e14c7b243fef4081e0fe9e96e2,35960,image/webp,200,35960,image/webp,dramas/1009/original.jpg
1010,Bd7mAf,original,dramas/1010/original.jpg,image/jpeg,96923,9cd6c9025286b193d7ce9021492cc478225c622877e8e016d314a99c254f7ed9,96923,image/jpeg,200,96923,image/jpeg,dramas/1010/original.jpg
1010,Bd7mAf,thumbnail,dramas/1010/thumbnail.webp,image/webp,57202,14fad7d4e64d954aedb716500a03ef8dd4f1deb8f2b7f73aa64256d1cdec60e2,57202,image/webp,200,57202,image/webp,dramas/1010/original.jpg
1011,rNRymf,original,dramas/1011/original.jpg,image/jpeg,105396,67e89f9cb042d4b3fe940d7a507391bcb5465b1a69d2aa26a8f677cf361ec13c,105396,image/jpeg,200,105396,image/jpeg,dramas/1011/original.jpg
1011,rNRymf,thumbnail,dramas/1011/thumbnail.webp,image/webp,76258,58533f4f5b1309b5b8bc920f77fd1e6c6a9d62c7943aeea9a113ad0537eb05bf,76258,image/webp,200,76258,image/webp,dramas/1011/original.jpg
1012,9YegKf,original,dramas/1012/original.jpg,image/jpeg,64825,48867af5d949cfbde6e4596534e806a8a94d1ee9f24d528cf6413f7168acc66d,64825,image/jpeg,200,64825,image/jpeg,dramas/1012/original.jpg
1012,9YegKf,thumbnail,dramas/1012/thumbnail.webp,image/webp,42230,180db2c7e363bdb45a2a93ec03177b85dffa064f4ae5a95a3a409ca246aa93dd,42230,image/webp,200,42230,image/webp,dramas/1012/original.jpg
1013,aDw2Df,original,dramas/1013/original.jpg,image/jpeg,413854,57b16e5150cd3003d3cd60d0c93e7e18edd456f13f4b1310b2bf6ad1b40c31d3,413854,image/jpeg,200,413854,image/jpeg,dramas/1013/original.jpg
1013,aDw2Df,thumbnail,dramas/1013/thumbnail.webp,image/webp,37064,7b2bbd3458da5097cb1825312bc78847c154f3e511cdf53d8f9da23ee53ce210,37064,image/webp,200,37064,image/webp,dramas/1013/original.jpg
1014,d0Q0gf,original,dramas/1014/original.jpg,image/jpeg,113890,31a56eb229c9326dab6384c0eb13fc80c905c916f590bb906ccd4d3b0d22967f,113890,image/jpeg,200,113890,image/jpeg,dramas/1014/original.jpg
1014,d0Q0gf,thumbnail,dramas/1014/thumbnail.webp,image/webp,42052,1e6297f2867b8bd260a700d8759a44de702884e1126da6d07e608fb0aba71204,42052,image/webp,200,42052,image/webp,dramas/1014/original.jpg
1015,Xkn8n_4f,original,dramas/1015/original.jpg,image/jpeg,103517,33555b4b4ba085b9d2bb05e8d3af92d6b61b32576a1f471743e90c26ec7b9ec9,103517,image/jpeg,200,103517,image/jpeg,dramas/1015/original.jpg
1015,Xkn8n_4f,thumbnail,dramas/1015/thumbnail.webp,image/webp,28672,4b4643adb116a7cf3c12bf1ed0ca9badc4a0bfc96210149e000ffa9770eb4666,28672,image/webp,200,28672,image/webp,dramas/1015/original.jpg
1016,wEZ01_4f,original,dramas/1016/original.jpg,image/jpeg,82408,7aab3a23a36a6a3e9a2ff859374ac89097bbb656c4de86252e1b7bc8189abea2,82408,image/jpeg,200,82408,image/jpeg,dramas/1016/original.jpg
1016,wEZ01_4f,thumbnail,dramas/1016/thumbnail.webp,image/webp,14266,ea9a0e2f1e4c86509d42ffee0fc5c855e9c1f0b4588b8715d1e23752157b2997,14266,image/webp,200,14266,image/webp,dramas/1016/original.jpg
1017,v8xwp_4f,original,dramas/1017/original.jpg,image/jpeg,170216,160521e7b4651a7463b700bfec623609bfc910cd2e737070dc22640e49bad4a0,170216,image/jpeg,200,170216,image/jpeg,dramas/1017/original.jpg
1017,v8xwp_4f,thumbnail,dramas/1017/thumbnail.webp,image/webp,30640,223da0cd891a2737aeb702a19f5a6383e3c40fde3d48ef183737531adcc3797a,30640,image/webp,200,30640,image/webp,dramas/1017/original.jpg
1018,pA3w8_4f,original,dramas/1018/original.jpg,image/jpeg,101449,6ad0f88aa37b04281e413024ad8c7fd42cf622a144290afd09f837d811f78f15,101449,image/jpeg,200,101449,image/jpeg,dramas/1018/original.jpg
1018,pA3w8_4f,thumbnail,dramas/1018/thumbnail.webp,image/webp,14292,374fd6f6fc0af94af9040188e8acb4199c74af3c7f4f53ff8b1fef3f0babb287,14292,image/webp,200,14292,image/webp,dramas/1018/original.jpg
1019,B5wVA_4f,original,dramas/1019/original.jpg,image/jpeg,55619,9fe786ea287a0b8f0f34826cd7c09313c1bf58fe9e17b8dda8465668f413aa7b,55619,image/jpeg,200,55619,image/jpeg,dramas/1019/original.jpg
1019,B5wVA_4f,thumbnail,dramas/1019/thumbnail.webp,image/webp,22554,2746945e5b0f8d6eb2f711f215f56173a46e238288daa0548a6b5bfd2a00e18b,22554,image/webp,200,22554,image/webp,dramas/1019/original.jpg
1020,670YW_4f,original,dramas/1020/original.jpg,image/jpeg,239532,769446e5bf8511dbe600637058c74cb5175561b23bbf409f2243fd6d5a35bae6,239532,image/jpeg,200,239532,image/jpeg,dramas/1020/original.jpg
1020,670YW_4f,thumbnail,dramas/1020/thumbnail.webp,image/webp,48090,214806e1beaa44b34d57970fa2c42879522773fbc2c00067515d428f4b8f575c,48090,image/webp,200,48090,image/webp,dramas/1020/original.jpg
1021,QAVe7_4f,original,dramas/1021/original.jpg,image/jpeg,214134,d55ae5b9968e0dbd21c31619cb6a940af123b7c2ec54361d0c0f64ea3d0e5ee1,214134,image/jpeg,200,214134,image/jpeg,dramas/1021/original.jpg
1021,QAVe7_4f,thumbnail,dramas/1021/thumbnail.webp,image/webp,46492,6b41ee6d88f99346e8153409ae1ef1599918a19434e1e6dcbd6c46cae8ec0254,46492,image/webp,200,46492,image/webp,dramas/1021/original.jpg
1022,W6yo5_4f,original,dramas/1022/original.jpg,image/jpeg,191803,d05561355ec59c3b97f2cfaa60851d2eb50a7717e05c24a61dd072da73bc6da0,191803,image/jpeg,200,191803,image/jpeg,dramas/1022/original.jpg
1022,W6yo5_4f,thumbnail,dramas/1022/thumbnail.webp,image/webp,48732,f76a9c0f3b2b429c13c2589d43637f227433baf8bae9dc9f7b18ed01b0f79189,48732,image/webp,200,48732,image/webp,dramas/1022/original.jpg
1023,B5zdR_4f,original,dramas/1023/original.jpg,image/jpeg,171119,2b5ed7201c8333557e1bb8a53c6f999c7e0ec42f53e196dcf96ae532d16e62dd,171119,image/jpeg,200,171119,image/jpeg,dramas/1023/original.jpg
1023,B5zdR_4f,thumbnail,dramas/1023/thumbnail.webp,image/webp,68930,2755a2047b0a779d970b98b7448b9358d5382bbeb483b6642d96f56ed3c2c2af,68930,image/webp,200,68930,image/webp,dramas/1023/original.jpg
1024,0eo77_4f,original,dramas/1024/original.jpg,image/jpeg,161393,345c380bb2287622c454fe80e6f1dfce81267a9603334e6800cb9f02ba391dbf,161393,image/jpeg,200,161393,image/jpeg,dramas/1024/original.jpg
1024,0eo77_4f,thumbnail,dramas/1024/thumbnail.webp,image/webp,61984,d5a5009548d306c88decc01e461dc14edb9f7bf528f7016241fc62c82ec77593,61984,image/webp,200,61984,image/webp,dramas/1024/original.jpg
1025,kL2Vr_4f,original,dramas/1025/original.jpg,image/jpeg,150858,9105d2110b777f929dc8b8dae2655c75505ec93a0ac4c5dfd70432d925d955ae,150858,image/jpeg,200,150858,image/jpeg,dramas/1025/original.jpg
1025,kL2Vr_4f,thumbnail,dramas/1025/thumbnail.webp,image/webp,19712,2f45d42a983bc3685a880bdbf1dbbfe13ff03c7e7aa76cc24115332df0bbf3b0,19712,image/webp,200,19712,image/webp,dramas/1025/original.jpg
1026,WWr5p_4f,original,dramas/1026/original.jpg,image/jpeg,178931,ae2c7c67bcd9ec56111192b4022e4c46d6f0c28ee8b05e570647ae4d81b36c08,178931,image/jpeg,200,178931,image/jpeg,dramas/1026/original.jpg
1026,WWr5p_4f,thumbnail,dramas/1026/thumbnail.webp,image/webp,39070,5788b654ad221e01ea273e9c9e71d7beef03e030732ab407b2cb884649a09c01,39070,image/webp,200,39070,image/webp,dramas/1026/original.jpg
1027,M3n5vf,original,dramas/1027/original.jpg,image/jpeg,101261,1bf68748f7897a6aa5e3a59d9f4cc166891b6461d2a6b667bf03f1a15a4ec8cb,101261,image/jpeg,200,101261,image/jpeg,dramas/1027/original.jpg
1027,M3n5vf,thumbnail,dramas/1027/thumbnail.webp,image/webp,34294,c0fcff0b727ad258524b05b91b1607a7f5625e6e66b6f0032f896b7bfc386237,34294,image/webp,200,34294,image/webp,dramas/1027/original.jpg
1028,akwJdf,original,dramas/1028/original.jpg,image/jpeg,131846,475788d6a0e8a0d9201ef99fd7ba985ba03cc6b87778e01584ce41302fe91bb5,131846,image/jpeg,200,131846,image/jpeg,dramas/1028/original.jpg
1028,akwJdf,thumbnail,dramas/1028/thumbnail.webp,image/webp,59114,93e70d455cec08f697d2f3f866780ff978f3cfbc42cd0e6f0618e4ad7e81116a,59114,image/webp,200,59114,image/webp,dramas/1028/original.jpg
1029,6dbVP_4f,original,dramas/1029/original.jpg,image/jpeg,67635,8772cff6076138f30171afd60c4ac8579a29deb162d4cf1063ad1c00f5c0d682,67635,image/jpeg,200,67635,image/jpeg,dramas/1029/original.jpg
1029,6dbVP_4f,thumbnail,dramas/1029/thumbnail.webp,image/webp,22476,bcf1281799b64181d9714bedd6ff1ed4a2351fe025f9d4e47ad8159b0e76a924,22476,image/webp,200,22476,image/webp,dramas/1029/original.jpg
1030,vALxD_4f,original,dramas/1030/original.jpg,image/jpeg,225012,cee0ac10bc95f9dc895bac03cef3f2e6c9088d9bfff517e9139028ebf54c0a17,225012,image/jpeg,200,225012,image/jpeg,dramas/1030/original.jpg
1030,vALxD_4f,thumbnail,dramas/1030/thumbnail.webp,image/webp,61442,c9f8f03faf3973a48c580488e609b5ddc80844399d44f89e97ee15804c79542f,61442,image/webp,200,61442,image/webp,dramas/1030/original.jpg
1031,ByXXV_4f,original,dramas/1031/original.jpg,image/jpeg,199319,4229cb5deeb26bb1bf41bcfd5cdff634c73aeba65aae5e60a10e044d1010e590,199319,image/jpeg,200,199319,image/jpeg,dramas/1031/original.jpg
1031,ByXXV_4f,thumbnail,dramas/1031/thumbnail.webp,image/webp,28844,134ad5cb23c0c3baffed2daa0a54fba4f17ffe80d67aec00ed1dc112a4045c03,28844,image/webp,200,28844,image/webp,dramas/1031/original.jpg
1032,1rynK_4f,original,dramas/1032/original.jpg,image/jpeg,134730,fbdc542f93037656be3b0e32cbdc80376275dab856e38979aaa182c9868c0fbe,134730,image/jpeg,200,134730,image/jpeg,dramas/1032/original.jpg
1032,1rynK_4f,thumbnail,dramas/1032/thumbnail.webp,image/webp,24032,8f4ea42d07bff99dd5b7340a6883b5d25aaddeaaa40cfabfebb20e7bcffd0744,24032,image/webp,200,24032,image/webp,dramas/1032/original.jpg
1033,0jERk_4f,original,dramas/1033/original.jpg,image/jpeg,174746,97b2d9a6b5b63cac76884f3e09a4c48cd767677494b2df0aa7c2fff73ccd90d9,174746,image/jpeg,200,174746,image/jpeg,dramas/1033/original.jpg
1033,0jERk_4f,thumbnail,dramas/1033/thumbnail.webp,image/webp,56040,472612fad658389a0f2042189a5a49575e4d1f50afb14c18cea500e18df56be7,56040,image/webp,200,56040,image/webp,dramas/1033/original.jpg
1034,XVVjx_4f,original,dramas/1034/original.jpg,image/jpeg,237590,93d50bdce28a0515235d0b0868e070ff25445d2f0ac133d95311b0b73e56ead0,237590,image/jpeg,200,237590,image/jpeg,dramas/1034/original.jpg
1034,XVVjx_4f,thumbnail,dramas/1034/thumbnail.webp,image/webp,55128,36078752a900adb5d3805426c608487fc54a0fa45945fbf125d1f3fd502206c3,55128,image/webp,200,55128,image/webp,dramas/1034/original.jpg
1035,W4krO_4f,original,dramas/1035/original.jpg,image/jpeg,213523,86be94ffff0d73b1c2050de5d158968ea28a49e5a7a7045654e078434d06a34f,213523,image/jpeg,200,213523,image/jpeg,dramas/1035/original.jpg
1035,W4krO_4f,thumbnail,dramas/1035/thumbnail.webp,image/webp,37668,efad3d31b1b9595e33d6b2b8e6c3ecc5ccb77ec43f7dba84d80eec03918a81ff,37668,image/webp,200,37668,image/webp,dramas/1035/original.jpg
1036,42jwd_4f,original,dramas/1036/original.jpg,image/jpeg,75666,d95a0864c6a901477e6d70a98fd1bd181ba62f3f2551b9456c153c4a4d972819,75666,image/jpeg,200,75666,image/jpeg,dramas/1036/original.jpg
1036,42jwd_4f,thumbnail,dramas/1036/thumbnail.webp,image/webp,16436,2459fa94529aab6f574c99e964e8f8893a3bfefbe32df1444ac4fcbc07ec8a97,16436,image/webp,200,16436,image/webp,dramas/1036/original.jpg
1037,XRdJp_4f,original,dramas/1037/original.jpg,image/jpeg,201461,961441a210d5fd462965198d8506ab1e3b68a10c85fe6cc15d3a9acc71c4ab88,201461,image/jpeg,200,201461,image/jpeg,dramas/1037/original.jpg
1037,XRdJp_4f,thumbnail,dramas/1037/thumbnail.webp,image/webp,45248,480bbba494dd37fcb28d9d0c706fcc9d5796bd499d24ed919fc5a652b4390662,45248,image/webp,200,45248,image/webp,dramas/1037/original.jpg
1038,knvmv_4f,original,dramas/1038/original.jpg,image/jpeg,249067,1340628cf1f1340e325809913a88b4f9b199e68a8a915926b031a0760c517877,249067,image/jpeg,200,249067,image/jpeg,dramas/1038/original.jpg
1038,knvmv_4f,thumbnail,dramas/1038/thumbnail.webp,image/webp,55408,40154e4fab349953f2be1b1222776ccfbeb7f68b526b122a167b6013cb96be80,55408,image/webp,200,55408,image/webp,dramas/1038/original.jpg
1039,ZeKv1_4f,original,dramas/1039/original.jpg,image/jpeg,139936,ad27160f35780ed6d80110a40746d9bf04056af4304b6026a3e912a2590a435a,139936,image/jpeg,200,139936,image/jpeg,dramas/1039/original.jpg
1039,ZeKv1_4f,thumbnail,dramas/1039/thumbnail.webp,image/webp,32864,9248719f2747a91db06f46d4d53c116c8572cadbaac9d81f5970d379f2082315,32864,image/webp,200,32864,image/webp,dramas/1039/original.jpg
1040,p65gE_4f,original,dramas/1040/original.jpg,image/jpeg,143585,1f3bd31bf4f1301c0261ef1c4e71ce423ea500aabdfcb5a10699aabc980155ee,143585,image/jpeg,200,143585,image/jpeg,dramas/1040/original.jpg
1040,p65gE_4f,thumbnail,dramas/1040/thumbnail.webp,image/webp,26454,d16c1f161c1c6efd4cba760533314d13c98ffee462578d23c5b5223968abf4b3,26454,image/webp,200,26454,image/webp,dramas/1040/original.jpg
1041,jQ05Vz_4f,original,dramas/1041/original.jpg,image/jpeg,259798,c7ac76641bd31e39daf0e5beac0f615e0eec3ad4098f685c6f54023f9c8a11b4,259798,image/jpeg,200,259798,image/jpeg,dramas/1041/original.jpg
1041,jQ05Vz_4f,thumbnail,dramas/1041/thumbnail.webp,image/webp,53554,8f4469dea2ef567d586bba3db6ce73a33d9be9dbc605a005fe166042de5b2285,53554,image/webp,200,53554,image/webp,dramas/1041/original.jpg
1042,QDEYg_4f,original,dramas/1042/original.jpg,image/jpeg,224739,76d2aa2a19d8b0e933f0177fe9593c55e4b71187c92098999d7d459042f489b8,224739,image/jpeg,200,224739,image/jpeg,dramas/1042/original.jpg
1042,QDEYg_4f,thumbnail,dramas/1042/thumbnail.webp,image/webp,52754,37c9a454f1919cda8a82d26f2ae8e39b43f96d2c68f05ce5df82b2fc27985455,52754,image/webp,200,52754,image/webp,dramas/1042/original.jpg
1043,rj2DN_4f,original,dramas/1043/original.jpg,image/jpeg,140495,ec00355bb21c5c7fdf2b4f4c539ba7bf186aa0fb2227359f333f971b957f21a2,140495,image/jpeg,200,140495,image/jpeg,dramas/1043/original.jpg
1043,rj2DN_4f,thumbnail,dramas/1043/thumbnail.webp,image/webp,30684,938524bbb873c0b135c38710978bf8dd284b3eca1154addaf335a61d0a5edaad,30684,image/webp,200,30684,image/webp,dramas/1043/original.jpg
1044,dkrdD_4f,original,dramas/1044/original.jpg,image/jpeg,66444,b2bdaf340d3b6b92752feb388eb0f542ad4dfc17eb074ce0116fbbc3d1c83103,66444,image/jpeg,200,66444,image/jpeg,dramas/1044/original.jpg
1044,dkrdD_4f,thumbnail,dramas/1044/thumbnail.webp,image/webp,22762,21748d20f9aa813ec3084d8a84e1f6e54851559d94c33dc77dbec3eb8592bd6b,22762,image/webp,200,22762,image/webp,dramas/1044/original.jpg
1045,rXLE7_4f,original,dramas/1045/original.jpg,image/jpeg,97630,65665bec116e33e77df411c8913da3f5286965b4a642dd2ea09d44b353cd2e65,97630,image/jpeg,200,97630,image/jpeg,dramas/1045/original.jpg
1045,rXLE7_4f,thumbnail,dramas/1045/thumbnail.webp,image/webp,29496,fe7f5f3b7726c1a5f0a4d027310a3fcccd48a682b6ad7b7908f46709af5e615b,29496,image/webp,200,29496,image/webp,dramas/1045/original.jpg
1046,jP5Vd_4f,original,dramas/1046/original.jpg,image/jpeg,90605,8976e4ffbbc7b89a863e9465d5d6ce99d885b7b14d1ab25a9bc798afd5cc5025,90605,image/jpeg,200,90605,image/jpeg,dramas/1046/original.jpg
1046,jP5Vd_4f,thumbnail,dramas/1046/thumbnail.webp,image/webp,47262,91ec9016fc4d19ab95f541989c01944d22c641fde3349d64925c37654c464308,47262,image/webp,200,47262,image/webp,dramas/1046/original.jpg
1047,4v6zJ_4f,original,dramas/1047/original.jpg,image/jpeg,160657,6b0b7cd86e9e600bf4148001fa7be43f075126986946d7de4ec8afd49c942f59,160657,image/jpeg,200,160657,image/jpeg,dramas/1047/original.jpg
1047,4v6zJ_4f,thumbnail,dramas/1047/thumbnail.webp,image/webp,41924,24486a14197dc841634fde80c799926eae5c0748d3110fe6f6608772291850bf,41924,image/webp,200,41924,image/webp,dramas/1047/original.jpg
1048,d5KBz_4f,original,dramas/1048/original.jpg,image/jpeg,179852,a970fa7941d49fa0c352ca0da9b3c65e6bb87ca284b97720b7ad6ef0680945fc,179852,image/jpeg,200,179852,image/jpeg,dramas/1048/original.jpg
1048,d5KBz_4f,thumbnail,dramas/1048/thumbnail.webp,image/webp,35736,1ea8f45486d383d29b935b9ae71caa83c4c2ab0d477cbc09e12279cfd45dc4cf,35736,image/webp,200,35736,image/webp,dramas/1048/original.jpg
1049,EyqL5_4f,original,dramas/1049/original.jpg,image/jpeg,71836,7b49af749eb794d9f26af9cea4a183768e6b56a539942eb6d30c552c69ec4fb7,71836,image/jpeg,200,71836,image/jpeg,dramas/1049/original.jpg
1049,EyqL5_4f,thumbnail,dramas/1049/thumbnail.webp,image/webp,28342,79048f5d653845f4f7576835215e716367bf571de5aa72fe80d7ed79085ff091,28342,image/webp,200,28342,image/webp,dramas/1049/original.jpg
1050,jd5jw_4f,original,dramas/1050/original.jpg,image/jpeg,87102,54f011d9a172555379fe37ab8212698ef258679b7ce67bafbd0aedb4a934bba6,87102,image/jpeg,200,87102,image/jpeg,dramas/1050/original.jpg
1050,jd5jw_4f,thumbnail,dramas/1050/thumbnail.webp,image/webp,41146,74f219ba91f81af8e86a44274fa5d7e68a4df715fd90d2468b76b50de854c420,41146,image/webp,200,41146,image/webp,dramas/1050/original.jpg
1051,Ee5EO_4f,original,dramas/1051/original.jpg,image/jpeg,101740,b7bcaded89f2fa83a76fcc86ab71e4f1a074180b5c7b8cad6d0dd6bbb7d12625,101740,image/jpeg,200,101740,image/jpeg,dramas/1051/original.jpg
1051,Ee5EO_4f,thumbnail,dramas/1051/thumbnail.webp,image/webp,32336,94baf34811307485bbf0062a12823ab37088f1a0652fb244fb3aca700f26f4d7,32336,image/webp,200,32336,image/webp,dramas/1051/original.jpg
1052,WDQ3O_4f,original,dramas/1052/original.jpg,image/jpeg,82667,78940c8807837dde554b3a772666624d24c69666e7f3e05bf05c1c3cca04a654,82667,image/jpeg,200,82667,image/jpeg,dramas/1052/original.jpg
1052,WDQ3O_4f,thumbnail,dramas/1052/thumbnail.webp,image/webp,13748,905e6ac843af6203e37518801d3afa7846d5742110e99a88f1d274bae33243fb,13748,image/webp,200,13748,image/webp,dramas/1052/original.jpg
1053,RNVVV_4f,original,dramas/1053/original.jpg,image/jpeg,199497,c42d21b3eb62f2053ad49f94e5ec970e8f127ad0e8cf57344bf4b2de7ceb4e8b,199497,image/jpeg,200,199497,image/jpeg,dramas/1053/original.jpg
1053,RNVVV_4f,thumbnail,dramas/1053/thumbnail.webp,image/webp,69536,27a3c0126082d9d0c0e6dd210eaebe2d4f460a905da77f29f5c6682dd2fe8d57,69536,image/webp,200,69536,image/webp,dramas/1053/original.jpg
1054,RK73P_4f,original,dramas/1054/original.jpg,image/jpeg,207075,8b7fd14f2209e1bbf3a03203fb4ea4a3f82f5b453056d48277900465ccade5b8,207075,image/jpeg,200,207075,image/jpeg,dramas/1054/original.jpg
1054,RK73P_4f,thumbnail,dramas/1054/thumbnail.webp,image/webp,42820,3ef586a075b7060ab8002c6e0ad178c730c48110be6d563067edf1b233d4711d,42820,image/webp,200,42820,image/webp,dramas/1054/original.jpg
1055,R6YzP_4f,original,dramas/1055/original.jpg,image/jpeg,70173,98c056c581f1f7155a74f455be18b502843d738e983b88a5899aba4e11319474,70173,image/jpeg,200,70173,image/jpeg,dramas/1055/original.jpg
1055,R6YzP_4f,thumbnail,dramas/1055/thumbnail.webp,image/webp,23318,2b2b84fc42ced8eec978d470530c9e8d118c9dcfb03b7cb673c649831370351d,23318,image/webp,200,23318,image/webp,dramas/1055/original.jpg
1056,JBoEXJ_4f,original,dramas/1056/original.jpg,image/jpeg,168532,074ce3722d73a028338293c68146251d8aa3ffdb1bfdaee65a21edc15e610f07,168532,image/jpeg,200,168532,image/jpeg,dramas/1056/original.jpg
1056,JBoEXJ_4f,thumbnail,dramas/1056/thumbnail.webp,image/webp,29330,2e191b4ee053a734e87e10ef9997bcb695eee2f161068586f447d4ad4249290c,29330,image/webp,200,29330,image/webp,dramas/1056/original.jpg
1057,BYP31_4f,original,dramas/1057/original.jpg,image/jpeg,138098,68a3b560631c32fbba6f965698bbb26ed5766353360528dc532a6726514e88f1,138098,image/jpeg,200,138098,image/jpeg,dramas/1057/original.jpg
1057,BYP31_4f,thumbnail,dramas/1057/thumbnail.webp,image/webp,25134,a50a08b3fd7eb7f6953c0af761096d55e0e55dca4a9f2ad4ac8338a50afb4caf,25134,image/webp,200,25134,image/webp,dramas/1057/original.jpg
1058,4zolZ_4f,original,dramas/1058/original.jpg,image/jpeg,143253,5676520c450a53c97fbf0e64377a15b4253db2a356b4486b1b748d5346ed8228,143253,image/jpeg,200,143253,image/jpeg,dramas/1058/original.jpg
1058,4zolZ_4f,thumbnail,dramas/1058/thumbnail.webp,image/webp,42050,863ca068a60ad35dff9776ff1b0517170327fdbe0514368f0d6014edcf4203e8,42050,image/webp,200,42050,image/webp,dramas/1058/original.jpg
1059,v8dB2_4f,original,dramas/1059/original.jpg,image/jpeg,62529,269daab4e8898adbbe08461a976179edd4848ad36b09b7138fea60d1e3ef0b34,62529,image/jpeg,200,62529,image/jpeg,dramas/1059/original.jpg
1059,v8dB2_4f,thumbnail,dramas/1059/thumbnail.webp,image/webp,41418,1d03478c514ed8b3e5c5f4f6369fa35c0ceb4f3672bec11c5756d359295e233c,41418,image/webp,200,41418,image/webp,dramas/1059/original.jpg
1060,BnjE1_4f,original,dramas/1060/original.jpg,image/jpeg,333990,da112e98d9208172b30eedbfeede29d2fe939d789cd8786be9e79ef58dc1f94f,333990,image/jpeg,200,333990,image/jpeg,dramas/1060/original.jpg
1060,BnjE1_4f,thumbnail,dramas/1060/thumbnail.webp,image/webp,79308,94fd36c76a566d970fd0f905a479993b2bde2474c1db0cfb8df6c2730d5b65d1,79308,image/webp,200,79308,image/webp,dramas/1060/original.jpg
1061,Z6oP7_4f,original,dramas/1061/original.jpg,image/jpeg,232272,49e80ce9df1bb3c6ade10df7316e76398c5238aa27261e18bacf4a0ad912b73d,232272,image/jpeg,200,232272,image/jpeg,dramas/1061/original.jpg
1061,Z6oP7_4f,thumbnail,dramas/1061/thumbnail.webp,image/webp,47816,a50ef077a5cbed4f3b85706ca1d8eb0654b87b2e4664b720bd126ea66186fbf1,47816,image/webp,200,47816,image/webp,dramas/1061/original.jpg
1062,XVg6d_4f,original,dramas/1062/original.jpg,image/jpeg,203480,a1ec697619ef5cee3fa3d99c114a6acac1ee699c63b768f923db013efc34e65b,203480,image/jpeg,200,203480,image/jpeg,dramas/1062/original.jpg
1062,XVg6d_4f,thumbnail,dramas/1062/thumbnail.webp,image/webp,45344,98ef1d094e84243b6cb01f019ba3651b114cca71afb19f15b09dcd31e8dea69d,45344,image/webp,200,45344,image/webp,dramas/1062/original.jpg
1063,vLV6B_4f,original,dramas/1063/original.jpg,image/jpeg,176247,211cb6ec38f2ba9fa7fe8569707562de8692dd21db6e9a2e5432b502f18dbd74,176247,image/jpeg,200,176247,image/jpeg,dramas/1063/original.jpg
1063,vLV6B_4f,thumbnail,dramas/1063/thumbnail.webp,image/webp,39826,5ae83d845712a30632f48c820c222e340338713b9655eeed8826983f306567e8,39826,image/webp,200,39826,image/webp,dramas/1063/original.jpg
1064,MB34Af,original,dramas/1064/original.jpg,image/jpeg,37622,917292cb588eb69d42ce7e7b73e60cdd8b85292321da103ab4d0501b0b40e71d,37622,image/jpeg,200,37622,image/jpeg,dramas/1064/original.jpg
1064,MB34Af,thumbnail,dramas/1064/thumbnail.webp,image/webp,21544,d507812d3d19735932f4c27656acd30c6df599b2b8192204a5b13416be104099,21544,image/webp,200,21544,image/webp,dramas/1064/original.jpg
1065,pNEYn_4f,original,dramas/1065/original.jpg,image/jpeg,182724,02be2e2a23c11e94d93d655873b6d1c369a6980e95b29f35267e41085869a29d,182724,image/jpeg,200,182724,image/jpeg,dramas/1065/original.jpg
1065,pNEYn_4f,thumbnail,dramas/1065/thumbnail.webp,image/webp,43856,31b5e1410158c2086f28e6247c1daca7ae66a22b2725196b8caf6935da5c08b3,43856,image/webp,200,43856,image/webp,dramas/1065/original.jpg
1066,eKONq_4f,original,dramas/1066/original.jpg,image/jpeg,63668,4797b2b4a180f61a5075e6babacecb8d9508a0a5856c66c8097f33bf718896f7,63668,image/jpeg,200,63668,image/jpeg,dramas/1066/original.jpg
1066,eKONq_4f,thumbnail,dramas/1066/thumbnail.webp,image/webp,21942,febb0459bb7edff8e25e66725a17b80ebd512886306b27191d6b6c7d53ac51d6,21942,image/webp,200,21942,image/webp,dramas/1066/original.jpg
1067,67dZ0_4f,original,dramas/1067/original.jpg,image/jpeg,206001,3fe0e33f09a46b1ed7c06a262bb7855977bb9b48fb28bbc1f7677bcab9891788,206001,image/jpeg,200,206001,image/jpeg,dramas/1067/original.jpg
1067,67dZ0_4f,thumbnail,dramas/1067/thumbnail.webp,image/webp,34566,b2e4824ac811156168d73fb31cc1fe4ac4e7e7bac8e181f2f6b61d3801aa808d,34566,image/webp,200,34566,image/webp,dramas/1067/original.jpg
1068,R4O6z_4f,original,dramas/1068/original.jpg,image/jpeg,49629,3741bb68eb413f04f284d657e3868ccfb288be43f194616aa8528e370824ff23,49629,image/jpeg,200,49629,image/jpeg,dramas/1068/original.jpg
1068,R4O6z_4f,thumbnail,dramas/1068/thumbnail.webp,image/webp,27244,f5ca99ced6b38549e32221894df3d337420fcdc39f0ea6c1ce74e49a74ded115,27244,image/webp,200,27244,image/webp,dramas/1068/original.jpg
1069,peyDr_4f,original,dramas/1069/original.jpg,image/jpeg,131632,bff2ed4c5f187c82957ce39b53d65783da959c1fb58dde55daadb4f47e5e6a08,131632,image/jpeg,200,131632,image/jpeg,dramas/1069/original.jpg
1069,peyDr_4f,thumbnail,dramas/1069/thumbnail.webp,image/webp,35850,e3455f0ef55088a1106d202f6948e621f617faef893d31f0d63795e6c749c26b,35850,image/webp,200,35850,image/webp,dramas/1069/original.jpg
1070,XJWdX_4f,original,dramas/1070/original.jpg,image/jpeg,122336,10c463eec222c4c0f040d940ebfa801649d39c95c3163de520ab348101cb2424,122336,image/jpeg,200,122336,image/jpeg,dramas/1070/original.jpg
1070,XJWdX_4f,thumbnail,dramas/1070/thumbnail.webp,image/webp,34238,36ecf0acff4f2acaebf52aab2f6af9e848bf5b692aa1fb4ed4c29df0489e1b64,34238,image/webp,200,34238,image/webp,dramas/1070/original.jpg
1071,de810_4f,original,dramas/1071/original.jpg,image/jpeg,18034,6c33c5e8961918fa7d1d8870fa54e25545354c4bb0198a3653249898f0ad975e,18034,image/jpeg,200,18034,image/jpeg,dramas/1071/original.jpg
1071,de810_4f,thumbnail,dramas/1071/thumbnail.webp,image/webp,8260,5fc29fcb6110ca713afaa6bb423e3307dd3a0e53b5131c42240d1dd56512efef,8260,image/webp,200,8260,image/webp,dramas/1071/original.jpg
1072,kB1nm_4f,original,dramas/1072/original.jpg,image/jpeg,258588,56140090acb380ad86c69b343b3ce8b396c639bbcffbb5e806651cfa0d1d2415,258588,image/jpeg,200,258588,image/jpeg,dramas/1072/original.jpg
1072,kB1nm_4f,thumbnail,dramas/1072/thumbnail.webp,image/webp,45080,9c79a222242b6908ff91888cb9f0964c38ca1bc6f9943e7043f25ce8375c92b9,45080,image/webp,200,45080,image/webp,dramas/1072/original.jpg
1073,r6Y42_4f,original,dramas/1073/original.jpg,image/jpeg,122461,7cbfb997a3caf326b753ea0f74a1b5bd86e18ee0094cab60b5b165c9e9ed7061,122461,image/jpeg,200,122461,image/jpeg,dramas/1073/original.jpg
1073,r6Y42_4f,thumbnail,dramas/1073/thumbnail.webp,image/webp,19060,b468eba6e8ebd8f55e01bd16f64909d9db715011ceb26f9c52da889cb4a155b4,19060,image/webp,200,19060,image/webp,dramas/1073/original.jpg
1074,2Vxqw_4f,original,dramas/1074/original.jpg,image/jpeg,116724,49e60904d1e9998507fcb0d7c0001225fbdb31a7e7c1e22257f6791f5fdd28be,116724,image/jpeg,200,116724,image/jpeg,dramas/1074/original.jpg
1074,2Vxqw_4f,thumbnail,dramas/1074/thumbnail.webp,image/webp,45576,b3ecb2594da139693755b1b5d487d80a76d9a06d3c0e3d20be45494210271032,45576,image/webp,200,45576,image/webp,dramas/1074/original.jpg
1075,YY5Zee_4f,original,dramas/1075/original.jpg,image/jpeg,290707,95eca71d8361592cb22e04086aa2590a30e9a259ca7b5c318864faf6a5167e4e,290707,image/jpeg,200,290707,image/jpeg,dramas/1075/original.jpg
1075,YY5Zee_4f,thumbnail,dramas/1075/thumbnail.webp,image/webp,65372,543490bd3a31b9a4cf6c2c54565f5aedc1a9f7f65a3f88f5425c8c17ed2158a2,65372,image/webp,200,65372,image/webp,dramas/1075/original.jpg
1076,Xde5md_4f,original,dramas/1076/original.jpg,image/jpeg,135756,5598bcb4272a4fa9843e4ae3c0902dd88729e6cb59d27113df29c38415d64803,135756,image/jpeg,200,135756,image/jpeg,dramas/1076/original.jpg
1076,Xde5md_4f,thumbnail,dramas/1076/thumbnail.webp,image/webp,24238,907e39167bad2b8feea706e61d866cd8b2ab8c76fb9e90f13b1fd43223f56426,24238,image/webp,200,24238,image/webp,dramas/1076/original.jpg
1077,rQ82j_4f,original,dramas/1077/original.jpg,image/jpeg,81474,2a25859c1e4b04c89e077c5ce10bb0a1a1e1e3773be0d01dde72717b4b9a1868,81474,image/jpeg,200,81474,image/jpeg,dramas/1077/original.jpg
1077,rQ82j_4f,thumbnail,dramas/1077/thumbnail.webp,image/webp,29644,93264a7d00bad543756e1d057a42e6c47e1cce7b07c8b4a437f95e028db23546,29644,image/webp,200,29644,image/webp,dramas/1077/original.jpg
1078,BdpgYz_4f,original,dramas/1078/original.jpg,image/jpeg,226735,f6bbf873b4df00f8f9d2c5598fee196796972eca9a25cdf0c82cde107a400d3b,226735,image/jpeg,200,226735,image/jpeg,dramas/1078/original.jpg
1078,BdpgYz_4f,thumbnail,dramas/1078/thumbnail.webp,image/webp,45356,18a3edb8699623ca9090910ac8017068ba3f393fb380a58019aa28130b566557,45356,image/webp,200,45356,image/webp,dramas/1078/original.jpg
1079,d5J35_4f,original,dramas/1079/original.jpg,image/jpeg,104580,a490bd450e8667ec70f127840ab0b2952cac1fdf5eab026a33924afd3b33c2cc,104580,image/jpeg,200,104580,image/jpeg,dramas/1079/original.jpg
1079,d5J35_4f,thumbnail,dramas/1079/thumbnail.webp,image/webp,40062,f16ede5621cabefeb4e6a716f66487f979f9e1aed5a332e5fd2980b79efc9308,40062,image/webp,200,40062,image/webp,dramas/1079/original.jpg
1080,BWXjV_4f,original,dramas/1080/original.jpg,image/jpeg,135286,25ae433997aec1f3d8ffec387bb5f316ca962130813bf306847bc41b5844e94b,135286,image/jpeg,200,135286,image/jpeg,dramas/1080/original.jpg
1080,BWXjV_4f,thumbnail,dramas/1080/thumbnail.webp,image/webp,23392,6662fd7ab2685f5936b28b3fde6b5cd4b8ad64cf612b6ff9866d1ca5eec0fc45,23392,image/webp,200,23392,image/webp,dramas/1080/original.jpg
1081,xOwqq_4f,original,dramas/1081/original.jpg,image/jpeg,197444,f6992c92aff02865a7ac98b0e5179c9501a0915fc65c1b3faf5d64781ae6a952,197444,image/jpeg,200,197444,image/jpeg,dramas/1081/original.jpg
1081,xOwqq_4f,thumbnail,dramas/1081/thumbnail.webp,image/webp,38292,5a3a454b782ad2059656b92c2468e73637da03a5cb27d1d479a1ea05954e0dec,38292,image/webp,200,38292,image/webp,dramas/1081/original.jpg
1082,j1DWb_4f,original,dramas/1082/original.jpg,image/jpeg,126983,962e57e6e3abe375c183b50ab3dcf57000841b692021a2563f7d283589075fee,126983,image/jpeg,200,126983,image/jpeg,dramas/1082/original.jpg
1082,j1DWb_4f,thumbnail,dramas/1082/thumbnail.webp,image/webp,23768,90398e4c54de3275abaf43cb3b54b52ab946c4b4d1c20607375beebec17f7969,23768,image/webp,200,23768,image/webp,dramas/1082/original.jpg
1083,Z803xO_4f,original,dramas/1083/original.jpg,image/jpeg,198919,64640f41890eea5f46ea339a10ba278ac34d19659466f5efbcd35f76bfc51e2f,198919,image/jpeg,200,198919,image/jpeg,dramas/1083/original.jpg
1083,Z803xO_4f,thumbnail,dramas/1083/thumbnail.webp,image/webp,38930,ee49696a68438830849484cb9504770139e6cf83bad7b88ac11b24bd24a41c91,38930,image/webp,200,38930,image/webp,dramas/1083/original.jpg
1084,Rpdng_4f,original,dramas/1084/original.jpg,image/jpeg,55916,04cd45503ed9250c38bd4f58aad2074f9e1232f4d0202b7999de96ee36af1f02,55916,image/jpeg,200,55916,image/jpeg,dramas/1084/original.jpg
1084,Rpdng_4f,thumbnail,dramas/1084/thumbnail.webp,image/webp,25262,8ca552f0bc342d79db7d6b1c724f4f30e900cbb750237a09093ad765dff427be,25262,image/webp,200,25262,image/webp,dramas/1084/original.jpg
1085,XDKww_4f,original,dramas/1085/original.jpg,image/jpeg,160187,dd7b970cf614fca10832b79da0b204ed04ea655876644b0c9177b1c3556fe9e4,160187,image/jpeg,200,160187,image/jpeg,dramas/1085/original.jpg
1085,XDKww_4f,thumbnail,dramas/1085/thumbnail.webp,image/webp,32860,b13dfb86011450fa09cfb7b04aec7d8d5bac79c82a9284c3fef19d67ecddd68f,32860,image/webp,200,32860,image/webp,dramas/1085/original.jpg
1086,XWvlw_4f,original,dramas/1086/original.jpg,image/jpeg,173321,bff63e1eb4f3ef53f471f01cf66cb8aa57ed77efaa42bb7030a729f3c87a7050,173321,image/jpeg,200,173321,image/jpeg,dramas/1086/original.jpg
1086,XWvlw_4f,thumbnail,dramas/1086/thumbnail.webp,image/webp,33834,bb281b24e4053fc09a85aafda2712598e44d30ea8a15a9c740e7e3b3b818be8f,33834,image/webp,200,33834,image/webp,dramas/1086/original.jpg
1087,rl6Vp_4f,original,dramas/1087/original.jpg,image/jpeg,221111,8f5356027cdc8acdf0cfc42540a0ea2eb58a6294314c5eec5580937b35ad2a59,221111,image/jpeg,200,221111,image/jpeg,dramas/1087/original.jpg
1087,rl6Vp_4f,thumbnail,dramas/1087/thumbnail.webp,image/webp,42242,a6be5bbe9af1ec816aaf443eb3fd1c38ffe58eca572cdd0757b570f4278b0135,42242,image/webp,200,42242,image/webp,dramas/1087/original.jpg
1088,11XPQ_4f,original,dramas/1088/original.jpg,image/jpeg,195847,7d9f24c7601c3e8a6b4fa6631b213e87a52bfa57b504f8db663ea6a25d115e69,195847,image/jpeg,200,195847,image/jpeg,dramas/1088/original.jpg
1088,11XPQ_4f,thumbnail,dramas/1088/thumbnail.webp,image/webp,36892,23f18a44471edddba12f974c88fce044471f3638ee424c4de6809beaecc680fb,36892,image/webp,200,36892,image/webp,dramas/1088/original.jpg
1089,v2bEX_4f,original,dramas/1089/original.jpg,image/jpeg,193385,8040482da5326b1d4d3a51ace33a5faf2fee36c8b3c11e9829842d0cd202139e,193385,image/jpeg,200,193385,image/jpeg,dramas/1089/original.jpg
1089,v2bEX_4f,thumbnail,dramas/1089/thumbnail.webp,image/webp,71708,db1df9bbae7173c446b936a6b6eb238c1a6e6fbafce3185e1d3734043fc2965c,71708,image/webp,200,71708,image/webp,dramas/1089/original.jpg
1090,qgP2D_4f,original,dramas/1090/original.jpg,image/jpeg,75977,46996baf591b90e6dfb67d51b34d62106762f58ee0a6d25d476ae083a445f951,75977,image/jpeg,200,75977,image/jpeg,dramas/1090/original.jpg
1090,qgP2D_4f,thumbnail,dramas/1090/thumbnail.webp,image/webp,21184,baf989e30e38f9bf16655f518ab45175fdd9470d190c8dc3f6f9abbeb9c4cc10,21184,image/webp,200,21184,image/webp,dramas/1090/original.jpg
1091,v24Pg_4f,original,dramas/1091/original.jpg,image/jpeg,174218,9faf169c390266599159256b9050458deda4a95580822397b756acb6024cc66e,174218,image/jpeg,200,174218,image/jpeg,dramas/1091/original.jpg
1091,v24Pg_4f,thumbnail,dramas/1091/thumbnail.webp,image/webp,30854,9d69096585ac9c7f7e98e88cf7a5fb83f04575f4178be9c6653f12ef4a879bb2,30854,image/webp,200,30854,image/webp,dramas/1091/original.jpg
1092,4QLgQ_4f,original,dramas/1092/original.jpg,image/jpeg,312704,5c307a7f122ed84249e5ea61f0961699df43ecae3b08a8758b8539dd4ebe3d24,312704,image/jpeg,200,312704,image/jpeg,dramas/1092/original.jpg
1092,4QLgQ_4f,thumbnail,dramas/1092/thumbnail.webp,image/webp,69430,aa844e30639937e967054e5c95c51daac8da3d514eb45088c3786ddf9a5430ad,69430,image/webp,200,69430,image/webp,dramas/1092/original.jpg
1093,kgQJb_4f,original,dramas/1093/original.jpg,image/jpeg,195586,6a8f1636552f00fb7b1abd55e26bef2d9ee9d5f319dc8ad2ea70a5c4e53ffecb,195586,image/jpeg,200,195586,image/jpeg,dramas/1093/original.jpg
1093,kgQJb_4f,thumbnail,dramas/1093/thumbnail.webp,image/webp,36276,1b02a1137f4d1e86a7cf7c799e433bb0870c1ca4e32464ccbb8b1e46cfc75f70,36276,image/webp,200,36276,image/webp,dramas/1093/original.jpg
1094,k8eW8_4f,original,dramas/1094/original.jpg,image/jpeg,202496,740c4f7a87b884033bf2b888a4dc9712f0bd4d19e1e44b007e9f3063cadc7b11,202496,image/jpeg,200,202496,image/jpeg,dramas/1094/original.jpg
1094,k8eW8_4f,thumbnail,dramas/1094/thumbnail.webp,image/webp,43070,bdcb75b2afefadcc50660a76934da98824ef696525650d060cc9fed623058167,43070,image/webp,200,43070,image/webp,dramas/1094/original.jpg
1095,Rzrng_4f,original,dramas/1095/original.jpg,image/jpeg,201567,8c35802c5c28b25f7c21848ee76e806ca33bd3979f85e5fe883b46577d5a4a92,201567,image/jpeg,200,201567,image/jpeg,dramas/1095/original.jpg
1095,Rzrng_4f,thumbnail,dramas/1095/thumbnail.webp,image/webp,38850,6f882954ca722078d689ff9bb01d6a29b54d42efa8b3194262ac109e73c7056f,38850,image/webp,200,38850,image/webp,dramas/1095/original.jpg
1096,jQQAly_4f,original,dramas/1096/original.jpg,image/jpeg,169224,5e994b88e809bb6d2e5716550c205f8551933146645aa20e4552fea2d240fc2d,169224,image/jpeg,200,169224,image/jpeg,dramas/1096/original.jpg
1096,jQQAly_4f,thumbnail,dramas/1096/thumbnail.webp,image/webp,32892,aa0638bb849f8afede31f6f8c6874966db1aca84df7f2a64770f03c247d1a700,32892,image/webp,200,32892,image/webp,dramas/1096/original.jpg
1097,2e6OR_4f,original,dramas/1097/original.jpg,image/jpeg,266384,68392099174cd0b98084bbc2d35a37a10d9437226e24ced148ae642f581b11dd,266384,image/jpeg,200,266384,image/jpeg,dramas/1097/original.jpg
1097,2e6OR_4f,thumbnail,dramas/1097/thumbnail.webp,image/webp,56518,1bb6f432894a697adb4ce0c6d2049ea2be57934b1cb2c8aefa4095376f4bfc8b,56518,image/webp,200,56518,image/webp,dramas/1097/original.jpg
1098,ROOPo_4f,original,dramas/1098/original.jpg,image/jpeg,152687,301104c329ff2aaeffda24a48856ee163d37c3c3d6d63844c500b9a44e0fbdfa,152687,image/jpeg,200,152687,image/jpeg,dramas/1098/original.jpg
1098,ROOPo_4f,thumbnail,dramas/1098/thumbnail.webp,image/webp,29860,febe4ee08ae792c1e3015c8a22bb95201dd32bf4ebc83cbc3e7bb3303c801f96,29860,image/webp,200,29860,image/webp,dramas/1098/original.jpg
1099,x1JYw_4f,original,dramas/1099/original.jpg,image/jpeg,224660,c4b440973721462b57b9e3ef8176e1783a63c9de9f8e17d275ed72117e587d5b,224660,image/jpeg,200,224660,image/jpeg,dramas/1099/original.jpg
1099,x1JYw_4f,thumbnail,dramas/1099/thumbnail.webp,image/webp,41922,5007599f22ee4dc6aaebf9418e93577335cc333e5d9c3b37142c58554732e36c,41922,image/webp,200,41922,image/webp,dramas/1099/original.jpg
1100,Rzlwx_4f,original,dramas/1100/original.jpg,image/jpeg,174791,4868294fd9580edd7ee61325d8eae556965bbf29f26d686df19a62e5bae9f219,174791,image/jpeg,200,174791,image/jpeg,dramas/1100/original.jpg
1100,Rzlwx_4f,thumbnail,dramas/1100/thumbnail.webp,image/webp,20188,8b693b7510e4e3bb3a35ab7f74b601106402a8ca28fa93512a609601d4a41917,20188,image/webp,200,20188,image/webp,dramas/1100/original.jpg
1101,RVbJz_4f,original,dramas/1101/original.jpg,image/jpeg,330346,c681cc4b62aa94fe3b4a510a4a316587835b04a3304f9a4e2fca7eeadefbe9d7,330346,image/jpeg,200,330346,image/jpeg,dramas/1101/original.jpg
1101,RVbJz_4f,thumbnail,dramas/1101/thumbnail.webp,image/webp,69776,ec65fc0d1ecbfee580fee1b486eee9c2bee8adcf2aec23791c83a19a505a36d4,69776,image/webp,200,69776,image/webp,dramas/1101/original.jpg
1102,kngDb_4f,original,dramas/1102/original.jpg,image/jpeg,202992,6ab5e30dc71bcc216ef02600e6a5c6714d046dd4c685ee0e59146ac50fc9f76c,202992,image/jpeg,200,202992,image/jpeg,dramas/1102/original.jpg
1102,kngDb_4f,thumbnail,dramas/1102/thumbnail.webp,image/webp,69286,755de064d03e56628c3888b647798c1de7bf73c349ef945051bb9681f2c93e06,69286,image/webp,200,69286,image/webp,dramas/1102/original.jpg
1103,WDo4P_4f,original,dramas/1103/original.jpg,image/jpeg,277949,ff34f2aa6dbfe7e019facb5da5d420995bfc39b1cf3cebea523b5a2fc80eebd3,277949,image/jpeg,200,277949,image/jpeg,dramas/1103/original.jpg
1103,WDo4P_4f,thumbnail,dramas/1103/thumbnail.webp,image/webp,70138,c2ef64d139596c4d998a9137dbe9b7efff9f7297ec541b0bb6e03e94ae7cff07,70138,image/webp,200,70138,image/webp,dramas/1103/original.jpg
1104,eqv3n_4f,original,dramas/1104/original.jpg,image/jpeg,83804,421f75724cb3bc4559de430100ae7d8cde5d9c87a4c69013192cf6ba875cdb86,83804,image/jpeg,200,83804,image/jpeg,dramas/1104/original.jpg
1104,eqv3n_4f,thumbnail,dramas/1104/thumbnail.webp,image/webp,15566,c6901b5358da81df98d0910acda084d2691367363c317777ee03b0a94330438e,15566,image/webp,200,15566,image/webp,dramas/1104/original.jpg
1105,66Zr2_4f,original,dramas/1105/original.jpg,image/jpeg,187674,3a750aa2edfb124c4fefdc68de037119a0b6d49cd0c393c1b3e198d86dc54af9,187674,image/jpeg,200,187674,image/jpeg,dramas/1105/original.jpg
1105,66Zr2_4f,thumbnail,dramas/1105/thumbnail.webp,image/webp,58614,a369a9e4861c2f37799b6a7cb76424534d31c8603beb99930607000205ef1044,58614,image/webp,200,58614,image/webp,dramas/1105/original.jpg
1106,qjBQ2_4f,original,dramas/1106/original.jpg,image/jpeg,225163,ebcd8c8162110904b72ce80ba5e26ed0e68d4f5cad0d88ce042ea1fdfc5cb6b0,225163,image/jpeg,200,225163,image/jpeg,dramas/1106/original.jpg
1106,qjBQ2_4f,thumbnail,dramas/1106/thumbnail.webp,image/webp,41752,8ac914e1ad05e9444c1f598e4861b086e8475236ac42cf72c9a6eb28f5ae88e3,41752,image/webp,200,41752,image/webp,dramas/1106/original.jpg
1107,JBDzBj_4f,original,dramas/1107/original.jpg,image/jpeg,293129,c423ed618dc639426f4696e8cb9db7469395b8ed7259d4a1bc8f8e0e57665548,293129,image/jpeg,200,293129,image/jpeg,dramas/1107/original.jpg
1107,JBDzBj_4f,thumbnail,dramas/1107/thumbnail.webp,image/webp,69092,59cf36700b854f8d4079d4bbc00ba137262b6659499833d6015d68e36ceba46b,69092,image/webp,200,69092,image/webp,dramas/1107/original.jpg
1108,QJ7eg7_4f,original,dramas/1108/original.jpg,image/jpeg,172611,176654442d8acd778a0fba9076b8f044a033ed394a2517b0ec721e9351b03e21,172611,image/jpeg,200,172611,image/jpeg,dramas/1108/original.jpg
1108,QJ7eg7_4f,thumbnail,dramas/1108/thumbnail.webp,image/webp,32860,5f2b88fdece7b55065ab0770bd226c860b2347339133d7e1ff2ae852f7a62df0,32860,image/webp,200,32860,image/webp,dramas/1108/original.jpg
1109,4vzxw_4f,original,dramas/1109/original.jpg,image/jpeg,219599,e043dbfa5f840c89df98e344606f0a84f307704b91b7e84884d9d25bd363bf5e,219599,image/jpeg,200,219599,image/jpeg,dramas/1109/original.jpg
1109,4vzxw_4f,thumbnail,dramas/1109/thumbnail.webp,image/webp,48768,7c71269121989b3d887432f16e9d1c50324b6cdc14c0df43c498e742c104126d,48768,image/webp,200,48768,image/webp,dramas/1109/original.jpg
1110,pmpxV_4f,original,dramas/1110/original.jpg,image/jpeg,120983,c616c77b74f7fa6db5bdc70b94a3a827832fd055519b2cabbe57ae0928586f18,120983,image/jpeg,200,120983,image/jpeg,dramas/1110/original.jpg
1110,pmpxV_4f,thumbnail,dramas/1110/thumbnail.webp,image/webp,46012,7c4da92114698601422e09766d2b4b2984bcbd6c66170c3a8080bed26b5e8ac6,46012,image/webp,200,46012,image/webp,dramas/1110/original.jpg
1111,wbn6g_4f,original,dramas/1111/original.jpg,image/jpeg,153300,2d6a5addd33788148d75ef2213dfbe153966b954bd061716d9e4da0d12260a2a,153300,image/jpeg,200,153300,image/jpeg,dramas/1111/original.jpg
1111,wbn6g_4f,thumbnail,dramas/1111/thumbnail.webp,image/webp,26578,3b4eac06b82878ff4d2885060088a377255d26ea01bd667b4fdf582787b67873,26578,image/webp,200,26578,image/webp,dramas/1111/original.jpg
1112,ZboPO_4f,original,dramas/1112/original.jpg,image/jpeg,64228,ac66072a7e3c9502661ae11d0305ed1b7805ec50fcda34b0818a33234214ef6b,64228,image/jpeg,200,64228,image/jpeg,dramas/1112/original.jpg
1112,ZboPO_4f,thumbnail,dramas/1112/thumbnail.webp,image/webp,14168,3079d2659237d919d1d3216f65d57307a4df983069618a85ae3f08c80f296c09,14168,image/webp,200,14168,image/webp,dramas/1112/original.jpg
1113,48LYQ_4f,original,dramas/1113/original.jpg,image/jpeg,163583,7a16fee0cf5c570435c93f533791588dba271effeb2c8624dd8d842bbb4191b4,163583,image/jpeg,200,163583,image/jpeg,dramas/1113/original.jpg
1113,48LYQ_4f,thumbnail,dramas/1113/thumbnail.webp,image/webp,66574,e875fab021d1d5753094b070d51ab63fc1cd38ae7815dc7f77bff8e44a833ac2,66574,image/webp,200,66574,image/webp,dramas/1113/original.jpg
1114,ppQV8_4f,original,dramas/1114/original.jpg,image/jpeg,172363,7b578670bfe03a74e2b93bd86cb7fc40e03ee48944c8e075c262f669938a1f87,172363,image/jpeg,200,172363,image/jpeg,dramas/1114/original.jpg
1114,ppQV8_4f,thumbnail,dramas/1114/thumbnail.webp,image/webp,48596,deb946368a99f0ca421272a7e7394b582b926ac45ffa9f4a456b813baebfff99,48596,image/webp,200,48596,image/webp,dramas/1114/original.jpg
1115,2AjpV_4f,original,dramas/1115/original.jpg,image/jpeg,104465,b4337e333b28f94ccc7244a83e7da3d795ad4f87c75d7dda4dd3d13571ec830a,104465,image/jpeg,200,104465,image/jpeg,dramas/1115/original.jpg
1115,2AjpV_4f,thumbnail,dramas/1115/thumbnail.webp,image/webp,20442,52345965d4501129d11cd6060740bf773f14d272a7cd36d40dfa0dfc023b14a1,20442,image/webp,200,20442,image/webp,dramas/1115/original.jpg
1116,4JE4d_4f,original,dramas/1116/original.jpg,image/jpeg,178877,fb0093564dbe1e56acef80b07b5499f1f9c6a01944efd156e696849a47341ebc,178877,image/jpeg,200,178877,image/jpeg,dramas/1116/original.jpg
1116,4JE4d_4f,thumbnail,dramas/1116/thumbnail.webp,image/webp,40694,ef3879fa925eeb7204491088d1099c5fca61b4e62c538fe93ccfee2de0569c68,40694,image/webp,200,40694,image/webp,dramas/1116/original.jpg
1117,BAwvb_4f,original,dramas/1117/original.jpg,image/jpeg,96409,19aa682bea455e4cf18cd2bb7623f29785f690ee23ce058d631c651ef9ffc68b,96409,image/jpeg,200,96409,image/jpeg,dramas/1117/original.jpg
1117,BAwvb_4f,thumbnail,dramas/1117/thumbnail.webp,image/webp,27860,d7a09de474efaf78db068be6c8ea7c08e5260f8ef9d04d0bee2fa35d42317435,27860,image/webp,200,27860,image/webp,dramas/1117/original.jpg
1118,Xk4dX_4f,original,dramas/1118/original.jpg,image/jpeg,219666,12bdaf3f594aaa0559d36b046df2c1c65062b52dddb6931a901e7912c76c5249,219666,image/jpeg,200,219666,image/jpeg,dramas/1118/original.jpg
1118,Xk4dX_4f,thumbnail,dramas/1118/thumbnail.webp,image/webp,42650,2de9fcff2af704c4ec09c3a0eb3f72cda44ab82f9b3ca0521d03927075ddc156,42650,image/webp,200,42650,image/webp,dramas/1118/original.jpg
1119,qe1J2_4f,original,dramas/1119/original.jpg,image/jpeg,218692,9752f9e7800d6e3631358698f6dc5f83c53eacfc66ec2807a131ed4bc3a14f16,218692,image/jpeg,200,218692,image/jpeg,dramas/1119/original.jpg
1119,qe1J2_4f,thumbnail,dramas/1119/thumbnail.webp,image/webp,42572,dd0ad6d6bde9e47901461e2eb59db0b55367376f5a99f690f2e0f7acc0dc2559,42572,image/webp,200,42572,image/webp,dramas/1119/original.jpg
1120,4ZD46_4f,original,dramas/1120/original.jpg,image/jpeg,186780,de5057eebf36f003add814e407b90545eec6d0b0e59f69e3010fbf63340287f6,186780,image/jpeg,200,186780,image/jpeg,dramas/1120/original.jpg
1120,4ZD46_4f,thumbnail,dramas/1120/thumbnail.webp,image/webp,34888,d73dccbd6637bee4791cae885c24e2e530e2c6782f4dee34e0413ec219af2932,34888,image/webp,200,34888,image/webp,dramas/1120/original.jpg
1121,XkoZw_4f,original,dramas/1121/original.jpg,image/jpeg,170642,3973fb33e9ca5334d3d2de879ea461d6e788b66259fad80dcd71797adcbff431,170642,image/jpeg,200,170642,image/jpeg,dramas/1121/original.jpg
1121,XkoZw_4f,thumbnail,dramas/1121/thumbnail.webp,image/webp,30330,dc0c05679c8eab2e44c044607b1ff7670d3cc887f53f389e3fb6ceadc156c6df,30330,image/webp,200,30330,image/webp,dramas/1121/original.jpg
1122,Kpkj8f,original,dramas/1122/original.jpg,image/jpeg,274511,f34a3af78edd9fad1a453ae7d79f45714084244b87fbedc531a365648eec9e3f,274511,image/jpeg,200,274511,image/jpeg,dramas/1122/original.jpg
1122,Kpkj8f,thumbnail,dramas/1122/thumbnail.webp,image/webp,62808,88b938903f4997a122dc5fa22b4da1dfbec4228612ea3f91f2ee9d45973ea116,62808,image/webp,200,62808,image/webp,dramas/1122/original.jpg
1123,BoPp5_4f,original,dramas/1123/original.jpg,image/jpeg,98258,77a41b717926da0bae9c51a62d8355e41f0bb2e23e5033d9f991de0756439d21,98258,image/jpeg,200,98258,image/jpeg,dramas/1123/original.jpg
1123,BoPp5_4f,thumbnail,dramas/1123/thumbnail.webp,image/webp,27094,ed50c82f1ab8faecf4bb7760ba1394985841cc3e97459bd7d3dc4faaa57de9a2,27094,image/webp,200,27094,image/webp,dramas/1123/original.jpg
1124,MK62Xf,original,dramas/1124/original.jpg,image/jpeg,73907,8f6fda5f7d90abc5eafa56edf92902e61a4fa9c10b7baf9ba74136a840279b2c,73907,image/jpeg,200,73907,image/jpeg,dramas/1124/original.jpg
1124,MK62Xf,thumbnail,dramas/1124/thumbnail.webp,image/webp,34364,9c11f725c0511b5acb3d090400d4471b98cd5f1718c2f77f07ba4a469b96841e,34364,image/webp,200,34364,image/webp,dramas/1124/original.jpg
1125,k8W4r_4f,original,dramas/1125/original.jpg,image/jpeg,243941,e928ed2ddcc76f560b6e0ea4e1a6557550843ab0fb28b224677bdecd613f5a26,243941,image/jpeg,200,243941,image/jpeg,dramas/1125/original.jpg
1125,k8W4r_4f,thumbnail,dramas/1125/thumbnail.webp,image/webp,56538,205ddba6818b83d9bc0ec0e853bb0170fb1ebdeb0f2d48a9491d6a9cf4ad863c,56538,image/webp,200,56538,image/webp,dramas/1125/original.jpg
1126,RNw0z_4f,original,dramas/1126/original.jpg,image/jpeg,239504,2fe8c4174dbdc7bc75cbaacb1474d049fa27617ac1de75335fd35f987f4fcffd,239504,image/jpeg,200,239504,image/jpeg,dramas/1126/original.jpg
1126,RNw0z_4f,thumbnail,dramas/1126/thumbnail.webp,image/webp,49752,8654b3b355e154ee6765c07592d3154cf8d4aa19e2d4d8aef597fa74f4c9d622,49752,image/webp,200,49752,image/webp,dramas/1126/original.jpg
1127,2K8BR_4f,original,dramas/1127/original.jpg,image/jpeg,60987,35723d7a0e073387b43172fb4251cf80933a934987adc833e68a5f4b0bfde304,60987,image/jpeg,200,60987,image/jpeg,dramas/1127/original.jpg
1127,2K8BR_4f,thumbnail,dramas/1127/thumbnail.webp,image/webp,9422,90387cfe67b07fa1dec77eb95dec135c138fdf8a177ce1294778a48c346df289,9422,image/webp,200,9422,image/webp,dramas/1127/original.jpg
1128,2bO4w_4f,original,dramas/1128/original.jpg,image/jpeg,252987,e0e6bf4136404f8504852ccaccf815daf3a28d5c32361fc4ce0df28dadf35033,252987,image/jpeg,200,252987,image/jpeg,dramas/1128/original.jpg
1128,2bO4w_4f,thumbnail,dramas/1128/thumbnail.webp,image/webp,53058,3ba2e40c41defda226562dca497a52318a534805eb052b05ce7fc23d48f66cac,53058,image/webp,200,53058,image/webp,dramas/1128/original.jpg
1129,keWV8_4f,original,dramas/1129/original.jpg,image/jpeg,106965,d4afc696fa07e0426a27b15aab06f77967c610cc24dcfbfa20d45e5d30512a50,106965,image/jpeg,200,106965,image/jpeg,dramas/1129/original.jpg
1129,keWV8_4f,thumbnail,dramas/1129/thumbnail.webp,image/webp,38630,6fd4fa13ad845405eb002cc4c90061943a8aa41f8f22f0ea249f7288be86bcd5,38630,image/webp,200,38630,image/webp,dramas/1129/original.jpg
1130,xQpBzf,original,dramas/1130/original.jpg,image/jpeg,108609,86694325428978e4282a370de69726c8d4f146c3a7cc40c61bca217e7b8205d7,108609,image/jpeg,200,108609,image/jpeg,dramas/1130/original.jpg
1130,xQpBzf,thumbnail,dramas/1130/thumbnail.webp,image/webp,43792,a8fcf920150faf789b815d650bb6f9bf0b85346905e0b32afb02f080a0ed6675,43792,image/webp,200,43792,image/webp,dramas/1130/original.jpg
1131,QJJ4PW_4f,original,dramas/1131/original.jpg,image/jpeg,252670,a9e3cdf623682d7b4b9c5911ebb3b5196760edc216c49d935a0baebeb9fa25ed,252670,image/jpeg,200,252670,image/jpeg,dramas/1131/original.jpg
1131,QJJ4PW_4f,thumbnail,dramas/1131/thumbnail.webp,image/webp,65566,b98ac0cb774f9f20fb703ef6711873d613132320f91398258e4e1a9ec475ab48,65566,image/webp,200,65566,image/webp,dramas/1131/original.jpg
1132,EWwp0_4f,original,dramas/1132/original.jpg,image/jpeg,146269,32f8951ab44a928d79454fa91bbaea6ddd5ed7f10f3acbe06bbd18ad12f761df,146269,image/jpeg,200,146269,image/jpeg,dramas/1132/original.jpg
1132,EWwp0_4f,thumbnail,dramas/1132/thumbnail.webp,image/webp,20888,1a6222a639b61c4d096bd602bac545351f7c1e438386603c038dc4a1c8ba7ae0,20888,image/webp,200,20888,image/webp,dramas/1132/original.jpg
1133,EmQoW_4f,original,dramas/1133/original.jpg,image/jpeg,54444,15837c54674bc6c0e171736fb28a0bc4e3d40acb05d833ef4f93f12e3e74f4c5,54444,image/jpeg,200,54444,image/jpeg,dramas/1133/original.jpg
1133,EmQoW_4f,thumbnail,dramas/1133/thumbnail.webp,image/webp,29194,0c90787f6b79cab3d9bae132c08bf628d5d741698e3836737d97812b24985129,29194,image/webp,200,29194,image/webp,dramas/1133/original.jpg
1134,E5lok0_4f,original,dramas/1134/original.jpg,image/jpeg,301527,2f363d589c38e75390896b88718b5ed802b946105928ee6da6a5789c839449a1,301527,image/jpeg,200,301527,image/jpeg,dramas/1134/original.jpg
1134,E5lok0_4f,thumbnail,dramas/1134/thumbnail.webp,image/webp,66400,c640e265799e05ee60e0c51c0e2582c190dc53a3c3f6d0a0a3ee33d66ad9b12d,66400,image/webp,200,66400,image/webp,dramas/1134/original.jpg
1135,jdOOb_4f,original,dramas/1135/original.jpg,image/jpeg,138272,bee6cda277551fe2e84dc62b81ecfb34f3a90025d9883594d3a4c34160e8d130,138272,image/jpeg,200,138272,image/jpeg,dramas/1135/original.jpg
1135,jdOOb_4f,thumbnail,dramas/1135/thumbnail.webp,image/webp,27680,540bfa6d621a07cb4afdf1712858efc066746b90ed1d3c8f6d093cd04c1d9a57,27680,image/webp,200,27680,image/webp,dramas/1135/original.jpg
1136,BJ5d7_4f,original,dramas/1136/original.jpg,image/jpeg,164945,fcc424e1eac31b06f4603e84af5bdd720b0a81d5243e3100d944b598b827e2de,164945,image/jpeg,200,164945,image/jpeg,dramas/1136/original.jpg
1136,BJ5d7_4f,thumbnail,dramas/1136/thumbnail.webp,image/webp,42018,ce97cfa86e93689016f7b5ac20ecebf553596b98551ccb31acc12e58e5425047,42018,image/webp,200,42018,image/webp,dramas/1136/original.jpg
1137,73bB8D_4f,original,dramas/1137/original.jpg,image/jpeg,196552,7c149f6ac55ffdf42c24e5da6fa2ddad0502b0fa83ccc24272eaa992e068810a,196552,image/jpeg,200,196552,image/jpeg,dramas/1137/original.jpg
1137,73bB8D_4f,thumbnail,dramas/1137/thumbnail.webp,image/webp,39022,9dd71d20770e4e2be8142685790fdb5907fa377849ee690a071d1602fe2622ce,39022,image/webp,200,39022,image/webp,dramas/1137/original.jpg
1138,1DQX6_4f,original,dramas/1138/original.jpg,image/jpeg,235626,efd76aec4dabe44cfb8e18ae94c7fb2b383fd42d013b4d2fcfcc38a69c2d7e79,235626,image/jpeg,200,235626,image/jpeg,dramas/1138/original.jpg
1138,1DQX6_4f,thumbnail,dramas/1138/thumbnail.webp,image/webp,43786,c7c9ce94a05624e38fdfb264a8815ba2536d3b88fa3878439b5624f2e9a6cbaa,43786,image/webp,200,43786,image/webp,dramas/1138/original.jpg
1139,v4Kep_4f,original,dramas/1139/original.jpg,image/jpeg,69681,d75128854c9fbb138147ab076f0f77513c855b2b1b1eaf33e445dc989ca2c799,69681,image/jpeg,200,69681,image/jpeg,dramas/1139/original.jpg
1139,v4Kep_4f,thumbnail,dramas/1139/thumbnail.webp,image/webp,23548,a88d79f3b1befa1c16f96014e9f274442a76744f4e6d49a6e0a40ece773fbeef,23548,image/webp,200,23548,image/webp,dramas/1139/original.jpg
1140,vXNd2g_4f,original,dramas/1140/original.jpg,image/jpeg,201725,78a10181db7d0c0049481a4347b40e2ecfdabc91a2e69807fa7fee5851aa6971,201725,image/jpeg,200,201725,image/jpeg,dramas/1140/original.jpg
1140,vXNd2g_4f,thumbnail,dramas/1140/thumbnail.webp,image/webp,42682,610586d640def8bd008a13bab8235fcfd572422e38a764c18f534bdbb90fae1a,42682,image/webp,200,42682,image/webp,dramas/1140/original.jpg
1141,pq2lr_4f,original,dramas/1141/original.jpg,image/jpeg,304060,b9e85d4172efbde8261906b39173bf441c5e45c920d352aec90beaa966568cd6,304060,image/jpeg,200,304060,image/jpeg,dramas/1141/original.jpg
1141,pq2lr_4f,thumbnail,dramas/1141/thumbnail.webp,image/webp,71830,c69a4f60720339042ca67e15ca099758e22f7bff3cd90426129d6a8706165a3e,71830,image/webp,200,71830,image/webp,dramas/1141/original.jpg
1142,ZnjVY_4f,original,dramas/1142/original.jpg,image/jpeg,267730,d92a331e23f6dd847fbb452f15f56c9bbf8771b7b44b5b65257dc8b3f607b001,267730,image/jpeg,200,267730,image/jpeg,dramas/1142/original.jpg
1142,ZnjVY_4f,thumbnail,dramas/1142/thumbnail.webp,image/webp,63926,0ae268b0fa7ed6c7111fb841507673becd080f5612d156e1da2ee92905018e8e,63926,image/webp,200,63926,image/webp,dramas/1142/original.jpg
1143,p5xRQ_4f,original,dramas/1143/original.jpg,image/jpeg,140122,f2f9a2ff9428e6086f2134219dbf445f2271c5c9bb07fb6187b277b0c53c1158,140122,image/jpeg,200,140122,image/jpeg,dramas/1143/original.jpg
1143,p5xRQ_4f,thumbnail,dramas/1143/thumbnail.webp,image/webp,18152,c938270e8661204e102ebe0247336e9d881962fe090079d292f5247c8a7014ae,18152,image/webp,200,18152,image/webp,dramas/1143/original.jpg
1144,4VW4Q_4f,original,dramas/1144/original.jpg,image/jpeg,56274,93b06044a7fcaf1a837ed73a7bbc932359b939a9da93e69ba74e0992ac9baab7,56274,image/jpeg,200,56274,image/jpeg,dramas/1144/original.jpg
1144,4VW4Q_4f,thumbnail,dramas/1144/thumbnail.webp,image/webp,32966,d1060987777bafb93bf6106fa9e052fd4aa6fae85467db36ee0a924990f22b24,32966,image/webp,200,32966,image/webp,dramas/1144/original.jpg
1145,XDBgO_4f,original,dramas/1145/original.jpg,image/jpeg,127417,efa41c9eee79f46257b288a11acf6ca8d76fe255a243ca984c355bf18ffd32bf,127417,image/jpeg,200,127417,image/jpeg,dramas/1145/original.jpg
1145,XDBgO_4f,thumbnail,dramas/1145/thumbnail.webp,image/webp,33312,1402f0b6cf704adfc9d7f4a1cae6949d1539c256939ae338e4d83bbbcc475a56,33312,image/webp,200,33312,image/webp,dramas/1145/original.jpg
1146,MBRLVf,original,dramas/1146/original.jpg,image/jpeg,135278,4d3e7fe4cf6a2d34fb7c3d5bc280cf673e869a16ac54accbe7fe6598f7c47c93,135278,image/jpeg,200,135278,image/jpeg,dramas/1146/original.jpg
1146,MBRLVf,thumbnail,dramas/1146/thumbnail.webp,image/webp,58008,f51e615252fb9a18ff862db31640c1d5cae2cd4763082469c30d652d163e7b63,58008,image/webp,200,58008,image/webp,dramas/1146/original.jpg
1147,BLp2A_4f,original,dramas/1147/original.jpg,image/jpeg,93416,88f49cc41e16875367ffc7e3695bc31f4fb5a2973ee421f8960a20d730c44aa5,93416,image/jpeg,200,93416,image/jpeg,dramas/1147/original.jpg
1147,BLp2A_4f,thumbnail,dramas/1147/thumbnail.webp,image/webp,37360,41c42672ae1483a2c776b15c2577053714fb3585e3b198ce87a9bb323557b9b1,37360,image/webp,200,37360,image/webp,dramas/1147/original.jpg
1148,BLr41_4f,original,dramas/1148/original.jpg,image/jpeg,149367,62f3ac1647c6c6a018f3840f37f4e1bf417299700a137b5c277f74be706c8e0c,149367,image/jpeg,200,149367,image/jpeg,dramas/1148/original.jpg
1148,BLr41_4f,thumbnail,dramas/1148/thumbnail.webp,image/webp,32404,861b2741ec5ebe7f46b302b343371ff3fdd504f159f4535098ece2d9ef178eb0,32404,image/webp,200,32404,image/webp,dramas/1148/original.jpg
1149,v7xgZ_4f,original,dramas/1149/original.jpg,image/jpeg,196013,31c24b7d2b396e90b18949d3539b1f271d110d7050bab7203c4d82bd43497344,196013,image/jpeg,200,196013,image/jpeg,dramas/1149/original.jpg
1149,v7xgZ_4f,thumbnail,dramas/1149/thumbnail.webp,image/webp,39842,07fc6b582a393225e3316e62874a34511ac9a3b32a97b258fddc204e32638515,39842,image/webp,200,39842,image/webp,dramas/1149/original.jpg
1150,d1Bw0_4f,original,dramas/1150/original.jpg,image/jpeg,157463,b413a0a747bbf082cc1b3a63058461de73489b7b8b74e16dd666a85aeba3fa67,157463,image/jpeg,200,157463,image/jpeg,dramas/1150/original.jpg
1150,d1Bw0_4f,thumbnail,dramas/1150/thumbnail.webp,image/webp,47308,5dcc0d514589b41437f4238ae08d7611164871ef25117b1aacc003e9bdb74bbd,47308,image/webp,200,47308,image/webp,dramas/1150/original.jpg
1151,eOwPK_4f,original,dramas/1151/original.jpg,image/jpeg,168934,50b7054a1ca0464164997e369f0e7ed8e16598f3d5001f14c50fd6253a77cd3b,168934,image/jpeg,200,168934,image/jpeg,dramas/1151/original.jpg
1151,eOwPK_4f,thumbnail,dramas/1151/thumbnail.webp,image/webp,35590,56b8a975a21c338c1d39b785f30ee8fd30a985b8d0e50f1d6f86b3b19984e4f3,35590,image/webp,200,35590,image/webp,dramas/1151/original.jpg
1152,RnxbP_4f,original,dramas/1152/original.jpg,image/jpeg,56117,b5091dad936da63140d7d621b3465a28532bc36553b0a37a7371487c6143a343,56117,image/jpeg,200,56117,image/jpeg,dramas/1152/original.jpg
1152,RnxbP_4f,thumbnail,dramas/1152/thumbnail.webp,image/webp,22534,13f36be3473baab1c0a77e49343f1927513e41bfa8fd4c52008eca3f308f4080,22534,image/webp,200,22534,image/webp,dramas/1152/original.jpg
1153,2wkJqw_4f,original,dramas/1153/original.jpg,image/jpeg,201312,30c32b969bd452b6bad369a28cee9dbe6ddab8d5a80dd71638947460d68efd3d,201312,image/jpeg,200,201312,image/jpeg,dramas/1153/original.jpg
1153,2wkJqw_4f,thumbnail,dramas/1153/thumbnail.webp,image/webp,39158,26e52b46295bf8c4ba59373856a68a2ca78d7d25924393ce121792cca6530c44,39158,image/webp,200,39158,image/webp,dramas/1153/original.jpg
1154,pqj7D_4f,original,dramas/1154/original.jpg,image/jpeg,139500,4b753232e8ae17050687a43667cab8c1f7ff312ab89b16514696bf9ffb462798,139500,image/jpeg,200,139500,image/jpeg,dramas/1154/original.jpg
1154,pqj7D_4f,thumbnail,dramas/1154/thumbnail.webp,image/webp,46926,655e92a9a43cca43205567e253e5be63ea4a47053b9bf2a158f3959702e4b290,46926,image/webp,200,46926,image/webp,dramas/1154/original.jpg
1155,k8X1g_4f,original,dramas/1155/original.jpg,image/jpeg,289025,7632d3ae85e7e061035eb8ba79a58d57ab8bc6a48c8dbb58cde12438c868db3a,289025,image/jpeg,200,289025,image/jpeg,dramas/1155/original.jpg
1155,k8X1g_4f,thumbnail,dramas/1155/thumbnail.webp,image/webp,69444,b4cad7e1bd76e341878d2881c8cf708d5757ff18589681ede13d75369efa0d47,69444,image/webp,200,69444,image/webp,dramas/1155/original.jpg
1156,R6Nkr_4f,original,dramas/1156/original.jpg,image/jpeg,139732,10be64b64306b642b4c486994f116735ba84efb46602c159647fa5a2c8f8a084,139732,image/jpeg,200,139732,image/jpeg,dramas/1156/original.jpg
1156,R6Nkr_4f,thumbnail,dramas/1156/thumbnail.webp,image/webp,22682,44fa41c4e015d6631ca107e6407272ef252dd036be12836b35d7672216de5887,22682,image/webp,200,22682,image/webp,dramas/1156/original.jpg
1157,rNzw8p_4f,original,dramas/1157/original.jpg,image/jpeg,163186,0c89979185aa41f718e0af562f493a9ab49473c8b952ba5c933cf9bcb9e2316b,163186,image/jpeg,200,163186,image/jpeg,dramas/1157/original.jpg
1157,rNzw8p_4f,thumbnail,dramas/1157/thumbnail.webp,image/webp,30844,7d41abc410e61341f3ec3524e8873de04a46f2615618a665dd4b2d367cef156d,30844,image/webp,200,30844,image/webp,dramas/1157/original.jpg
1158,d021dW_4f,original,dramas/1158/original.jpg,image/jpeg,287067,5e0822f19c313c1a5f62f495a259650057e74184af162b3337227c91ef79c2bf,287067,image/jpeg,200,287067,image/jpeg,dramas/1158/original.jpg
1158,d021dW_4f,thumbnail,dramas/1158/thumbnail.webp,image/webp,44602,ec73f69a668ca12d7b3a4c5826d1aa01f20cb8d847b00666e33c6f9b5a2e2056,44602,image/webp,200,44602,image/webp,dramas/1158/original.jpg
1159,6W2l0_4f,original,dramas/1159/original.jpg,image/jpeg,231297,71a8d72d2147138828ebd4ef0704b5106a816d488419e09ce7098633e2610015,231297,image/jpeg,200,231297,image/jpeg,dramas/1159/original.jpg
1159,6W2l0_4f,thumbnail,dramas/1159/thumbnail.webp,image/webp,52234,8f6b2ce0d084736b761ef539e046dba91e722e0e8cc2eafc5e661f5890ebfe5c,52234,image/webp,200,52234,image/webp,dramas/1159/original.jpg
1160,2wr8zR_4f,original,dramas/1160/original.jpg,image/jpeg,209189,8064516803815c4fe90842de5569651181eb2687d4f52bef475ddc56db2d6ff8,209189,image/jpeg,200,209189,image/jpeg,dramas/1160/original.jpg
1160,2wr8zR_4f,thumbnail,dramas/1160/thumbnail.webp,image/webp,66024,0072e3e869eb219c62236267dc5593820c2952d31d25c358e06597b39810a042,66024,image/webp,200,66024,image/webp,dramas/1160/original.jpg
1161,q4pyP_4f,original,dramas/1161/original.jpg,image/jpeg,97396,ab19f7570dedf5195cbcf73fc3292aeb498b5b5102f9c20bf43134e446471ae4,97396,image/jpeg,200,97396,image/jpeg,dramas/1161/original.jpg
1161,q4pyP_4f,thumbnail,dramas/1161/thumbnail.webp,image/webp,32390,41109a7554817c1008eed1c0ea791be1df4f86f90352a1177c88caa5cf5c53fe,32390,image/webp,200,32390,image/webp,dramas/1161/original.jpg
1162,r6vLp_4f,original,dramas/1162/original.jpg,image/jpeg,44659,601b2f12129e2f848b8ad8c0253f1ade1d87a2d40e5571af88b524b8d00815f0,44659,image/jpeg,200,44659,image/jpeg,dramas/1162/original.jpg
1162,r6vLp_4f,thumbnail,dramas/1162/thumbnail.webp,image/webp,22474,cb4bb8969dad929679807fd3be6861188ae4c5318c8e9ecb1557004a6adaade8,22474,image/webp,200,22474,image/webp,dramas/1162/original.jpg
1163,0nrbO_4f,original,dramas/1163/original.jpg,image/jpeg,151973,a6c837dfbda979f82030cba80955ba8f866bae1137da82f3b22f1692b8ff81bd,151973,image/jpeg,200,151973,image/jpeg,dramas/1163/original.jpg
1163,0nrbO_4f,thumbnail,dramas/1163/thumbnail.webp,image/webp,27372,f2873a5f49a96718c310ba0a8a13d7e996dea4cf66c2f4ce179db3feacc3c931,27372,image/webp,200,27372,image/webp,dramas/1163/original.jpg
1164,0w0rz7_4f,original,dramas/1164/original.jpg,image/jpeg,105754,175604e3a3df30b1b5f639e7996a0133a301b9c311371fa9a3ab4ffe443707a3,105754,image/jpeg,200,105754,image/jpeg,dramas/1164/original.jpg
1164,0w0rz7_4f,thumbnail,dramas/1164/thumbnail.webp,image/webp,19062,9dd8f7c5063e25d1e6b9a3afab0ae879184bcdfb040dc917fd7410ef5ef95d66,19062,image/webp,200,19062,image/webp,dramas/1164/original.jpg
1165,rPj2j_4f,original,dramas/1165/original.jpg,image/jpeg,354125,bbac41515c85d510052b72dc9112335fa9eec4215c80b80ae5da157fbe749e45,354125,image/jpeg,200,354125,image/jpeg,dramas/1165/original.jpg
1165,rPj2j_4f,thumbnail,dramas/1165/thumbnail.webp,image/webp,78676,b070b703cdc2a4841d1b2e91c78897ae0483433253aef923fe700414195b8e8d,78676,image/webp,200,78676,image/webp,dramas/1165/original.jpg
1166,QJKkR7_4f,original,dramas/1166/original.jpg,image/jpeg,226748,f3efbeab23750a741dc6fbcfea8b1846a1e0a9348409e4664820be0ab965d1c6,226748,image/jpeg,200,226748,image/jpeg,dramas/1166/original.jpg
1166,QJKkR7_4f,thumbnail,dramas/1166/thumbnail.webp,image/webp,51522,ce30c07f889299f11dc68b26b34f574d097f641435ef9018157bc76e7c61f3f2,51522,image/webp,200,51522,image/webp,dramas/1166/original.jpg
1167,dgJJz_4f,original,dramas/1167/original.jpg,image/jpeg,250676,7213763ec837f7c506033e88cc04f0e605888f8d396600d8b605de0ea0ea1c63,250676,image/jpeg,200,250676,image/jpeg,dramas/1167/original.jpg
1167,dgJJz_4f,thumbnail,dramas/1167/thumbnail.webp,image/webp,50424,982b4687befc5363e6dc6cb9496b3386078d6f78026afb48c3ef3d01d9ead057,50424,image/webp,200,50424,image/webp,dramas/1167/original.jpg
1168,Rop8R_4f,original,dramas/1168/original.jpg,image/jpeg,320742,b1445ac5d8db734693a04a658ad440e37f35a67ea7c5a15e0009a4822b942544,320742,image/jpeg,200,320742,image/jpeg,dramas/1168/original.jpg
1168,Rop8R_4f,thumbnail,dramas/1168/thumbnail.webp,image/webp,63388,64f5b1e175a675c312120f92976c7968dbbab69c1ac7e761832b7192e6beb6d2,63388,image/webp,200,63388,image/webp,dramas/1168/original.jpg
1169,xZNgy_4f,original,dramas/1169/original.jpg,image/jpeg,201224,ec1742071dc67549fd0e745aeee57b8555cc2c0c3ce5af0b0f4ecea07c02d41a,201224,image/jpeg,200,201224,image/jpeg,dramas/1169/original.jpg
1169,xZNgy_4f,thumbnail,dramas/1169/thumbnail.webp,image/webp,40824,2efd949eec209cf1f8bc843086d5885e37ea47bc9d2e4267268b2cf1fcb40a5e,40824,image/webp,200,40824,image/webp,dramas/1169/original.jpg
1170,0Lj0N_4f,original,dramas/1170/original.jpg,image/jpeg,217542,e21a806d443f8231081cc4ed4228189552412f93e0a96d39e5b83a5d273e4786,217542,image/jpeg,200,217542,image/jpeg,dramas/1170/original.jpg
1170,0Lj0N_4f,thumbnail,dramas/1170/thumbnail.webp,image/webp,49796,d7af85ece04998b41b95d452f3dce2bd785be1def5ebfe0cfd4c79654d7c20e5,49796,image/webp,200,49796,image/webp,dramas/1170/original.jpg
1171,QDO55_4f,original,dramas/1171/original.jpg,image/jpeg,139913,6d590b7935e89fea928420ae0209c0e02004c99a8888d5499ac1419a4fad79fb,139913,image/jpeg,200,139913,image/jpeg,dramas/1171/original.jpg
1171,QDO55_4f,thumbnail,dramas/1171/thumbnail.webp,image/webp,26782,801101372ec9d83d82d781daba51e6a0e23a49ede1dc90df507d59e205fb47ad,26782,image/webp,200,26782,image/webp,dramas/1171/original.jpg
1172,WPnpLX_4f,original,dramas/1172/original.jpg,image/jpeg,174699,325638598af533b99d3fdf43b610d5e7670baa45b73c36ed13cc75c9597880d1,174699,image/jpeg,200,174699,image/jpeg,dramas/1172/original.jpg
1172,WPnpLX_4f,thumbnail,dramas/1172/thumbnail.webp,image/webp,21726,6f5750f01f4adfb70f3c6b16cd7a4ece1bf657b1d67f99c114c4f409450cd38a,21726,image/webp,200,21726,image/webp,dramas/1172/original.jpg
1173,RN2qP_4f,original,dramas/1173/original.jpg,image/jpeg,189027,49aa9da9c22084460f5de250f575c265dda3db10032c272443cc962a948546c8,189027,image/jpeg,200,189027,image/jpeg,dramas/1173/original.jpg
1173,RN2qP_4f,thumbnail,dramas/1173/thumbnail.webp,image/webp,32500,0b260b8fd011c52506237d4e37abe4a54fe3cc0095e94a9589badf77708a0766,32500,image/webp,200,32500,image/webp,dramas/1173/original.jpg
1174,xLg4w_4f,original,dramas/1174/original.jpg,image/jpeg,139340,9eaec9d24ad811c6543a181f66ecadc301c719407e976791e2119ffebb44ee0e,139340,image/jpeg,200,139340,image/jpeg,dramas/1174/original.jpg
1174,xLg4w_4f,thumbnail,dramas/1174/thumbnail.webp,image/webp,28894,99724f76c4edfb06000fd79aab9a0f93a0c00078d6ca82e85b03ab0931c77aa0,28894,image/webp,200,28894,image/webp,dramas/1174/original.jpg
1175,xNv6j_4f,original,dramas/1175/original.jpg,image/jpeg,124963,3eae8c2bc338647685d55ccf9b07dfffb17bb14f55e1e60d7f73caf024ac5490,124963,image/jpeg,200,124963,image/jpeg,dramas/1175/original.jpg
1175,xNv6j_4f,thumbnail,dramas/1175/thumbnail.webp,image/webp,30464,a46230d989e09d4027b6f2ca9ebc4fc9a90eeb28d57c1fb36886e8f4a43869a4,30464,image/webp,200,30464,image/webp,dramas/1175/original.jpg
1176,xq8dq_4f,original,dramas/1176/original.jpg,image/jpeg,199492,8f21a8ae821fb5a19546a70482391b475ead6daba3ced6f66a7e9a0d2f7e9343,199492,image/jpeg,200,199492,image/jpeg,dramas/1176/original.jpg
1176,xq8dq_4f,thumbnail,dramas/1176/thumbnail.webp,image/webp,39620,4bdfbaa351ea501887ab4bae742ece2370973e8326f7b838aea9ca7bc063c626,39620,image/webp,200,39620,image/webp,dramas/1176/original.jpg
1177,nOlOjE_4f,original,dramas/1177/original.jpg,image/jpeg,171720,59509d27463cf3905624ec98b9929b224722477a614e8a4b84688aaf85119e93,171720,image/jpeg,200,171720,image/jpeg,dramas/1177/original.jpg
1177,nOlOjE_4f,thumbnail,dramas/1177/thumbnail.webp,image/webp,29856,32a93b32e4527ab814ec5ccb2b01bf5cc7f95e2d2fd77014461849db63bdbff6,29856,image/webp,200,29856,image/webp,dramas/1177/original.jpg
1178,4848k_4f,original,dramas/1178/original.jpg,image/jpeg,169281,ee7a90da525e3293dc27d6affa41ce5ed575b71513687bbca7db2645f11e15d7,169281,image/jpeg,200,169281,image/jpeg,dramas/1178/original.jpg
1178,4848k_4f,thumbnail,dramas/1178/thumbnail.webp,image/webp,34656,fe056a9099f7a64a07d1a3b15c97b71ead260de2a1b370899392d02163fa96f3,34656,image/webp,200,34656,image/webp,dramas/1178/original.jpg
1179,wYL3A_4f,original,dramas/1179/original.jpg,image/jpeg,210892,eb7d6afcdeec2d51951e4169151e18dcbfeae520acc9b858696da3570a197184,210892,image/jpeg,200,210892,image/jpeg,dramas/1179/original.jpg
1179,wYL3A_4f,thumbnail,dramas/1179/thumbnail.webp,image/webp,58088,7d9e3f745770224f28323b70cc16875e22afd66bde185671838245185f21e1fc,58088,image/webp,200,58088,image/webp,dramas/1179/original.jpg
1180,Ewn2p_4f,original,dramas/1180/original.jpg,image/jpeg,161053,ca5d6b576929a1a9acf7deb48c63a3cbe61d9dc80aee5c88f352730d3d3871a5,161053,image/jpeg,200,161053,image/jpeg,dramas/1180/original.jpg
1180,Ewn2p_4f,thumbnail,dramas/1180/thumbnail.webp,image/webp,35622,dd900e9e2086c0a9d12b75ed69a3922149b3c6d429101c57749c06fbc37b60d2,35622,image/webp,200,35622,image/webp,dramas/1180/original.jpg
1181,rKRyZ_4f,original,dramas/1181/original.jpg,image/jpeg,178438,54b438b16461d411b79d55d38dc6fc89f79c5fd3ecb435befad66279fa9c39ec,178438,image/jpeg,200,178438,image/jpeg,dramas/1181/original.jpg
1181,rKRyZ_4f,thumbnail,dramas/1181/thumbnail.webp,image/webp,34866,d79795f9f9a90b7f8714ad728539730278fd7584fed729ff1f50f06de9a68808,34866,image/webp,200,34866,image/webp,dramas/1181/original.jpg
1182,QJpQB6_4f,original,dramas/1182/original.jpg,image/jpeg,211796,82da2bf7e89b2d5e0b143ea14cf27db619e70870c0d1b119af9b7ab0fe129b37,211796,image/jpeg,200,211796,image/jpeg,dramas/1182/original.jpg
1182,QJpQB6_4f,thumbnail,dramas/1182/thumbnail.webp,image/webp,49306,dabf81ffb782288561215cef6f7e1aecc01dd87b055737e0dfe5740e65512936,49306,image/webp,200,49306,image/webp,dramas/1182/original.jpg
1183,xeQgy_4f,original,dramas/1183/original.jpg,image/jpeg,108945,264fe6b87af303aa5a419ff6036076930b1e5d15199ed1d6ba90f22c847ac109,108945,image/jpeg,200,108945,image/jpeg,dramas/1183/original.jpg
1183,xeQgy_4f,thumbnail,dramas/1183/thumbnail.webp,image/webp,41804,ec528e00c56104fdcc804bf074f144bff594ea39701ee0302bd9a8ab2ec14e9a,41804,image/webp,200,41804,image/webp,dramas/1183/original.jpg
1184,xoWvq_4f,original,dramas/1184/original.jpg,image/jpeg,174009,21b6f8f1fe8d7d0a41590fd7aaf94ad9d4513825eb51d37a10a547effacbf774,174009,image/jpeg,200,174009,image/jpeg,dramas/1184/original.jpg
1184,xoWvq_4f,thumbnail,dramas/1184/thumbnail.webp,image/webp,36920,61e25e6b15b8fdeef0839e2fe1dcc85973c6606548d6471918819d0c3cb1c145,36920,image/webp,200,36920,image/webp,dramas/1184/original.jpg
1185,Z8ow0k_4f,original,dramas/1185/original.jpg,image/jpeg,149074,c7c4611f041b6b395e6c890d4aead7554e073d84c37026db4a5be43c169aa877,149074,image/jpeg,200,149074,image/jpeg,dramas/1185/original.jpg
1185,Z8ow0k_4f,thumbnail,dramas/1185/thumbnail.webp,image/webp,28516,6dc7bbd3ab9dc08f86a5803fb355a215f209b4d8506cb0fbec547fe03c6e072d,28516,image/webp,200,28516,image/webp,dramas/1185/original.jpg
1186,jQ3eeO_4f,original,dramas/1186/original.jpg,image/jpeg,200283,bef6552260a7b61e8bb96310b91b9e0d815b606b19b67d3d43ab39958747ee93,200283,image/jpeg,200,200283,image/jpeg,dramas/1186/original.jpg
1186,jQ3eeO_4f,thumbnail,dramas/1186/thumbnail.webp,image/webp,38472,3fa8b3a6fa523cb51d16484be0bb32a5cb5abc86c172fd7b16444230f7278239,38472,image/webp,200,38472,image/webp,dramas/1186/original.jpg
1187,XqmLn_4f,original,dramas/1187/original.jpg,image/jpeg,98405,6e7376174d4723ac0a3af1700bd277203b22f37249896be7aa779e6502bbe9a8,98405,image/jpeg,200,98405,image/jpeg,dramas/1187/original.jpg
1187,XqmLn_4f,thumbnail,dramas/1187/thumbnail.webp,image/webp,33310,5430b6e72200c4e4edfeb90fd7c2d907cbf61fe77a8c3ba551dc1e60d92993f3,33310,image/webp,200,33310,image/webp,dramas/1187/original.jpg
1188,QJm7Af,original,dramas/1188/original.jpg,image/jpeg,43834,650de211bea766756b53801e686afd7b6c7e659df8fc79f068b11e4c5198451a,43834,image/jpeg,200,43834,image/jpeg,dramas/1188/original.jpg
1188,QJm7Af,thumbnail,dramas/1188/thumbnail.webp,image/webp,25712,f06c941caf79ce3f1f54df53edb7ffa9de03b95ed0f672b338f6182ae86a5cb4,25712,image/webp,200,25712,image/webp,dramas/1188/original.jpg
1189,BVoz1_4f,original,dramas/1189/original.jpg,image/jpeg,182527,acbb46ddcae7697498d78bd82e2b90a4b7063fe13549bd9857e21506dba75a35,182527,image/jpeg,200,182527,image/jpeg,dramas/1189/original.jpg
1189,BVoz1_4f,thumbnail,dramas/1189/thumbnail.webp,image/webp,45412,4656c9320476b016382666e01070f3e331b4bce76d30f3f4e3d56188688738e3,45412,image/webp,200,45412,image/webp,dramas/1189/original.jpg
1190,Xnvxn_4f,original,dramas/1190/original.jpg,image/jpeg,333958,9392bbb12a29a956f22c04454a7fd381265b2c1de6c287c5313dc11c8a30d63f,333958,image/jpeg,200,333958,image/jpeg,dramas/1190/original.jpg
1190,Xnvxn_4f,thumbnail,dramas/1190/thumbnail.webp,image/webp,82330,cbe9eea5ac4a85b6a038b643f3592b59d4a386099a91f026df10a139291ddff9,82330,image/webp,200,82330,image/webp,dramas/1190/original.jpg
1191,XdZbjx_4f,original,dramas/1191/original.jpg,image/jpeg,212709,ca0e1d7bd3d7fa0d94f19266dbe57d5ebf5272f754c892b9d2e41c1252830e2d,212709,image/jpeg,200,212709,image/jpeg,dramas/1191/original.jpg
1191,XdZbjx_4f,thumbnail,dramas/1191/thumbnail.webp,image/webp,38046,756b320c1ee67d72460b4e0d898daea8b1eb561681ed4c74a958227950da11f6,38046,image/webp,200,38046,image/webp,dramas/1191/original.jpg
1192,pdK07b_4f,original,dramas/1192/original.jpg,image/jpeg,230481,cb86899079607ce1e65f6817ed9427825acd2fe7b3385c64e6d7156b4f89f206,230481,image/jpeg,200,230481,image/jpeg,dramas/1192/original.jpg
1192,pdK07b_4f,thumbnail,dramas/1192/thumbnail.webp,image/webp,52096,47c55298ca6e2c60116b73b2fbb8186d1b61364adbc30aeff71caca811e8d2e7,52096,image/webp,200,52096,image/webp,dramas/1192/original.jpg
1193,6WVrd_4f,original,dramas/1193/original.jpg,image/jpeg,213099,fe0605514cb9d5d6ab3e4870939f59e9c8f9543150959143e987fc22eb033717,213099,image/jpeg,200,213099,image/jpeg,dramas/1193/original.jpg
1193,6WVrd_4f,thumbnail,dramas/1193/thumbnail.webp,image/webp,54252,88c9a641a3023147dfd26689b28d1696d0af90a97924c9049449a0302e5963d3,54252,image/webp,200,54252,image/webp,dramas/1193/original.jpg
1194,RqL2g_4f,original,dramas/1194/original.jpg,image/jpeg,150753,2cce3cba5298d4c8f3e4ed9ab936e9882fd3d447853aa2d7162e6c33239d9c44,150753,image/jpeg,200,150753,image/jpeg,dramas/1194/original.jpg
1194,RqL2g_4f,thumbnail,dramas/1194/thumbnail.webp,image/webp,37326,9e4dc90d4785e40a5fcd78e735e206b6c5a6c45feaf00173ae563716bbcc9e83,37326,image/webp,200,37326,image/webp,dramas/1194/original.jpg
1195,65Ak0_4f,original,dramas/1195/original.jpg,image/jpeg,312746,30f256209e21e7c39a6c3ef9373cf90a86daadadeb3385b7336f5ba13fd0c610,312746,image/jpeg,200,312746,image/jpeg,dramas/1195/original.jpg
1195,65Ak0_4f,thumbnail,dramas/1195/thumbnail.webp,image/webp,73580,ab6de78d6f2b07762265a5a1b96a9eb748842349c7f0264352330ede9afd487d,73580,image/webp,200,73580,image/webp,dramas/1195/original.jpg
1196,wqdDA_4f,original,dramas/1196/original.jpg,image/jpeg,66050,1430a76ae028f361d7e3403ae15dee3a75d7638d7b87158968d059dc324f1fc8,66050,image/jpeg,200,66050,image/jpeg,dramas/1196/original.jpg
1196,wqdDA_4f,thumbnail,dramas/1196/thumbnail.webp,image/webp,20866,aa4e941cfb37208ddd8d19d6632ec1a53b5d6cbae8a4cb5c0360b61cf27b33a2,20866,image/webp,200,20866,image/webp,dramas/1196/original.jpg
1197,wLYyA_4f,original,dramas/1197/original.jpg,image/jpeg,69055,1b6a2e5f6a9089bdbbdf2905c0e31848828daa07385e9908733e0455d8f24523,69055,image/jpeg,200,69055,image/jpeg,dramas/1197/original.jpg
1197,wLYyA_4f,thumbnail,dramas/1197/thumbnail.webp,image/webp,12890,3ba5e8e934ebe3d61ec162a3b5ef0af1ea690fd68d487ea342434b0432bedc05,12890,image/webp,200,12890,image/webp,dramas/1197/original.jpg
1198,wb83N_4f,original,dramas/1198/original.jpg,image/jpeg,146980,4c6e0d47075558cd89ac436156bf1b60cfd243b546803a97cead0dcc7866914f,146980,image/jpeg,200,146980,image/jpeg,dramas/1198/original.jpg
1198,wb83N_4f,thumbnail,dramas/1198/thumbnail.webp,image/webp,19598,f21124dc047ed81f7fe48a44beb8b3772421503c78065287eb5618335535cf6f,19598,image/webp,200,19598,image/webp,dramas/1198/original.jpg
1199,WDk13_4f,original,dramas/1199/original.jpg,image/jpeg,196398,74dd96c8517bae8170551955de0cfa35dab7de6a1fd3312b5693b80ceb58de55,196398,image/jpeg,200,196398,image/jpeg,dramas/1199/original.jpg
1199,WDk13_4f,thumbnail,dramas/1199/thumbnail.webp,image/webp,41396,d09c16724a00b0ed2088d41d52c21637e071a8f6a2a34f567a1c534a81018376,41396,image/webp,200,41396,image/webp,dramas/1199/original.jpg
1200,e48qd_4f,original,dramas/1200/original.jpg,image/jpeg,161222,914bd4d1150ac5b9c2e00f56df9a192055d44e04ea20c88656c4602614b6a67c,161222,image/jpeg,200,161222,image/jpeg,dramas/1200/original.jpg
1200,e48qd_4f,thumbnail,dramas/1200/thumbnail.webp,image/webp,37698,dcbc4551a73ac6d513245a16c24e9cc72476755a1cb33ebb6db3a245585ff772,37698,image/webp,200,37698,image/webp,dramas/1200/original.jpg
1201,jLkdJ_4f,original,dramas/1201/original.jpg,image/jpeg,164346,74082bbcf89b2380d1b961f1723c7dc24f9ec33e865ab2e4202550d8ebc26537,164346,image/jpeg,200,164346,image/jpeg,dramas/1201/original.jpg
1201,jLkdJ_4f,thumbnail,dramas/1201/thumbnail.webp,image/webp,34592,4bdaed52e6ed8af0978fdb3a74749cc5ed15d852e3f3bc86dea6dc1f14d07807,34592,image/webp,200,34592,image/webp,dramas/1201/original.jpg
1202,k2lrO_4f,original,dramas/1202/original.jpg,image/jpeg,83624,8d722aca4066cb50d7d75bb65ca7d6f01f80652044ad0bb8f8eb9565e31fbc72,83624,image/jpeg,200,83624,image/jpeg,dramas/1202/original.jpg
1202,k2lrO_4f,thumbnail,dramas/1202/thumbnail.webp,image/webp,39814,d996b936ed02d0a80033f9dd853895cf3bf8ddb5098212c1777666ad219185dd,39814,image/webp,200,39814,image/webp,dramas/1202/original.jpg
1203,WP3xKp_4f,original,dramas/1203/original.jpg,image/jpeg,198071,019055e5a694ac4d9cdd53132221a002217213f72adc4a32881089b15fbfb29b,198071,image/jpeg,200,198071,image/jpeg,dramas/1203/original.jpg
1203,WP3xKp_4f,thumbnail,dramas/1203/thumbnail.webp,image/webp,39672,1616cf1c6b4455927b5483f81f1c6c9b4a7f43f2b25e3dbadee6dc06bf722dad,39672,image/webp,200,39672,image/webp,dramas/1203/original.jpg
1204,BPBo7_4f,original,dramas/1204/original.jpg,image/jpeg,185134,78dad014e329e77f94dfc1001b324c065d73acc1d0cf29dc7e5f1e27b559da52,185134,image/jpeg,200,185134,image/jpeg,dramas/1204/original.jpg
1204,BPBo7_4f,thumbnail,dramas/1204/thumbnail.webp,image/webp,27252,9dde539d254e1dacd41c51cd6a961c91f2b48e229b39e6592afdf668e5cfde9c,27252,image/webp,200,27252,image/webp,dramas/1204/original.jpg
1205,qYxzP2_4f,original,dramas/1205/original.jpg,image/jpeg,82558,ad0cf6368fc4fb0b68e888ccc63e0debfd7128a6d46be27058adb44710890446,82558,image/jpeg,200,82558,image/jpeg,dramas/1205/original.jpg
1205,qYxzP2_4f,thumbnail,dramas/1205/thumbnail.webp,image/webp,37540,794ed2da38aed2fed52df40114326a63fc72cb52deed8c28d79f33f13784f52a,37540,image/webp,200,37540,image/webp,dramas/1205/original.jpg
1206,eBdY8_4f,original,dramas/1206/original.jpg,image/jpeg,140599,82eb4bb1175af7870c6a3ebb7a42d0696cfae9d56c628e1e5786d76515ecda53,140599,image/jpeg,200,140599,image/jpeg,dramas/1206/original.jpg
1206,eBdY8_4f,thumbnail,dramas/1206/thumbnail.webp,image/webp,22624,9d91e312c5a4697a65212ebbf7b80c1cb09b73aa9d3fc87df7df859c111d9b2b,22624,image/webp,200,22624,image/webp,dramas/1206/original.jpg
1207,O8mQLY_4f,original,dramas/1207/original.jpg,image/jpeg,178864,bf2988fce185f37ea7de03c13b58b99239deb353d36813dc46a43d10d8379fba,178864,image/jpeg,200,178864,image/jpeg,dramas/1207/original.jpg
1207,O8mQLY_4f,thumbnail,dramas/1207/thumbnail.webp,image/webp,34900,674f67787f45d6a79f2418326c0423fe2ec345cf9bca77ad7dc639541e6d6b49,34900,image/webp,200,34900,image/webp,dramas/1207/original.jpg
1208,d02LlA_4f,original,dramas/1208/original.jpg,image/jpeg,155642,7c81624d057f9f76f320f15e7ed9100205715d2ae9ddfefdca628632c05f4942,155642,image/jpeg,200,155642,image/jpeg,dramas/1208/original.jpg
1208,d02LlA_4f,thumbnail,dramas/1208/thumbnail.webp,image/webp,34788,d206aedb9ce125fabbbfa1769223f8c620d74d4e3af2e26dffd962aa462a61f3,34788,image/webp,200,34788,image/webp,dramas/1208/original.jpg
1209,E5YnR7_4f,original,dramas/1209/original.jpg,image/jpeg,233548,a513139b69e2d8202c291ffcee969d7d9411b6b7fca922be5520ae39d05b0bfa,233548,image/jpeg,200,233548,image/jpeg,dramas/1209/original.jpg
1209,E5YnR7_4f,thumbnail,dramas/1209/thumbnail.webp,image/webp,49184,d9fcd0251bcec058b610f625d2501ed5719303f551c5939bb057e74662eaae33,49184,image/webp,200,49184,image/webp,dramas/1209/original.jpg
1210,BQgvA_4f,original,dramas/1210/original.jpg,image/jpeg,74046,ffed2ad4f3d28251f674f5a6915ae2546bff3ad2b9031aa73791eab0f4f11013,74046,image/jpeg,200,74046,image/jpeg,dramas/1210/original.jpg
1210,BQgvA_4f,thumbnail,dramas/1210/thumbnail.webp,image/webp,27502,7f76391bfe254d9f58f017acd078b80eb72ca3ed9ff66a6a305e7b379d453248,27502,image/webp,200,27502,image/webp,dramas/1210/original.jpg
1211,XnW5J_4f,original,dramas/1211/original.jpg,image/jpeg,217181,2fc7468a5f8bf8a9a34b1393ccbcd10e613ea603152a89d93da5e06a43aefbd3,217181,image/jpeg,200,217181,image/jpeg,dramas/1211/original.jpg
1211,XnW5J_4f,thumbnail,dramas/1211/thumbnail.webp,image/webp,48308,705a3018adfda16606e87654c527db3cee313c8dabc09de9f99929c20d9c1595,48308,image/webp,200,48308,image/webp,dramas/1211/original.jpg
1212,JBpElf,original,dramas/1212/original.jpg,image/jpeg,121759,88814c122f043efb912c9c3609fb516cc74849f1e67010f048a26a4a3f356e2b,121759,image/jpeg,200,121759,image/jpeg,dramas/1212/original.jpg
1212,JBpElf,thumbnail,dramas/1212/thumbnail.webp,image/webp,64600,1baef90edc81bf90f0253e6fcc26f279bae7476cd73adb41ae65f0b4e267536a,64600,image/webp,200,64600,image/webp,dramas/1212/original.jpg
1213,Bednb_4f,original,dramas/1213/original.jpg,image/jpeg,89687,cc8cc66120523be3fc12109ef5956784555dedd1c4dd2d3adcfb05a326112bc0,89687,image/jpeg,200,89687,image/jpeg,dramas/1213/original.jpg
1213,Bednb_4f,thumbnail,dramas/1213/thumbnail.webp,image/webp,40582,d8081f3da46fd374f2d83c93967c73cf7e051e23c00708a4590f1894e8f38306,40582,image/webp,200,40582,image/webp,dramas/1213/original.jpg
1214,O8jy5b_4f,original,dramas/1214/original.jpg,image/jpeg,196250,d03147487bb86d9cccbe3bb74d2714d0b7fe63ac2b0c2ce74316bf02a1b41629,196250,image/jpeg,200,196250,image/jpeg,dramas/1214/original.jpg
1214,O8jy5b_4f,thumbnail,dramas/1214/thumbnail.webp,image/webp,40664,c43976002c330a34843c2d0cfa167edd0d65faba2db8ac060d133faebe99eb5d,40664,image/webp,200,40664,image/webp,dramas/1214/original.jpg
1215,eOqwE_4f,original,dramas/1215/original.jpg,image/jpeg,229010,f0f4c4833ee97b48360d3b3e7f87bb2b2f969dd969b3652fab537684b8599906,229010,image/jpeg,200,229010,image/jpeg,dramas/1215/original.jpg
1215,eOqwE_4f,thumbnail,dramas/1215/thumbnail.webp,image/webp,50984,0f99b224eaeebd826042691dfdc948e3bee29e1e7f7bdc1417d0f8fc3b14744b,50984,image/webp,200,50984,image/webp,dramas/1215/original.jpg
1216,w13Xg_4f,original,dramas/1216/original.jpg,image/jpeg,120752,dc219fc60dc6ad1d278d734fdbc1301bead890caef1842ae4b32219176e08700,120752,image/jpeg,200,120752,image/jpeg,dramas/1216/original.jpg
1216,w13Xg_4f,thumbnail,dramas/1216/thumbnail.webp,image/webp,39214,9658b5afdf06ff239ca18981bb8b1bfb2ed334cf7148a35ff839421db366a582,39214,image/webp,200,39214,image/webp,dramas/1216/original.jpg
1217,Z8o7Jq_4f,original,dramas/1217/original.jpg,image/jpeg,208666,ed932c2ab90532ce1b7c71a1a8b91dadbb12ff81c3b235908cc463d2c61e06ab,208666,image/jpeg,200,208666,image/jpeg,dramas/1217/original.jpg
1217,Z8o7Jq_4f,thumbnail,dramas/1217/thumbnail.webp,image/webp,37946,92d4267ec4bc2db59c3d38ef4315a6d99788cf704dbe99d3c8ee97a94a151b89,37946,image/webp,200,37946,image/webp,dramas/1217/original.jpg
1218,WPndVP_4f,original,dramas/1218/original.jpg,image/jpeg,268127,214d1b419a6758f415cfceb1d3b070cf449b4f74bb4d849a7f17da9597161744,268127,image/jpeg,200,268127,image/jpeg,dramas/1218/original.jpg
1218,WPndVP_4f,thumbnail,dramas/1218/thumbnail.webp,image/webp,53970,c074258dde6d7e038c08feb8eee20dafc97a12b5f7a4dafd4b98f753d77630c0,53970,image/webp,200,53970,image/webp,dramas/1218/original.jpg
1219,pXZAD_4f,original,dramas/1219/original.jpg,image/jpeg,202391,6569f4fd8685f8bc018b99406ce1340e54a26ababff2eeb5ff179df78dde5f1b,202391,image/jpeg,200,202391,image/jpeg,dramas/1219/original.jpg
1219,pXZAD_4f,thumbnail,dramas/1219/thumbnail.webp,image/webp,61386,61c51e08ca291d1cea474ea9ceef8075a8c165be117ef19a8f22ab0a88c06f34,61386,image/webp,200,61386,image/webp,dramas/1219/original.jpg
1220,epvZQ_4f,original,dramas/1220/original.jpg,image/jpeg,290635,239211f438268ec461b8575292d09e95d02bc714ec8157eb8844fd2ba077559f,290635,image/jpeg,200,290635,image/jpeg,dramas/1220/original.jpg
1220,epvZQ_4f,thumbnail,dramas/1220/thumbnail.webp,image/webp,48530,e76763f4bd016f9dc490ad90c5c11abf856b0d796eab9b101490c9be7195dfd2,48530,image/webp,200,48530,image/webp,dramas/1220/original.jpg
1221,BW8Jb_4f,original,dramas/1221/original.jpg,image/jpeg,128784,b60822e48dcafb470a7824d46e9913de75eca454dedce27cd24b2d3db51dfdfc,128784,image/jpeg,200,128784,image/jpeg,dramas/1221/original.jpg
1221,BW8Jb_4f,thumbnail,dramas/1221/thumbnail.webp,image/webp,37406,7e32bf115596d25248bba3e7f6a0d82dc593a4fe1f0b8f4478120a0fd56ba51a,37406,image/webp,200,37406,image/webp,dramas/1221/original.jpg
1222,knBKv_4f,original,dramas/1222/original.jpg,image/jpeg,183794,3e46acea464050428fa3a78cbf95daad692de928d064882507acefbe982b854d,183794,image/jpeg,200,183794,image/jpeg,dramas/1222/original.jpg
1222,knBKv_4f,thumbnail,dramas/1222/thumbnail.webp,image/webp,26908,7846342d12272b3e25caa5fa9849a3d3f2a61286a01137109a9b5d1515e79dcf,26908,image/webp,200,26908,image/webp,dramas/1222/original.jpg
1223,XxW1p_4f,original,dramas/1223/original.jpg,image/jpeg,146155,4ca85be8f331c1006d92aefb8a5d539bcb603d193859ce634d49b25f310fcce7,146155,image/jpeg,200,146155,image/jpeg,dramas/1223/original.jpg
1223,XxW1p_4f,thumbnail,dramas/1223/thumbnail.webp,image/webp,29816,b21ca32de722734d6315c377b002bc6fb71ac2bf671e2ab51c84ee61926ccdf9,29816,image/webp,200,29816,image/webp,dramas/1223/original.jpg
1224,4R1lQ_4f,original,dramas/1224/original.jpg,image/jpeg,219063,89e202c656e180dd3173f6689d63342606815a1b9b122512fd3a11f27a7968f5,219063,image/jpeg,200,219063,image/jpeg,dramas/1224/original.jpg
1224,4R1lQ_4f,thumbnail,dramas/1224/thumbnail.webp,image/webp,52286,538740d5f8ec2c4348447cb1a51355f829c4f6ed3cc2be21e87eefdd507e3ccb,52286,image/webp,200,52286,image/webp,dramas/1224/original.jpg
1225,wB2X1_4f,original,dramas/1225/original.jpg,image/jpeg,86993,fb600d6a7ae22495fdd81870506e915f7692f9107b2d62d42727ea83cb793727,86993,image/jpeg,200,86993,image/jpeg,dramas/1225/original.jpg
1225,wB2X1_4f,thumbnail,dramas/1225/thumbnail.webp,image/webp,36750,df7533a3f33cf468a34c73096a0f3fc197420d3a360876f61ae463ea277b885b,36750,image/webp,200,36750,image/webp,dramas/1225/original.jpg
1226,QJ08d6_4f,original,dramas/1226/original.jpg,image/jpeg,94077,a003b3b9e3722d8f1a96f6acf07d081263a62af761e1d2606989847f91d46488,94077,image/jpeg,200,94077,image/jpeg,dramas/1226/original.jpg
1226,QJ08d6_4f,thumbnail,dramas/1226/thumbnail.webp,image/webp,28952,61c33490f95ba50391d83b6c83002c577b03ed41d70207341c5f9c57bcc06b49,28952,image/webp,200,28952,image/webp,dramas/1226/original.jpg
1227,ZlY8J_4f,original,dramas/1227/original.jpg,image/jpeg,115537,e0cd49bb7a2ad9cfbb5ff9aab9ded1f524e910ed7b696bceae41e95d58099b39,115537,image/jpeg,200,115537,image/jpeg,dramas/1227/original.jpg
1227,ZlY8J_4f,thumbnail,dramas/1227/thumbnail.webp,image/webp,46902,535087166d528c524565d4d36c6ac6dec31541f69af30d7ffc42915903fe7d78,46902,image/webp,200,46902,image/webp,dramas/1227/original.jpg
1228,qYyqd5_4f,original,dramas/1228/original.jpg,image/jpeg,188614,571310669ee56437721148a3fea304144c015fdd2aed612597e01a4df6cc1393,188614,image/jpeg,200,188614,image/jpeg,dramas/1228/original.jpg
1228,qYyqd5_4f,thumbnail,dramas/1228/thumbnail.webp,image/webp,49336,18cfaf614ddb0f4d828936d9ab1333b6a7b2461a8c4bf62f2947ffc8cce45049,49336,image/webp,200,49336,image/webp,dramas/1228/original.jpg
1229,wd6xb_4f,original,dramas/1229/original.jpg,image/jpeg,206275,5f02623bd569805f4a7583a9619252ae9c9333ca8c7b014544481c3b29e37d52,206275,image/jpeg,200,206275,image/jpeg,dramas/1229/original.jpg
1229,wd6xb_4f,thumbnail,dramas/1229/thumbnail.webp,image/webp,47732,77425326f616ac671dbcb0779096c7c30064f4de7902a054f8cf78353fa3d3fa,47732,image/webp,200,47732,image/webp,dramas/1229/original.jpg
1230,12XeQ_4f,original,dramas/1230/original.jpg,image/jpeg,192299,c3862f8f44f852de2d424bcbfc7ac26a932059893bc7eae3dfd17ae312e2f64e,192299,image/jpeg,200,192299,image/jpeg,dramas/1230/original.jpg
1230,12XeQ_4f,thumbnail,dramas/1230/thumbnail.webp,image/webp,38120,b90b8d07375ed38595d9422c81a8e64695796c6be2435a51e439e7f015f82199,38120,image/webp,200,38120,image/webp,dramas/1230/original.jpg
1231,RlEAY_4f,original,dramas/1231/original.jpg,image/jpeg,221481,4ca7e55a1f2d05d1efe390ad15ea17673e7eac3465875d27a4b9beb39ca39427,221481,image/jpeg,200,221481,image/jpeg,dramas/1231/original.jpg
1231,RlEAY_4f,thumbnail,dramas/1231/thumbnail.webp,image/webp,47186,b8a33dcad992a78b5f00fc44244131ef75c22edf63532cc3ccf3d384c46ddd1c,47186,image/webp,200,47186,image/webp,dramas/1231/original.jpg
1232,XqzEg_4f,original,dramas/1232/original.jpg,image/jpeg,162676,7e3536c6f7d33d3d106d9100c059a0aea5d4f9b375fa2b171d6e010a6b48b733,162676,image/jpeg,200,162676,image/jpeg,dramas/1232/original.jpg
1232,XqzEg_4f,thumbnail,dramas/1232/thumbnail.webp,image/webp,28462,1b48219ea6e93cfe75929210630f2fda5f7816ce63c6428d9e657031d2f595be,28462,image/webp,200,28462,image/webp,dramas/1232/original.jpg
1233,0kEWr_4f,original,dramas/1233/original.jpg,image/jpeg,254532,c5452310aed3dd32a91b7c393ceb05edb3d986790e6e7c9605dbe6d5958fa1a5,254532,image/jpeg,200,254532,image/jpeg,dramas/1233/original.jpg
1233,0kEWr_4f,thumbnail,dramas/1233/thumbnail.webp,image/webp,56232,92fba62eb377e7e5bcf9cbb39706d7aef567fff2845ae9ab34f45b936133bc9e,56232,image/webp,200,56232,image/webp,dramas/1233/original.jpg
1234,rA5Jm_4f,original,dramas/1234/original.jpg,image/jpeg,85829,71233f6ff56c39df5c7ffaca69fa4c3475dc11a6652e4c8c8308c0ed85594edd,85829,image/jpeg,200,85829,image/jpeg,dramas/1234/original.jpg
1234,rA5Jm_4f,thumbnail,dramas/1234/thumbnail.webp,image/webp,12122,0ef56015f6919df17c38ca34df0a9045d1aebf0126aa61c8ce82f0654d357813,12122,image/webp,200,12122,image/webp,dramas/1234/original.jpg
1235,3o7eqj_4f,original,dramas/1235/original.jpg,image/jpeg,243692,7d071730336a019f6e1f2c75a8540e67131ac5ab800c7f12a1eeded434233a5d,243692,image/jpeg,200,243692,image/jpeg,dramas/1235/original.jpg
1235,3o7eqj_4f,thumbnail,dramas/1235/thumbnail.webp,image/webp,52014,8fd626cdee0a8a186de6b5f3e7fe1ca54d0639b76bb3231fcf98366ed95fc7d9,52014,image/webp,200,52014,image/webp,dramas/1235/original.jpg
1236,QDnoY_4f,original,dramas/1236/original.jpg,image/jpeg,190570,4ec1be091cac6af6fd1f52797248d22d367f7302d2d19c428b99e420492f2019,190570,image/jpeg,200,190570,image/jpeg,dramas/1236/original.jpg
1236,QDnoY_4f,thumbnail,dramas/1236/thumbnail.webp,image/webp,37418,6b4d16889c41659848a885ec7bf42b8fb217907fe6baae81346e4dbbe550b510,37418,image/webp,200,37418,image/webp,dramas/1236/original.jpg
1237,XdZ8Dn_4f,original,dramas/1237/original.jpg,image/jpeg,153992,1b37dea7989371b045781122a731b1c754719d4cd5b9f49d6ed142cbb38ac2f4,153992,image/jpeg,200,153992,image/jpeg,dramas/1237/original.jpg
1237,XdZ8Dn_4f,thumbnail,dramas/1237/thumbnail.webp,image/webp,28304,978f6aa62604454e034f145f222d405bfecbb8c7f04315522e2eb339506f484d,28304,image/webp,200,28304,image/webp,dramas/1237/original.jpg
1238,2wNygO_4f,original,dramas/1238/original.jpg,image/jpeg,57203,3ed806bfbf922873dba61a1f9761da0b7e4658058f4b1df6cdcf538aa2f1cc0a,57203,image/jpeg,200,57203,image/jpeg,dramas/1238/original.jpg
1238,2wNygO_4f,thumbnail,dramas/1238/thumbnail.webp,image/webp,30838,fa7ab04f7f4112cb87e316b808aa25e4e1ece44449dcc83c2e0fb625885b854a,30838,image/webp,200,30838,image/webp,dramas/1238/original.jpg
1239,RK4kV_4f,original,dramas/1239/original.jpg,image/jpeg,93681,484c79598d27e19435a8f02af4f45f9727b6e510ca875d1d0e75b5aa71a33122,93681,image/jpeg,200,93681,image/jpeg,dramas/1239/original.jpg
1239,RK4kV_4f,thumbnail,dramas/1239/thumbnail.webp,image/webp,20546,35ca6529935069c170a0f81017d0437419d16bc917a82038755f4d27ca8cfba8,20546,image/webp,200,20546,image/webp,dramas/1239/original.jpg
1240,xV47q_4f,original,dramas/1240/original.jpg,image/jpeg,234260,9e4f5240ca7cbeae0110d207f18dc75155f6c79d4c4cd22f7643841032b73168,234260,image/jpeg,200,234260,image/jpeg,dramas/1240/original.jpg
1240,xV47q_4f,thumbnail,dramas/1240/thumbnail.webp,image/webp,51218,5192012c7321b2aef322bcfbbae0620db256f71ebb1af0c14325af762de38ef9,51218,image/webp,200,51218,image/webp,dramas/1240/original.jpg
1241,EenEO_4f,original,dramas/1241/original.jpg,image/jpeg,205868,afe762f6173b0db725b950b9ec5e6fa2737ce1d01654678994ba5cc112c8df64,205868,image/jpeg,200,205868,image/jpeg,dramas/1241/original.jpg
1241,EenEO_4f,thumbnail,dramas/1241/thumbnail.webp,image/webp,37772,4a1dbdfc187caff88f22d73da46b4d9bd634c3d545a0588d0789670b546689ac,37772,image/webp,200,37772,image/webp,dramas/1241/original.jpg
1242,rB1dE_4f,original,dramas/1242/original.jpg,image/jpeg,73189,d365324a15d815b90fd16a5800efba1ac63c75ff0d77df424c4b672da61cb8ab,73189,image/jpeg,200,73189,image/jpeg,dramas/1242/original.jpg
1242,rB1dE_4f,thumbnail,dramas/1242/thumbnail.webp,image/webp,28208,1197d0d414a136088b108c295c7595c57d8cd0e409de93dc9aa13c708bf9a03d,28208,image/webp,200,28208,image/webp,dramas/1242/original.jpg
1243,d5pV0_4f,original,dramas/1243/original.jpg,image/jpeg,106517,2afd5337376569f138e59d48058a778b2e5b4b1f6202dc791d81f0099583c19b,106517,image/jpeg,200,106517,image/jpeg,dramas/1243/original.jpg
1243,d5pV0_4f,thumbnail,dramas/1243/thumbnail.webp,image/webp,28362,a33c80be1602c21f6d1f0134dec0073710ba7936f75361d16aa5489f74a1b475,28362,image/webp,200,28362,image/webp,dramas/1243/original.jpg
1244,DkrqqD_4f,original,dramas/1244/original.jpg,image/jpeg,211248,a9b35b4a316992562d161d6a236b6e311ce0a04101f06d39a1d3323bda43e8cc,211248,image/jpeg,200,211248,image/jpeg,dramas/1244/original.jpg
1244,DkrqqD_4f,thumbnail,dramas/1244/thumbnail.webp,image/webp,47698,964fa046b5b25ae544dabfa37afe4fb8439de5bfd33d97a5064f1432067d2bb2,47698,image/webp,200,47698,image/webp,dramas/1244/original.jpg
1245,kAozJr_4f,original,dramas/1245/original.jpg,image/jpeg,242642,da65a0ad190ed5c4fbb7577870aea07956d4690c13fef29dea460977544fcef5,242642,image/jpeg,200,242642,image/jpeg,dramas/1245/original.jpg
1245,kAozJr_4f,thumbnail,dramas/1245/thumbnail.webp,image/webp,54650,5d52fb95048e81d96b11bee56dc941949ef692763250c4287f70fe3e16e183d4,54650,image/webp,200,54650,image/webp,dramas/1245/original.jpg
1246,2p7KO_4f,original,dramas/1246/original.jpg,image/jpeg,182990,92324c680539f4a0d0c250641908a04dcd6396d53f43cfe10d89673ee54b1355,182990,image/jpeg,200,182990,image/jpeg,dramas/1246/original.jpg
1246,2p7KO_4f,thumbnail,dramas/1246/thumbnail.webp,image/webp,40298,9226f88511c75a1c3d85e1af5f85fb5f61d98a1ba9d78621989e43e5988bac3f,40298,image/webp,200,40298,image/webp,dramas/1246/original.jpg
1247,x3qE0_4f,original,dramas/1247/original.jpg,image/jpeg,169663,dd768a15fc44084a97c8aa5a8fec1fb265e544078074c03be3ff80aec2847fb8,169663,image/jpeg,200,169663,image/jpeg,dramas/1247/original.jpg
1247,x3qE0_4f,thumbnail,dramas/1247/thumbnail.webp,image/webp,17876,0018bd14570998e9aa59f515d97e0cfe3ccb13e933636d80f010ae7e2cb1e4b5,17876,image/webp,200,17876,image/webp,dramas/1247/original.jpg
1248,xVg8E_4f,original,dramas/1248/original.jpg,image/jpeg,278943,87c545944563763cd16b969e1fc1cf570eb6dab03f980b589d45805383cbe290,278943,image/jpeg,200,278943,image/jpeg,dramas/1248/original.jpg
1248,xVg8E_4f,thumbnail,dramas/1248/thumbnail.webp,image/webp,58218,e2c9cdf2a6a9aa2dfdc1aa566f7f43f8c629f31eee17f7133f10cdece4e3b0db,58218,image/webp,200,58218,image/webp,dramas/1248/original.jpg
1249,X01EX_4f,original,dramas/1249/original.jpg,image/jpeg,365037,728a4fc2d86fb43fa54729ab10f9f41ca35fd259a8332a7ca951f8278e156ebd,365037,image/jpeg,200,365037,image/jpeg,dramas/1249/original.jpg
1249,X01EX_4f,thumbnail,dramas/1249/thumbnail.webp,image/webp,95150,1bff763cf4c91a10f19be093358df825f775cfab3b38dd94ebe067a586395871,95150,image/webp,200,95150,image/webp,dramas/1249/original.jpg
1250,jkwdw_4f,original,dramas/1250/original.jpg,image/jpeg,100756,df1728120aaef0e29cad35ed0b927b589bdca3d92e3cbd48b56067dfa6d9379d,100756,image/jpeg,200,100756,image/jpeg,dramas/1250/original.jpg
1250,jkwdw_4f,thumbnail,dramas/1250/thumbnail.webp,image/webp,47328,a545202226cd0f51452f52868a8ea26cb0cc47bb9dda1f4991eaf6201c03143f,47328,image/webp,200,47328,image/webp,dramas/1250/original.jpg
1251,42DRQ_4f,original,dramas/1251/original.jpg,image/jpeg,168135,812519bdb1a0c8e56eaecce80a6c60a5cf779ad6c6cd54346344f63f599d6b22,168135,image/jpeg,200,168135,image/jpeg,dramas/1251/original.jpg
1251,42DRQ_4f,thumbnail,dramas/1251/thumbnail.webp,image/webp,64188,5a493a9c2e3c94813f046d4444b6b22d8965aaa55717cc1ccd4652dec4dc49ea,64188,image/webp,200,64188,image/webp,dramas/1251/original.jpg
1252,BX7AA_4f,original,dramas/1252/original.jpg,image/jpeg,262183,5ca49b73347a1371f600366a474996d862510d9e29792e1cc3f88be19f51a32c,262183,image/jpeg,200,262183,image/jpeg,dramas/1252/original.jpg
1252,BX7AA_4f,thumbnail,dramas/1252/thumbnail.webp,image/webp,53088,599e4f45d8efb440e63fe42079a54e7f8e40b4584d9acef96b6fd70faca1bc16,53088,image/webp,200,53088,image/webp,dramas/1252/original.jpg
1253,dX5bW_4f,original,dramas/1253/original.jpg,image/jpeg,83635,38d9d2edbd867e57cf0676720f9f22c547a50bf48ab0ed04dcd00b77fa181cf6,83635,image/jpeg,200,83635,image/jpeg,dramas/1253/original.jpg
1253,dX5bW_4f,thumbnail,dramas/1253/thumbnail.webp,image/webp,39026,d84fbd64fd8b76f29685cc73e8a2c146b9a24bd0550403528d22a55555a8cd66,39026,image/webp,200,39026,image/webp,dramas/1253/original.jpg
1254,vm51Z_4f,original,dramas/1254/original.jpg,image/jpeg,236395,de8f6f364b176f451c05864f43ce542d99c93c3386067a5785178e37d2a8d5e7,236395,image/jpeg,200,236395,image/jpeg,dramas/1254/original.jpg
1254,vm51Z_4f,thumbnail,dramas/1254/thumbnail.webp,image/webp,54086,fea27f432a5f5cb1767ce572c78bd2d32a6f35a4a67a7b03e8d4b67248b2bc74,54086,image/webp,200,54086,image/webp,dramas/1254/original.jpg
1255,ZlzzJ_4f,original,dramas/1255/original.jpg,image/jpeg,106786,6912a2e3c2b71c2f1515d2499cd41c338a82beaabf119c7d95ef46f038953eda,106786,image/jpeg,200,106786,image/jpeg,dramas/1255/original.jpg
1255,ZlzzJ_4f,thumbnail,dramas/1255/thumbnail.webp,image/webp,14272,e2629de2b431885ea91490badaef91b583e62b1e55b2b1e2257d19632f49a8c3,14272,image/webp,200,14272,image/webp,dramas/1255/original.jpg
1256,1DPrK_4f,original,dramas/1256/original.jpg,image/jpeg,264651,6ed934b9555a56ea71b57fdfc00d58cb133c56ac59fb80411f92d3f1876b6554,264651,image/jpeg,200,264651,image/jpeg,dramas/1256/original.jpg
1256,1DPrK_4f,thumbnail,dramas/1256/thumbnail.webp,image/webp,61150,00128333e053ac36db23e6047d47d4dc13766dfeb407cba636aeb5bd229e864c,61150,image/webp,200,61150,image/webp,dramas/1256/original.jpg
1257,0wBjD4_4f,original,dramas/1257/original.jpg,image/jpeg,167371,09a1de1e346f4cb23d1ef21cef21c6e106401c7e0b71d0e113b1ac639e24a692,167371,image/jpeg,200,167371,image/jpeg,dramas/1257/original.jpg
1257,0wBjD4_4f,thumbnail,dramas/1257/thumbnail.webp,image/webp,33314,0fc1188b88dab2f3aa0b173a42f5471a56d8b5392c03ba24640d3d80514c5418,33314,image/webp,200,33314,image/webp,dramas/1257/original.jpg
1258,j5A2J_4f,original,dramas/1258/original.jpg,image/jpeg,186175,d051a3128080f7be4433683330a4a3265fdcb189984e63d023174c5016977450,186175,image/jpeg,200,186175,image/jpeg,dramas/1258/original.jpg
1258,j5A2J_4f,thumbnail,dramas/1258/thumbnail.webp,image/webp,44006,9eaf099fba97a71c6453df94bd83df807bf048459fea9dd1a17016f9029b9557,44006,image/webp,200,44006,image/webp,dramas/1258/original.jpg
1259,QedgQ_4f,original,dramas/1259/original.jpg,image/jpeg,57762,d0acab9ce3fa956d8212c25cf071e74995cf1267c6c5f9afa8c01848f7007868,57762,image/jpeg,200,57762,image/jpeg,dramas/1259/original.jpg
1259,QedgQ_4f,thumbnail,dramas/1259/thumbnail.webp,image/webp,15090,f68718ec353b6890f527f4559079f7bc670d55ec300fcca25b9653c6902a121f,15090,image/webp,200,15090,image/webp,dramas/1259/original.jpg
1260,vV3OX_4f,original,dramas/1260/original.jpg,image/jpeg,140190,a326d8031ce4bfb6582d0246d487af90a9682c90962af479830a6b8a38eb6d5f,140190,image/jpeg,200,140190,image/jpeg,dramas/1260/original.jpg
1260,vV3OX_4f,thumbnail,dramas/1260/thumbnail.webp,image/webp,40696,298ce6be2f7323afe07254a0f9b3f4296bf30b37ca439d543a02efb54c527c93,40696,image/webp,200,40696,image/webp,dramas/1260/original.jpg
1261,1e7jd_4f,original,dramas/1261/original.jpg,image/jpeg,99843,c4abd8065a4a6addfd46e0bd252a4c0314a14f51c828a22f4e0a7477bc8a63d1,99843,image/jpeg,200,99843,image/jpeg,dramas/1261/original.jpg
1261,1e7jd_4f,thumbnail,dramas/1261/thumbnail.webp,image/webp,19448,45076b6bd2d200297b35744a8c8f261d30cbf1259cc63830906d09184ffe152e,19448,image/webp,200,19448,image/webp,dramas/1261/original.jpg
1262,qzRb5_4f,original,dramas/1262/original.jpg,image/jpeg,178352,8883f8d51d9d2163dfce1994d2a4b3fecb7bb56ef02cd2e472c6801e2bcd919a,178352,image/jpeg,200,178352,image/jpeg,dramas/1262/original.jpg
1262,qzRb5_4f,thumbnail,dramas/1262/thumbnail.webp,image/webp,35914,1604107bf59a701e6831bfaacbb0b0bede9b0d7f35bd3f82419f55dd4ab9835b,35914,image/webp,200,35914,image/webp,dramas/1262/original.jpg
1263,2wm4rd_4f,original,dramas/1263/original.jpg,image/jpeg,175852,c4232cfd479c2814d01987be6a19268e2d95df87c1d938533d95327e36627922,175852,image/jpeg,200,175852,image/jpeg,dramas/1263/original.jpg
1263,2wm4rd_4f,thumbnail,dramas/1263/thumbnail.webp,image/webp,36550,db9316ffe741ac0b782da43733df8f708a5b40a23515a733866f5ddf22961f3e,36550,image/webp,200,36550,image/webp,dramas/1263/original.jpg
1264,BdrXdl_4f,original,dramas/1264/original.jpg,image/jpeg,251947,e5b5b56dffa43512aa2ac91c2490c0baea961aa4416b52bde26cff2e88599af9,251947,image/jpeg,200,251947,image/jpeg,dramas/1264/original.jpg
1264,BdrXdl_4f,thumbnail,dramas/1264/thumbnail.webp,image/webp,50428,b279ab5ccc0b4d14d6dda067ff4be24eb5fcfa2fae5daacb3f7a7ef5fa3a144f,50428,image/webp,200,50428,image/webp,dramas/1264/original.jpg
1265,eYzmNE_4f,original,dramas/1265/original.jpg,image/jpeg,162980,ac85421d06e9f13fa83e77463ea2e6aaed0904c9001d6a13af38c36eb328df32,162980,image/jpeg,200,162980,image/jpeg,dramas/1265/original.jpg
1265,eYzmNE_4f,thumbnail,dramas/1265/thumbnail.webp,image/webp,37462,717f233fb4afbd276c79488a04c3f51c04eec9410c9b2f5c7fc2989548e12312,37462,image/webp,200,37462,image/webp,dramas/1265/original.jpg
1266,0wymE7_4f,original,dramas/1266/original.jpg,image/jpeg,109368,318345dec31a6b55e7e100e2e25f286eff93de2f4c0dcd8e9c503c746a6cfbc3,109368,image/jpeg,200,109368,image/jpeg,dramas/1266/original.jpg
1266,0wymE7_4f,thumbnail,dramas/1266/thumbnail.webp,image/webp,28874,46105d411e960d415b4326242648d573f675fa799294760aa60d71a7b5918308,28874,image/webp,200,28874,image/webp,dramas/1266/original.jpg
1267,2w7L8R_4f,original,dramas/1267/original.jpg,image/jpeg,128063,9a74b0dee1f3b11e47ccf3d492b48ab3d119940573573690991395fdb186317e,128063,image/jpeg,200,128063,image/jpeg,dramas/1267/original.jpg
1267,2w7L8R_4f,thumbnail,dramas/1267/thumbnail.webp,image/webp,55826,e7d2a7a0fffc2f39f9c169fb0a26b06a3ee2d48bb1d2d561dbf2bb8259e1c3fa,55826,image/webp,200,55826,image/webp,dramas/1267/original.jpg
1268,Mg3k1f,original,dramas/1268/original.jpg,image/jpeg,106351,25ab5939d69e2d7f8d96dc1acafe66ace9457b4023d3e9f3e4b7577ee6c420cf,106351,image/jpeg,200,106351,image/jpeg,dramas/1268/original.jpg
1268,Mg3k1f,thumbnail,dramas/1268/thumbnail.webp,image/webp,47952,4c7dc19c5823e1489a36ebabc4411fe6a8f8b733cc3ad366ecd1bc0ecddc4f30,47952,image/webp,200,47952,image/webp,dramas/1268/original.jpg
1269,eYVe1Q_4f,original,dramas/1269/original.jpg,image/jpeg,210391,457012b21c71fafb8a052bfc88dd080064cac6fada0b956a8980ecf31f3575b6,210391,image/jpeg,200,210391,image/jpeg,dramas/1269/original.jpg
1269,eYVe1Q_4f,thumbnail,dramas/1269/thumbnail.webp,image/webp,44810,806727bf357c66726a063d4570c4ecafbeefd7062a7e4ddd9183303ceba2f845,44810,image/webp,200,44810,image/webp,dramas/1269/original.jpg
1270,Z8Rw71_4f,original,dramas/1270/original.jpg,image/jpeg,114374,b6b36bcd5e49fd658dbacef142c54afaf000441b51e63d70d1066c1e1d12bd65,114374,image/jpeg,200,114374,image/jpeg,dramas/1270/original.jpg
1270,Z8Rw71_4f,thumbnail,dramas/1270/thumbnail.webp,image/webp,37788,d2ccb1a99cad4b20268931ebf8719d8709616708161443fab18bab1797cafd43,37788,image/webp,200,37788,image/webp,dramas/1270/original.jpg
1271,x33By_4f,original,dramas/1271/original.jpg,image/jpeg,124401,3bfcca9f16441bf9e1ee9a279109096654eeeb7b60828aef12808e30cb90cf76,124401,image/jpeg,200,124401,image/jpeg,dramas/1271/original.jpg
1271,x33By_4f,thumbnail,dramas/1271/thumbnail.webp,image/webp,37366,3d6ca62ed7f4c3b45dc41d34cd3c230feed4220bb3d6e58a7966068b6e6849d1,37366,image/webp,200,37366,image/webp,dramas/1271/original.jpg
1272,XWxNq_4f,original,dramas/1272/original.jpg,image/jpeg,182947,5febadd69d3beadaaa97a593b8b96a2505000c2a87f3fda667dab8c7e12e5df6,182947,image/jpeg,200,182947,image/jpeg,dramas/1272/original.jpg
1272,XWxNq_4f,thumbnail,dramas/1272/thumbnail.webp,image/webp,58514,a4e10ce020b8ecafb121f4c7cbca904fa174cf80a062312427b12888d78724be,58514,image/webp,200,58514,image/webp,dramas/1272/original.jpg
1273,xRgQ0_4f,original,dramas/1273/original.jpg,image/jpeg,312704,5c307a7f122ed84249e5ea61f0961699df43ecae3b08a8758b8539dd4ebe3d24,312704,image/jpeg,200,312704,image/jpeg,dramas/1273/original.jpg
1273,xRgQ0_4f,thumbnail,dramas/1273/thumbnail.webp,image/webp,69430,aa844e30639937e967054e5c95c51daac8da3d514eb45088c3786ddf9a5430ad,69430,image/webp,200,69430,image/webp,dramas/1273/original.jpg
1274,v6LQB_4f,original,dramas/1274/original.jpg,image/jpeg,148364,cb2cdedca7488be052eb505e934036e5cc0b934a3817fe0190c30dcafc96631c,148364,image/jpeg,200,148364,image/jpeg,dramas/1274/original.jpg
1274,v6LQB_4f,thumbnail,dramas/1274/thumbnail.webp,image/webp,23716,0a0d9f467139862fceda1e88d1ccb71e72e23019c992353b93280f4aa411ca1a,23716,image/webp,200,23716,image/webp,dramas/1274/original.jpg
1275,0D5Ne_4f,original,dramas/1275/original.jpg,image/jpeg,202305,244b9a174a06a1d9a2d83cc5c4c495f9c8d0ba5b15f286e8d5c413347259a021,202305,image/jpeg,200,202305,image/jpeg,dramas/1275/original.jpg
1275,0D5Ne_4f,thumbnail,dramas/1275/thumbnail.webp,image/webp,41668,d6ce160b6f5c0708fe8a1ec02f4e365f1b9784b4c833729d245a98741af2c59c,41668,image/webp,200,41668,image/webp,dramas/1275/original.jpg
1276,QJXj4f,original,dramas/1276/original.jpg,image/jpeg,156920,a71a8ac5da677048ec9af5043defe5162586c0d7526d5b91d4b7602cf35f1b86,156920,image/jpeg,200,156920,image/jpeg,dramas/1276/original.jpg
1276,QJXj4f,thumbnail,dramas/1276/thumbnail.webp,image/webp,64306,9b3cdf7ff79d7c9da847d6bab3c80ca84ff1fa108bf531c581656d35618bd6ab,64306,image/webp,200,64306,image/webp,dramas/1276/original.jpg
1277,rNrNzp_4f,original,dramas/1277/original.jpg,image/jpeg,211161,445171a0db23c32c493d308befc5f2eb5dc081473a1f6e2bd245a81eee80e2bf,211161,image/jpeg,200,211161,image/jpeg,dramas/1277/original.jpg
1277,rNrNzp_4f,thumbnail,dramas/1277/thumbnail.webp,image/webp,37466,a9f77cd092fd520a13a65dfd1aff6f5bfaeac5043ed8db294eebf00d12f8d04e,37466,image/webp,200,37466,image/webp,dramas/1277/original.jpg
1278,ZZ7WW_4f,original,dramas/1278/original.jpg,image/jpeg,143912,7ac4419ee1b49eedeb847157eea1c4a0eae672c8f882eb87a32e905291d625ce,143912,image/jpeg,200,143912,image/jpeg,dramas/1278/original.jpg
1278,ZZ7WW_4f,thumbnail,dramas/1278/thumbnail.webp,image/webp,25786,b15d531af5509a007789cf7090e3afc8f975eedf779dfc1baf425d23167399c3,25786,image/webp,200,25786,image/webp,dramas/1278/original.jpg
1279,QJKJP7_4f,original,dramas/1279/original.jpg,image/jpeg,251548,ec0f98bce872f14d33fb81f86d7a6518cf066dfef399febb8a0bf7bad37f2a2a,251548,image/jpeg,200,251548,image/jpeg,dramas/1279/original.jpg
1279,QJKJP7_4f,thumbnail,dramas/1279/thumbnail.webp,image/webp,60582,7f1effc8f4b8cf4df2e9522b017c4db70db4a353c143f8bd8649953f9bdffc01,60582,image/webp,200,60582,image/webp,dramas/1279/original.jpg
1280,2wrWE2_4f,original,dramas/1280/original.jpg,image/jpeg,108049,1abc105efa6fc72a062f5441b1aafeded47e1cc2c1b38821f6df526c03cadf7a,108049,image/jpeg,200,108049,image/jpeg,dramas/1280/original.jpg
1280,2wrWE2_4f,thumbnail,dramas/1280/thumbnail.webp,image/webp,20122,97e02664dccaf768b7a86a58b45c42de30c9e31d12142ae23136092b785060a2,20122,image/webp,200,20122,image/webp,dramas/1280/original.jpg
1281,jdeBJ_4f,original,dramas/1281/original.jpg,image/jpeg,174030,a7dda40651fe814bbb12b2d3c818599a1cddb22d2925c119a37576ce656e582d,174030,image/jpeg,200,174030,image/jpeg,dramas/1281/original.jpg
1281,jdeBJ_4f,thumbnail,dramas/1281/thumbnail.webp,image/webp,40836,b111756fd170f1c5a9af5754949defdfbf45e21b5f3b0d2f4c74cd94df706231,40836,image/webp,200,40836,image/webp,dramas/1281/original.jpg
1282,vXX13Z_4f,original,dramas/1282/original.jpg,image/jpeg,138842,5b26be27e35f3a10e950fab08ce7cf5936a5c34500c01173559eda8d7e703b16,138842,image/jpeg,200,138842,image/jpeg,dramas/1282/original.jpg
1282,vXX13Z_4f,thumbnail,dramas/1282/thumbnail.webp,image/webp,26584,52ea0b370abc3eff9884c2eb7c04f6c6c67caebd1fab5346e31281fecfec1f64,26584,image/webp,200,26584,image/webp,dramas/1282/original.jpg
1283,0w4pnr_4f,original,dramas/1283/original.jpg,image/jpeg,255151,5142539346e2c215c18416dd0e67858ed90d0d6159fc6fea4468db46251d5040,255151,image/jpeg,200,255151,image/jpeg,dramas/1283/original.jpg
1283,0w4pnr_4f,thumbnail,dramas/1283/thumbnail.webp,image/webp,49894,de60779f60043a87f5ffa5277a281f27bde135d5efb8f26cba7bd8a1b0b47567,49894,image/webp,200,49894,image/webp,dramas/1283/original.jpg
1284,wvZlp_4f,original,dramas/1284/original.jpg,image/jpeg,295752,cef5368c94146e1e68045cb746680c21f982a96dc3de2ea405d8fdb868262bdd,295752,image/jpeg,200,295752,image/jpeg,dramas/1284/original.jpg
1284,wvZlp_4f,thumbnail,dramas/1284/thumbnail.webp,image/webp,61946,9179a201534e2040c43f44c8c5ab4700ba49a7ff788cd6512e16ed279d21c332,61946,image/webp,200,61946,image/webp,dramas/1284/original.jpg
1285,E55KAm_4f,original,dramas/1285/original.jpg,image/jpeg,117732,b6f487001d141872b66c954b28af8bcf9b9db49effbc3b4f15202d2ce3bcc353,117732,image/jpeg,200,117732,image/jpeg,dramas/1285/original.jpg
1285,E55KAm_4f,thumbnail,dramas/1285/thumbnail.webp,image/webp,21228,fff4d1971c7b31d9a1fa8d44de90b8ff5ea79e71bb5b4204b34142b27487ee46,21228,image/webp,200,21228,image/webp,dramas/1285/original.jpg
1286,0wxDpN_4f,original,dramas/1286/original.jpg,image/jpeg,235644,7d80d96adc08902ba227f8fc3b753f7baeabf1c781e5aceb1060ac2dcd40a26f,235644,image/jpeg,200,235644,image/jpeg,dramas/1286/original.jpg
1286,0wxDpN_4f,thumbnail,dramas/1286/thumbnail.webp,image/webp,40396,8834de055249a72f201a9554bd17df1e0f360dd8fd1435de54b0f549372f34c4,40396,image/webp,200,40396,image/webp,dramas/1286/original.jpg
1287,4KDmQ_4f,original,dramas/1287/original.jpg,image/jpeg,168577,1b6b51d470a87daff9f398ab5fc08208178c66a4cf76697179904efe2db5a8ba,168577,image/jpeg,200,168577,image/jpeg,dramas/1287/original.jpg
1287,4KDmQ_4f,thumbnail,dramas/1287/thumbnail.webp,image/webp,33282,4a99854a2b6ae463014d24d22c4d675a8fc64b456729b113ecc0454081fc02c3,33282,image/webp,200,33282,image/webp,dramas/1287/original.jpg
1288,XWgdq_4f,original,dramas/1288/original.jpg,image/jpeg,291423,8f0309e805d559d75a9f75fb9cda36fd3f42941f19237d678d315b522d30d4d2,291423,image/jpeg,200,291423,image/jpeg,dramas/1288/original.jpg
1288,XWgdq_4f,thumbnail,dramas/1288/thumbnail.webp,image/webp,69378,94f8916603ec553ccd9ea3b7230cbaeb8e1468731db521daf27146d30128c863,69378,image/webp,200,69378,image/webp,dramas/1288/original.jpg
1289,5vl1eA_4f,original,dramas/1289/original.jpg,image/jpeg,125509,0538943fd8c7950c6f7aaea15cf97ee6105dfbdb8d69d488e0351a6767b10baf,125509,image/jpeg,200,125509,image/jpeg,dramas/1289/original.jpg
1289,5vl1eA_4f,thumbnail,dramas/1289/thumbnail.webp,image/webp,22034,6675b4c61faef3af6169adcfd463b40232f4a6a67847ac1993b20971c5e482a9,22034,image/webp,200,22034,image/webp,dramas/1289/original.jpg
1290,4veBZ_4f,original,dramas/1290/original.jpg,image/jpeg,210539,b2d31a759eb2f564e69ea72aa8607c88d60c8d7c4cca3c70560707113ca0ab18,210539,image/jpeg,200,210539,image/jpeg,dramas/1290/original.jpg
1290,4veBZ_4f,thumbnail,dramas/1290/thumbnail.webp,image/webp,53286,8e0aca9f9b6027743c6ece2b5b59949427261ce54b115766000e4607fb9673ae,53286,image/webp,200,53286,image/webp,dramas/1290/original.jpg
1291,E5kX4l_4f,original,dramas/1291/original.jpg,image/jpeg,267494,d5122f0513405a33b1d4c0422e8c1dd4f631cc020e8bbae8825ac6e6acb96abd,267494,image/jpeg,200,267494,image/jpeg,dramas/1291/original.jpg
1291,E5kX4l_4f,thumbnail,dramas/1291/thumbnail.webp,image/webp,66000,b71b2f124eb15312d88bbddca2c11c6d4fbc0a1b3e6321e0026d57c14a800934,66000,image/webp,200,66000,image/webp,dramas/1291/original.jpg
1292,R17lx_4f,original,dramas/1292/original.jpg,image/jpeg,204887,8cd6349082efc9b470710af8aef644382d529cfcb0c2ee72a97307c3de49dfd3,204887,image/jpeg,200,204887,image/jpeg,dramas/1292/original.jpg
1292,R17lx_4f,thumbnail,dramas/1292/thumbnail.webp,image/webp,39876,6280aae18dd7340cd11fc1fee486fa2849dee866d70cf049accf4d5307873c0c,39876,image/webp,200,39876,image/webp,dramas/1292/original.jpg
1293,d0O3r5_4f,original,dramas/1293/original.jpg,image/jpeg,164256,f680ac217c9b657c38c4651f85411e465ba3e421d98fd12a68b95bed0da4834e,164256,image/jpeg,200,164256,image/jpeg,dramas/1293/original.jpg
1293,d0O3r5_4f,thumbnail,dramas/1293/thumbnail.webp,image/webp,27922,6324c98400196aa38c64c5648580c0e5269b8c97e6507cf1841f2774094b5c16,27922,image/webp,200,27922,image/webp,dramas/1293/original.jpg
1294,qY2doQ_4f,original,dramas/1294/original.jpg,image/jpeg,162491,032120cf2a097444ab0c432f2a198873251c6da940f63b22f06b70013d8276a9,162491,image/jpeg,200,162491,image/jpeg,dramas/1294/original.jpg
1294,qY2doQ_4f,thumbnail,dramas/1294/thumbnail.webp,image/webp,18786,d1a109ecd0f2e73c52870ede12bc692a4dfdcce3e0c250280a573a2b96223006,18786,image/webp,200,18786,image/webp,dramas/1294/original.jpg
1295,KpE6vR_4f,original,dramas/1295/original.jpg,image/jpeg,151589,a16a96a605e8dfb128e72e1c1b8906afe31e0cfaa77f400840e553bc2b7739b9,151589,image/jpeg,200,151589,image/jpeg,dramas/1295/original.jpg
1295,KpE6vR_4f,thumbnail,dramas/1295/thumbnail.webp,image/webp,27248,5562cf80e24b0c62a7553d157cb1dc5c52e03bbdf681e9fa73e119c4e1c6d85b,27248,image/webp,200,27248,image/webp,dramas/1295/original.jpg
1296,21eBV_4f,original,dramas/1296/original.jpg,image/jpeg,168405,e087c6800c6e636bf4f7f8f4d6008f38ec3e8f9420f130d6981b504f864ec92f,168405,image/jpeg,200,168405,image/jpeg,dramas/1296/original.jpg
1296,21eBV_4f,thumbnail,dramas/1296/thumbnail.webp,image/webp,29568,f12bb2a961aab617af0763a5b218980891cbd4ee9a84e6b588f95cd4ab1d2ceb,29568,image/webp,200,29568,image/webp,dramas/1296/original.jpg
1297,5vBevy_4f,original,dramas/1297/original.jpg,image/jpeg,141427,5f2072e039e0807321ebc3f1541ea49a3df3dc5df11af785ee9482aba5003f9b,141427,image/jpeg,200,141427,image/jpeg,dramas/1297/original.jpg
1297,5vBevy_4f,thumbnail,dramas/1297/thumbnail.webp,image/webp,19504,e8db6e78afbf8dda60c9f5447e6c51295e4ac545d17b5f193b162941ccf0d11b,19504,image/webp,200,19504,image/webp,dramas/1297/original.jpg
1298,pEK1y_4f,original,dramas/1298/original.jpg,image/jpeg,67062,ef22cd46ba37c4ab4015b25704f8df807a4fd3aa057afff8316bc723592985be,67062,image/jpeg,200,67062,image/jpeg,dramas/1298/original.jpg
1298,pEK1y_4f,thumbnail,dramas/1298/thumbnail.webp,image/webp,20212,b8b61eb6effcdc71abd8cbb81eefb1a6476494070baf456735098c676fc19de1,20212,image/webp,200,20212,image/webp,dramas/1298/original.jpg
1299,wJxjlY_4f,original,dramas/1299/original.jpg,image/jpeg,301077,00eaca84e6e0304bb5d0761a23b078c85c66cf4246c1797a85afb70ed93de0df,301077,image/jpeg,200,301077,image/jpeg,dramas/1299/original.jpg
1299,wJxjlY_4f,thumbnail,dramas/1299/thumbnail.webp,image/webp,49930,23eb075458eebcb576842e68df9573d827f30a3ceb4ae0c1dd5103ad6214bc81,49930,image/webp,200,49930,image/webp,dramas/1299/original.jpg
1300,6RqNX_4f,original,dramas/1300/original.jpg,image/jpeg,225905,03ff00b3e4907923fa946511638a3033ae0b5dd86babd07f19db10016df0496a,225905,image/jpeg,200,225905,image/jpeg,dramas/1300/original.jpg
1300,6RqNX_4f,thumbnail,dramas/1300/thumbnail.webp,image/webp,63836,b5c28afeb5d7b3a15187f65cf1c5288497fc940c86d349fab67936b0e3b69b6f,63836,image/webp,200,63836,image/webp,dramas/1300/original.jpg
1301,BdpXkz_4f,original,dramas/1301/original.jpg,image/jpeg,155468,181caddb9f4d56b98ad86eb42096810fb911a85e61f0ea1091c17270f80b5410,155468,image/jpeg,200,155468,image/jpeg,dramas/1301/original.jpg
1301,BdpXkz_4f,thumbnail,dramas/1301/thumbnail.webp,image/webp,56212,75858da3f8d4298e028077073214fad7140f4722d5d6ea292c66721e592e84db,56212,image/webp,200,56212,image/webp,dramas/1301/original.jpg
1302,6644W_4f,original,dramas/1302/original.jpg,image/jpeg,116837,8455db22dbc52b30a075263a067c4a71a69dcbc3591288cef139d48148dea76d,116837,image/jpeg,200,116837,image/jpeg,dramas/1302/original.jpg
1302,6644W_4f,thumbnail,dramas/1302/thumbnail.webp,image/webp,41054,f3183df912ee4174fb40e9d333d7d877d9d1aada021a5639cd342650fb109810,41054,image/webp,200,41054,image/webp,dramas/1302/original.jpg
1303,66pVp_4f,original,dramas/1303/original.jpg,image/jpeg,257551,ab55034e9c8bcbd21618b13a2644e81bd1766562057749af8a8203f3f4f2edd9,257551,image/jpeg,200,257551,image/jpeg,dramas/1303/original.jpg
1303,66pVp_4f,thumbnail,dramas/1303/thumbnail.webp,image/webp,58716,5d5a4987d06788d8dd8d171054958cb73528393404e9008dbcea10cd498ab3ca,58716,image/webp,200,58716,image/webp,dramas/1303/original.jpg
1304,BXmn7_4f,original,dramas/1304/original.jpg,image/jpeg,126427,c216efafd9508a34f67f205d3da348a2638e7cd7386fc022e44f518f45146a31,126427,image/jpeg,200,126427,image/jpeg,dramas/1304/original.jpg
1304,BXmn7_4f,thumbnail,dramas/1304/thumbnail.webp,image/webp,41476,63034d6351ffe8022307e4904551e8f3bcbbf1d4bbb8b688dc303a21dab9178c,41476,image/webp,200,41476,image/webp,dramas/1304/original.jpg
1305,kg4Ob_4f,original,dramas/1305/original.jpg,image/jpeg,271155,25c2e3e2b8b061eaed9f2ff248442af40461da93a42194dc8fff89744709c572,271155,image/jpeg,200,271155,image/jpeg,dramas/1305/original.jpg
1305,kg4Ob_4f,thumbnail,dramas/1305/thumbnail.webp,image/webp,61040,3269a265d630d14abc1595f884c50dec5df6cd49109eda75de3e24fc0f6c5426,61040,image/webp,200,61040,image/webp,dramas/1305/original.jpg
1306,vXo3eX_4f,original,dramas/1306/original.jpg,image/jpeg,137238,51fa4c63971d903a6ec8a9af4bf371f3a557501a34be90d2c14193d38db63622,137238,image/jpeg,200,137238,image/jpeg,dramas/1306/original.jpg
1306,vXo3eX_4f,thumbnail,dramas/1306/thumbnail.webp,image/webp,29036,09b9a5b85fd8b34bffc419ff27d0ea54f72ef88ad4a49e16f7123019b0f29029,29036,image/webp,200,29036,image/webp,dramas/1306/original.jpg
1307,73Jvme_4f,original,dramas/1307/original.jpg,image/jpeg,89578,58ebd5843e53f24da1d69d20317a00439a5da1c60d59d928070be39dca765b7b,89578,image/jpeg,200,89578,image/jpeg,dramas/1307/original.jpg
1307,73Jvme_4f,thumbnail,dramas/1307/thumbnail.webp,image/webp,18606,d53464e7ff4b2adff86ce4de3b415f9c2904dd7c51e303821af7f722a0befee0,18606,image/webp,200,18606,image/webp,dramas/1307/original.jpg
1308,60nK0K_4f,original,dramas/1308/original.jpg,image/jpeg,62211,45b3a0f3976553dd13a0c445b479f50b33bdc6d4917b72a0e3b1b744a9db608c,62211,image/jpeg,200,62211,image/jpeg,dramas/1308/original.jpg
1308,60nK0K_4f,thumbnail,dramas/1308/thumbnail.webp,image/webp,9358,30510cbe074cc1ec84d3b49b2f75c4cbb1105fc12fe3df8cd1fb57b3fcb9650e,9358,image/webp,200,9358,image/webp,dramas/1308/original.jpg
1309,2wNLPV_4f,original,dramas/1309/original.jpg,image/jpeg,220165,a14f6cac1471cc2af0b2632bcfc388097e99bd9dc52e63e4a8ad3b0ad93ea5dd,220165,image/jpeg,200,220165,image/jpeg,dramas/1309/original.jpg
1309,2wNLPV_4f,thumbnail,dramas/1309/thumbnail.webp,image/webp,46314,7f7d93709e79267062f3e846907dee7492e1999c4bfcacc07793393ca937392b,46314,image/webp,200,46314,image/webp,dramas/1309/original.jpg
1310,WxdkO_4f,original,dramas/1310/original.jpg,image/jpeg,249459,eac30ac6b490f0901422c572d89d7d8b831737f5fd3f14abc465ff3532efe647,249459,image/jpeg,200,249459,image/jpeg,dramas/1310/original.jpg
1310,WxdkO_4f,thumbnail,dramas/1310/thumbnail.webp,image/webp,55760,5cefb395f3e73039c6649e604ce7ca70e8263357d2bc3c91884193b6b4f828e3,55760,image/webp,200,55760,image/webp,dramas/1310/original.jpg
1311,klARj_4f,original,dramas/1311/original.jpg,image/jpeg,331877,ea4b4bfe0cb86c5a0818651cc8333236b292dcbfcceb0776aafd4cf340ba52c3,331877,image/jpeg,200,331877,image/jpeg,dramas/1311/original.jpg
1311,klARj_4f,thumbnail,dramas/1311/thumbnail.webp,image/webp,86156,fd500e0c2e078eb4d53bda8c392810f6ddb8560e357714629ec92d65bd08fa94,86156,image/webp,200,86156,image/webp,dramas/1311/original.jpg
1312,Ro3Ao_4f,original,dramas/1312/original.jpg,image/jpeg,197265,1838eda3632d858cfab7e62838008c215450d126cbe2ce5f451a4a8379f55913,197265,image/jpeg,200,197265,image/jpeg,dramas/1312/original.jpg
1312,Ro3Ao_4f,thumbnail,dramas/1312/thumbnail.webp,image/webp,35724,86aa1cb355da2d6d8bb6130ab3ec1e1ec6e81e6b5055e34e15d33ad66d49381d,35724,image/webp,200,35724,image/webp,dramas/1312/original.jpg
1313,jkqQB_4f,original,dramas/1313/original.jpg,image/jpeg,131288,f6e0254368e8ed0bd7206e264e6c9b2bcdea304ae4a319c5feab284e3d6f07d0,131288,image/jpeg,200,131288,image/jpeg,dramas/1313/original.jpg
1313,jkqQB_4f,thumbnail,dramas/1313/thumbnail.webp,image/webp,23260,4ad812ce1469e952ba2e77e68faf98dd374adb87b0b1ebb289ad0a7612f8cad7,23260,image/webp,200,23260,image/webp,dramas/1313/original.jpg
1314,jRw6r_4f,original,dramas/1314/original.jpg,image/jpeg,131609,02ad1493fc9eda2f9a92ddd425cd4054fe258cc55b525f0ddd9828887d80ca16,131609,image/jpeg,200,131609,image/jpeg,dramas/1314/original.jpg
1314,jRw6r_4f,thumbnail,dramas/1314/thumbnail.webp,image/webp,21208,0e1555517e3fb141cc45755200a935699241272ca6a8706b7c1463c4704238d1,21208,image/webp,200,21208,image/webp,dramas/1314/original.jpg
1315,O8YNQf,original,dramas/1315/original.jpg,image/jpeg,105857,744d5bb41d0efc0e5743231a301be47c8488ceda17fcdc3faf44c81998a8bd1d,105857,image/jpeg,200,105857,image/jpeg,dramas/1315/original.jpg
1315,O8YNQf,thumbnail,dramas/1315/thumbnail.webp,image/webp,33190,5c087d5a6ac19fe0e48c98f575ff5e063f67583201e90233745b11a45d11fdf4,33190,image/webp,200,33190,image/webp,dramas/1315/original.jpg
1316,BdvWqq_4f,original,dramas/1316/original.jpg,image/jpeg,192959,139d78a4c6c8846e7bf0a90734d234d4ecbed26bfaa0243ddd62b247209aada0,192959,image/jpeg,200,192959,image/jpeg,dramas/1316/original.jpg
1316,BdvWqq_4f,thumbnail,dramas/1316/thumbnail.webp,image/webp,42112,b7d7e032b8ecc016ed3513226e7dac7c25f59bb5257bc1160ffb019bb08a382a,42112,image/webp,200,42112,image/webp,dramas/1316/original.jpg
1317,pd4DkE_4f,original,dramas/1317/original.jpg,image/jpeg,140956,032aee13848b65e4285f77d1f40ba61baa67ab6ada05ffa9fa6bfbdc6a78b344,140956,image/jpeg,200,140956,image/jpeg,dramas/1317/original.jpg
1317,pd4DkE_4f,thumbnail,dramas/1317/thumbnail.webp,image/webp,25924,72200fe041c6d4d5b362e0197598fb9c05bf98afe143bcde9d532939bdd74356,25924,image/webp,200,25924,image/webp,dramas/1317/original.jpg
1318,x4EmK0_4f,original,dramas/1318/original.jpg,image/jpeg,187596,2e20c499e54c71df0b0430bbe3fdd27e722a3f1442fd6808be3141683281d7ce,187596,image/jpeg,200,187596,image/jpeg,dramas/1318/original.jpg
1318,x4EmK0_4f,thumbnail,dramas/1318/thumbnail.webp,image/webp,28048,65d2e1c1ccd6e2158cf14dc39831b895b2c7039ebf4d5723d15dc235c15f6782,28048,image/webp,200,28048,image/webp,dramas/1318/original.jpg
1319,Ar3vDq_4f,original,dramas/1319/original.jpg,image/jpeg,186187,4869df7205d232032340143a92edb4d61ffffa8088bfd332bb22eb026ef41f95,186187,image/jpeg,200,186187,image/jpeg,dramas/1319/original.jpg
1319,Ar3vDq_4f,thumbnail,dramas/1319/thumbnail.webp,image/webp,53382,c30c3fa7df71443b5be40a3b0e4f2d4bddae0f681038c87cfcdd33bec813f28f,53382,image/webp,200,53382,image/webp,dramas/1319/original.jpg
1320,0wmeZk_4f,original,dramas/1320/original.jpg,image/jpeg,154209,20584457c9f32bf1df22f01fc2c06f4d97b54eaa72c3f3ab27510e0a36a47ec5,154209,image/jpeg,200,154209,image/jpeg,dramas/1320/original.jpg
1320,0wmeZk_4f,thumbnail,dramas/1320/thumbnail.webp,image/webp,32704,39942c5cc6d4deb1aea3bafaa3502d76e7f6ab6ba9cee53872db57dc09d6b408,32704,image/webp,200,32704,image/webp,dramas/1320/original.jpg
1321,BZ8KR_4f,original,dramas/1321/original.jpg,image/jpeg,118742,42ad9f853f8c2c85dac71da16121c548af20f984e101721dadc1db317dcb726c,118742,image/jpeg,200,118742,image/jpeg,dramas/1321/original.jpg
1321,BZ8KR_4f,thumbnail,dramas/1321/thumbnail.webp,image/webp,48508,fa4a3a487738546a13d2df76667677adc03ce5a6b6ab4ef456a429c87a7b8c53,48508,image/webp,200,48508,image/webp,dramas/1321/original.jpg
1322,1rpeK_4f,original,dramas/1322/original.jpg,image/jpeg,170786,133b8baa47d6aa049dcbc2054f41750aaa98ca99849bcb49fe70332442def158,170786,image/jpeg,200,170786,image/jpeg,dramas/1322/original.jpg
1322,1rpeK_4f,thumbnail,dramas/1322/thumbnail.webp,image/webp,53786,07c70f5c1844e4d0fe0348e9a2714d65f322482b1069df5820179e8838afbab2,53786,image/webp,200,53786,image/webp,dramas/1322/original.jpg
1323,4ejKqQ_4f,original,dramas/1323/original.jpg,image/jpeg,112536,b5a452244736be6a949303215be542e16f5b129cab03482846154a0cc031c7c0,112536,image/jpeg,200,112536,image/jpeg,dramas/1323/original.jpg
1323,4ejKqQ_4f,thumbnail,dramas/1323/thumbnail.webp,image/webp,26538,cb30405e19e919b36218f3f58b50dc9e093b461735f2493e6c6387cd606171d9,26538,image/webp,200,26538,image/webp,dramas/1323/original.jpg
1324,wJAkqn_4f,original,dramas/1324/original.jpg,image/jpeg,137322,bb4f6d4276418949c8a6025ab35b653df2e2e5b8ebaa60146dfb39572f5a6a88,137322,image/jpeg,200,137322,image/jpeg,dramas/1324/original.jpg
1324,wJAkqn_4f,thumbnail,dramas/1324/thumbnail.webp,image/webp,35314,eb0c5e84f85551cb2f2534af046fff6b2bf2d38e9b06bbe5758d0e34a3a8a128,35314,image/webp,200,35314,image/webp,dramas/1324/original.jpg
1325,1wm5R5_4f,original,dramas/1325/original.jpg,image/jpeg,84427,0378434e3baf6be423cb7f9a6749c1a876fdcb24bb88d95a9e35c6ab34ce7839,84427,image/jpeg,200,84427,image/jpeg,dramas/1325/original.jpg
1325,1wm5R5_4f,thumbnail,dramas/1325/thumbnail.webp,image/webp,29388,97dadb31cd3cce69164a8ac767c611efe9b30c4e005d01e9bbc744b14cf74bcd,29388,image/webp,200,29388,image/webp,dramas/1325/original.jpg
1326,d00j80_4f,original,dramas/1326/original.jpg,image/jpeg,304106,8b117ede7a84f0a7872e83af16c92a198d652244451facbc91e012c10df86eab,304106,image/jpeg,200,304106,image/jpeg,dramas/1326/original.jpg
1326,d00j80_4f,thumbnail,dramas/1326/thumbnail.webp,image/webp,64688,c976b529e6602ced75a44d4ae8ae6ef4c9d176fbbab3bae4eb7a850e2da0ab24,64688,image/webp,200,64688,image/webp,dramas/1326/original.jpg
1327,eYlLlY_4f,original,dramas/1327/original.jpg,image/jpeg,270064,0516aa9de92ae1163da34a3cbfcff65770ada008ee6292da17da901d970b80a8,270064,image/jpeg,200,270064,image/jpeg,dramas/1327/original.jpg
1327,eYlLlY_4f,thumbnail,dramas/1327/thumbnail.webp,image/webp,55580,43f8f01e51bb673175557ae6039a978ba80510e34f18f6093eb1ca96544b7c05,55580,image/webp,200,55580,image/webp,dramas/1327/original.jpg
1328,O8d8WY_4f,original,dramas/1328/original.jpg,image/jpeg,186402,b7256aa380f1dc1f847f4541e36e585b7d1e30adbb10a3591f21a650a7fabe6d,186402,image/jpeg,200,186402,image/jpeg,dramas/1328/original.jpg
1328,O8d8WY_4f,thumbnail,dramas/1328/thumbnail.webp,image/webp,33936,e8a69ff46a2082b6b518db31f276764bbbaeb7224ce23ffc3761297665f5bcd9,33936,image/webp,200,33936,image/webp,dramas/1328/original.jpg
1329,E5QXJb_4f,original,dramas/1329/original.jpg,image/jpeg,192920,f71ef0ee5d1d44ad6f60f66c0e136c70663b94e8dec17d4af01af390ec6d6f6c,192920,image/jpeg,200,192920,image/jpeg,dramas/1329/original.jpg
1329,E5QXJb_4f,thumbnail,dramas/1329/thumbnail.webp,image/webp,38068,517004e92f27c6515de934b11a352eaa160218d05f5cd34856d229c6fb27ba47,38068,image/webp,200,38068,image/webp,dramas/1329/original.jpg
1330,jQ32OJ_4f,original,dramas/1330/original.jpg,image/jpeg,173954,8dcf8fddd031c10f72ab23876dad40bc4c404bdd998c145e1e6eafbc18f84303,173954,image/jpeg,200,173954,image/jpeg,dramas/1330/original.jpg
1330,jQ32OJ_4f,thumbnail,dramas/1330/thumbnail.webp,image/webp,29432,7dc2a84fd2f2faffe3cc4a8dc80beebd0a120ac6936951e73698d9a6b1692f89,29432,image/webp,200,29432,image/webp,dramas/1330/original.jpg
1331,r1Roy_4f,original,dramas/1331/original.jpg,image/jpeg,355856,24d483191c3883613497e206b1940b1d51634156fb1a2e0bb53e3a69a137b49a,355856,image/jpeg,200,355856,image/jpeg,dramas/1331/original.jpg
1331,r1Roy_4f,thumbnail,dramas/1331/thumbnail.webp,image/webp,47264,8891cc4eeb45881dbfc6a384daee3f27c210f74aab0ab286506e2681510d07ec,47264,image/webp,200,47264,image/webp,dramas/1331/original.jpg
1332,JByBKj_4f,original,dramas/1332/original.jpg,image/jpeg,182474,0b9bbe647e68deac844220147cd997ee8183148bea7b8b526ee03e22d9553782,182474,image/jpeg,200,182474,image/jpeg,dramas/1332/original.jpg
1332,JByBKj_4f,thumbnail,dramas/1332/thumbnail.webp,image/webp,18042,a23bfa44d1e97f3ecc05fd196698635e498448e4705e1a25aa129c4089fecbe3,18042,image/webp,200,18042,image/webp,dramas/1332/original.jpg
1333,wJJlwp_4f,original,dramas/1333/original.jpg,image/jpeg,161030,115143251bb44fce95d651e714c2bca7db39038aa35e8e3ccb42906832a00dd4,161030,image/jpeg,200,161030,image/jpeg,dramas/1333/original.jpg
1333,wJJlwp_4f,thumbnail,dramas/1333/thumbnail.webp,image/webp,33654,1b53b2fe8b90b624346ea9b7f0796c0acdab75366141f6862f02b659b30363cf,33654,image/webp,200,33654,image/webp,dramas/1333/original.jpg
1334,jOqjd_4f,original,dramas/1334/original.jpg,image/jpeg,150891,fb8ed886358cda48d117838622f09bc50ddf1ac068090b7132164afa5d5fbb6d,150891,image/jpeg,200,150891,image/jpeg,dramas/1334/original.jpg
1334,jOqjd_4f,thumbnail,dramas/1334/thumbnail.webp,image/webp,59990,536691471102642f39bb46a21bad58c2ab23c57f8806a1fa9415ba9e3d4928c5,59990,image/webp,200,59990,image/webp,dramas/1334/original.jpg
1335,BRZK7_4f,original,dramas/1335/original.jpg,image/jpeg,222963,f857a6e4abe752097bb03e90ad8e38fef5e78a2fb1aa33536c879193c1c9363f,222963,image/jpeg,200,222963,image/jpeg,dramas/1335/original.jpg
1335,BRZK7_4f,thumbnail,dramas/1335/thumbnail.webp,image/webp,59994,da36ef148417b55b5f8d0e0398fe0ffc637b8bc23f1fc24d6cf2d105ec2948c2,59994,image/webp,200,59994,image/webp,dramas/1335/original.jpg
1336,w6jkA_4f,original,dramas/1336/original.jpg,image/jpeg,88934,b0ce52e4d1701a37906d73a6af1bdc369b287cb0c2fa74ea1603002366ddea2f,88934,image/jpeg,200,88934,image/jpeg,dramas/1336/original.jpg
1336,w6jkA_4f,thumbnail,dramas/1336/thumbnail.webp,image/webp,27886,9097088f2577e18ee7b05b53aec5da4b759fab5e6c1a7b8d82c7aa3348b28bce,27886,image/webp,200,27886,image/webp,dramas/1336/original.jpg
1337,0wmry6_4f,original,dramas/1337/original.jpg,image/jpeg,83615,ebc2c3f606bce29c686c814953649295e1c50037bc913ad875542a7f798d74b5,83615,image/jpeg,200,83615,image/jpeg,dramas/1337/original.jpg
1337,0wmry6_4f,thumbnail,dramas/1337/thumbnail.webp,image/webp,37196,f9dfed398a94f46335bdb5ad6474e1933a359bf48668fd0076b0e5e88b259ee7,37196,image/webp,200,37196,image/webp,dramas/1337/original.jpg
1338,6dKxK_4f,original,dramas/1338/original.jpg,image/jpeg,145889,63b07530318e012a17201b6af663d59299bdf8548d880603e0cb108401065be9,145889,image/jpeg,200,145889,image/jpeg,dramas/1338/original.jpg
1338,6dKxK_4f,thumbnail,dramas/1338/thumbnail.webp,image/webp,25864,cd18518d875d9b18169e27a8eb9501bb6163b215820b3c24b12785696bd6c001,25864,image/webp,200,25864,image/webp,dramas/1338/original.jpg
1339,d0O44b_4f,original,dramas/1339/original.jpg,image/jpeg,204342,16fb8f678317946bbdaf9d0a9b90826389b93d7e1318382209cd7091feb1fed4,204342,image/jpeg,200,204342,image/jpeg,dramas/1339/original.jpg
1339,d0O44b_4f,thumbnail,dramas/1339/thumbnail.webp,image/webp,52336,13ac076e4dc3d58c68eb9c48f1e8655446f174f24511fd88d3d6632c5ac9635d,52336,image/webp,200,52336,image/webp,dramas/1339/original.jpg
1340,2wrOkE_4f,original,dramas/1340/original.jpg,image/jpeg,136484,007092ea62cb9aeae3485e7676d3bd79aeb4075ddc3cb52319be9e917fd599df,136484,image/jpeg,200,136484,image/jpeg,dramas/1340/original.jpg
1340,2wrOkE_4f,thumbnail,dramas/1340/thumbnail.webp,image/webp,53352,ccb246e4df7c59d4fa812691934936fbaf6f7a7e6e92210c29050c8a9f0087d9,53352,image/webp,200,53352,image/webp,dramas/1340/original.jpg
1341,WPrA7W_4f,original,dramas/1341/original.jpg,image/jpeg,263728,090b500e36053e57add88afd561dc2f711497538e1150607830498f3c37dd66a,263728,image/jpeg,200,263728,image/jpeg,dramas/1341/original.jpg
1341,WPrA7W_4f,thumbnail,dramas/1341/thumbnail.webp,image/webp,62930,533f4e6cc39180e34f688d964d1e99a7fdec76716a78f84ac7efae58074f8b98,62930,image/webp,200,62930,image/webp,dramas/1341/original.jpg
1342,2w4rZP_4f,original,dramas/1342/original.jpg,image/jpeg,265422,9a33f34a013d3534c4900edaf159c0a74ff671c91c567b04d25cd009e0754833,265422,image/jpeg,200,265422,image/jpeg,dramas/1342/original.jpg
1342,2w4rZP_4f,thumbnail,dramas/1342/thumbnail.webp,image/webp,65134,718dbbe529daa520db892939f85beb5962b556ccabb71b6318832d44fcc8df1e,65134,image/webp,200,65134,image/webp,dramas/1342/original.jpg
1343,Lw7Qvy_4f,original,dramas/1343/original.jpg,image/jpeg,225184,826127ce129e738a8dac8906a5ae8450fb90b1e7ae53470b7d8688fdab231cc4,225184,image/jpeg,200,225184,image/jpeg,dramas/1343/original.jpg
1343,Lw7Qvy_4f,thumbnail,dramas/1343/thumbnail.webp,image/webp,46168,f1195f49247a261588ce1baf45db0a22567193e8cfe614a905701fe66f41aff5,46168,image/webp,200,46168,image/webp,dramas/1343/original.jpg
1344,GJBPwf,original,dramas/1344/original.jpg,image/jpeg,59632,dc8bd92018f391d69b2305419267130c7896481216d3c632ef50956b45f11c5a,59632,image/jpeg,200,59632,image/jpeg,dramas/1344/original.jpg
1344,GJBPwf,thumbnail,dramas/1344/thumbnail.webp,image/webp,38344,8214570d892a6990ad358e70437150f4f801952e43dc23ecff066cd614aac252,38344,image/webp,200,38344,image/webp,dramas/1344/original.jpg
1345,2Rnwk_4f,original,dramas/1345/original.jpg,image/jpeg,112726,1828c861fb5d8385fd978c76904706e9e16fbd59753261bcf551942a92d6c0d1,112726,image/jpeg,200,112726,image/jpeg,dramas/1345/original.jpg
1345,2Rnwk_4f,thumbnail,dramas/1345/thumbnail.webp,image/webp,41384,1572bbb14403ea35c8a720c4e9b2a891f45cbe9dd390ff1486e60a2a0d204981,41384,image/webp,200,41384,image/webp,dramas/1345/original.jpg
1346,nOrNNL_4f,original,dramas/1346/original.jpg,image/jpeg,182053,33cea6ff218799f44e68bf3727f985c7235302c670655b828d2e939c9f885de4,182053,image/jpeg,200,182053,image/jpeg,dramas/1346/original.jpg
1346,nOrNNL_4f,thumbnail,dramas/1346/thumbnail.webp,image/webp,25518,0d73c51463116e45e03b7418f8538a3edfbe99cdfb9192d381b606edb9347b2a,25518,image/webp,200,25518,image/webp,dramas/1346/original.jpg
1347,4e4Z4Q_4f,original,dramas/1347/original.jpg,image/jpeg,73300,973ad497a19b215d6037926fb5642f8346be7afd61295af7e09eb62234955363,73300,image/jpeg,200,73300,image/jpeg,dramas/1347/original.jpg
1347,4e4Z4Q_4f,thumbnail,dramas/1347/thumbnail.webp,image/webp,25290,a769a95d2d8eff8196af90473d075f1bc46b05b08787acdeb334efbc4e6f8aa4,25290,image/webp,200,25290,image/webp,dramas/1347/original.jpg
1348,QvNJ2_4f,original,dramas/1348/original.jpg,image/jpeg,197027,e73bb818480c4ab74d5d3914149e152fa7e609447da4b3b10d99e40d86f87d78,197027,image/jpeg,200,197027,image/jpeg,dramas/1348/original.jpg
1348,QvNJ2_4f,thumbnail,dramas/1348/thumbnail.webp,image/webp,90452,87bc9a5a01f307103598f7672d88b8b2428dbca2517b110fb236afb3ac84993a,90452,image/webp,200,90452,image/webp,dramas/1348/original.jpg
1349,2wr6v7_4f,original,dramas/1349/original.jpg,image/jpeg,145799,1190bbb41f64e3d503b6f59103e6c1afa022aaa84dbda89bfc0b2906230d0df7,145799,image/jpeg,200,145799,image/jpeg,dramas/1349/original.jpg
1349,2wr6v7_4f,thumbnail,dramas/1349/thumbnail.webp,image/webp,22824,a0ed2c1323b5cb4055f16194ecb090a8ce9379c8c04703e474831941360ce980,22824,image/webp,200,22824,image/webp,dramas/1349/original.jpg
1350,PxNq13_4f,original,dramas/1350/original.jpg,image/jpeg,129553,72568778ebd780263f1b55a08793c69fc2ba3178c759eca189fa10224efb1e3e,129553,image/jpeg,200,129553,image/jpeg,dramas/1350/original.jpg
1350,PxNq13_4f,thumbnail,dramas/1350/thumbnail.webp,image/webp,36106,04b2b014c5eb57ae2eab81035b2a2b64fe0361d5ab9ec77d991c3696ea8c1076,36106,image/webp,200,36106,image/webp,dramas/1350/original.jpg
1351,2wwb6P_4f,original,dramas/1351/original.jpg,image/jpeg,181343,74045dfe3f4f82be22c138c4aa0ae75f4d93359a6e31f8e17f083c6c25ca0b98,181343,image/jpeg,200,181343,image/jpeg,dramas/1351/original.jpg
1351,2wwb6P_4f,thumbnail,dramas/1351/thumbnail.webp,image/webp,35232,6a1d80009299339bf25b6d7e2c12c87513af37c432862f8e1d5dac70b9cb8696,35232,image/webp,200,35232,image/webp,dramas/1351/original.jpg
1352,4ROEJ_4f,original,dramas/1352/original.jpg,image/jpeg,105463,7beb448a76a6e9243ce089f1bc9f1ceb587b355c282641b888988ab3b2a27db5,105463,image/jpeg,200,105463,image/jpeg,dramas/1352/original.jpg
1352,4ROEJ_4f,thumbnail,dramas/1352/thumbnail.webp,image/webp,24628,b9a39ba82b64b16e6f09af1b8cc67c255398f8b60e5c9156ef55d30f38921186,24628,image/webp,200,24628,image/webp,dramas/1352/original.jpg
1353,X8gqnf,original,dramas/1353/original.jpg,image/jpeg,110554,06cb6398999f18298f37f7ac40c8ac8d1c5aa52e0a3e213f6bd72ac8fe323342,110554,image/jpeg,200,110554,image/jpeg,dramas/1353/original.jpg
1353,X8gqnf,thumbnail,dramas/1353/thumbnail.webp,image/webp,58350,a09a8d6b389970edfcdb222d6705f15e866fb9e1568105d02161d225914affba,58350,image/webp,200,58350,image/webp,dramas/1353/original.jpg
1354,E55le0_4f,original,dramas/1354/original.jpg,image/jpeg,270406,45f827536a0d576d1407afdd0676a5df59788ac6247b16679f6bf8e1d308442a,270406,image/jpeg,200,270406,image/jpeg,dramas/1354/original.jpg
1354,E55le0_4f,thumbnail,dramas/1354/thumbnail.webp,image/webp,61008,ed305f44468928c1a41668672b1503bdc32b6bff3c75025d0a1be88f148cf122,61008,image/webp,200,61008,image/webp,dramas/1354/original.jpg
1355,WP7ZXp_4f,original,dramas/1355/original.jpg,image/jpeg,281688,2d8587e158f8a195100881614563e03bf441b446d8a2eb322a181044f482679c,281688,image/jpeg,200,281688,image/jpeg,dramas/1355/original.jpg
1355,WP7ZXp_4f,thumbnail,dramas/1355/thumbnail.webp,image/webp,67982,a2cb40f4f6ce023f1c3b6d36e8856a8ea8a6edb1696cd134621e0637f0425ef4,67982,image/webp,200,67982,image/webp,dramas/1355/original.jpg
1356,qrqEK_4f,original,dramas/1356/original.jpg,image/jpeg,271139,bf6b24ec6b0ac875622f4a4a704a5b22a29182ba712f9f8584087972fa64edad,271139,image/jpeg,200,271139,image/jpeg,dramas/1356/original.jpg
1356,qrqEK_4f,thumbnail,dramas/1356/thumbnail.webp,image/webp,54268,c930f570f11975163eb604646f67a27adad9bb9adbf9bd0145f9a751a51bae42,54268,image/webp,200,54268,image/webp,dramas/1356/original.jpg
1357,E5l4pf,original,dramas/1357/original.jpg,image/jpeg,265035,2ab217dac6f9c5e75c210b8a733465dd875601b87bf5790f6973ea1737a69d21,265035,image/jpeg,200,265035,image/jpeg,dramas/1357/original.jpg
1357,E5l4pf,thumbnail,dramas/1357/thumbnail.webp,image/webp,60596,14c77cc08fbf10aff874215e30c42e788c69dc0708f6dc41891c1e5e4c5f8b22,60596,image/webp,200,60596,image/webp,dramas/1357/original.jpg
1358,XdgOLq_4f,original,dramas/1358/original.jpg,image/jpeg,165537,a916db998f65398e8aa0448591ee37ff39b030a7387075cc15df5f2ed4b62e52,165537,image/jpeg,200,165537,image/jpeg,dramas/1358/original.jpg
1358,XdgOLq_4f,thumbnail,dramas/1358/thumbnail.webp,image/webp,29162,e72d89793d2e298cfd03c6ecbd14e10845a2e39027a472620dca8ad280c8758a,29162,image/webp,200,29162,image/webp,dramas/1358/original.jpg
1359,kgnZw_4f,original,dramas/1359/original.jpg,image/jpeg,102533,b6b9aa7f5d751e22c986a6de50097b94a3c1ec6e25ba195b8672cb34657dd3e1,102533,image/jpeg,200,102533,image/jpeg,dramas/1359/original.jpg
1359,kgnZw_4f,thumbnail,dramas/1359/thumbnail.webp,image/webp,33080,466f13d6748d62458134113aa5e433cab561ccc68e5cd25fb92e4b0122297469,33080,image/webp,200,33080,image/webp,dramas/1359/original.jpg
1360,Xd3qEg_4f,original,dramas/1360/original.jpg,image/jpeg,147217,5df3e3b70e1ec080c772fa562298b3b63b73f5bf95c77f46ee31d1ddb973bac7,147217,image/jpeg,200,147217,image/jpeg,dramas/1360/original.jpg
1360,Xd3qEg_4f,thumbnail,dramas/1360/thumbnail.webp,image/webp,27922,b2c337bdaf6888a92de4392609ba1a5db47ef2bf75f050aa34b71531afb2a033,27922,image/webp,200,27922,image/webp,dramas/1360/original.jpg
1361,jQ2v7z_4f,original,dramas/1361/original.jpg,image/jpeg,219514,6952c0d286febe56c6924267dd8cd2604f485d32ea8d4dbc4f04998ccda64a33,219514,image/jpeg,200,219514,image/jpeg,dramas/1361/original.jpg
1361,jQ2v7z_4f,thumbnail,dramas/1361/thumbnail.webp,image/webp,36792,43211f71496f6e6ec3c0e2e079b0b9846a365ccf6de563e1556f9fa56d77a5d0,36792,image/webp,200,36792,image/webp,dramas/1361/original.jpg
1362,1w3KP3_4f,original,dramas/1362/original.jpg,image/jpeg,134808,a186cc34cf2cd15635bf3b880903e3a1de6a5c5e081fd62ae7f0d20a7b846ac2,134808,image/jpeg,200,134808,image/jpeg,dramas/1362/original.jpg
1362,1w3KP3_4f,thumbnail,dramas/1362/thumbnail.webp,image/webp,69106,4060c3926dbfadd023dfb8090de782d27d501877b28efc981e3bf1257d743de0,69106,image/webp,200,69106,image/webp,dramas/1362/original.jpg
1363,X08VZ_4f,original,dramas/1363/original.jpg,image/jpeg,220942,eb8fee117189fab7812fe561edc40312c736c8e92bea766bb99f22a277610df5,220942,image/jpeg,200,220942,image/jpeg,dramas/1363/original.jpg
1363,X08VZ_4f,thumbnail,dramas/1363/thumbnail.webp,image/webp,54580,16f8bb97a431745e27a7dfe79622e24ea477cd5e948d44a992ebc128bdb67c43,54580,image/webp,200,54580,image/webp,dramas/1363/original.jpg
1364,RBBJ46_4f,original,dramas/1364/original.jpg,image/jpeg,165768,16c238ac339e4b1d83314a2abfade3770591b550a03f208443861bd62409fd19,165768,image/jpeg,200,165768,image/jpeg,dramas/1364/original.jpg
1364,RBBJ46_4f,thumbnail,dramas/1364/thumbnail.webp,image/webp,36198,211ee68a758d439ad3a4180639412dccaaa35f85cf8ac2de049857bf2ccc80e9,36198,image/webp,200,36198,image/webp,dramas/1364/original.jpg
1365,Xdgwjp_4f,original,dramas/1365/original.jpg,image/jpeg,239079,5becd34f794b0fbd4d4ea08e8d4a3bfd7322d30e908730a72ecb525ba0399e49,239079,image/jpeg,200,239079,image/jpeg,dramas/1365/original.jpg
1365,Xdgwjp_4f,thumbnail,dramas/1365/thumbnail.webp,image/webp,50338,43c4e7bbc168001038ba70e453ab03e7030a9336bf028b1db4a0fc27bbb4bf0f,50338,image/webp,200,50338,image/webp,dramas/1365/original.jpg
1366,jRAQv_4f,original,dramas/1366/original.jpg,image/jpeg,158952,98846b334f715f54bf2589795107b7b735cd3eda901a41cf1747312528e044a9,158952,image/jpeg,200,158952,image/jpeg,dramas/1366/original.jpg
1366,jRAQv_4f,thumbnail,dramas/1366/thumbnail.webp,image/webp,54136,0518dc96c5167b0b85c4159be82879dbc825485f01d8eb976c06745674678c94,54136,image/webp,200,54136,image/webp,dramas/1366/original.jpg
1367,E5YR7p_4f,original,dramas/1367/original.jpg,image/jpeg,281035,3418266361382eea4e8581ac11406d7f15fe68abeb54f4d621b24fa1280ad800,281035,image/jpeg,200,281035,image/jpeg,dramas/1367/original.jpg
1367,E5YR7p_4f,thumbnail,dramas/1367/thumbnail.webp,image/webp,49210,7f22349030c105d2bfa7db8740a8cb7559345dba18da0ee9da304e782c40e8ba,49210,image/webp,200,49210,image/webp,dramas/1367/original.jpg
1368,abW1ef,original,dramas/1368/original.jpg,image/jpeg,66666,d840c3d053cc215fb368765e9ac07f5bdd650fcd18281c01d9435a8eb08e5a28,66666,image/jpeg,200,66666,image/jpeg,dramas/1368/original.jpg
1368,abW1ef,thumbnail,dramas/1368/thumbnail.webp,image/webp,33700,9a7ee80ebb674dd229312a97b7c5e0e22ca58526d2d248253d0430d82ff16575,33700,image/webp,200,33700,image/webp,dramas/1368/original.jpg
1369,jQAvWw_4f,original,dramas/1369/original.jpg,image/jpeg,201561,18da48fd1e30aad355a4db0a8c1881dbf976c6321db523894042701310481128,201561,image/jpeg,200,201561,image/jpeg,dramas/1369/original.jpg
1369,jQAvWw_4f,thumbnail,dramas/1369/thumbnail.webp,image/webp,42006,74a5c29eb601bf6489cf7c4c94dd06ce48f4eb024b72696b2036076f82c8f85c,42006,image/webp,200,42006,image/webp,dramas/1369/original.jpg
1370,E5x540_4f,original,dramas/1370/original.jpg,image/jpeg,309143,c7ef208c4d8cef228751d6121a2e854a839c3eaf8cef3b2b87d4f8d52d98040d,309143,image/jpeg,200,309143,image/jpeg,dramas/1370/original.jpg
1370,E5x540_4f,thumbnail,dramas/1370/thumbnail.webp,image/webp,74298,c88092af6455e9e1dc5572ffa56582954440d6531c1bee6bf8eda02f63d5be5b,74298,image/webp,200,74298,image/webp,dramas/1370/original.jpg
1371,X06Rd_4f,original,dramas/1371/original.jpg,image/jpeg,87620,84dac6d319afde2c934d5d3700fba71689b136df3e2c3583b4fba4923dd80fd0,87620,image/jpeg,200,87620,image/jpeg,dramas/1371/original.jpg
1371,X06Rd_4f,thumbnail,dramas/1371/thumbnail.webp,image/webp,22862,858115e843c4803855082108af7d0c811c2978c4474d4d1de5bfd9b04010b421,22862,image/webp,200,22862,image/webp,dramas/1371/original.jpg
1372,1wg1JR_4f,original,dramas/1372/original.jpg,image/jpeg,334915,0d6431e38dfc11dcbf15ba4335b3ae686e875c06b8a748e8426e12f9d51fe94d,334915,image/jpeg,200,334915,image/jpeg,dramas/1372/original.jpg
1372,1wg1JR_4f,thumbnail,dramas/1372/thumbnail.webp,image/webp,78624,04e2a7e0701cf628943f6d66e897ea45526d1e9b088a9dff8b05894045076d0a,78624,image/webp,200,78624,image/webp,dramas/1372/original.jpg
1373,d02VOb_4f,original,dramas/1373/original.jpg,image/jpeg,164862,feb25dc83c0eb5b3d3cdfca5d305ab2989621a8b9df8a92ebfd0a974d97f7473,164862,image/jpeg,200,164862,image/jpeg,dramas/1373/original.jpg
1373,d02VOb_4f,thumbnail,dramas/1373/thumbnail.webp,image/webp,25838,539c0e1eab31f394b47eac2742ad622ff86065a972bc4c3cdba699a4ee24c18c,25838,image/webp,200,25838,image/webp,dramas/1373/original.jpg
1374,wvXJp_4f,original,dramas/1374/original.jpg,image/jpeg,86487,f75a453e9c2592bdf7780808764d5d702cf38bd539060185a2f48c2eafcf4014,86487,image/jpeg,200,86487,image/jpeg,dramas/1374/original.jpg
1374,wvXJp_4f,thumbnail,dramas/1374/thumbnail.webp,image/webp,15300,f0c9f3b48e8f1827e377931f3ef70ce74a6e76b354ab1f1bfc226ac54cf55d0b,15300,image/webp,200,15300,image/webp,dramas/1374/original.jpg
1375,QJ8zQv_4f,original,dramas/1375/original.jpg,image/jpeg,193471,f7efadca9ee8f0a962bad38d14465dcb8979df93ba4dcc3b408f7c44a899acbb,193471,image/jpeg,200,193471,image/jpeg,dramas/1375/original.jpg
1375,QJ8zQv_4f,thumbnail,dramas/1375/thumbnail.webp,image/webp,41594,1715a176559653c8996f43625886194348d30fb682e1244ea202bbcf80fc29dc,41594,image/webp,200,41594,image/webp,dramas/1375/original.jpg
1376,QJKVK7_4f,original,dramas/1376/original.jpg,image/jpeg,189307,d90e0b4042f84b5ae35fc1a1ca66f39f90730e7ad53f951eac6ce5837a479c0b,189307,image/jpeg,200,189307,image/jpeg,dramas/1376/original.jpg
1376,QJKVK7_4f,thumbnail,dramas/1376/thumbnail.webp,image/webp,38538,2941820599ef77761f5b214389331859bb03469112dd879cb173005e610b06f1,38538,image/webp,200,38538,image/webp,dramas/1376/original.jpg
1377,0wxDAr_4f,original,dramas/1377/original.jpg,image/jpeg,72928,de105ee9d4c037e5ca5184d95522f07cb3119dbce08d890533e3395af4765b80,72928,image/jpeg,200,72928,image/jpeg,dramas/1377/original.jpg
1377,0wxDAr_4f,thumbnail,dramas/1377/thumbnail.webp,image/webp,10622,39a60cd68a9ce011f5dbf8c71d7d8b61616732f02b0527dd38454ef56d4d7622,10622,image/webp,200,10622,image/webp,dramas/1377/original.jpg
1378,Xdbe3g_4f,original,dramas/1378/original.jpg,image/jpeg,234904,a15f78e9f13e9bd4dd824df08e34c68055ac1a4134f5a2f9b27843c5784c222d,234904,image/jpeg,200,234904,image/jpeg,dramas/1378/original.jpg
1378,Xdbe3g_4f,thumbnail,dramas/1378/thumbnail.webp,image/webp,54736,45c655dceeb81b79b74bb6f8c442e0c92e35481009615ea48f873cabe6a132e6,54736,image/webp,200,54736,image/webp,dramas/1378/original.jpg
1379,X0EKn_4f,original,dramas/1379/original.jpg,image/jpeg,197171,b2449771a1d94910f1b025498c52ea98909c6c36685ede9226fd992990701910,197171,image/jpeg,200,197171,image/jpeg,dramas/1379/original.jpg
1379,X0EKn_4f,thumbnail,dramas/1379/thumbnail.webp,image/webp,39712,3a82c83639c2ab98a8f1ab907f2dde396f986e3ad3563d8b056fc177e8690aee,39712,image/webp,200,39712,image/webp,dramas/1379/original.jpg
1380,eY8Q0Y_4f,original,dramas/1380/original.jpg,image/jpeg,245663,feb8178955b52ed8d0dead02470911256cb2fc8c232f555f8c0381098ddb5b51,245663,image/jpeg,200,245663,image/jpeg,dramas/1380/original.jpg
1380,eY8Q0Y_4f,thumbnail,dramas/1380/thumbnail.webp,image/webp,50838,a25701e7fb2721fd52347e9fd208ea539ae12c8eaca47ebc8c6d5db7fc52fb25,50838,image/webp,200,50838,image/webp,dramas/1380/original.jpg
1381,2wwjwW_4f,original,dramas/1381/original.jpg,image/jpeg,178447,bebee5d1d57ad8c7b0a5a07be14402249ed04c537fc8f005b4939e3cae61e87e,178447,image/jpeg,200,178447,image/jpeg,dramas/1381/original.jpg
1381,2wwjwW_4f,thumbnail,dramas/1381/thumbnail.webp,image/webp,40532,879467b35fcfa0c0c4aeda0a92eb843cd0a7451d61de08373469aad2b8dff98c,40532,image/webp,200,40532,image/webp,dramas/1381/original.jpg
1382,QJ0brv_4f,original,dramas/1382/original.jpg,image/jpeg,144458,52bb98a444144f7e948f32b67df06573896c55cee610b36b508d68f5da5e6c72,144458,image/jpeg,200,144458,image/jpeg,dramas/1382/original.jpg
1382,QJ0brv_4f,thumbnail,dramas/1382/thumbnail.webp,image/webp,41366,2dc3891ed8609e318cc7536856b063b3a77932c133d108950774c3174a1a2635,41366,image/webp,200,41366,image/webp,dramas/1382/original.jpg
1383,5v8b2y_4f,original,dramas/1383/original.jpg,image/jpeg,217049,8d49ab9221ea449bc817557e307c703e70cec0d736958fb1aca2cc7e9b94cadb,217049,image/jpeg,200,217049,image/jpeg,dramas/1383/original.jpg
1383,5v8b2y_4f,thumbnail,dramas/1383/thumbnail.webp,image/webp,51386,a7b1790760f343185fff499e09d01bdba51fbe6621ce33c6daae24df0baef1bf,51386,image/webp,200,51386,image/webp,dramas/1383/original.jpg
1384,81wLQf,original,dramas/1384/original.jpg,image/jpeg,182042,1670ca212518bee5c73897a38a2f91a8202dd4e374cb8129eee25d448c7fa8e4,182042,image/jpeg,200,182042,image/jpeg,dramas/1384/original.jpg
1384,81wLQf,thumbnail,dramas/1384/thumbnail.webp,image/webp,72900,1bfa9bda0f7a48e6505b1f1330232153560543ca85bfa41c999979f1d9ffa557,72900,image/webp,200,72900,image/webp,dramas/1384/original.jpg
1385,QJlO12_4f,original,dramas/1385/original.jpg,image/jpeg,187123,61487752a874a3ebe8a9ea6cebeee34a1746992b05e5bbfc7724364333b9e2f3,187123,image/jpeg,200,187123,image/jpeg,dramas/1385/original.jpg
1385,QJlO12_4f,thumbnail,dramas/1385/thumbnail.webp,image/webp,31500,b0100e5b3cb7561f3a616bbaafd059701d1bdc2f2f81126dc10e151481fb1b68,31500,image/webp,200,31500,image/webp,dramas/1385/original.jpg
1386,1657R_4f,original,dramas/1386/original.jpg,image/jpeg,170647,df1385047fa8b84fb652639765f0ed4a9479511c0d185f9c4070942f4ba01890,170647,image/jpeg,200,170647,image/jpeg,dramas/1386/original.jpg
1386,1657R_4f,thumbnail,dramas/1386/thumbnail.webp,image/webp,21670,5605c07957445fa716a7f0f0702e5b273d7cca3cd278c93ab1669c08546e4f75,21670,image/webp,200,21670,image/webp,dramas/1386/original.jpg
1387,0Z3WK_4f,original,dramas/1387/original.jpg,image/jpeg,159351,0ebc39c05ae0d850388bc7496d2d4f9eb26f188de29f0b2777656fcccf40e5f5,159351,image/jpeg,200,159351,image/jpeg,dramas/1387/original.jpg
1387,0Z3WK_4f,thumbnail,dramas/1387/thumbnail.webp,image/webp,32184,e447b82acf916715ef655554b209f29ac1462db8d28805622981767e9229617e,32184,image/webp,200,32184,image/webp,dramas/1387/original.jpg
1388,qYq4j8_4f,original,dramas/1388/original.jpg,image/jpeg,158294,87ee5e36c45c389d5f9fa9a3f1bc1e51c082a7106e556a3841101c294e258089,158294,image/jpeg,200,158294,image/jpeg,dramas/1388/original.jpg
1388,qYq4j8_4f,thumbnail,dramas/1388/thumbnail.webp,image/webp,30230,68cb965d4db7d14817b37015fd8567d2d10576424f8d73c1beb084ef286aaca6,30230,image/webp,200,30230,image/webp,dramas/1388/original.jpg
1389,kAXnyd_4f,original,dramas/1389/original.jpg,image/jpeg,61232,4aa433566bee56479344ee7e2e3631cc52dd13a6bcf6d32219e4e0dcd03101c7,61232,image/jpeg,200,61232,image/jpeg,dramas/1389/original.jpg
1389,kAXnyd_4f,thumbnail,dramas/1389/thumbnail.webp,image/webp,26440,f5188a128885a584dda61e67410cdc8ccaf95bec7300f9b1cd2949ed9dfa4104,26440,image/webp,200,26440,image/webp,dramas/1389/original.jpg
1390,2woy12_4f,original,dramas/1390/original.jpg,image/jpeg,149665,27320f41083212037f12fc8b16d1dc628b4de2cc6a6a18248fcad347f3f39a48,149665,image/jpeg,200,149665,image/jpeg,dramas/1390/original.jpg
1390,2woy12_4f,thumbnail,dramas/1390/thumbnail.webp,image/webp,49610,96427979a53c12a3751ced2dc95a7223eca0b3d42325d5f32531910b98b971f9,49610,image/webp,200,49610,image/webp,dramas/1390/original.jpg
1391,JB8jRy_4f,original,dramas/1391/original.jpg,image/jpeg,145683,64a367c8dd685f65deccd748242dc649feeba87915724ff1ee1c602145a97010,145683,image/jpeg,200,145683,image/jpeg,dramas/1391/original.jpg
1391,JB8jRy_4f,thumbnail,dramas/1391/thumbnail.webp,image/webp,26420,4ebfa49b8a43a2b4d870d5324f3ffdb5a519ac62a7ea5e2184b19e1a651aae74,26420,image/webp,200,26420,image/webp,dramas/1391/original.jpg
1392,O8LPEb_4f,original,dramas/1392/original.jpg,image/jpeg,147239,93439170730b63c369af4e2b458a1a629959de70166f357abb777975d3494c6b,147239,image/jpeg,200,147239,image/jpeg,dramas/1392/original.jpg
1392,O8LPEb_4f,thumbnail,dramas/1392/thumbnail.webp,image/webp,26076,a764f25e0c3903d783561e1092b1224bf3b5dd4b78f0475f86b31559283f4bb0,26076,image/webp,200,26076,image/webp,dramas/1392/original.jpg
1393,E53720_4f,original,dramas/1393/original.jpg,image/jpeg,182774,369eb3034b6c0e5bcc313b7567bd1be88eb28298340e67fc4f51862baada0ab9,182774,image/jpeg,200,182774,image/jpeg,dramas/1393/original.jpg
1393,E53720_4f,thumbnail,dramas/1393/thumbnail.webp,image/webp,37010,f82f538a01af54b6432a7890771733eaa0bfeefb9b007bd41f3f9ffc0d58e9fc,37010,image/webp,200,37010,image/webp,dramas/1393/original.jpg
1394,1wlvv5_4f,original,dramas/1394/original.jpg,image/jpeg,266568,2508a9f7b19b82e771e10f032937dbe7edee2539302d8413a266b93d4f8ea395,266568,image/jpeg,200,266568,image/jpeg,dramas/1394/original.jpg
1394,1wlvv5_4f,thumbnail,dramas/1394/thumbnail.webp,image/webp,46224,e5859d99c3664494fe874b01c73466734b81db01abb76b2b5c21f824dd365635,46224,image/webp,200,46224,image/webp,dramas/1394/original.jpg
1395,RBWq7P_4f,original,dramas/1395/original.jpg,image/jpeg,205070,df4760b90395b097dfc774e38416e3cfb512ed7d5c3048c1e8f0eb0a459c70be,205070,image/jpeg,200,205070,image/jpeg,dramas/1395/original.jpg
1395,RBWq7P_4f,thumbnail,dramas/1395/thumbnail.webp,image/webp,42088,f1cbffdf73a152d4690642bd77c92a8f4bb72bafd088e78aa831149df3f95531,42088,image/webp,200,42088,image/webp,dramas/1395/original.jpg
1396,pqmpV_4f,original,dramas/1396/original.jpg,image/jpeg,315018,545571730af81309fecb58bb898895a124f76ea15cb7d9cba4a7cb640e7fbc17,315018,image/jpeg,200,315018,image/jpeg,dramas/1396/original.jpg
1396,pqmpV_4f,thumbnail,dramas/1396/thumbnail.webp,image/webp,75180,d29362f9003b701eb5f9b65f85fd30132ab94f1afea8fe305c12cdd52a49acbd,75180,image/webp,200,75180,image/webp,dramas/1396/original.jpg
1397,x4jKzq_4f,original,dramas/1397/original.jpg,image/jpeg,63053,919b557728599939735f336bf65d97886454b956c472c3534e952b64ca887f41,63053,image/jpeg,200,63053,image/jpeg,dramas/1397/original.jpg
1397,x4jKzq_4f,thumbnail,dramas/1397/thumbnail.webp,image/webp,25158,d31ea30da50e1695fa7d0cc771f76783302db1c97aab710906383e9b335c4d82,25158,image/webp,200,25158,image/webp,dramas/1397/original.jpg
1398,qYAz2K_4f,original,dramas/1398/original.jpg,image/jpeg,203117,3cf85aad5c9ac9f1186480d6b4aafd20c39cdc5c3b3005ce37be9a67f58256f7,203117,image/jpeg,200,203117,image/jpeg,dramas/1398/original.jpg
1398,qYAz2K_4f,thumbnail,dramas/1398/thumbnail.webp,image/webp,48610,30bc644c195a3391117ed593a74d71b7a01eff880be6d075481bd050b0d9c370,48610,image/webp,200,48610,image/webp,dramas/1398/original.jpg
1399,x4k80w_4f,original,dramas/1399/original.jpg,image/jpeg,390851,7675851036addf4caa41a7c89ef82f28d9dfd48973ae8771115dc4a4f3f67107,390851,image/jpeg,200,390851,image/jpeg,dramas/1399/original.jpg
1399,x4k80w_4f,thumbnail,dramas/1399/thumbnail.webp,image/webp,66516,d110ba38f0bf3a7666877b019567809b7e1c3fcf953d43ab6e923e2689701374,66516,image/webp,200,66516,image/webp,dramas/1399/original.jpg
1400,pdBK8n_4f,original,dramas/1400/original.jpg,image/jpeg,253196,64b20e5ff2364783e493dec02f4e24308ceffda1525e577a21d2de3ce8c84a8c,253196,image/jpeg,200,253196,image/jpeg,dramas/1400/original.jpg
1400,pdBK8n_4f,thumbnail,dramas/1400/thumbnail.webp,image/webp,55970,d9cf8f3d5d0efc36b7e8d3e386f3a358840e3209683e030722720a178ef33fc9,55970,image/webp,200,55970,image/webp,dramas/1400/original.jpg
1401,Z8RjDq_4f,original,dramas/1401/original.jpg,image/jpeg,167028,87ab1bf31630712e03dc3fcf3001950b11fea071dfe9c94bf602d285e707abf8,167028,image/jpeg,200,167028,image/jpeg,dramas/1401/original.jpg
1401,Z8RjDq_4f,thumbnail,dramas/1401/thumbnail.webp,image/webp,28620,1ffa0d2740b901909c251b5bc878dcf4c05707648f1068e5c63d4d26ac54b2ad,28620,image/webp,200,28620,image/webp,dramas/1401/original.jpg
1402,QJXBqQ_4f,original,dramas/1402/original.jpg,image/jpeg,215956,5047f148ced0bee6d7a471dd1914bf17b8cd915f8583937dfdf404d17d7455ce,215956,image/jpeg,200,215956,image/jpeg,dramas/1402/original.jpg
1402,QJXBqQ_4f,thumbnail,dramas/1402/thumbnail.webp,image/webp,44600,e6f56b0cd4f092e56a7e4a543f87a7722557677dec5e73103b37975e3fbe58cd,44600,image/webp,200,44600,image/webp,dramas/1402/original.jpg
1403,E57DpQ_4f,original,dramas/1403/original.jpg,image/jpeg,283418,24c9b5782e25ace8b4de992cd0042633d8807382d73ec48bbdf4494384baf879,283418,image/jpeg,200,283418,image/jpeg,dramas/1403/original.jpg
1403,E57DpQ_4f,thumbnail,dramas/1403/thumbnail.webp,image/webp,60714,4b42e3bc81b18595f0f3d8c35b779caad3f0dca803a0091de69146b56d2e2a60,60714,image/webp,200,60714,image/webp,dramas/1403/original.jpg
1404,x4vZ6E_4f,original,dramas/1404/original.jpg,image/jpeg,199840,0975e50dbe8ee3058ede235f15c9172bc39897a26247eac734975d65b96b3489,199840,image/jpeg,200,199840,image/jpeg,dramas/1404/original.jpg
1404,x4vZ6E_4f,thumbnail,dramas/1404/thumbnail.webp,image/webp,35478,cf92eaac8289fd1ccd86ca1d26587f1b155e670a707123ce23cd8e089ada6839,35478,image/webp,200,35478,image/webp,dramas/1404/original.jpg
1405,2won0w_4f,original,dramas/1405/original.jpg,image/jpeg,129047,5650c523e288b67a975ac437f6d9867babf9649d273bbf79513681b053c67d06,129047,image/jpeg,200,129047,image/jpeg,dramas/1405/original.jpg
1405,2won0w_4f,thumbnail,dramas/1405/thumbnail.webp,image/webp,34480,261ecbdfb5895e5668ad80dbc033ea2d7cd9e65d8ec0338ff147f7676afb043e,34480,image/webp,200,34480,image/webp,dramas/1405/original.jpg
1406,2w44jE_4f,original,dramas/1406/original.jpg,image/jpeg,329773,e2cf897d695a8cecce671c485a38d3326bc7524ef148ab2f5534481cc79af016,329773,image/jpeg,200,329773,image/jpeg,dramas/1406/original.jpg
1406,2w44jE_4f,thumbnail,dramas/1406/thumbnail.webp,image/webp,79044,7508486a57d99d73a1b789fb6b7420d689b930a34b097d55ef515ecf457799de,79044,image/webp,200,79044,image/webp,dramas/1406/original.jpg
1407,d0dQAf,original,dramas/1407/original.jpg,image/jpeg,168788,7f840ecf2ac6e8b8e4649d833bfd06674029be6903d714ecbae5aa00bfc7b71c,168788,image/jpeg,200,168788,image/jpeg,dramas/1407/original.jpg
1407,d0dQAf,thumbnail,dramas/1407/thumbnail.webp,image/webp,43008,59ebe7cc9c79c953f2a170ad4b0ee8123aea5320fd309ee2fb789735e7a13b39,43008,image/webp,200,43008,image/webp,dramas/1407/original.jpg
1408,2wQKwf,original,dramas/1408/original.jpg,image/jpeg,109802,21b8ffbf708beb94bcdb3d5186a0519b8d907057d6bc0fb68c4d609d0560da44,109802,image/jpeg,200,109802,image/jpeg,dramas/1408/original.jpg
1408,2wQKwf,thumbnail,dramas/1408/thumbnail.webp,image/webp,49976,c97b4dcc3d7c6a9a881b2c1a25a23348d3d810668eb3a9502786f52910e5e367,49976,image/webp,200,49976,image/webp,dramas/1408/original.jpg
1409,Bdvn3l_4f,original,dramas/1409/original.jpg,image/jpeg,201542,b18b0a59c8f54ab3981b151938985c8dcca0e47acf2308df8c9535c20fea5a16,201542,image/jpeg,200,201542,image/jpeg,dramas/1409/original.jpg
1409,Bdvn3l_4f,thumbnail,dramas/1409/thumbnail.webp,image/webp,37482,7de5c30b9e4f652375e6cebbc1094237ab77164a415b31dc67a6f71e8d7f7d9b,37482,image/webp,200,37482,image/webp,dramas/1409/original.jpg
1410,60Qkq0_4f,original,dramas/1410/original.jpg,image/jpeg,96437,f25c5519e87319e3a97c72be39f03a0d93c9f8b7ac5d1877ac76373f633ba07f,96437,image/jpeg,200,96437,image/jpeg,dramas/1410/original.jpg
1410,60Qkq0_4f,thumbnail,dramas/1410/thumbnail.webp,image/webp,33530,b516b9ed4130ce4a8c531becc6a565f15fa43cfabc6611affeec79c82334aeeb,33530,image/webp,200,33530,image/webp,dramas/1410/original.jpg
1411,BdqYxl_4f,original,dramas/1411/original.jpg,image/jpeg,227828,8c1d3f6d0ad9cfe549e2e89ee13b23e69c8a05c85421faa87e88de1d42de17f8,227828,image/jpeg,200,227828,image/jpeg,dramas/1411/original.jpg
1411,BdqYxl_4f,thumbnail,dramas/1411/thumbnail.webp,image/webp,55812,e23cbbf4b17d4fe98df14a44abe72ae05caa695966072c842856b6e931ad2178,55812,image/webp,200,55812,image/webp,dramas/1411/original.jpg
1412,1YXkd_4f,original,dramas/1412/original.jpg,image/jpeg,194563,a50a37a3fe7b9e9e660f79b2d8fa17239a28dd77564cfed3b27344daf3c89b83,194563,image/jpeg,200,194563,image/jpeg,dramas/1412/original.jpg
1412,1YXkd_4f,thumbnail,dramas/1412/thumbnail.webp,image/webp,34762,b19c5720a0fb206631c25c1ab633af565d2f0d1b41491789168d560cbb1762d1,34762,image/webp,200,34762,image/webp,dramas/1412/original.jpg
1413,WPWygl_4f,original,dramas/1413/original.jpg,image/jpeg,262355,9b7cbed603a519e9329e633c735b848edec4848d3e08a7217f067af8f13fc292,262355,image/jpeg,200,262355,image/jpeg,dramas/1413/original.jpg
1413,WPWygl_4f,thumbnail,dramas/1413/thumbnail.webp,image/webp,48868,581b599e638b11606f2cfe60817229b4f3522ac6df2bc2b3ffb05f35feecc10a,48868,image/webp,200,48868,image/webp,dramas/1413/original.jpg
1414,2wmq1V_4f,original,dramas/1414/original.jpg,image/jpeg,221489,7ac5078a31dd402210e9ecb50c2a0c2f64f42bcc313eb0d9dbbd4295489fd816,221489,image/jpeg,200,221489,image/jpeg,dramas/1414/original.jpg
1414,2wmq1V_4f,thumbnail,dramas/1414/thumbnail.webp,image/webp,40738,6c4cff92aee8c1aedba551c29efd0c816ed87ab0a94ed06aa7fb7b37b426a087,40738,image/webp,200,40738,image/webp,dramas/1414/original.jpg
1415,eY3dnQ_4f,original,dramas/1415/original.jpg,image/jpeg,83187,d61fca18a35678af7668bea53f4bb84a6ce9941af3151202911ebb72b9a1d195,83187,image/jpeg,200,83187,image/jpeg,dramas/1415/original.jpg
1415,eY3dnQ_4f,thumbnail,dramas/1415/thumbnail.webp,image/webp,33640,f1215b14040fc509d3c1e7154982518d8af568e952ff448cc6ab0af5bf6a375a,33640,image/webp,200,33640,image/webp,dramas/1415/original.jpg
1416,60zJ2O_4f,original,dramas/1416/original.jpg,image/jpeg,188491,b141c7f7707eeef01b2ecc4673f5f402a2921f6ed8228049045601ec1d1b033a,188491,image/jpeg,200,188491,image/jpeg,dramas/1416/original.jpg
1416,60zJ2O_4f,thumbnail,dramas/1416/thumbnail.webp,image/webp,37282,31737e241a907c41958fa8c9d63ee7f820f1a2e3ec139db19fbbc73cef9fa2a5,37282,image/webp,200,37282,image/webp,dramas/1416/original.jpg
1417,QJKyzA_4f,original,dramas/1417/original.jpg,image/jpeg,125403,8564cfe8c417a08ad593b4aa150c832eac0c6aac156262ca86a7b42aa843a39b,125403,image/jpeg,200,125403,image/jpeg,dramas/1417/original.jpg
1417,QJKyzA_4f,thumbnail,dramas/1417/thumbnail.webp,image/webp,19960,f246b1f40416eb207d00a5969bb11dac17f557e356a759f7d76dab919ad66dfe,19960,image/webp,200,19960,image/webp,dramas/1417/original.jpg
1418,d0zgYK_4f,original,dramas/1418/original.jpg,image/jpeg,228709,13b91d370089ed050698e3cbcd8013e1499ac97201892bf505b51a152c527cf7,228709,image/jpeg,200,228709,image/jpeg,dramas/1418/original.jpg
1418,d0zgYK_4f,thumbnail,dramas/1418/thumbnail.webp,image/webp,45484,efba171e586cee379e5ef487eddb377204f1445bd616a464f7af56decf681934,45484,image/webp,200,45484,image/webp,dramas/1418/original.jpg
1419,Z8voOO_4f,original,dramas/1419/original.jpg,image/jpeg,248156,4e03945c0ade0c1308fa089fee22238e443c315968ff9a792c93dd0ae09655d6,248156,image/jpeg,200,248156,image/jpeg,dramas/1419/original.jpg
1419,Z8voOO_4f,thumbnail,dramas/1419/thumbnail.webp,image/webp,46320,470b2a1fdc4ef6db13f37f5111b7d6693f84e62bfe68268b209a4155ccbe281f,46320,image/webp,200,46320,image/webp,dramas/1419/original.jpg
1420,E5Ndl7_4f,original,dramas/1420/original.jpg,image/jpeg,183503,57cb64c4edab99d2afc1382f2480c9220944f78dc190448f426bc37f27645be2,183503,image/jpeg,200,183503,image/jpeg,dramas/1420/original.jpg
1420,E5Ndl7_4f,thumbnail,dramas/1420/thumbnail.webp,image/webp,39214,fab181b392da876e83cf63a94a5a183d7735ac5b90aa254b9f3c560ed3e870ac,39214,image/webp,200,39214,image/webp,dramas/1420/original.jpg
1421,rNrOeZ_4f,original,dramas/1421/original.jpg,image/jpeg,199296,e7fe451874cb42a4797ed7a104d2df3bc0b255d6bad150d0a00b7cfba8a3fe64,199296,image/jpeg,200,199296,image/jpeg,dramas/1421/original.jpg
1421,rNrOeZ_4f,thumbnail,dramas/1421/thumbnail.webp,image/webp,39556,ffa983ec17be6b4fb193232fa988e80d54ceaf0846373f57ef847085b7104dda,39556,image/webp,200,39556,image/webp,dramas/1421/original.jpg
1422,dNO1d_4f,original,dramas/1422/original.jpg,image/jpeg,182579,e8b958582ef022eaa812394b5d9c5304fb6a65c86bc5299d62cdba2819c141a1,182579,image/jpeg,200,182579,image/jpeg,dramas/1422/original.jpg
1422,dNO1d_4f,thumbnail,dramas/1422/thumbnail.webp,image/webp,32938,b07c3b5ca354310cf22593e265777ba67fe2af8a674f31a71c32a1cb86a89291,32938,image/webp,200,32938,image/webp,dramas/1422/original.jpg
1423,q3oo5_4f,original,dramas/1423/original.jpg,image/jpeg,73154,d5a20bbe120af867e15b01864621dd6e5a92e74182ebc2b91f335ed96c9c0c2f,73154,image/jpeg,200,73154,image/jpeg,dramas/1423/original.jpg
1423,q3oo5_4f,thumbnail,dramas/1423/thumbnail.webp,image/webp,20810,c2e31f865e5f058fc5a2c6d12d318dd1a46c82a36846f9a61205ecf0b05f714d,20810,image/webp,200,20810,image/webp,dramas/1423/original.jpg
1424,pddbzb_4f,original,dramas/1424/original.jpg,image/jpeg,236783,873918eab5503ba7b7aaaf0221a0ed2997a369a4189afb683e77442d4eaf1a7c,236783,image/jpeg,200,236783,image/jpeg,dramas/1424/original.jpg
1424,pddbzb_4f,thumbnail,dramas/1424/thumbnail.webp,image/webp,42896,e66d2d2e307f96c0ca89b24202093230c903db4313fe98cdce772a438a9ed924,42896,image/webp,200,42896,image/webp,dramas/1424/original.jpg
1425,eYw6QK_4f,original,dramas/1425/original.jpg,image/jpeg,109487,d841d3f2e8552cebd49249d9bca833ca15664aa9b07348006e21935a291a752e,109487,image/jpeg,200,109487,image/jpeg,dramas/1425/original.jpg
1425,eYw6QK_4f,thumbnail,dramas/1425/thumbnail.webp,image/webp,20708,fc76d568b081490e7aab2868bca09ee0a0e1c1a097aed770cedc3272e86d13e8,20708,image/webp,200,20708,image/webp,dramas/1425/original.jpg
1426,wJwdQ1_4f,original,dramas/1426/original.jpg,image/jpeg,169765,e4c3b3ef3fbeb416e9c0e485796333a1a52d7358a14ec250849bd363fe7efa59,169765,image/jpeg,200,169765,image/jpeg,dramas/1426/original.jpg
1426,wJwdQ1_4f,thumbnail,dramas/1426/thumbnail.webp,image/webp,31318,bfb2fd214ab2c4d1b400a9152fa0bad7fcd32845b1b2bbe52bccfe4329c9a66b,31318,image/webp,200,31318,image/webp,dramas/1426/original.jpg
1427,60pKAO_4f,original,dramas/1427/original.jpg,image/jpeg,204990,86fdb1178fbff12887dbb6f5f3467f699816b6402fc9c541a466f9f394ad8955,204990,image/jpeg,200,204990,image/jpeg,dramas/1427/original.jpg
1427,60pKAO_4f,thumbnail,dramas/1427/thumbnail.webp,image/webp,41242,db3f5ea3a6f7b510e7bcc25607599aeb6cb2364c02b928fc47bb2a174df7c836,41242,image/webp,200,41242,image/webp,dramas/1427/original.jpg
1428,QJ1Vw6_4f,original,dramas/1428/original.jpg,image/jpeg,298371,ec17886f7c3ee705badcdbf9116c9ced9485214b3c0bbb7029b17e7f93d06885,298371,image/jpeg,200,298371,image/jpeg,dramas/1428/original.jpg
1428,QJ1Vw6_4f,thumbnail,dramas/1428/thumbnail.webp,image/webp,45104,398c38472953f8a84d7a4b1ed13f328f62f49ad2eff672601321e6eafda67359,45104,image/webp,200,45104,image/webp,dramas/1428/original.jpg
1429,eQrVd_4f,original,dramas/1429/original.jpg,image/jpeg,113690,d563d37b41aca476e8d9188908b603f130916aab9094c750eed926b3f239b74b,113690,image/jpeg,200,113690,image/jpeg,dramas/1429/original.jpg
1429,eQrVd_4f,thumbnail,dramas/1429/thumbnail.webp,image/webp,38994,bbf28523120bc5b9670344b48ed6343e8c912748f3c854a8e3bc1d698f8e96dd,38994,image/webp,200,38994,image/webp,dramas/1429/original.jpg
1430,wJVDkn_4f,original,dramas/1430/original.jpg,image/jpeg,142078,12d6f0ae251fda79d382f5ced3a3960c2c831a8d51717e0305862e025d83bb8c,142078,image/jpeg,200,142078,image/jpeg,dramas/1430/original.jpg
1430,wJVDkn_4f,thumbnail,dramas/1430/thumbnail.webp,image/webp,17526,0e98dffb66a17895fa864b7c3105a28945e2e5a09eff88f87a68ab73fd20bc2d,17526,image/webp,200,17526,image/webp,dramas/1430/original.jpg
1431,QJNjwg_4f,original,dramas/1431/original.jpg,image/jpeg,270475,7ce3b666a8a5767a941f04c8f9915bade7f942dbba49a6741ae172c06a2f0d54,270475,image/jpeg,200,270475,image/jpeg,dramas/1431/original.jpg
1431,QJNjwg_4f,thumbnail,dramas/1431/thumbnail.webp,image/webp,62086,22ae75a2216e275e44c50f0a2b95c7092844a86f24e3a03980fe7fd4a485281b,62086,image/webp,200,62086,image/webp,dramas/1431/original.jpg
1432,XdAWyp_4f,original,dramas/1432/original.jpg,image/jpeg,189444,536ffd4603842b2e3bdc9c7e920c3640286676d1e92cf5572d58763e4c64b6f4,189444,image/jpeg,200,189444,image/jpeg,dramas/1432/original.jpg
1432,XdAWyp_4f,thumbnail,dramas/1432/thumbnail.webp,image/webp,40852,8bab830073bf6111a7540ffa1eac7e4f90cdb774856b6e77b77c17c279017b56,40852,image/webp,200,40852,image/webp,dramas/1432/original.jpg
1433,d0YzR5_4f,original,dramas/1433/original.jpg,image/jpeg,261247,066f337bc54d073cc65156e2586dd423c639c26095a9df01de0571faab8abe2a,261247,image/jpeg,200,261247,image/jpeg,dramas/1433/original.jpg
1433,d0YzR5_4f,thumbnail,dramas/1433/thumbnail.webp,image/webp,57802,a646589dd9ca458054368442f5273db743317e64b4fdb935c9b4d2ece98d8e74,57802,image/webp,200,57802,image/webp,dramas/1433/original.jpg
1434,0wpyqO_4f,original,dramas/1434/original.jpg,image/jpeg,192496,1671c87ee6ef34d59b0b6ca3f23b4b3c58134b2c2f6f941aaf6cb8a13682325f,192496,image/jpeg,200,192496,image/jpeg,dramas/1434/original.jpg
1434,0wpyqO_4f,thumbnail,dramas/1434/thumbnail.webp,image/webp,37118,785287ca8d8987a918a347b0708d618ef3163a59e537f5ed97cc2486677ae193,37118,image/webp,200,37118,image/webp,dramas/1434/original.jpg
1435,BdvnL5_4f,original,dramas/1435/original.jpg,image/jpeg,141506,d007cbfd955a102a195909b86c1e465fa1418893f02d0111fe09648f2025faf1,141506,image/jpeg,200,141506,image/jpeg,dramas/1435/original.jpg
1435,BdvnL5_4f,thumbnail,dramas/1435/thumbnail.webp,image/webp,27446,aa8d916275bc8eb64ed92decb197d1c003cea55b320d8d0d34008c5e7a42342e,27446,image/webp,200,27446,image/webp,dramas/1435/original.jpg
1436,wJlQ5N_4f,original,dramas/1436/original.jpg,image/jpeg,172822,4f916fc33f30c961a56d7e5b5bcaa62c67ed28184bf1df78f524266c8e32d418,172822,image/jpeg,200,172822,image/jpeg,dramas/1436/original.jpg
1436,wJlQ5N_4f,thumbnail,dramas/1436/thumbnail.webp,image/webp,36722,059c976510dc3211b7fc79a1bd199461456901f9449a52ed5ba688b55a4a5a26,36722,image/webp,200,36722,image/webp,dramas/1436/original.jpg
1437,O8jdyf,original,dramas/1437/original.jpg,image/jpeg,317858,ceb00784cfb3a12d348693d1eb028737eb8211bd7d49810d6e6e69652365fda3,317858,image/jpeg,200,317858,image/jpeg,dramas/1437/original.jpg
1437,O8jdyf,thumbnail,dramas/1437/thumbnail.webp,image/webp,65086,2e87c9f74dc0f95e5474f6ebe395a040622a85aa51a1b2c9c4ed73ef2a937426,65086,image/webp,200,65086,image/webp,dramas/1437/original.jpg
1438,2wDxoR_4f,original,dramas/1438/original.jpg,image/jpeg,103364,47baf2a7ed2faa711bfa0996276a8342735911a5060684f98a204f94d45f2344,103364,image/jpeg,200,103364,image/jpeg,dramas/1438/original.jpg
1438,2wDxoR_4f,thumbnail,dramas/1438/thumbnail.webp,image/webp,18824,8eb9a72fde98d1dc4f3c7eac68cc7cc3c3f3991123e02249f766723d84a307fa,18824,image/webp,200,18824,image/webp,dramas/1438/original.jpg
1439,2X1XW_4f,original,dramas/1439/original.jpg,image/jpeg,33089,d04549bb40220369048677c38a0bc8efefbd40df2c1e51a199a2ce704804f8ae,33089,image/jpeg,200,33089,image/jpeg,dramas/1439/original.jpg
1439,2X1XW_4f,thumbnail,dramas/1439/thumbnail.webp,image/webp,23200,bd43a09351b7e35560f53895748316a6112decdaa9f93617933d740c454b17ed,23200,image/webp,200,23200,image/webp,dramas/1439/original.jpg
1440,vXjLPq_4f,original,dramas/1440/original.jpg,image/jpeg,53729,434fa71f8d27169a473debf91815448c503eec9e0381469ede2dc924dd433f43,53729,image/jpeg,200,53729,image/jpeg,dramas/1440/original.jpg
1440,vXjLPq_4f,thumbnail,dramas/1440/thumbnail.webp,image/webp,26214,2181892cd4e57b390abdd372d4ed933d0197be5ec8680f68e3c2b0d281423b5a,26214,image/webp,200,26214,image/webp,dramas/1440/original.jpg
1441,Bd2Vjl_4f,original,dramas/1441/original.jpg,image/jpeg,169129,02e2c035af0749b1c1978c8e4b9fe506e741688847d598f0acc48d3d05736fcf,169129,image/jpeg,200,169129,image/jpeg,dramas/1441/original.jpg
1441,Bd2Vjl_4f,thumbnail,dramas/1441/thumbnail.webp,image/webp,33306,91a1063cd9ebe56b9514a86379ffc92e836125c73925442e318bf7055df2d5dc,33306,image/webp,200,33306,image/webp,dramas/1441/original.jpg
1442,eYjqDQ_4f,original,dramas/1442/original.jpg,image/jpeg,189167,45affdbfce3d1ddc0f3ddd32546e7bef0cfb57be5bcc026d76b5500f8cb9bae5,189167,image/jpeg,200,189167,image/jpeg,dramas/1442/original.jpg
1442,eYjqDQ_4f,thumbnail,dramas/1442/thumbnail.webp,image/webp,43248,d0627e5711049c962d14555343e7a5246d9e49c891b83731b4ee92b3e287c0fc,43248,image/webp,200,43248,image/webp,dramas/1442/original.jpg
1443,rN8nEf,original,dramas/1443/original.jpg,image/jpeg,182899,68012d2215c082a5eb75d71370afc0f519fac86f03782d0aa5cd3d2dda87734c,182899,image/jpeg,200,182899,image/jpeg,dramas/1443/original.jpg
1443,rN8nEf,thumbnail,dramas/1443/thumbnail.webp,image/webp,44944,8bc3139e09da9f9b351194b4a0ccb117a256156575a35426a21d49d953aa9d96,44944,image/webp,200,44944,image/webp,dramas/1443/original.jpg
1444,mOnN2k_4f,original,dramas/1444/original.jpg,image/jpeg,168456,bb735f9c438de2790c3e9e5e6b3f08fa9e266207ca5558f42dac7b74cfb9cde3,168456,image/jpeg,200,168456,image/jpeg,dramas/1444/original.jpg
1444,mOnN2k_4f,thumbnail,dramas/1444/thumbnail.webp,image/webp,32594,4b498c51919e379969359799f0d87f2826b1379063a83ff575ad841449e28b9c,32594,image/webp,200,32594,image/webp,dramas/1444/original.jpg
1445,WPjO4P_4f,original,dramas/1445/original.jpg,image/jpeg,162402,29423346ee464a75211761a49623c21c32a5a03ad56f5685ffddb111a58f22c6,162402,image/jpeg,200,162402,image/jpeg,dramas/1445/original.jpg
1445,WPjO4P_4f,thumbnail,dramas/1445/thumbnail.webp,image/webp,31004,6b011d7b317d6d75dd596384995998a1991035fb801808c3b0b388a06cd69153,31004,image/webp,200,31004,image/webp,dramas/1445/original.jpg
1446,mO6OPm_4f,original,dramas/1446/original.jpg,image/jpeg,164512,17ed12b0298a7568261480da07a0fe2cc8d70dc86e753c19142339887d306806,164512,image/jpeg,200,164512,image/jpeg,dramas/1446/original.jpg
1446,mO6OPm_4f,thumbnail,dramas/1446/thumbnail.webp,image/webp,31852,965b7a26e6466198a5f64f815cbc13119cdcc4918e760d7a86459432ade5af7f,31852,image/webp,200,31852,image/webp,dramas/1446/original.jpg
1447,qYbz7B_4f,original,dramas/1447/original.jpg,image/jpeg,218847,dc8ce19509f551f6b120071f13c59771a47a4263adc35375dd69245721f4ca16,218847,image/jpeg,200,218847,image/jpeg,dramas/1447/original.jpg
1447,qYbz7B_4f,thumbnail,dramas/1447/thumbnail.webp,image/webp,76470,4f2aee3ad3e7edca72a6925e584dededb77b56578c5223e4aa2f6d852b51c0ac,76470,image/webp,200,76470,image/webp,dramas/1447/original.jpg
1448,vXXmNZ_4f,original,dramas/1448/original.jpg,image/jpeg,132763,929daf7ecc216454005efbd24456006c3feaa70de8c52ab4ef1e3a24339db9d2,132763,image/jpeg,200,132763,image/jpeg,dramas/1448/original.jpg
1448,vXXmNZ_4f,thumbnail,dramas/1448/thumbnail.webp,image/webp,47878,54ce2acfe402b87f6081da1966e1d47ed38d737074615f9e33b2c6b2a2f0b872,47878,image/webp,200,47878,image/webp,dramas/1448/original.jpg
1449,1wd2zb_4f,original,dramas/1449/original.jpg,image/jpeg,278196,15044ee4910450cbcea2f859c7bfa7a47bbf8b7f35048c9643a7ca229b0796c7,278196,image/jpeg,200,278196,image/jpeg,dramas/1449/original.jpg
1449,1wd2zb_4f,thumbnail,dramas/1449/thumbnail.webp,image/webp,66088,7306818c19409c1ff5c261363090e4049d66181d2396b550d812fe9b1675a85a,66088,image/webp,200,66088,image/webp,dramas/1449/original.jpg
1450,0w0mZ6_4f,original,dramas/1450/original.jpg,image/jpeg,207260,60dcee055f73cf90f0048df45d7d89d9df47e2f86c54579a3484ef5ec503fd43,207260,image/jpeg,200,207260,image/jpeg,dramas/1450/original.jpg
1450,0w0mZ6_4f,thumbnail,dramas/1450/thumbnail.webp,image/webp,36628,1f0bf9987abf44976eee1bdb868d53b86132e4ef217d203de3d5566e0db8c9dd,36628,image/webp,200,36628,image/webp,dramas/1450/original.jpg
1451,3oNXoR_4f,original,dramas/1451/original.jpg,image/jpeg,307620,dcae6a243fb124b4d4c842beb79410379ca4f2c4cfbf58054048157ca001d6fb,307620,image/jpeg,200,307620,image/jpeg,dramas/1451/original.jpg
1451,3oNXoR_4f,thumbnail,dramas/1451/thumbnail.webp,image/webp,55124,103804f669a0093c15ca6b058e06b0efe20a18ce2f0dc1eaba2c21125f1a49be,55124,image/webp,200,55124,image/webp,dramas/1451/original.jpg
1452,0wpD0r_4f,original,dramas/1452/original.jpg,image/jpeg,118917,519f791ade8321f944df12d3391c9940c71f4690c9154d2d8f56f107d3aa3195,118917,image/jpeg,200,118917,image/jpeg,dramas/1452/original.jpg
1452,0wpD0r_4f,thumbnail,dramas/1452/thumbnail.webp,image/webp,17168,40bb9ee51785009955e44acdc19970bb7ff780bafcce1093b276d8c06819f705,17168,image/webp,200,17168,image/webp,dramas/1452/original.jpg
1453,oQ50Xz_4f,original,dramas/1453/original.jpg,image/jpeg,304595,efd587de72d6f0db6f130cb827fd0b76d37063595f92abe8d97610b43bcf0052,304595,image/jpeg,200,304595,image/jpeg,dramas/1453/original.jpg
1453,oQ50Xz_4f,thumbnail,dramas/1453/thumbnail.webp,image/webp,61576,728e93b1fbc9dc752725e78605ecd0d9200ef45a45b6ef9cc61c7ac0371beb7d,61576,image/webp,200,61576,image/webp,dramas/1453/original.jpg
1454,O8y12y_4f,original,dramas/1454/original.jpg,image/jpeg,172557,6e53319d054c82076939ac395258405a856069155f646c2655edf7970c39c3f7,172557,image/jpeg,200,172557,image/jpeg,dramas/1454/original.jpg
1454,O8y12y_4f,thumbnail,dramas/1454/thumbnail.webp,image/webp,34928,437aa5ee6fbe0799b4cf595ba331fd99626cc9de296f2011862ebd4b4ed0e25d,34928,image/webp,200,34928,image/webp,dramas/1454/original.jpg
1455,kAWxqr_4f,original,dramas/1455/original.jpg,image/jpeg,172314,9e1c7e2dc176a3aed9184ae8de59e82f8e2e7369c1db884b0bf93c13d0433874,172314,image/jpeg,200,172314,image/jpeg,dramas/1455/original.jpg
1455,kAWxqr_4f,thumbnail,dramas/1455/thumbnail.webp,image/webp,30380,3a656ecc4064dcc7b213613f415631a01dae9b526116246eb579183fde386876,30380,image/webp,200,30380,image/webp,dramas/1455/original.jpg
1456,wJw8zN_4f,original,dramas/1456/original.jpg,image/jpeg,229053,3de590bf945acdc8d24cc1d6dc62b92a939c6e0046032c5fdfb19a017736ad36,229053,image/jpeg,200,229053,image/jpeg,dramas/1456/original.jpg
1456,wJw8zN_4f,thumbnail,dramas/1456/thumbnail.webp,image/webp,48226,8d73a21bd0982afe57f44c2e0283521bb7c8743edb6cd967ec17df6a5d47a45c,48226,image/webp,200,48226,image/webp,dramas/1456/original.jpg
1457,RBPwLg_4f,original,dramas/1457/original.jpg,image/jpeg,174995,f708e212b3ee86e31c23b12bd9c5edeacfec9d16cc128c688cac3fb22dc7e2e6,174995,image/jpeg,200,174995,image/jpeg,dramas/1457/original.jpg
1457,RBPwLg_4f,thumbnail,dramas/1457/thumbnail.webp,image/webp,38636,039b5ba50f15610f17fa9c26c3433071e17f037853610209cc71162eeea20934,38636,image/webp,200,38636,image/webp,dramas/1457/original.jpg
1458,Bd2Dz7_4f,original,dramas/1458/original.jpg,image/jpeg,134642,e23cb9514e2aff1d282406e9f2aab0169ce6501d7e82e25b8fe57c0c3572f83c,134642,image/jpeg,200,134642,image/jpeg,dramas/1458/original.jpg
1458,Bd2Dz7_4f,thumbnail,dramas/1458/thumbnail.webp,image/webp,25068,2ad9c7d6141039c896ee32638aa1181e3ec7600da6b2d041c4ac18df65d9c1d8,25068,image/webp,200,25068,image/webp,dramas/1458/original.jpg
1459,mOE4Eb_4f,original,dramas/1459/original.jpg,image/jpeg,163432,f71478260e84b2b69a55d05ec4fd761f8f3036c4df9ed459b030f4aced00e1f4,163432,image/jpeg,200,163432,image/jpeg,dramas/1459/original.jpg
1459,mOE4Eb_4f,thumbnail,dramas/1459/thumbnail.webp,image/webp,29062,1e2e9d9ea31da582f3665642901fba32f9be0b158b40740dcf83531983c56f4a,29062,image/webp,200,29062,image/webp,dramas/1459/original.jpg
1460,l0QLZQ_4f,original,dramas/1460/original.jpg,image/jpeg,259595,2a202f9defef085e3621bd9737a74b9d4d980bd58a61dee2abf3c5e46a534679,259595,image/jpeg,200,259595,image/jpeg,dramas/1460/original.jpg
1460,l0QLZQ_4f,thumbnail,dramas/1460/thumbnail.webp,image/webp,43740,b7e8c17b937f2ca94f3834f405fe7134028662c5d51de90a1af179c2c3fa7c7c,43740,image/webp,200,43740,image/webp,dramas/1460/original.jpg
1461,BdBgXb_4f,original,dramas/1461/original.jpg,image/jpeg,273058,6cc518a7e20b655a346c8bbe321a70f3eabe03343095dcb7dcc65f6c1bd16434,273058,image/jpeg,200,273058,image/jpeg,dramas/1461/original.jpg
1461,BdBgXb_4f,thumbnail,dramas/1461/thumbnail.webp,image/webp,72166,f20f0e65757e72acb53c0c72f8b25fab74d5dbfcbc510557cc1643c648ca386f,72166,image/webp,200,72166,image/webp,dramas/1461/original.jpg
1462,kAWyDd_4f,original,dramas/1462/original.jpg,image/jpeg,166737,c2e64ab14f6d108196ef5a75ddbc935115a4b0232cd15c307a83fdf590aa9580,166737,image/jpeg,200,166737,image/jpeg,dramas/1462/original.jpg
1462,kAWyDd_4f,thumbnail,dramas/1462/thumbnail.webp,image/webp,27408,9db3dcec2ca29f3b3a0ab0870b8c8be28b0aba6f2c5496309230943c56515db9,27408,image/webp,200,27408,image/webp,dramas/1462/original.jpg
1463,ABZ6wE_4f,original,dramas/1463/original.jpg,image/jpeg,124839,b679bdfbeba5c725e965cb37f0dbe8fd0c78dff7142259c0202771c93d79066d,124839,image/jpeg,200,124839,image/jpeg,dramas/1463/original.jpg
1463,ABZ6wE_4f,thumbnail,dramas/1463/thumbnail.webp,image/webp,21530,937e92d83fec2a8845c33bab6ea3d2916fa26f3f36a4eacd64678fc0abc61fa0,21530,image/webp,200,21530,image/webp,dramas/1463/original.jpg
1464,2wn5n7_4f,original,dramas/1464/original.jpg,image/jpeg,218433,cd88e960d6b25eb574f4c5cf91d28b12ee95c5f73f08f41c81de238736e2f5a9,218433,image/jpeg,200,218433,image/jpeg,dramas/1464/original.jpg
1464,2wn5n7_4f,thumbnail,dramas/1464/thumbnail.webp,image/webp,46456,8512adb10dfb315ed468c15a70929e1978d50d8ea43c895ba0b7568a3a47ef42,46456,image/webp,200,46456,image/webp,dramas/1464/original.jpg
1465,qYOOKQ_4f,original,dramas/1465/original.jpg,image/jpeg,230419,6e9e118cfffc76d72602dcd7a4e424a1e7279edce77ec25e4e240e603e671995,230419,image/jpeg,200,230419,image/jpeg,dramas/1465/original.jpg
1465,qYOOKQ_4f,thumbnail,dramas/1465/thumbnail.webp,image/webp,38512,d0d259a491857f52bdf25817f681c02672907e943b677fc8fb9afe10ea4b9bdc,38512,image/webp,200,38512,image/webp,dramas/1465/original.jpg
1466,eYnJPQ_4f,original,dramas/1466/original.jpg,image/jpeg,196989,78c155d3322382dfd3aec4a265234cdcfd7ab61ea5f64d689973a989b17d3d9a,196989,image/jpeg,200,196989,image/jpeg,dramas/1466/original.jpg
1466,eYnJPQ_4f,thumbnail,dramas/1466/thumbnail.webp,image/webp,33024,debcd522f5802cbafcdd1bd4960722ef824f3d68295915840123a511c3f011f1,33024,image/webp,200,33024,image/webp,dramas/1466/original.jpg
1467,rN53dj_4f,original,dramas/1467/original.jpg,image/jpeg,180849,bd7fabd937db2da220da047fe6ecda928f77c3c2d3e143324b272ca87490200e,180849,image/jpeg,200,180849,image/jpeg,dramas/1467/original.jpg
1467,rN53dj_4f,thumbnail,dramas/1467/thumbnail.webp,image/webp,35932,af27a22ab9c9f66705573ac6090a6a25d57f4a899f26ce23d277cacbf5c135d5,35932,image/webp,200,35932,image/webp,dramas/1467/original.jpg
1468,60olQO_4f,original,dramas/1468/original.jpg,image/jpeg,189851,53afb00064384cd9cf190bf4b8697d1df802444159ddca552548c93064b4d8dd,189851,image/jpeg,200,189851,image/jpeg,dramas/1468/original.jpg
1468,60olQO_4f,thumbnail,dramas/1468/thumbnail.webp,image/webp,30960,cd328328008602a407916a0e24ffc63bb56deef6dd4dbf1411ecd336f116fa42,30960,image/webp,200,30960,image/webp,dramas/1468/original.jpg
1469,WPble5_4f,original,dramas/1469/original.jpg,image/jpeg,176408,7b07d54cd4f2b794c3c336cda4eda4535004df36d3c61b35a613edc3e45e47a1,176408,image/jpeg,200,176408,image/jpeg,dramas/1469/original.jpg
1469,WPble5_4f,thumbnail,dramas/1469/thumbnail.webp,image/webp,37066,66db7513791dbffd95b02a734c2aa846ea719f0edba49c95a859a4331b0d5803,37066,image/webp,200,37066,image/webp,dramas/1469/original.jpg
1470,E5PpJW_4f,original,dramas/1470/original.jpg,image/jpeg,200009,9c11ddf3487bd7856184cae5db8e5f896499d42cff6615cfe28f1e3d4779b292,200009,image/jpeg,200,200009,image/jpeg,dramas/1470/original.jpg
1470,E5PpJW_4f,thumbnail,dramas/1470/thumbnail.webp,image/webp,39624,9952411af18677b061b83a2d8d52aa8c9a359a808f8900596a658b3a0b5f6bfd,39624,image/webp,200,39624,image/webp,dramas/1470/original.jpg
1471,wJlbEY_4f,original,dramas/1471/original.jpg,image/jpeg,209626,226140a3ae1845d10088dc01e99b3fc617a4f63c7a651aade16acf0eb71a9755,209626,image/jpeg,200,209626,image/jpeg,dramas/1471/original.jpg
1471,wJlbEY_4f,thumbnail,dramas/1471/thumbnail.webp,image/webp,42892,ba9c2d85fd985e1c247178ed5c9566f7ceaea64fdd2486e0c6e9ce52c8577bec,42892,image/webp,200,42892,image/webp,dramas/1471/original.jpg
1472,XdeOxf,original,dramas/1472/original.jpg,image/jpeg,183187,a0bb3c33fdbc6b4ba24c043ebacbff45802876e01e632fa93f84ec7e3d299b1f,183187,image/jpeg,200,183187,image/jpeg,dramas/1472/original.jpg
1472,XdeOxf,thumbnail,dramas/1472/thumbnail.webp,image/webp,44566,1b53a0b04f09ecd0d63d70e6994a0657ddad4901c7ade06de88e737f75e2beb4,44566,image/webp,200,44566,image/webp,dramas/1472/original.jpg
1473,0wbmRK_4f,original,dramas/1473/original.jpg,image/jpeg,181854,f167a6263caa3ff1e7d3fd0a1c6cbf12f9605d43a5eeee367f5229bf91776855,181854,image/jpeg,200,181854,image/jpeg,dramas/1473/original.jpg
1473,0wbmRK_4f,thumbnail,dramas/1473/thumbnail.webp,image/webp,37358,25e694d2eb40b3c7ec8f815c5ee95736979631bc339fc0fccfd315caebf75f93,37358,image/webp,200,37358,image/webp,dramas/1473/original.jpg
1474,VXOmlJ_4f,original,dramas/1474/original.jpg,image/jpeg,225005,53b01cbc65c2c366470fc96d8cce154113d51225fe133f907e7d4e1db313fd6a,225005,image/jpeg,200,225005,image/jpeg,dramas/1474/original.jpg
1474,VXOmlJ_4f,thumbnail,dramas/1474/thumbnail.webp,image/webp,46968,cd4ee67224724d3deb4306b10d44dcf0cf950f7d01351e6c271bff155163c934,46968,image/webp,200,46968,image/webp,dramas/1474/original.jpg
1475,Z8Bmj1_4f,original,dramas/1475/original.jpg,image/jpeg,199021,8451519bb7e92a20f0618650a975f3c4293534faccc1b328b912671d9c1b6eeb,199021,image/jpeg,200,199021,image/jpeg,dramas/1475/original.jpg
1475,Z8Bmj1_4f,thumbnail,dramas/1475/thumbnail.webp,image/webp,34072,1ae0abe8af837fa5362c0a7e405d7b1db106b6e8f428c317d0dfe8ec1e2f240d,34072,image/webp,200,34072,image/webp,dramas/1475/original.jpg
1476,QJ7qQv_4f,original,dramas/1476/original.jpg,image/jpeg,204546,fab5d8c8f89667ae3046f7bc07daf472253dba4f153e5caf57ec3944f1e76540,204546,image/jpeg,200,204546,image/jpeg,dramas/1476/original.jpg
1476,QJ7qQv_4f,thumbnail,dramas/1476/thumbnail.webp,image/webp,46128,ae65e9d8d931275ea9d1f61b8c28ed8e342634e85e55d6ebc93836f9b4a0a8b2,46128,image/webp,200,46128,image/webp,dramas/1476/original.jpg
1477,LwP8rb_4f,original,dramas/1477/original.jpg,image/jpeg,168041,d24f347535e873e5286d69fdd23def85439926a3bbcd94d2e73ea75e6c1b9eb3,168041,image/jpeg,200,168041,image/jpeg,dramas/1477/original.jpg
1477,LwP8rb_4f,thumbnail,dramas/1477/thumbnail.webp,image/webp,34106,bc3fca94ac514f5983baa112b2ac16b95933b7b52ae3041e3ebbbeb4603f225d,34106,image/webp,200,34106,image/webp,dramas/1477/original.jpg
1478,YYVyZQ_4f,original,dramas/1478/original.jpg,image/jpeg,206604,603f007a3e7d0b8d2ec640f3356c39ef0f261dc83a0e58ebabb688b81f2c4840,206604,image/jpeg,200,206604,image/jpeg,dramas/1478/original.jpg
1478,YYVyZQ_4f,thumbnail,dramas/1478/thumbnail.webp,image/webp,40896,24e970f9f8fdb30344cc53661ae35082c712fe25c07f5ae66e66bb6c3ffd4554,40896,image/webp,200,40896,image/webp,dramas/1478/original.jpg
1479,x4K4VE_4f,original,dramas/1479/original.jpg,image/jpeg,151081,6ceaf699395330dec901321ec143ea24e6dbf4fa0de8429110ef23a2f7be72de,151081,image/jpeg,200,151081,image/jpeg,dramas/1479/original.jpg
1479,x4K4VE_4f,thumbnail,dramas/1479/thumbnail.webp,image/webp,29982,2fae9cc1238df27dab359abdaa0b64a2f46a300af73cb1a2af3d6d8b69e9a62c,29982,image/webp,200,29982,image/webp,dramas/1479/original.jpg
1480,Bd3KQb_4f,original,dramas/1480/original.jpg,image/jpeg,245964,7ba985012d3f40cd9cbf48d28c9d99406f21c1e16381ffaa93e393642a778c5b,245964,image/jpeg,200,245964,image/jpeg,dramas/1480/original.jpg
1480,Bd3KQb_4f,thumbnail,dramas/1480/thumbnail.webp,image/webp,46154,300c9515411a54576eb26e685597a82465ce2d10e1a3e7e82314f89ac654b495,46154,image/webp,200,46154,image/webp,dramas/1480/original.jpg
1481,Z8RkV8_4f,original,dramas/1481/original.jpg,image/jpeg,161780,f03e3d26f48641fb7fc868321550f9eaf006fbc70ac2a6c09e387d48763e6d73,161780,image/jpeg,200,161780,image/jpeg,dramas/1481/original.jpg
1481,Z8RkV8_4f,thumbnail,dramas/1481/thumbnail.webp,image/webp,61426,1c5635a7cdfefdcbff010acbc2eda7c3d912e876d3079904879f081ab3c58eba,61426,image/webp,200,61426,image/webp,dramas/1481/original.jpg
1482,jQXjAb_4f,original,dramas/1482/original.jpg,image/jpeg,225334,c07e06d1b0dcc01bd9279b0c3b585fb7831e7b361dddc7ef85fe39b1d3426143,225334,image/jpeg,200,225334,image/jpeg,dramas/1482/original.jpg
1482,jQXjAb_4f,thumbnail,dramas/1482/thumbnail.webp,image/webp,51744,d63c1b298cbf17fa9160b4c0aad44a3c7798e21a4f5c458ecf759538b496e1d5,51744,image/webp,200,51744,image/webp,dramas/1482/original.jpg
1483,oQYpKY_4f,original,dramas/1483/original.jpg,image/jpeg,224764,1f01cd9ce242c5176cd326dd5e4a29d52fe30ac87d43f21b0ddd668ae9b0714f,224764,image/jpeg,200,224764,image/jpeg,dramas/1483/original.jpg
1483,oQYpKY_4f,thumbnail,dramas/1483/thumbnail.webp,image/webp,50876,15d967c7de65e5bd5af1ff91a703c7a68c6bd388b618c54b19f63d28b82714a1,50876,image/webp,200,50876,image/webp,dramas/1483/original.jpg
1484,O8pn3Y_4f,original,dramas/1484/original.jpg,image/jpeg,181932,0cdc309747e2bbc6716158b45a95aaf115835ad8a655a3cfc62e6af77e06c60f,181932,image/jpeg,200,181932,image/jpeg,dramas/1484/original.jpg
1484,O8pn3Y_4f,thumbnail,dramas/1484/thumbnail.webp,image/webp,27872,0093a93bfc6110de3d56db95e2415040184cc568da99c743d82c802aa64f23d0,27872,image/webp,200,27872,image/webp,dramas/1484/original.jpg
1485,l0QRLe_4f,original,dramas/1485/original.jpg,image/jpeg,209830,20277171eb5c75859852626f19dc9781a47eed0b55b4d866d53b73ab7d285633,209830,image/jpeg,200,209830,image/jpeg,dramas/1485/original.jpg
1485,l0QRLe_4f,thumbnail,dramas/1485/thumbnail.webp,image/webp,36752,12f5cb56ec28f4acc83e7773ef58567ec4c7bba3fa21a19365e1bda42e692762,36752,image/webp,200,36752,image/webp,dramas/1485/original.jpg
1486,3obERj_4f,original,dramas/1486/original.jpg,image/jpeg,274736,4fe253a056de28a003d78eee42ead42bd3fe047ddfd39ed7b2bd285d6bc2e6cc,274736,image/jpeg,200,274736,image/jpeg,dramas/1486/original.jpg
1486,3obERj_4f,thumbnail,dramas/1486/thumbnail.webp,image/webp,57438,0878d47d7851edd1a8948e73fe55faf96f832adc38f484ea98c1a39de51950b6,57438,image/webp,200,57438,image/webp,dramas/1486/original.jpg
1487,g06z6W_4f,original,dramas/1487/original.jpg,image/jpeg,150319,552ed2c34ab8e6caadf3b530872322d1a7c2f621c0ddce1c55915373b4a9d2fd,150319,image/jpeg,200,150319,image/jpeg,dramas/1487/original.jpg
1487,g06z6W_4f,thumbnail,dramas/1487/thumbnail.webp,image/webp,51780,73809160c277d0060effbe9a4a0ef943b554a946f4a826c65f232bb537bf4699,51780,image/webp,200,51780,image/webp,dramas/1487/original.jpg
1488,LwRdyr_4f,original,dramas/1488/original.jpg,image/jpeg,146775,92cfae4e09e9eb0a6543cfb12ed96e7a39a87f9d1687219650e11175db442105,146775,image/jpeg,200,146775,image/jpeg,dramas/1488/original.jpg
1488,LwRdyr_4f,thumbnail,dramas/1488/thumbnail.webp,image/webp,28876,0512fea80bf8a2eeb6e149572e81d9285368e06680102bea2b92e5910ded003e,28876,image/webp,200,28876,image/webp,dramas/1488/original.jpg
1489,1wKdRb_4f,original,dramas/1489/original.jpg,image/jpeg,187308,7ab010c9c0eeb0f04c15b43419872c26460a3bf37b94f82ba9efeb591aaa5a3e,187308,image/jpeg,200,187308,image/jpeg,dramas/1489/original.jpg
1489,1wKdRb_4f,thumbnail,dramas/1489/thumbnail.webp,image/webp,36138,48fd7ef42b43924187a5e3403939bd973b1c905ba28bd41cb3a08bb63193f0d6,36138,image/webp,200,36138,image/webp,dramas/1489/original.jpg
1490,x4KP3j_4f,original,dramas/1490/original.jpg,image/jpeg,155881,70fdecbb9b808a5b7da96eb79ee904e47eb163d4898e41b5b7efe8af153df0cf,155881,image/jpeg,200,155881,image/jpeg,dramas/1490/original.jpg
1490,x4KP3j_4f,thumbnail,dramas/1490/thumbnail.webp,image/webp,25678,78d299e3839b5d08f34c2a363dc4cf73b62404f2f9af861526cbc1a346604ffc,25678,image/webp,200,25678,image/webp,dramas/1490/original.jpg
1491,5vLEnL_4f,original,dramas/1491/original.jpg,image/jpeg,174305,c741b381c55235e616d039410546b66b986a33549edb965e75d34cfe4382b3d6,174305,image/jpeg,200,174305,image/jpeg,dramas/1491/original.jpg
1491,5vLEnL_4f,thumbnail,dramas/1491/thumbnail.webp,image/webp,40622,95b3d8c58250ac0631c19cd2cfaca0af72b0bd0d11cd00b1d98e27e1e14acb57,40622,image/webp,200,40622,image/webp,dramas/1491/original.jpg
1492,JBoRJX_4f,original,dramas/1492/original.jpg,image/jpeg,139364,432ff6b5f55b8f28fa88c89723b829a46688cf22c16ea62539858007eb7263fe,139364,image/jpeg,200,139364,image/jpeg,dramas/1492/original.jpg
1492,JBoRJX_4f,thumbnail,dramas/1492/thumbnail.webp,image/webp,25292,ccf7eba167ddab5bd2616a7a1f96376c6b71867c5f690827ce3a4fb0ac2668c6,25292,image/webp,200,25292,image/webp,dramas/1492/original.jpg
1493,b3Rk2Y_4f,original,dramas/1493/original.jpg,image/jpeg,293011,8f5377d9e496160f6b8494968598a70ad1729c18ed9421449d2645ca7bda343a,293011,image/jpeg,200,293011,image/jpeg,dramas/1493/original.jpg
1493,b3Rk2Y_4f,thumbnail,dramas/1493/thumbnail.webp,image/webp,69060,9336b5e8e9ed6bff6b3a575815c7b38f487e0f7be7e3feb53623f37dc58c75a5,69060,image/webp,200,69060,image/webp,dramas/1493/original.jpg
1494,ABRNyg_4f,original,dramas/1494/original.jpg,image/jpeg,197960,e6c6ae2c3f3c5ea2c3fd6d9070e8414c35add8f45aa47c696539fb15dc6ecd5f,197960,image/jpeg,200,197960,image/jpeg,dramas/1494/original.jpg
1494,ABRNyg_4f,thumbnail,dramas/1494/thumbnail.webp,image/webp,37706,ac19cd4e8f63aaca83a228252171017e6f1ac2e3f4b4afb93ef38994002a9bf9,37706,image/webp,200,37706,image/webp,dramas/1494/original.jpg
1495,oQ6DJY_4f,original,dramas/1495/original.jpg,image/jpeg,137295,60e3a448aaf11885a8573ffce532b0737546ffca22ce3120d2178a164fcacd22,137295,image/jpeg,200,137295,image/jpeg,dramas/1495/original.jpg
1495,oQ6DJY_4f,thumbnail,dramas/1495/thumbnail.webp,image/webp,29596,6c54725866cad11f38eb6b14c13c55e27443cba494cb9c787adb52ac43028a3e,29596,image/webp,200,29596,image/webp,dramas/1495/original.jpg
1496,73EN0L_4f,original,dramas/1496/original.jpg,image/jpeg,228730,069850c40e130c096ac9b9753006b23114a447b4738d43be64440f699d2ce2ba,228730,image/jpeg,200,228730,image/jpeg,dramas/1496/original.jpg
1496,73EN0L_4f,thumbnail,dramas/1496/thumbnail.webp,image/webp,52476,a39e13646a64c314e2d9d3a83d2d5e35f0c3c1b3d6fbff4a1d3fc7f0b23c55cb,52476,image/webp,200,52476,image/webp,dramas/1496/original.jpg
1497,kAE4pk_4f,original,dramas/1497/original.jpg,image/jpeg,149114,baf483d4dd3d6b87fb1233675a01b09178433f681486114b3f4fcd3be81628b4,149114,image/jpeg,200,149114,image/jpeg,dramas/1497/original.jpg
1497,kAE4pk_4f,thumbnail,dramas/1497/thumbnail.webp,image/webp,34760,5f0165fc365a7888aa175ade89122b6894ba9e29fd503f382b812c86ca036f49,34760,image/webp,200,34760,image/webp,dramas/1497/original.jpg
1498,l0LbAN_4f,original,dramas/1498/original.jpg,image/jpeg,317117,6c777ccbdb964dc7f1b7ff8de2c01c5d4d83fc962bbc4a2cb46410aa515b825b,317117,image/jpeg,200,317117,image/jpeg,dramas/1498/original.jpg
1498,l0LbAN_4f,thumbnail,dramas/1498/thumbnail.webp,image/webp,63370,46060fa33a8d7ce60e2c3e43bb4c721766427322618a6f66d85404548381a536,63370,image/webp,200,63370,image/webp,dramas/1498/original.jpg
1499,kAdzVb_4f,original,dramas/1499/original.jpg,image/jpeg,272540,8f3ecde92f85c53528c6aafef3a25bb17f7d574cb19f3299a9cf8f1a9fd3dec9,272540,image/jpeg,200,272540,image/jpeg,dramas/1499/original.jpg
1499,kAdzVb_4f,thumbnail,dramas/1499/thumbnail.webp,image/webp,60236,bb9d293d2c02ea6c815e285e9df6a67e2357fc9f62f432263a3bfb0775ded4e9,60236,image/webp,200,60236,image/webp,dramas/1499/original.jpg
1500,Pxoqm3_4f,original,dramas/1500/original.jpg,image/jpeg,220646,a7bac84d4d0847a6b0bdbe3244a200af3b7989dd92121b1a14d4bcc92ea8ab81,220646,image/jpeg,200,220646,image/jpeg,dramas/1500/original.jpg
1500,Pxoqm3_4f,thumbnail,dramas/1500/thumbnail.webp,image/webp,40374,72bbf07d0a4439f13e309e1f183e5fe63d2da7b9e61daa5c9b8405a95ee83262,40374,image/webp,200,40374,image/webp,dramas/1500/original.jpg
1501,wJw3ZY_4f,original,dramas/1501/original.jpg,image/jpeg,267897,15a3f46de585b26941dfb3e0e75aca64a1b9c334d6a3bbc19e15ac884baf149c,267897,image/jpeg,200,267897,image/jpeg,dramas/1501/original.jpg
1501,wJw3ZY_4f,thumbnail,dramas/1501/thumbnail.webp,image/webp,45026,d57b2cbb415bcc016a491905a33b19683310064735613019c3a1b82622d9f50a,45026,image/webp,200,45026,image/webp,dramas/1501/original.jpg
1502,jQg7JO_4f,original,dramas/1502/original.jpg,image/jpeg,175011,a99b19f157be72e74989f1dda9a8fed4de053d1be561c2489d22511e5fb4e22c,175011,image/jpeg,200,175011,image/jpeg,dramas/1502/original.jpg
1502,jQg7JO_4f,thumbnail,dramas/1502/thumbnail.webp,image/webp,32160,61dc800a74c5953f207ea47ef972f65f54cab16aa13017199a31dd738b6efb0c,32160,image/webp,200,32160,image/webp,dramas/1502/original.jpg
1503,QARr2_4f,original,dramas/1503/original.jpg,image/jpeg,223231,eb8f60713eb8d37e57819d2b4295ad672d728e99df7670e943cecf0054096a14,223231,image/jpeg,200,223231,image/jpeg,dramas/1503/original.jpg
1503,QARr2_4f,thumbnail,dramas/1503/thumbnail.webp,image/webp,46832,d29215fb87e986df492484206c83a9c3b4071d289b31602e85d4b11c577388dc,46832,image/webp,200,46832,image/webp,dramas/1503/original.jpg
1504,602ewO_4f,original,dramas/1504/original.jpg,image/jpeg,251477,51059067dd10310e00defbea11aa418f9236992943475db880953c05da405da0,251477,image/jpeg,200,251477,image/jpeg,dramas/1504/original.jpg
1504,602ewO_4f,thumbnail,dramas/1504/thumbnail.webp,image/webp,52846,b0ecead0447e9c5cc2d2ac546b28559919830afb8b6b82245b5bb8505137a0ea,52846,image/webp,200,52846,image/webp,dramas/1504/original.jpg
1505,Nd87lY_4f,original,dramas/1505/original.jpg,image/jpeg,217036,83dc52f9cd8139df71cc92872709c737ffd469b19c69925054fa211d43d54cf5,217036,image/jpeg,200,217036,image/jpeg,dramas/1505/original.jpg
1505,Nd87lY_4f,thumbnail,dramas/1505/thumbnail.webp,image/webp,41620,1281ba6c5027502b080f4f670d34459d0fc4dc81704dc933a6fc862d28e46f9e,41620,image/webp,200,41620,image/webp,dramas/1505/original.jpg
1506,qYbdp2_4f,original,dramas/1506/original.jpg,image/jpeg,205785,d1ed9ac03f0c6b36e7e6dd96515b1a4f065c8dba4e6fe051889417c5782a4849,205785,image/jpeg,200,205785,image/jpeg,dramas/1506/original.jpg
1506,qYbdp2_4f,thumbnail,dramas/1506/thumbnail.webp,image/webp,44088,a04ce6a66f61570086c6f57e45932d6e553c184fa1a3de7e5dbc4aa48c726968,44088,image/webp,200,44088,image/webp,dramas/1506/original.jpg
1507,RB311x_4f,original,dramas/1507/original.jpg,image/jpeg,267428,f04b70b92b1889c939b1f2c8c545f192d20e0960c104ce5d75ed7d7f4b6ec555,267428,image/jpeg,200,267428,image/jpeg,dramas/1507/original.jpg
1507,RB311x_4f,thumbnail,dramas/1507/thumbnail.webp,image/webp,53138,f4aa0af88d0395447f671def81fa6a1518ffae291140e955597b543715cfff27,53138,image/webp,200,53138,image/webp,dramas/1507/original.jpg
1508,pd3WYr_4f,original,dramas/1508/original.jpg,image/jpeg,192148,643c70bf8f2775ffe78cd2d5b90eacf09417d86b7b4b6ccbee53fb2063995a24,192148,image/jpeg,200,192148,image/jpeg,dramas/1508/original.jpg
1508,pd3WYr_4f,thumbnail,dramas/1508/thumbnail.webp,image/webp,44170,745a87a07b064e86bbd1fd087df099701bd5cae74e0e55c92e239dfedbb3201f,44170,image/webp,200,44170,image/webp,dramas/1508/original.jpg
1509,kAkAZr_4f,original,dramas/1509/original.jpg,image/jpeg,267691,e5aaca62e57368212c7546fcafbb878c1786573bc992ea4934e56db77ad06873,267691,image/jpeg,200,267691,image/jpeg,dramas/1509/original.jpg
1509,kAkAZr_4f,thumbnail,dramas/1509/thumbnail.webp,image/webp,50832,5fa70bf8a90e099b94c69793a10b08010065412c8277864710476b188b9e3ac8,50832,image/webp,200,50832,image/webp,dramas/1509/original.jpg
1510,d0wgj0_4f,original,dramas/1510/original.jpg,image/jpeg,140763,5672c920953adfbf1fa58db50aff188491ae7f112401d8a37cb3e8aac3766c8f,140763,image/jpeg,200,140763,image/jpeg,dramas/1510/original.jpg
1510,d0wgj0_4f,thumbnail,dramas/1510/thumbnail.webp,image/webp,56548,fd01cbb740f908b09976541117c8eef5ce5a3f6d975ae12616ac6c64d7da3e35,56548,image/webp,200,56548,image/webp,dramas/1510/original.jpg
1511,6032eK_4f,original,dramas/1511/original.jpg,image/jpeg,191289,9e67623f155732e0269b9b1ec74d8ea3e2b629aa86874a216e515c1c730d7c7a,191289,image/jpeg,200,191289,image/jpeg,dramas/1511/original.jpg
1511,6032eK_4f,thumbnail,dramas/1511/thumbnail.webp,image/webp,45268,6de023c038c1660a5050d5afa52947178e4c524b418ecc09944dfd3887fc2917,45268,image/webp,200,45268,image/webp,dramas/1511/original.jpg
1512,Z8dVqL_4f,original,dramas/1512/original.jpg,image/jpeg,186259,f7fe1c4a6452be81fba947ce5a85a34d2e5a9d27dc235f52366a9e6f0a7a0348,186259,image/jpeg,200,186259,image/jpeg,dramas/1512/original.jpg
1512,Z8dVqL_4f,thumbnail,dramas/1512/thumbnail.webp,image/webp,36116,78fbbcae90840cce3cb14c0f0b640e4a19c9af986ea378c1507bc89fdd48b343,36116,image/webp,200,36116,image/webp,dramas/1512/original.jpg
1513,QJXek6_4f,original,dramas/1513/original.jpg,image/jpeg,147173,96d433b10c8272c2367c4a6e81209da5cb677f44d90554c0fe02b437607c8580,147173,image/jpeg,200,147173,image/jpeg,dramas/1513/original.jpg
1513,QJXek6_4f,thumbnail,dramas/1513/thumbnail.webp,image/webp,26634,8f2e3e896165ee4f502735f058ad593c0cdba2038d27b8c2175cc6aa54908f94,26634,image/webp,200,26634,image/webp,dramas/1513/original.jpg
1514,QJg1kv_4f,original,dramas/1514/original.jpg,image/jpeg,171762,d6fa987a6fb7781a07dfd66549a850341d93dbfde9ad7cafda23051f8a3b1e3d,171762,image/jpeg,200,171762,image/jpeg,dramas/1514/original.jpg
1514,QJg1kv_4f,thumbnail,dramas/1514/thumbnail.webp,image/webp,21798,3b65c6ce77d5f5298066777386cc5e087bff8c75071fc062d09f0638879ea1bc,21798,image/webp,200,21798,image/webp,dramas/1514/original.jpg
1515,oQXWnx_4f,original,dramas/1515/original.jpg,image/jpeg,197704,7f71deabfbe180b765def2ff6ee4b85335eb469ae2a18318c689c984967b6e3c,197704,image/jpeg,200,197704,image/jpeg,dramas/1515/original.jpg
1515,oQXWnx_4f,thumbnail,dramas/1515/thumbnail.webp,image/webp,40684,8a4e93635e5b3e00156a006e886c698efb51f726e9957e72dc776dd5b9b28075,40684,image/webp,200,40684,image/webp,dramas/1515/original.jpg
1516,3oNDZe_4f,original,dramas/1516/original.jpg,image/jpeg,271723,b280fb81cfc1af170c2325037c20c8b850c1607a722f56eadcdee8f854b363ee,271723,image/jpeg,200,271723,image/jpeg,dramas/1516/original.jpg
1516,3oNDZe_4f,thumbnail,dramas/1516/thumbnail.webp,image/webp,64366,0a92b8bb111161167b67c133ccf231a7aed89f42cd90326018c91fa0c86aded0,64366,image/webp,200,64366,image/webp,dramas/1516/original.jpg
1517,vX57e8_4f,original,dramas/1517/original.jpg,image/jpeg,164432,a6fe981b99fa8dd9201905a5bebc71c894fcd20a72c00db2c869435e5ca4da95,164432,image/jpeg,200,164432,image/jpeg,dramas/1517/original.jpg
1517,vX57e8_4f,thumbnail,dramas/1517/thumbnail.webp,image/webp,34470,4581436c6c04413fe39076f8f82687621c5e072fcc9df92b9e1987c4bb6ae849,34470,image/webp,200,34470,image/webp,dramas/1517/original.jpg
1518,VX1rEz_4f,original,dramas/1518/original.jpg,image/jpeg,198985,30b481274d9c2123519252d3d429450b7402bc198c3e48c0301329317f18b780,198985,image/jpeg,200,198985,image/jpeg,dramas/1518/original.jpg
1518,VX1rEz_4f,thumbnail,dramas/1518/thumbnail.webp,image/webp,27292,62f9e4d184021dd05c1432a29dcf2b35c7889417f6c13697bc84b55997b52f6e,27292,image/webp,200,27292,image/webp,dramas/1518/original.jpg
1519,nORKN6_4f,original,dramas/1519/original.jpg,image/jpeg,193688,bcf8d3cc70300d86897fb5eb0489365ec39dfbd64388e198afb8df2a2440e553,193688,image/jpeg,200,193688,image/jpeg,dramas/1519/original.jpg
1519,nORKN6_4f,thumbnail,dramas/1519/thumbnail.webp,image/webp,37526,c1bd5076126191c38c380e275873d7529f80d9417eb159003affde95b98d2cc7,37526,image/webp,200,37526,image/webp,dramas/1519/original.jpg
1520,QrXPg_4f,original,dramas/1520/original.jpg,image/jpeg,74041,201956b00c92e50ee22c08d9de3c142a1f3e268700ed463ec17023a5c9827a26,74041,image/jpeg,200,74041,image/jpeg,dramas/1520/original.jpg
1520,QrXPg_4f,thumbnail,dramas/1520/thumbnail.webp,image/webp,26994,209d6350df2404265411f378b4541eb1a1e9d8f85784513af31b73bdfb9ced22,26994,image/webp,200,26994,image/webp,dramas/1520/original.jpg
1521,oQzRO6_4f,original,dramas/1521/original.jpg,image/jpeg,263052,01181fdb29877dfd43aaeb2419d9c7de408c5046d4a4fd57f174b8fb122264cd,263052,image/jpeg,200,263052,image/jpeg,dramas/1521/original.jpg
1521,oQzRO6_4f,thumbnail,dramas/1521/thumbnail.webp,image/webp,50824,c07fb081b4b4ff8e40c5423ad8873bb8ec753eff461ea7826313e7c05eff669f,50824,image/webp,200,50824,image/webp,dramas/1521/original.jpg
1522,b3RrKL_4f,original,dramas/1522/original.jpg,image/jpeg,204523,0dde125ce689de04ea2d74e5b92c11ab1721f54efb5bce94ebf1e511223e4af4,204523,image/jpeg,200,204523,image/jpeg,dramas/1522/original.jpg
1522,b3RrKL_4f,thumbnail,dramas/1522/thumbnail.webp,image/webp,45788,8315533c7a8081754505ab302d5e0c7c3fcf7021867627c54831bb04e6a27aa9,45788,image/webp,200,45788,image/webp,dramas/1522/original.jpg
1523,817L5m_4f,original,dramas/1523/original.jpg,image/jpeg,206445,30cafd1c43698de6f094b95a4a240e4db463a0d49ecbfbf39f23ddf15c27591b,206445,image/jpeg,200,206445,image/jpeg,dramas/1523/original.jpg
1523,817L5m_4f,thumbnail,dramas/1523/thumbnail.webp,image/webp,34326,996f541f8106f42cd6288436a19272aa61dde38e130334129a0a25b51609c5f7,34326,image/webp,200,34326,image/webp,dramas/1523/original.jpg
1524,2wDvmV_4f,original,dramas/1524/original.jpg,image/jpeg,170453,d4e8811441b39b1c1ea182567bbfe3baa07218fe05ed6345e4337a7c7f760d0d,170453,image/jpeg,200,170453,image/jpeg,dramas/1524/original.jpg
1524,2wDvmV_4f,thumbnail,dramas/1524/thumbnail.webp,image/webp,36444,f2b1f3aede5eb832988a5f9a1a63d10a14488bf7390895fdc60e0d6ee40ecb01,36444,image/webp,200,36444,image/webp,dramas/1524/original.jpg
1525,nOJQw6_4f,original,dramas/1525/original.jpg,image/jpeg,186481,23e1aac047996f3ca5ad2796b6dada2c191a53c050c72a1e46993cfcb90041b5,186481,image/jpeg,200,186481,image/jpeg,dramas/1525/original.jpg
1525,nOJQw6_4f,thumbnail,dramas/1525/thumbnail.webp,image/webp,32914,1baaa90fe8e8d0d5f12ff8196b1b4924be96ccd1649777572c8cb75e9892613a,32914,image/webp,200,32914,image/webp,dramas/1525/original.jpg
1526,PxjZ15_4f,original,dramas/1526/original.jpg,image/jpeg,207880,2fe2e0a2981508ca0afea6c8e0fa73dfe63fa5ab04ffd1d780ea4cd52a158dc2,207880,image/jpeg,200,207880,image/jpeg,dramas/1526/original.jpg
1526,PxjZ15_4f,thumbnail,dramas/1526/thumbnail.webp,image/webp,41724,956225af95e5aa00c511de5cd84257fa25705f53b0b14d892357cea1ed5aaee4,41724,image/webp,200,41724,image/webp,dramas/1526/original.jpg
1527,5v728e_4f,original,dramas/1527/original.jpg,image/jpeg,163923,c5b0d8c0dc43d9f47d03c9643ded0a69b1b92687123c36c3960db314719d31cd,163923,image/jpeg,200,163923,image/jpeg,dramas/1527/original.jpg
1527,5v728e_4f,thumbnail,dramas/1527/thumbnail.webp,image/webp,26776,1e9991dfd0d1e39f5dd4481e62ea7a0094b107f65c5c3be7b8423db24c928afc,26776,image/webp,200,26776,image/webp,dramas/1527/original.jpg
1528,l0qKq6_4f,original,dramas/1528/original.jpg,image/jpeg,192451,69173eb6076cd9d5a88df0b58a73c7a40765fc5f23fb089dd74cd8498002fadd,192451,image/jpeg,200,192451,image/jpeg,dramas/1528/original.jpg
1528,l0qKq6_4f,thumbnail,dramas/1528/thumbnail.webp,image/webp,42946,2f2f289a69827ce53f396378c63bda58f78631a601e2ab9e1310c58ddecc5f89,42946,image/webp,200,42946,image/webp,dramas/1528/original.jpg
1529,vX3o1W_4f,original,dramas/1529/original.jpg,image/jpeg,141757,d703f65f37aad0ff9fb5fe0ff6e52c5801411fd800506ed4eeab20126188cd5e,141757,image/jpeg,200,141757,image/jpeg,dramas/1529/original.jpg
1529,vX3o1W_4f,thumbnail,dramas/1529/thumbnail.webp,image/webp,36192,b7a9ebfe29e94c0ed6861926384551f0683485e2845e0bf4c35e4cef2b3744b8,36192,image/webp,200,36192,image/webp,dramas/1529/original.jpg
1530,JBbbbX_4f,original,dramas/1530/original.jpg,image/jpeg,226277,1aeeebee4782cf3dd16178e5ca77f1e5d8b598f7b562dab2ce301468681dc37d,226277,image/jpeg,200,226277,image/jpeg,dramas/1530/original.jpg
1530,JBbbbX_4f,thumbnail,dramas/1530/thumbnail.webp,image/webp,45532,316bf4e27200e6e0c6fcd684b22ba97aba1ababbef28c65886275d788150130e,45532,image/webp,200,45532,image/webp,dramas/1530/original.jpg
1531,yWZwy1_4f,original,dramas/1531/original.jpg,image/jpeg,158589,216d9d92bdb0504d3be01cf95b006f1eb6fda5cb0d78154d670b44df680be233,158589,image/jpeg,200,158589,image/jpeg,dramas/1531/original.jpg
1531,yWZwy1_4f,thumbnail,dramas/1531/thumbnail.webp,image/webp,31084,864deeceee9c52958d3e9e5e5cbf5ba3433b92e54b72379274757c8bf46e885e,31084,image/webp,200,31084,image/webp,dramas/1531/original.jpg
1532,5vXqKZ_4f,original,dramas/1532/original.jpg,image/jpeg,225294,8a4ecf8054e2a6f849fcaa2d94fdbe794ccc3be13112daca82313266d6f4166e,225294,image/jpeg,200,225294,image/jpeg,dramas/1532/original.jpg
1532,5vXqKZ_4f,thumbnail,dramas/1532/thumbnail.webp,image/webp,47176,5a930d5a6a61b7814321c125c1f44a8ae38642e46fd1dddf7db15a59063072a6,47176,image/webp,200,47176,image/webp,dramas/1532/original.jpg
1533,1wgjV3_4f,original,dramas/1533/original.jpg,image/jpeg,176027,84ad9cf8cea22e28d14f19c490df337d53c1ba0e2b38b42bc60d5d45fab15817,176027,image/jpeg,200,176027,image/jpeg,dramas/1533/original.jpg
1533,1wgjV3_4f,thumbnail,dramas/1533/thumbnail.webp,image/webp,38248,0d82851134ad8ee946535699141db5fb09605f86ce994dba660dd6597ceec3c9,38248,image/webp,200,38248,image/webp,dramas/1533/original.jpg
1534,0wvlXe_4f,original,dramas/1534/original.jpg,image/jpeg,192642,58c9a0f0f9a83b788efd1414a8691240df83f3027dd64bd8de513dde524647d7,192642,image/jpeg,200,192642,image/jpeg,dramas/1534/original.jpg
1534,0wvlXe_4f,thumbnail,dramas/1534/thumbnail.webp,image/webp,30014,fd3c5cdf86b0b70746b17e31b0281b50a91c03078a5c3f30aa3ad8098edc5ca8,30014,image/webp,200,30014,image/webp,dramas/1534/original.jpg
1535,jQvQgB_4f,original,dramas/1535/original.jpg,image/jpeg,242443,6c0c9efc98797741ebfe536f55df63deee1ec52b713da25b42ceba97137ab6e6,242443,image/jpeg,200,242443,image/jpeg,dramas/1535/original.jpg
1535,jQvQgB_4f,thumbnail,dramas/1535/thumbnail.webp,image/webp,47664,5a5df779e8f63b6d7b06763433ff1ea8db81dc34beacc11317d2e04e1bea07b1,47664,image/webp,200,47664,image/webp,dramas/1535/original.jpg
1536,ABAQWv_4f,original,dramas/1536/original.jpg,image/jpeg,191187,6b5f622bc5fb3f4b42dcfdef3c21433838c77767f1ca010435f183d28ad376d8,191187,image/jpeg,200,191187,image/jpeg,dramas/1536/original.jpg
1536,ABAQWv_4f,thumbnail,dramas/1536/thumbnail.webp,image/webp,37520,63217eda553a2aed0844d3da015f2ba61e51140eaa8807bf0505c74925debd48,37520,image/webp,200,37520,image/webp,dramas/1536/original.jpg
1537,BdwqVl_4f,original,dramas/1537/original.jpg,image/jpeg,178797,09a193075e8049b5ad8304491bf56a2629c4b8108a4da74cb61428a92078753f,178797,image/jpeg,200,178797,image/jpeg,dramas/1537/original.jpg
1537,BdwqVl_4f,thumbnail,dramas/1537/thumbnail.webp,image/webp,37260,bc9c877be0875cb0ff5ee54a6956a51ae2ed9dbb2f00c861c943e6ec1a0d6ab3,37260,image/webp,200,37260,image/webp,dramas/1537/original.jpg
1538,jQ37oy_4f,original,dramas/1538/original.jpg,image/jpeg,247427,b8fc7fe344bee925f7d7c89b01f6b03d619b0b61ecd3b9ef12e986548d1e64ed,247427,image/jpeg,200,247427,image/jpeg,dramas/1538/original.jpg
1538,jQ37oy_4f,thumbnail,dramas/1538/thumbnail.webp,image/webp,49042,99b4cfa184b986333537a5d0e432493d95bfdd2400e3d888be619cb4c8f7f7ba,49042,image/webp,200,49042,image/webp,dramas/1538/original.jpg
1539,x4ngkw_4f,original,dramas/1539/original.jpg,image/jpeg,321873,a3ad0c45a37fd7d14491adcd3985cb56d0a1ab7134835d7af7925fc86f3502a6,321873,image/jpeg,200,321873,image/jpeg,dramas/1539/original.jpg
1539,x4ngkw_4f,thumbnail,dramas/1539/thumbnail.webp,image/webp,79994,0ce01914e83175c6422d90af59fec880da13dbbd8f53adbc0b8e27a289007134,79994,image/webp,200,79994,image/webp,dramas/1539/original.jpg
1540,WwbnX_4f,original,dramas/1540/original.jpg,image/jpeg,194937,dff25bf891adff6b6cc44eef387c42d3530e7fc6aef723f9c4b9cc3594a2b4a0,194937,image/jpeg,200,194937,image/jpeg,dramas/1540/original.jpg
1540,WwbnX_4f,thumbnail,dramas/1540/thumbnail.webp,image/webp,40638,069585949b88879211d10004bce747ad4a64f9cf1741f910cc13579615ea700a,40638,image/webp,200,40638,image/webp,dramas/1540/original.jpg
1541,O8ye8Q_4f,original,dramas/1541/original.jpg,image/jpeg,171266,b0d5819048424350ed47a9790cb201add478082424cd5d502e2f898f055f68ae,171266,image/jpeg,200,171266,image/jpeg,dramas/1541/original.jpg
1541,O8ye8Q_4f,thumbnail,dramas/1541/thumbnail.webp,image/webp,33626,3bdc3c414a5c9418cd0ca5bd581575368cc849f4f279a89a783e4b68f1d6b9cc,33626,image/webp,200,33626,image/webp,dramas/1541/original.jpg
1542,YYlemA_4f,original,dramas/1542/original.jpg,image/jpeg,155256,0b9eadff528fd0d566054728795b5866dba84202280bb028fc6def877f9ff783,155256,image/jpeg,200,155256,image/jpeg,dramas/1542/original.jpg
1542,YYlemA_4f,thumbnail,dramas/1542/thumbnail.webp,image/webp,31578,821d714b3f7089c1f35c76fe5fd29098278b41a1551fc36af350681a5404c29b,31578,image/webp,200,31578,image/webp,dramas/1542/original.jpg
1543,XdzxYp_4f,original,dramas/1543/original.jpg,image/jpeg,98476,12cf7bdea953efd3c688e73f25385b95c128063cde73b99842bf0966a94e7cb5,98476,image/jpeg,200,98476,image/jpeg,dramas/1543/original.jpg
1543,XdzxYp_4f,thumbnail,dramas/1543/thumbnail.webp,image/webp,32504,8c71d1823ace59674e24cd54cc78f2f651a45b399038060a51c9e590de0f0721,32504,image/webp,200,32504,image/webp,dramas/1543/original.jpg
1544,PxDly3_4f,original,dramas/1544/original.jpg,image/jpeg,193116,87e5002d490c9d54ee1cc507609deaedc6c4fc9d3bdf669744c45122bc537d1f,193116,image/jpeg,200,193116,image/jpeg,dramas/1544/original.jpg
1544,PxDly3_4f,thumbnail,dramas/1544/thumbnail.webp,image/webp,38850,de030af7911aa4f767ea3c5f67ea8a2356902fe83e2d9e6084d8db58827475a5,38850,image/webp,200,38850,image/webp,dramas/1544/original.jpg
1545,xlJmX_4f,original,dramas/1545/original.jpg,image/jpeg,143394,5ca7b0929e0dab431baf8c359727db3dc13bf80249ea46c6f5fe605702995070,143394,image/jpeg,200,143394,image/jpeg,dramas/1545/original.jpg
1545,xlJmX_4f,thumbnail,dramas/1545/thumbnail.webp,image/webp,23800,e1b4f5a38a9b0bd194c6404b2b0aed3b31d0e15b6857c01e4b5bdb31d1885370,23800,image/webp,200,23800,image/webp,dramas/1545/original.jpg
1546,3oxXgd_4f,original,dramas/1546/original.jpg,image/jpeg,117869,b2c10fd67f61859f2c355775190b4d1fa8817f2f003cdd81c45bfe1b6cf2d270,117869,image/jpeg,200,117869,image/jpeg,dramas/1546/original.jpg
1546,3oxXgd_4f,thumbnail,dramas/1546/thumbnail.webp,image/webp,21678,0daf3f577248f7b369613042abf3321f8328f2f6ca13f7ff0894cf6a5a1e7660,21678,image/webp,200,21678,image/webp,dramas/1546/original.jpg
1547,kAJE8k_4f,original,dramas/1547/original.jpg,image/jpeg,187880,b81d0c2aafc784ae868fe05e6de2928171d0e8fc21fe6cf10489008c435dddab,187880,image/jpeg,200,187880,image/jpeg,dramas/1547/original.jpg
1547,kAJE8k_4f,thumbnail,dramas/1547/thumbnail.webp,image/webp,41528,f79001d11c5b417b9759b9546ab68877a526e5576f4be65f4d2c0e7fc7785ca2,41528,image/webp,200,41528,image/webp,dramas/1547/original.jpg
1548,RBgjnE_4f,original,dramas/1548/original.jpg,image/jpeg,125964,48ee88a6fc592e517a13dd0aa2bd187bd5ad71a768a4112563413601f0be7f47,125964,image/jpeg,200,125964,image/jpeg,dramas/1548/original.jpg
1548,RBgjnE_4f,thumbnail,dramas/1548/thumbnail.webp,image/webp,18326,e13730e9126d1b67bceb08efcab987a6f91958ad9da5d045e360289010fac5ca,18326,image/webp,200,18326,image/webp,dramas/1548/original.jpg
1549,9oX6Gf,original,dramas/1549/original.jpg,image/jpeg,51142,6c08117fb8d12107fa3656624a2df5f5b28d2214388dc91cd43b5d1c8eff7cbb,51142,image/jpeg,200,51142,image/jpeg,dramas/1549/original.jpg
1549,9oX6Gf,thumbnail,dramas/1549/thumbnail.webp,image/webp,31610,f0eb6b3e76f069c16d8a6a894753efd0d4b404dae22cd35c1f49a4b1ef1a7200,31610,image/webp,200,31610,image/webp,dramas/1549/original.jpg
1550,4e3rLd_4f,original,dramas/1550/original.jpg,image/jpeg,279813,f134e9c9de1d09f005074266d2a2f661a796986a988edb94ca5635db806e1882,279813,image/jpeg,200,279813,image/jpeg,dramas/1550/original.jpg
1550,4e3rLd_4f,thumbnail,dramas/1550/thumbnail.webp,image/webp,65214,34c71645a66e001ba02c7662cb10796d6e50d814033576b4c4320943c1bbbb2c,65214,image/webp,200,65214,image/webp,dramas/1550/original.jpg
1551,g0JEvf,original,dramas/1551/original.jpg,image/jpeg,115417,79e9e566075fcb8e7ccd9328e74bfa8cb3d38c0126878cbcd85db7e3d1fb3fab,115417,image/jpeg,200,115417,image/jpeg,dramas/1551/original.jpg
1551,g0JEvf,thumbnail,dramas/1551/thumbnail.webp,image/webp,40608,93a11e620b7a1ed277536a46ce88b069dda07adf548001ac7e8c676c662be82f,40608,image/webp,200,40608,image/webp,dramas/1551/original.jpg
1552,XdOwZJ_4f,original,dramas/1552/original.jpg,image/jpeg,153686,d1f36f1c7e59557a617c84b2bd95a605cdfe82a21721bbbe87dae1d047bd53f4,153686,image/jpeg,200,153686,image/jpeg,dramas/1552/original.jpg
1552,XdOwZJ_4f,thumbnail,dramas/1552/thumbnail.webp,image/webp,34006,809eb940cf3f017b6d6c95846d84d064c0bf18549a43658c0b6cb664ba57eb39,34006,image/webp,200,34006,image/webp,dramas/1552/original.jpg
1553,E5YVOf,original,dramas/1553/original.jpg,image/jpeg,140913,6e96a0d2abcb322732b98249e10a17c9854877a1d5604e07debc5c89c01e4ab1,140913,image/jpeg,200,140913,image/jpeg,dramas/1553/original.jpg
1553,E5YVOf,thumbnail,dramas/1553/thumbnail.webp,image/webp,91262,62b883c03da810135597d301f131d6b63aa5e03ae133fcd474eed2f4a42e9231,91262,image/webp,200,91262,image/webp,dramas/1553/original.jpg
1554,g0wJEW_4f,original,dramas/1554/original.jpg,image/jpeg,205182,0622d2b8a1aba6f606c300293881962952d0842248d09d18a2f5af5d0e8689df,205182,image/jpeg,200,205182,image/jpeg,dramas/1554/original.jpg
1554,g0wJEW_4f,thumbnail,dramas/1554/thumbnail.webp,image/webp,42142,d7a668fc4f0904a7ee7fd6644cda9213fa26cb26b06cc1bf8c2d5a81f7d9ea26,42142,image/webp,200,42142,image/webp,dramas/1554/original.jpg
1555,XdwWLn_4f,original,dramas/1555/original.jpg,image/jpeg,189307,d90e0b4042f84b5ae35fc1a1ca66f39f90730e7ad53f951eac6ce5837a479c0b,189307,image/jpeg,200,189307,image/jpeg,dramas/1555/original.jpg
1555,XdwWLn_4f,thumbnail,dramas/1555/thumbnail.webp,image/webp,38538,2941820599ef77761f5b214389331859bb03469112dd879cb173005e610b06f1,38538,image/webp,200,38538,image/webp,dramas/1555/original.jpg
1556,4ejylw_4f,original,dramas/1556/original.jpg,image/jpeg,142405,9e8fcb90a478e5dc9bd1276cbb69e08d7a19f69d3b30182be608f4fea517c2e9,142405,image/jpeg,200,142405,image/jpeg,dramas/1556/original.jpg
1556,4ejylw_4f,thumbnail,dramas/1556/thumbnail.webp,image/webp,28206,ee8e19b47729c73001a9b019ad6a222ab0325aa4c5828f49b9737f2857e41ef9,28206,image/webp,200,28206,image/webp,dramas/1556/original.jpg
1557,jQxqQz_4f,original,dramas/1557/original.jpg,image/jpeg,219700,a71b6e1de99d30216ad0f0b9309bfda3c110a7d317ae32122b7e1a60d1acef40,219700,image/jpeg,200,219700,image/jpeg,dramas/1557/original.jpg
1557,jQxqQz_4f,thumbnail,dramas/1557/thumbnail.webp,image/webp,44316,96d59ac171601d2dc31569f995d111687a7edeedeef68fe891dbd8886f7dfa74,44316,image/webp,200,44316,image/webp,dramas/1557/original.jpg
1558,rNgkZj_4f,original,dramas/1558/original.jpg,image/jpeg,196570,16c6eb0a6dc4160735a8a8a78d79245bd486af91960ed8e2c0bed93e0995f823,196570,image/jpeg,200,196570,image/jpeg,dramas/1558/original.jpg
1558,rNgkZj_4f,thumbnail,dramas/1558/thumbnail.webp,image/webp,34594,b90d1468b4e8e285242069f62992772d715ba0e75741273109f7ed17c8aac329,34594,image/webp,200,34594,image/webp,dramas/1558/original.jpg
1559,ABeKxZ_4f,original,dramas/1559/original.jpg,image/jpeg,222060,260142920d41fe2070bf58c78502c7987c009342bf9b35bcf33ad0a0a214601b,222060,image/jpeg,200,222060,image/jpeg,dramas/1559/original.jpg
1559,ABeKxZ_4f,thumbnail,dramas/1559/thumbnail.webp,image/webp,30100,2569596386a8966c4cb316c573364d8fb2f222b68174932b46a1fd7fd6a732b3,30100,image/webp,200,30100,image/webp,dramas/1559/original.jpg
1560,RBbxzf,original,dramas/1560/original.jpg,image/jpeg,111824,44e985c98824bfe6e9a5479ad453eeec099c0ac51f5b5718b822d13d9ad262ea,111824,image/jpeg,200,111824,image/jpeg,dramas/1560/original.jpg
1560,RBbxzf,thumbnail,dramas/1560/thumbnail.webp,image/webp,46872,407dd8dfa8cdef02258ba3ee233ca170a9ff0983cb7e537325fe1f09c1e7e071,46872,image/webp,200,46872,image/webp,dramas/1560/original.jpg
1561,60lLB0_4f,original,dramas/1561/original.jpg,image/jpeg,126214,0a0dcba11b119b72ce00deb2653456e099e4a7eaa6dcab8ea802b33257efe89b,126214,image/jpeg,200,126214,image/jpeg,dramas/1561/original.jpg
1561,60lLB0_4f,thumbnail,dramas/1561/thumbnail.webp,image/webp,27080,494628de6f16d58cd8e4d4c3dfaf2436dc4fdc8ad98d4f9c0ee1fa8670229106,27080,image/webp,200,27080,image/webp,dramas/1561/original.jpg
1562,wJKZA1_4f,original,dramas/1562/original.jpg,image/jpeg,152842,b2364ff8c46cbc656eb0d143b128a3078ce47c838013b23a70d0d8fb8665a7e0,152842,image/jpeg,200,152842,image/jpeg,dramas/1562/original.jpg
1562,wJKZA1_4f,thumbnail,dramas/1562/thumbnail.webp,image/webp,24476,7b3595e89cb6db09c86353e267b99c088965593eebb6ac4403155c9e6ad9f355,24476,image/webp,200,24476,image/webp,dramas/1562/original.jpg
1563,x4x7lw_4f,original,dramas/1563/original.jpg,image/jpeg,122692,b9690911609f6f280f5d9dc3ba350db3d1ac9a9a66d69a894ae51e2bdec6fc25,122692,image/jpeg,200,122692,image/jpeg,dramas/1563/original.jpg
1563,x4x7lw_4f,thumbnail,dramas/1563/thumbnail.webp,image/webp,40278,0674c3d9ccc958fbcff1d038e39838fa288dd5a17306eb483a2687fcf0d3a64d,40278,image/webp,200,40278,image/webp,dramas/1563/original.jpg
1564,81Ajvd_4f,original,dramas/1564/original.jpg,image/jpeg,160051,0c1e30656bc916d6dc3208c33f8584ce0e81429f98143fb5db816bf212e322e2,160051,image/jpeg,200,160051,image/jpeg,dramas/1564/original.jpg
1564,81Ajvd_4f,thumbnail,dramas/1564/thumbnail.webp,image/webp,50380,bc49b21ab3d0b8f1495ae42483d75af98db2afa1da18e6c08c72366506381ce9,50380,image/webp,200,50380,image/webp,dramas/1564/original.jpg
1565,NdEn1A_4f,original,dramas/1565/original.jpg,image/jpeg,131693,98bf8eefc369a46993ada503df54dee0832243d72806fe9cf3b09b3370ef1e35,131693,image/jpeg,200,131693,image/jpeg,dramas/1565/original.jpg
1565,NdEn1A_4f,thumbnail,dramas/1565/thumbnail.webp,image/webp,25786,4e4ce82c5f5fe660cfae9fb9f3899397bd9f19563f223362c2344812f041301b,25786,image/webp,200,25786,image/webp,dramas/1565/original.jpg
1566,l0dAyN_4f,original,dramas/1566/original.jpg,image/jpeg,177280,3d8cd328b59dc394e9cdc0e7f4d064ec7e9b11834103f150dce1725199027e33,177280,image/jpeg,200,177280,image/jpeg,dramas/1566/original.jpg
1566,l0dAyN_4f,thumbnail,dramas/1566/thumbnail.webp,image/webp,37110,8a52e5af6ac2acaec6d8397de4fdf4e71789c72ae1e6d362e52e2604eede9c32,37110,image/webp,200,37110,image/webp,dramas/1566/original.jpg
1567,x4WXAX_4f,original,dramas/1567/original.jpg,image/jpeg,206318,e9d3b44da0d557dc46426d57ca60df6a5578f40b61b01a76c24fef6c2836ab15,206318,image/jpeg,200,206318,image/jpeg,dramas/1567/original.jpg
1567,x4WXAX_4f,thumbnail,dramas/1567/thumbnail.webp,image/webp,32160,2d43b21f9b8a03d8ccf077f565f0fef2cdb02f6e6cb050e7731fa518835fe964,32160,image/webp,200,32160,image/webp,dramas/1567/original.jpg
1568,QJmY6g_4f,original,dramas/1568/original.jpg,image/jpeg,58846,d9a7500cf684c2ade800119f17472e02345ad27328a0601afa646f0036fb53f8,58846,image/jpeg,200,58846,image/jpeg,dramas/1568/original.jpg
1568,QJmY6g_4f,thumbnail,dramas/1568/thumbnail.webp,image/webp,18702,3c2ef9ae12da740fa376fe48aa6e7db7207ba329f481150066f79ccf494a7afd,18702,image/webp,200,18702,image/webp,dramas/1568/original.jpg
1569,73ZR3B_4f,original,dramas/1569/original.jpg,image/jpeg,171510,a173e2b6f28d6656d40eaf5be6991c0bff531242c903b6bef234a2b33815333e,171510,image/jpeg,200,171510,image/jpeg,dramas/1569/original.jpg
1569,73ZR3B_4f,thumbnail,dramas/1569/thumbnail.webp,image/webp,30970,26fdbab8f8a972e2107faf56c471d51addb1889ec25bf621ef759aea3fabe852,30970,image/webp,200,30970,image/webp,dramas/1569/original.jpg
1570,nOZrd4_4f,original,dramas/1570/original.jpg,image/jpeg,117603,61ac62a6d09977e7aa5bb89980998a211b45e517f61aea864934a431d6d5a51d,117603,image/jpeg,200,117603,image/jpeg,dramas/1570/original.jpg
1570,nOZrd4_4f,thumbnail,dramas/1570/thumbnail.webp,image/webp,15616,f496be48df3b9983e9f0219ad8d7e1f8948aa64ac4560c1b6add276e175484f7,15616,image/webp,200,15616,image/webp,dramas/1570/original.jpg
1571,Px4RJ0_4f,original,dramas/1571/original.jpg,image/jpeg,97003,07fdf6bba741630a318d86b451efd8963ea8661767f185e7e8d95ed038357d1f,97003,image/jpeg,200,97003,image/jpeg,dramas/1571/original.jpg
1571,Px4RJ0_4f,thumbnail,dramas/1571/thumbnail.webp,image/webp,33540,0933b38c4b799f4c10825253de891dbf91f718454147af7e3babb622adf3ec7e,33540,image/webp,200,33540,image/webp,dramas/1571/original.jpg
1572,JBbg0d_4f,original,dramas/1572/original.jpg,image/jpeg,211867,cc32e510f1edfb6b116e8b14f99240d176c90a44c2768f0926e0b42c374116e5,211867,image/jpeg,200,211867,image/jpeg,dramas/1572/original.jpg
1572,JBbg0d_4f,thumbnail,dramas/1572/thumbnail.webp,image/webp,45862,7854f261b1dfaea7f812cbddd12bb448fec1d453532a92ffce58484209d35066,45862,image/webp,200,45862,image/webp,dramas/1572/original.jpg
1573,zB8Q8z_4f,original,dramas/1573/original.jpg,image/jpeg,190765,cd35f086c83669101006efe8dbd458ca7a9e87fdc5bfef1a28464d45b5fe4c11,190765,image/jpeg,200,190765,image/jpeg,dramas/1573/original.jpg
1573,zB8Q8z_4f,thumbnail,dramas/1573/thumbnail.webp,image/webp,42218,1d32a21ef1e2d43be5a616feb93bac89e5a051aa99a579802d3c7f54797fda4c,42218,image/webp,200,42218,image/webp,dramas/1573/original.jpg
1574,qYAln5_4f,original,dramas/1574/original.jpg,image/jpeg,229979,e85a88e9751e2bce33b0f999a1a75778d90b5c3bdf4b0d67d39f7bff02f68ae0,229979,image/jpeg,200,229979,image/jpeg,dramas/1574/original.jpg
1574,qYAln5_4f,thumbnail,dramas/1574/thumbnail.webp,image/webp,57004,0251a3f10dd36ece769968ff888ad1be843131e77e985923f0aa06a5f20aaf61,57004,image/webp,200,57004,image/webp,dramas/1574/original.jpg
1575,mOXX22_4f,original,dramas/1575/original.jpg,image/jpeg,112522,266c17fd0a7bdb56ff43237790516b61b12d06329f2b2077f61eda5961906abf,112522,image/jpeg,200,112522,image/jpeg,dramas/1575/original.jpg
1575,mOXX22_4f,thumbnail,dramas/1575/thumbnail.webp,image/webp,16770,1563ecfad1240702fe99ba0ad84718c65985f3dccc8d8fb9ce136dd9febdb1cb,16770,image/webp,200,16770,image/webp,dramas/1575/original.jpg
1576,yWODkN_4f,original,dramas/1576/original.jpg,image/jpeg,173709,7f6953657fef656a1a69eba99c761264efd9f168f74fd8dd96372bd1cdafdd50,173709,image/jpeg,200,173709,image/jpeg,dramas/1576/original.jpg
1576,yWODkN_4f,thumbnail,dramas/1576/thumbnail.webp,image/webp,31866,5feb4a1d52c5f28ed39db0635b1fcd7e67682543807475c8629a3c867c3fd198,31866,image/webp,200,31866,image/webp,dramas/1576/original.jpg
1577,E5pQJ5_4f,original,dramas/1577/original.jpg,image/jpeg,149321,618a990352206d352ea03e0a44088622a3a3ebed4f48b7eb83a24bd161921b6b,149321,image/jpeg,200,149321,image/jpeg,dramas/1577/original.jpg
1577,E5pQJ5_4f,thumbnail,dramas/1577/thumbnail.webp,image/webp,23892,61ec0cc8f246de5d90419d7c5d6e7b0291255364a9800d703d6c1d0934e6ef00,23892,image/webp,200,23892,image/webp,dramas/1577/original.jpg
1578,Qoj34_4f,original,dramas/1578/original.jpg,image/jpeg,155263,6065453048237f5a3877d697a132860c84454134e5f5320abd4b1f56145ce803,155263,image/jpeg,200,155263,image/jpeg,dramas/1578/original.jpg
1578,Qoj34_4f,thumbnail,dramas/1578/thumbnail.webp,image/webp,25942,943efb10853af6ca16147e25a0e508f62f61f023ce6f0f80ad63b3c01c4b3e9e,25942,image/webp,200,25942,image/webp,dramas/1578/original.jpg
1579,p6pwy_4f,original,dramas/1579/original.jpg,image/jpeg,137840,e648ad27261abea3b6cc15f27c05293929961ed173df134dc47de30ee8680b02,137840,image/jpeg,200,137840,image/jpeg,dramas/1579/original.jpg
1579,p6pwy_4f,thumbnail,dramas/1579/thumbnail.webp,image/webp,19364,3bcaa36b495f847634355cb0ea6bdb458c3fb54c91e6e1546ed79bed1d62e40f,19364,image/webp,200,19364,image/webp,dramas/1579/original.jpg
1580,LwqnQg_4f,original,dramas/1580/original.jpg,image/jpeg,135186,ddf1edd0c57ebb7c660b882d65e7f11ce0a44963b980655c2cb1494ddb0fa2cf,135186,image/jpeg,200,135186,image/jpeg,dramas/1580/original.jpg
1580,LwqnQg_4f,thumbnail,dramas/1580/thumbnail.webp,image/webp,24328,f5f9591c3432c137c5deb7661c3fb27196398c7aba4f46e33e2ad0747c93a226,24328,image/webp,200,24328,image/webp,dramas/1580/original.jpg
1581,x4yvAN_4f,original,dramas/1581/original.jpg,image/jpeg,275389,3a9669215a0a4345f3dd114c4fefaf66a8b70ea28c055414e15dca5ea0eac41a,275389,image/jpeg,200,275389,image/jpeg,dramas/1581/original.jpg
1581,x4yvAN_4f,thumbnail,dramas/1581/thumbnail.webp,image/webp,57028,07611f8cb2fa307d77f60217b58061280a777c4ffb81e61e493f6b06fd0b6ef2,57028,image/webp,200,57028,image/webp,dramas/1581/original.jpg
1582,nO2KqN_4f,original,dramas/1582/original.jpg,image/jpeg,146604,5a2b8d93ecf926ab05a974d76ed69f7043f112492dfbecc8e5681cabe8d51cd5,146604,image/jpeg,200,146604,image/jpeg,dramas/1582/original.jpg
1582,nO2KqN_4f,thumbnail,dramas/1582/thumbnail.webp,image/webp,30934,82801d620901e06b1e734a97dceda0b2f8a98a83b3ed4142f40fc35212ad68ee,30934,image/webp,200,30934,image/webp,dramas/1582/original.jpg
1583,VXzEmy_4f,original,dramas/1583/original.jpg,image/jpeg,182731,a4c70c8fbaedf6b17f6c2929b1e48fbd2952fa35feb10a5ae05339655a99c576,182731,image/jpeg,200,182731,image/jpeg,dramas/1583/original.jpg
1583,VXzEmy_4f,thumbnail,dramas/1583/thumbnail.webp,image/webp,35116,35f03feef2afb81fb63ea23423a7c8305818913045d430cf069703a3172ed469,35116,image/webp,200,35116,image/webp,dramas/1583/original.jpg
1584,wJ8nwJ_4f,original,dramas/1584/original.jpg,image/jpeg,220046,ec97a3999fbbd764fbd42ab564a9dd725b8dc36ea01b641e5f13f74413339722,220046,image/jpeg,200,220046,image/jpeg,dramas/1584/original.jpg
1584,wJ8nwJ_4f,thumbnail,dramas/1584/thumbnail.webp,image/webp,40940,d50715d415b4ede8979404c1b7970d43b143fbc046b63d0ae76bdb423f2e042d,40940,image/webp,200,40940,image/webp,dramas/1584/original.jpg
1585,oQNqgE_4f,original,dramas/1585/original.jpg,image/jpeg,133246,bea41e65e29bc98557329975f1b83a732e830144139175f615d959ca482d97b7,133246,image/jpeg,200,133246,image/jpeg,dramas/1585/original.jpg
1585,oQNqgE_4f,thumbnail,dramas/1585/thumbnail.webp,image/webp,19940,110030ecb1eeb66eea2db0c44fd146ba8290adb3ef606c45ec39956a20995df2,19940,image/webp,200,19940,image/webp,dramas/1585/original.jpg
1586,NdbodJ_4f,original,dramas/1586/original.jpg,image/jpeg,127833,1205048e259531440f133d18941ba55ceded2ed0c98966666c4b922a0c270862,127833,image/jpeg,200,127833,image/jpeg,dramas/1586/original.jpg
1586,NdbodJ_4f,thumbnail,dramas/1586/thumbnail.webp,image/webp,21322,2df4a1c883fbf4000bf01b7f371e1a9b9291807f016c0b61f86274192f05f375,21322,image/webp,200,21322,image/webp,dramas/1586/original.jpg
1587,pddEzn_4f,original,dramas/1587/original.jpg,image/jpeg,193580,23af8ee077e1da2407b97e7ede7888f47e83c426f542ae9fa1ad1e5e28e24f51,193580,image/jpeg,200,193580,image/jpeg,dramas/1587/original.jpg
1587,pddEzn_4f,thumbnail,dramas/1587/thumbnail.webp,image/webp,41464,24c46668dbea8dd57968fba1b38a8327e6875eb3597e1c04e84093d09d9bfa49,41464,image/webp,200,41464,image/webp,dramas/1587/original.jpg
1588,O8W28L_4f,original,dramas/1588/original.jpg,image/jpeg,246745,d98e343e3a9fb8678a2b0d15d617b43d75a1a303adaeef5e42f73f3b1417ccb3,246745,image/jpeg,200,246745,image/jpeg,dramas/1588/original.jpg
1588,O8W28L_4f,thumbnail,dramas/1588/thumbnail.webp,image/webp,53084,d7bb9b20ddc3544be245b4ce0dffa03f7c854c8d34102d6d7e18f0427f94566e,53084,image/webp,200,53084,image/webp,dramas/1588/original.jpg
1589,d0QL50_4f,original,dramas/1589/original.jpg,image/jpeg,173571,140406faa9cf89e720d6ed3199f23c3f60aeb44885ff8cbe81971d56a4ae75d2,173571,image/jpeg,200,173571,image/jpeg,dramas/1589/original.jpg
1589,d0QL50_4f,thumbnail,dramas/1589/thumbnail.webp,image/webp,38288,17ecb781a76a5b3e65c6e663e400ba15a6cca1201a248f2c917700c276cb419f,38288,image/webp,200,38288,image/webp,dramas/1589/original.jpg
1590,l0Dqz6_4f,original,dramas/1590/original.jpg,image/jpeg,189771,8f8187b2d969aa335be4aa750d35490aa3d75c13cbdd77a5d4e655db45029732,189771,image/jpeg,200,189771,image/jpeg,dramas/1590/original.jpg
1590,l0Dqz6_4f,thumbnail,dramas/1590/thumbnail.webp,image/webp,37390,d02515bcf3620ce5d515102aec83224d9d7ae59592ea2ea333383c122b7aa36f,37390,image/webp,200,37390,image/webp,dramas/1590/original.jpg
1591,JBeDoo_4f,original,dramas/1591/original.jpg,image/jpeg,59873,9762130b5f1866af65b8bdd13b24adbae610312d2737dd04730352a9eae7cfa7,59873,image/jpeg,200,59873,image/jpeg,dramas/1591/original.jpg
1591,JBeDoo_4f,thumbnail,dramas/1591/thumbnail.webp,image/webp,14252,7a187ce8d62e645e5dc451b5b5c6ba07fed58ed541c7ba31b97efef688021462,14252,image/webp,200,14252,image/webp,dramas/1591/original.jpg
1592,3ogJJm_4f,original,dramas/1592/original.jpg,image/jpeg,115088,a4320feec7d09d2b393309eb1af02ad8881884f59ae0216a9d50b2b96887c5d3,115088,image/jpeg,200,115088,image/jpeg,dramas/1592/original.jpg
1592,3ogJJm_4f,thumbnail,dramas/1592/thumbnail.webp,image/webp,20492,278ba7f16ff205f18577c8702a3beb02a6436727b79ae2238f25ecdc148ea774,20492,image/webp,200,20492,image/webp,dramas/1592/original.jpg
1593,XdzX7w_4f,original,dramas/1593/original.jpg,image/jpeg,224595,818fe9f32516f05f6bcf7854cb4641314540d50e2b87437ccb756679d7d8f361,224595,image/jpeg,200,224595,image/jpeg,dramas/1593/original.jpg
1593,XdzX7w_4f,thumbnail,dramas/1593/thumbnail.webp,image/webp,49660,0b0d82dccaa6c62e23bfc2d867aaeba4c917d5ce48ad6b10d00d9fd363b55a7e,49660,image/webp,200,49660,image/webp,dramas/1593/original.jpg
1594,x4WKnX_4f,original,dramas/1594/original.jpg,image/jpeg,265876,7449cb4c2c9e7e7f73e897a416435feebce1321b2eae58efd669e7cdf2c132c8,265876,image/jpeg,200,265876,image/jpeg,dramas/1594/original.jpg
1594,x4WKnX_4f,thumbnail,dramas/1594/thumbnail.webp,image/webp,56416,16cbfef224550a6b05e3bb060141b1d279e5b379141243035f701dcabcedff87,56416,image/webp,200,56416,image/webp,dramas/1594/original.jpg
1595,l0m8bJ_4f,original,dramas/1595/original.jpg,image/jpeg,288873,02f0e31dc97d77f03f554d3e443191bbf726d7ac9388c055eada39a531d60ff4,288873,image/jpeg,200,288873,image/jpeg,dramas/1595/original.jpg
1595,l0m8bJ_4f,thumbnail,dramas/1595/thumbnail.webp,image/webp,68500,86d8defb1a9ba778c2bc2d28994e29acbad7612cdb1add71ea856a0a73cce770,68500,image/webp,200,68500,image/webp,dramas/1595/original.jpg
1596,ABo2bL_4f,original,dramas/1596/original.jpg,image/jpeg,253694,82046ed992fa0a39b75014d7e71dcd85c7886f5f6f824b07189764f3b1030048,253694,image/jpeg,200,253694,image/jpeg,dramas/1596/original.jpg
1596,ABo2bL_4f,thumbnail,dramas/1596/thumbnail.webp,image/webp,55660,9d47952021bc6ef2a7de77c15e177c8ae1373f65613609b6ae8f78d729040943,55660,image/webp,200,55660,image/webp,dramas/1596/original.jpg
1597,DkB67D_4f,original,dramas/1597/original.jpg,image/jpeg,222657,77b590d7b303571dbd8e6bb08b0ab6fd6f02e263e21c78e6d02ac0b7e0520319,222657,image/jpeg,200,222657,image/jpeg,dramas/1597/original.jpg
1597,DkB67D_4f,thumbnail,dramas/1597/thumbnail.webp,image/webp,34678,390b6f8ad3e75e0c77bc375252baa25db9b54bee010df5f8ad6e801355f646a9,34678,image/webp,200,34678,image/webp,dramas/1597/original.jpg
1598,E53g1b_4f,original,dramas/1598/original.jpg,image/jpeg,40055,972170b2b318fbf49efcc8dc7ef843b60ab9b441cefd4020d7ce61cdd8153f10,40055,image/jpeg,200,40055,image/jpeg,dramas/1598/original.jpg
1598,E53g1b_4f,thumbnail,dramas/1598/thumbnail.webp,image/webp,3826,e6c142c3c4f3e3baa82dcd8abd2e68882c6b394c825ef8d06a0ae8d0fe478b7a,3826,image/webp,200,3826,image/webp,dramas/1598/original.jpg
1599,d0ZV8W_4f,original,dramas/1599/original.jpg,image/jpeg,210660,4d8af29148da84e447d8c87910015770229dab2d60d23869b7e21e8e076411e8,210660,image/jpeg,200,210660,image/jpeg,dramas/1599/original.jpg
1599,d0ZV8W_4f,thumbnail,dramas/1599/thumbnail.webp,image/webp,44502,35d8212f13f3e92cef28afe5987d172e2b8c5bbcf6b21b94c161f646524ee23b,44502,image/webp,200,44502,image/webp,dramas/1599/original.jpg
1600,Lw8DY3_4f,original,dramas/1600/original.jpg,image/jpeg,212965,920516c59fc6a048b9ae497ee8e595eb2a8c5fba81329e0c02da4e6c21b74ee6,212965,image/jpeg,200,212965,image/jpeg,dramas/1600/original.jpg
1600,Lw8DY3_4f,thumbnail,dramas/1600/thumbnail.webp,image/webp,33170,69dc68a4c78389f81f5011405980a62ccfddda1fb3aca653a053418d09bb3340,33170,image/webp,200,33170,image/webp,dramas/1600/original.jpg
1601,mOZ0mQ_4f,original,dramas/1601/original.jpg,image/jpeg,213384,efeeab051c592a32fbb57b56122149fecc8c07583c79e84b66a1ca35f5118eb4,213384,image/jpeg,200,213384,image/jpeg,dramas/1601/original.jpg
1601,mOZ0mQ_4f,thumbnail,dramas/1601/thumbnail.webp,image/webp,39368,f00d8ae5bb2e9c184ca5380aac50a50eb1d22e44652c46b5d01052fed3d1d6b7,39368,image/webp,200,39368,image/webp,dramas/1601/original.jpg
1602,g0Rbn1_4f,original,dramas/1602/original.jpg,image/jpeg,210216,9067eb9f3ccf3421d5f3c796ae232b6fda4235e5b0f61642bcb411687aa5d4b4,210216,image/jpeg,200,210216,image/jpeg,dramas/1602/original.jpg
1602,g0Rbn1_4f,thumbnail,dramas/1602/thumbnail.webp,image/webp,44312,f082a9330ccd4f06ce89c7f4ac53410081e8b38b143b76362c529aea20f2c609,44312,image/webp,200,44312,image/webp,dramas/1602/original.jpg
1603,b3Rxnj_4f,original,dramas/1603/original.jpg,image/jpeg,187132,e65e8799d42c9adf8b9803777eeb1f94b9e0136fe35239a661e95e0baf97eacc,187132,image/jpeg,200,187132,image/jpeg,dramas/1603/original.jpg
1603,b3Rxnj_4f,thumbnail,dramas/1603/thumbnail.webp,image/webp,36186,a6d1f5068251770b24f7d7bd1c3bf26038f3c744eafe581d5ca0d59a3f96b4f2,36186,image/webp,200,36186,image/webp,dramas/1603/original.jpg
1604,73Lpnf,original,dramas/1604/original.jpg,image/jpeg,98523,84bcff9e5222bb5b7e66502dc67c4f9ec30d8e343c4b19a25d4eee91c77f4917,98523,image/jpeg,200,98523,image/jpeg,dramas/1604/original.jpg
1604,73Lpnf,thumbnail,dramas/1604/thumbnail.webp,image/webp,49170,fc73395d1a55f7089f4df436c55a71859ccd1733b359e727ad180ec5f05de922,49170,image/webp,200,49170,image/webp,dramas/1604/original.jpg
1605,l01Kbx_4f,original,dramas/1605/original.jpg,image/jpeg,166421,73f9249b26d3882013ef889392e01b4f785d8af215531775ff9b59fe88bb8313,166421,image/jpeg,200,166421,image/jpeg,dramas/1605/original.jpg
1605,l01Kbx_4f,thumbnail,dramas/1605/thumbnail.webp,image/webp,28922,f28b3d7f126f897d854d01e3db532075a22e2f2d2d56b96bb4842fe87907090b,28922,image/webp,200,28922,image/webp,dramas/1605/original.jpg
1606,WP7VbW_4f,original,dramas/1606/original.jpg,image/jpeg,174927,6b3beb46d5c303e8071ac505b14a93c4073845bea818ca8242cd75c2fe6cb99e,174927,image/jpeg,200,174927,image/jpeg,dramas/1606/original.jpg
1606,WP7VbW_4f,thumbnail,dramas/1606/thumbnail.webp,image/webp,24358,2e2e600a61b336aced8bf69d05d05e66e51ae8adec2c856947998580a61f5e85,24358,image/webp,200,24358,image/webp,dramas/1606/original.jpg
1607,yW8EEk_4f,original,dramas/1607/original.jpg,image/jpeg,190798,7480744ff100404b198f9896489d00e9170871d94f57f298d64c0915ed6b0507,190798,image/jpeg,200,190798,image/jpeg,dramas/1607/original.jpg
1607,yW8EEk_4f,thumbnail,dramas/1607/thumbnail.webp,image/webp,34840,e3e80a74b84be38377b01bd67bd865bb764535979daa7ea4683b0c955fee9bbf,34840,image/webp,200,34840,image/webp,dramas/1607/original.jpg
1608,60lvAO_4f,original,dramas/1608/original.jpg,image/jpeg,205944,f0e4cfe886c2bd7743e7eb273c2789637d7ccf73ba584936c6d409c3b7a850b9,205944,image/jpeg,200,205944,image/jpeg,dramas/1608/original.jpg
1608,60lvAO_4f,thumbnail,dramas/1608/thumbnail.webp,image/webp,48624,c197eb7a0f6000d789eb944e6ab567b0efb5c21f8f57ca873ac758c3ac25570e,48624,image/webp,200,48624,image/webp,dramas/1608/original.jpg
1609,3oXPrj_4f,original,dramas/1609/original.jpg,image/jpeg,172292,818ae322a4a98d7612ed7384434e72281c3be5625d688d5d03f3bfbb85f86c36,172292,image/jpeg,200,172292,image/jpeg,dramas/1609/original.jpg
1609,3oXPrj_4f,thumbnail,dramas/1609/thumbnail.webp,image/webp,15722,5b9e41c03cf20fb04279ced9f1716cb06dcd5fe6a3720fb1a57e055e98b359af,15722,image/webp,200,15722,image/webp,dramas/1609/original.jpg
1610,73PkAD_4f,original,dramas/1610/original.jpg,image/jpeg,58826,ff8b495507ca61af33be54c13529de8cc2dd1533c978e08aeeb58b7127dd65c7,58826,image/jpeg,200,58826,image/jpeg,dramas/1610/original.jpg
1610,73PkAD_4f,thumbnail,dramas/1610/thumbnail.webp,image/webp,12084,a86080085b81fd2d804d06270f0dc50cc0914cdcfb36b7afe6f7a43e08481081,12084,image/webp,200,12084,image/webp,dramas/1610/original.jpg
1611,Kp4E44_4f,original,dramas/1611/original.jpg,image/jpeg,203658,ad74ab47586ba882594e83c5df2fa36ed78695dd9769802151d1271d37ff334a,203658,image/jpeg,200,203658,image/jpeg,dramas/1611/original.jpg
1611,Kp4E44_4f,thumbnail,dramas/1611/thumbnail.webp,image/webp,62060,8329ef7ec8414a01e75664928a6aa42041c4aab19e421df8ae6888b483a67d66,62060,image/webp,200,62060,image/webp,dramas/1611/original.jpg
1612,73ZkOj_4f,original,dramas/1612/original.jpg,image/jpeg,240496,413cca97e7848e3dd141255adbe531bdd831ffa566df878ee4cd8754e99c60c1,240496,image/jpeg,200,240496,image/jpeg,dramas/1612/original.jpg
1612,73ZkOj_4f,thumbnail,dramas/1612/thumbnail.webp,image/webp,53908,ad4b40eab1ebf18dfc429e61deeba21cca96b1ad16aa6cf965724b8b16bb979e,53908,image/webp,200,53908,image/webp,dramas/1612/original.jpg
1613,DkmKVN_4f,original,dramas/1613/original.jpg,image/jpeg,215894,a912c0977951bc433cab0e5d977b5a94c34e6c941d47fb7e12b2356bb7607eef,215894,image/jpeg,200,215894,image/jpeg,dramas/1613/original.jpg
1613,DkmKVN_4f,thumbnail,dramas/1613/thumbnail.webp,image/webp,43104,6a084f0fb95af858e2cc78eb56fd4cd6359a764a7f211913d0b83fa9911c04e1,43104,image/webp,200,43104,image/webp,dramas/1613/original.jpg
1614,g0qrAv_4f,original,dramas/1614/original.jpg,image/jpeg,128398,285728b35342dc56de6d643d7a3865d7d044e854165f7f4d6e254ada1900ff81,128398,image/jpeg,200,128398,image/jpeg,dramas/1614/original.jpg
1614,g0qrAv_4f,thumbnail,dramas/1614/thumbnail.webp,image/webp,26256,64ca906b223cd99c4649465b17ca83b6b8e5b26ef32587913791efab516f997f,26256,image/webp,200,26256,image/webp,dramas/1614/original.jpg
1615,g0zxDr_4f,original,dramas/1615/original.jpg,image/jpeg,92006,24b9c3c9c757b7c424b4873558a8d3d0ec0006109947f167702cd8d526a16c19,92006,image/jpeg,200,92006,image/jpeg,dramas/1615/original.jpg
1615,g0zxDr_4f,thumbnail,dramas/1615/thumbnail.webp,image/webp,24774,b1e310e6d2af9f59a5ff428bce2b5bb67888c04ddacaf1bb24151e2c8aa8a5b2,24774,image/webp,200,24774,image/webp,dramas/1615/original.jpg
1616,l0qD2e_4f,original,dramas/1616/original.jpg,image/jpeg,98823,bff3f6b7618f3335992c6295e8780ae2ff2e1e8629fa36138318aa2ec32d7a0b,98823,image/jpeg,200,98823,image/jpeg,dramas/1616/original.jpg
1616,l0qD2e_4f,thumbnail,dramas/1616/thumbnail.webp,image/webp,16296,cbd3c7ee953a907db5f405a4bc5f47d0ace002f6a943000a6f03740eb5a7a8b0,16296,image/webp,200,16296,image/webp,dramas/1616/original.jpg
1617,O8kA0k_4f,original,dramas/1617/original.jpg,image/jpeg,223226,9113cc031ce9cdd8f7facfbd90c2c0094c9f77b37710c05ff7a7b0bb0fb7a65c,223226,image/jpeg,200,223226,image/jpeg,dramas/1617/original.jpg
1617,O8kA0k_4f,thumbnail,dramas/1617/thumbnail.webp,image/webp,48476,b733b3ac85b25082c964656ebf6081e4c8feb2f4304efb647b8ae5eb01f7e9b1,48476,image/webp,200,48476,image/webp,dramas/1617/original.jpg
1618,O8777d_4f,original,dramas/1618/original.jpg,image/jpeg,175577,fa7ca8a5f1514d5a3c3fb392dff19313479e022310f552df154650740477def0,175577,image/jpeg,200,175577,image/jpeg,dramas/1618/original.jpg
1618,O8777d_4f,thumbnail,dramas/1618/thumbnail.webp,image/webp,27856,d37c8641e9c15d3eac2c9431079ea83b2646809f542bf48403176cbb96811fab,27856,image/webp,200,27856,image/webp,dramas/1618/original.jpg
1619,o7D8kf,original,dramas/1619/original.jpg,image/jpeg,164970,877a2825d2dd84cbdddc2dd8a082a5c72372f38685e34ad0a20e58a8bad88964,164970,image/jpeg,200,164970,image/jpeg,dramas/1619/original.jpg
1619,o7D8kf,thumbnail,dramas/1619/thumbnail.webp,image/webp,62478,73a56ae35fd1224d526bbd2dec8d338855e8102b523c2065145100d5ff4c9c91,62478,image/webp,200,62478,image/webp,dramas/1619/original.jpg
1620,YYpZWB_4f,original,dramas/1620/original.jpg,image/jpeg,241085,72542e5725a49e847c0bfd11d8696d36e2f63e76464d6fc39c0effe4bd5fbf28,241085,image/jpeg,200,241085,image/jpeg,dramas/1620/original.jpg
1620,YYpZWB_4f,thumbnail,dramas/1620/thumbnail.webp,image/webp,48096,014ab6afacf20b1a2536b75b78483c0ea12d1ccc195975f60b85b3e6b6609970,48096,image/webp,200,48096,image/webp,dramas/1620/original.jpg
1621,5vEPBA_4f,original,dramas/1621/original.jpg,image/jpeg,177966,f8e8c2dc12a313d57171d6cef10c5b12a536daeb15dbafce6db0a5d376c2d83a,177966,image/jpeg,200,177966,image/jpeg,dramas/1621/original.jpg
1621,5vEPBA_4f,thumbnail,dramas/1621/thumbnail.webp,image/webp,32772,385f71e262615e34ddf32ee5caf189eca3a639f8324ddd0ada2ce550dcac3fd6,32772,image/webp,200,32772,image/webp,dramas/1621/original.jpg
1622,pd3QJr_4f,original,dramas/1622/original.jpg,image/jpeg,128015,39ebdddd10a7dbf28fcabb633fdd1e03a673a9f30c17f872ab7f00844c0508c9,128015,image/jpeg,200,128015,image/jpeg,dramas/1622/original.jpg
1622,pd3QJr_4f,thumbnail,dramas/1622/thumbnail.webp,image/webp,22766,bc2a768c6c068345b122922f515d2ac373b0176b5f5bda9da86193747f06159d,22766,image/webp,200,22766,image/webp,dramas/1622/original.jpg
1623,JBddQo_4f,original,dramas/1623/original.jpg,image/jpeg,157467,a6639d4c6a1e1f3d973cf54e57a6f557311ea7dd9421a082c12601c04047a492,157467,image/jpeg,200,157467,image/jpeg,dramas/1623/original.jpg
1623,JBddQo_4f,thumbnail,dramas/1623/thumbnail.webp,image/webp,27786,51050e8c01a5b3ef26be3a4b9da485b60f9b0dda0194b25ab47e43c9f0ef9c26,27786,image/webp,200,27786,image/webp,dramas/1623/original.jpg
1624,0weBq4_4f,original,dramas/1624/original.jpg,image/jpeg,143905,733b8742ba397c8348b6868074989598794525449d5aa0b40fb121f5277019cf,143905,image/jpeg,200,143905,image/jpeg,dramas/1624/original.jpg
1624,0weBq4_4f,thumbnail,dramas/1624/thumbnail.webp,image/webp,25122,0f7dccbedf4473ca71870a49cd12a2b9cc928917c38e3820934c5908bdfef53e,25122,image/webp,200,25122,image/webp,dramas/1624/original.jpg
1625,3og6nj_4f,original,dramas/1625/original.jpg,image/jpeg,189493,d8b7c6c8935f2fb255998803e16b904ef80a08428fc525762b375a368962b62a,189493,image/jpeg,200,189493,image/jpeg,dramas/1625/original.jpg
1625,3og6nj_4f,thumbnail,dramas/1625/thumbnail.webp,image/webp,33704,e3a52cb57028bc8c409a63cfe0daeb3d1b95e3b72e8b0bdc0d3f078bd60d5fe5,33704,image/webp,200,33704,image/webp,dramas/1625/original.jpg
1626,yWBvNK_4f,original,dramas/1626/original.jpg,image/jpeg,237158,65ae26770284ea8447e402b54042b7cdb45786d0a853659f1d76334b4f68a300,237158,image/jpeg,200,237158,image/jpeg,dramas/1626/original.jpg
1626,yWBvNK_4f,thumbnail,dramas/1626/thumbnail.webp,image/webp,59452,f48b690619a3b68545c6f8b2b1bf4c59f85b36af03b989a74cbf0e18de4d4e6d,59452,image/webp,200,59452,image/webp,dramas/1626/original.jpg
1627,Lw0pbx_4f,original,dramas/1627/original.jpg,image/jpeg,204830,f523fa1a42678c72f639426a6b2c77a59e593cd661f91570849a7b730336c0f5,204830,image/jpeg,200,204830,image/jpeg,dramas/1627/original.jpg
1627,Lw0pbx_4f,thumbnail,dramas/1627/thumbnail.webp,image/webp,36136,6c6ac03475463a9eb40044ba1a168b27284e28067f25eb79a4e5421b50743081,36136,image/webp,200,36136,image/webp,dramas/1627/original.jpg
1628,l0L5xJ_4f,original,dramas/1628/original.jpg,image/jpeg,243638,7e618e8f96cf6f56f60aa316b42c0dc1392142078ec84afd85a7c08cb9f9c007,243638,image/jpeg,200,243638,image/jpeg,dramas/1628/original.jpg
1628,l0L5xJ_4f,thumbnail,dramas/1628/thumbnail.webp,image/webp,45984,fab95b89354710e9355791f9dcf55d7902e2da5a1aef01309709737d293add1c,45984,image/webp,200,45984,image/webp,dramas/1628/original.jpg
1629,zBApZJ_4f,original,dramas/1629/original.jpg,image/jpeg,182862,58f9945aae0681b3399823dc0bb8c115e3e45f80a21e1178394b3ffe913143c3,182862,image/jpeg,200,182862,image/jpeg,dramas/1629/original.jpg
1629,zBApZJ_4f,thumbnail,dramas/1629/thumbnail.webp,image/webp,38360,d0604238175502b7f90018316db1ef7a7385fe84a588c5cc698cea2e65eb4351,38360,image/webp,200,38360,image/webp,dramas/1629/original.jpg
1630,JByrYp_4f,original,dramas/1630/original.jpg,image/jpeg,278874,737f636b50df6aac280ca8c455a84f244310cfbd04dc1a691677b4692d7112a1,278874,image/jpeg,200,278874,image/jpeg,dramas/1630/original.jpg
1630,JByrYp_4f,thumbnail,dramas/1630/thumbnail.webp,image/webp,60898,c8fab8167f5291e3f9049e1b5f1988f81601e497ea2885deb1a4463b48107c1e,60898,image/webp,200,60898,image/webp,dramas/1630/original.jpg
1631,DkKoQN_4f,original,dramas/1631/original.jpg,image/jpeg,187916,f4aa050f8724b395a6b2b80470ee4ca346b331717f57ff929ee11bb05b4c4e7d,187916,image/jpeg,200,187916,image/jpeg,dramas/1631/original.jpg
1631,DkKoQN_4f,thumbnail,dramas/1631/thumbnail.webp,image/webp,38244,cfd490369c5e54b55534882f1ab4423350c3557b7992b9b02f375b73aa00ba0a,38244,image/webp,200,38244,image/webp,dramas/1631/original.jpg
1632,g0pyn1_4f,original,dramas/1632/original.jpg,image/jpeg,239225,f6b95e97e26f907865114d72f67a42096b5559a4a1b077bd4ffac3dbb8bde36a,239225,image/jpeg,200,239225,image/jpeg,dramas/1632/original.jpg
1632,g0pyn1_4f,thumbnail,dramas/1632/thumbnail.webp,image/webp,45368,b23b9f660b0782561fd6493622e32be9c8fa061bf2e381e332bbc575d98d68b8,45368,image/webp,200,45368,image/webp,dramas/1632/original.jpg
1633,b3bxQx_4f,original,dramas/1633/original.jpg,image/jpeg,127744,60dba0400983e7e931079f3ed90ac1f92c6b6c6e2fe42abf93148c602ee6d97b,127744,image/jpeg,200,127744,image/jpeg,dramas/1633/original.jpg
1633,b3bxQx_4f,thumbnail,dramas/1633/thumbnail.webp,image/webp,27396,7735cdd462a49553728a13476489cbfb2edfe4587421140233b0a5a4d5049bb7,27396,image/webp,200,27396,image/webp,dramas/1633/original.jpg
1634,73VmVn_4f,original,dramas/1634/original.jpg,image/jpeg,250830,158bb9db15b4402d963fbb4f571eb2e03c82883a0a80891957b9363b0af7d4ad,250830,image/jpeg,200,250830,image/jpeg,dramas/1634/original.jpg
1634,73VmVn_4f,thumbnail,dramas/1634/thumbnail.webp,image/webp,44828,79f3dd55115003206f2c53eb328a5de76d9e49e09eda962ae13f86706237180f,44828,image/webp,200,44828,image/webp,dramas/1634/original.jpg
1635,oQzv6k_4f,original,dramas/1635/original.jpg,image/jpeg,226221,36c8a4364bc3307cd1b27f789bb11d8210828e601bd1ea3e42f53aef323b902a,226221,image/jpeg,200,226221,image/jpeg,dramas/1635/original.jpg
1635,oQzv6k_4f,thumbnail,dramas/1635/thumbnail.webp,image/webp,49784,18af57926a98273004a9fed6aed0d4a64fd6939c5c18d501f0ad7b14f0b8273e,49784,image/webp,200,49784,image/webp,dramas/1635/original.jpg
1636,NdO21J_4f,original,dramas/1636/original.jpg,image/jpeg,185807,1b8cc30f5643d9586fef9cc6a0bb5fc499821acb115f3931307eba1edda3073b,185807,image/jpeg,200,185807,image/jpeg,dramas/1636/original.jpg
1636,NdO21J_4f,thumbnail,dramas/1636/thumbnail.webp,image/webp,34698,23833750314fca4bf5996a77dffe95dfad6a680a8710c101b3a19a584d1394e8,34698,image/webp,200,34698,image/webp,dramas/1636/original.jpg
1637,PxVQq5_4f,original,dramas/1637/original.jpg,image/jpeg,276223,9a813f00b1b46966bb74af749adc96ee900a2214d14c4568a74e1f9081adacd8,276223,image/jpeg,200,276223,image/jpeg,dramas/1637/original.jpg
1637,PxVQq5_4f,thumbnail,dramas/1637/thumbnail.webp,image/webp,67824,f58116f088bb88e2853c6d348e102b807eb4252d7c259e5d7351be1867307f40,67824,image/webp,200,67824,image/webp,dramas/1637/original.jpg
1638,NdN8nJ_4f,original,dramas/1638/original.jpg,image/jpeg,174658,4ec40a8368247fa4560823a2f7167529537e889300a36d98232a6c9d9c47cce7,174658,image/jpeg,200,174658,image/jpeg,dramas/1638/original.jpg
1638,NdN8nJ_4f,thumbnail,dramas/1638/thumbnail.webp,image/webp,30854,ceeb64735fddd5ddc5f60a5a144d8279b27546fa81e7912e653c074a45a1a14a,30854,image/webp,200,30854,image/webp,dramas/1638/original.jpg
1639,JBY2Xm_4f,original,dramas/1639/original.jpg,image/jpeg,168242,8ca530399d614b1aa700981b16e7f81d396a3827af56f6ebbfaebd239333739b,168242,image/jpeg,200,168242,image/jpeg,dramas/1639/original.jpg
1639,JBY2Xm_4f,thumbnail,dramas/1639/thumbnail.webp,image/webp,36152,4215782fcd81bee0269bbfc6dff5d161c361cd71fa7da94bf0669bc8a9b377a5,36152,image/webp,200,36152,image/webp,dramas/1639/original.jpg
1640,JBYLVX_4f,original,dramas/1640/original.jpg,image/jpeg,158460,8cc83eea43a0b1c34c13065cf484d626cafae681cfa43b9a983c0e591c3c7493,158460,image/jpeg,200,158460,image/jpeg,dramas/1640/original.jpg
1640,JBYLVX_4f,thumbnail,dramas/1640/thumbnail.webp,image/webp,29450,2fd2a03eca25304c8b57e7783c3657cd1b5ee809dccefa84472fe76e9ca8bc90,29450,image/webp,200,29450,image/webp,dramas/1640/original.jpg
1641,l0dZqx_4f,original,dramas/1641/original.jpg,image/jpeg,295830,af9cd4e3ed00d08332d4a7407371b234b6661539c56fa9ae61a81aa250eb5500,295830,image/jpeg,200,295830,image/jpeg,dramas/1641/original.jpg
1641,l0dZqx_4f,thumbnail,dramas/1641/thumbnail.webp,image/webp,58798,cee3712efdb3b4241d0a06eef1daad7939760c5e72f15d774b138a3561a27258,58798,image/webp,200,58798,image/webp,dramas/1641/original.jpg
1642,LwqYm7_4f,original,dramas/1642/original.jpg,image/jpeg,184022,1e06eb1a715c744b485bee22be2476a754190ed4618aad0bf660c8d626c8de9c,184022,image/jpeg,200,184022,image/jpeg,dramas/1642/original.jpg
1642,LwqYm7_4f,thumbnail,dramas/1642/thumbnail.webp,image/webp,32728,8f2c94aa9c200d37fe59286c22e2efce5dcd7603e8fe035f997a4a55f5aa5633,32728,image/webp,200,32728,image/webp,dramas/1642/original.jpg
1643,PxVq0y_4f,original,dramas/1643/original.jpg,image/jpeg,170286,ae3191c27d7d85a7d9f6543f8728b6e6b495e0984eee74542044c93dc83830a0,170286,image/jpeg,200,170286,image/jpeg,dramas/1643/original.jpg
1643,PxVq0y_4f,thumbnail,dramas/1643/thumbnail.webp,image/webp,29356,883af55a6cea1677669c31def5202cafccb449e8f13cb7586a585adb91af9c95,29356,image/webp,200,29356,image/webp,dramas/1643/original.jpg
1644,Dkmvz5_4f,original,dramas/1644/original.jpg,image/jpeg,213384,b6fc4772ef2e481be96471cac6a25ac62dabf599a8baa7ad14ea6622b9c46ea1,213384,image/jpeg,200,213384,image/jpeg,dramas/1644/original.jpg
1644,Dkmvz5_4f,thumbnail,dramas/1644/thumbnail.webp,image/webp,38576,6e1d5bce58931a54156fb40651ba6b7497827a755d5f29f3e6408a0429d06d4b,38576,image/webp,200,38576,image/webp,dramas/1644/original.jpg
1645,PxDRyZ_4f,original,dramas/1645/original.jpg,image/jpeg,192820,4295c147a0ed5cfcbcebb4c565cb50c92f78b2eeef572240a87d7ff8725cefeb,192820,image/jpeg,200,192820,image/jpeg,dramas/1645/original.jpg
1645,PxDRyZ_4f,thumbnail,dramas/1645/thumbnail.webp,image/webp,40468,60a779aba174e64cf5b7cf13baed143ebffad017b12b889a0e97625b831239bc,40468,image/webp,200,40468,image/webp,dramas/1645/original.jpg
1646,738QRe_4f,original,dramas/1646/original.jpg,image/jpeg,101031,25f53a9c18a42b7074fff937a918add55e103012dc6b8ca1a3767e4303935f0e,101031,image/jpeg,200,101031,image/jpeg,dramas/1646/original.jpg
1646,738QRe_4f,thumbnail,dramas/1646/thumbnail.webp,image/webp,20340,8b7f7a8c07a59557d21f4fbed161e3c193f61d462d16cc5dc59facb02eaf9888,20340,image/webp,200,20340,image/webp,dramas/1646/original.jpg
1647,JBbAkm_4f,original,dramas/1647/original.jpg,image/jpeg,129700,7e7fed33a01347a46739179ec1e13a4a001f1ddbb9f8869d79d2cee748ffac82,129700,image/jpeg,200,129700,image/jpeg,dramas/1647/original.jpg
1647,JBbAkm_4f,thumbnail,dramas/1647/thumbnail.webp,image/webp,21834,3d400f3f56b2eb8ab175d75d41e75da6031424dbd302d986a957e8d5ae9d4cdd,21834,image/webp,200,21834,image/webp,dramas/1647/original.jpg
1648,l0qkjE_4f,original,dramas/1648/original.jpg,image/jpeg,161148,a642c5636ff88a8ed12f4e0192f03c3424339ecfe773f6cebf889f25b01e2f3f,161148,image/jpeg,200,161148,image/jpeg,dramas/1648/original.jpg
1648,l0qkjE_4f,thumbnail,dramas/1648/thumbnail.webp,image/webp,26400,aa2e49bf7ebd40e6df7a3d01f2cc21c3ce2dbde4829d7bb659b9fe155f0763f0,26400,image/webp,200,26400,image/webp,dramas/1648/original.jpg
1649,oQ07rv_4f,original,dramas/1649/original.jpg,image/jpeg,172520,c135e7e17fee3f3853f93feaca6dceebb490d86a703221a030048ca2f6764ec4,172520,image/jpeg,200,172520,image/jpeg,dramas/1649/original.jpg
1649,oQ07rv_4f,thumbnail,dramas/1649/thumbnail.webp,image/webp,37724,0c0ad7103611a8e2ba38f2db8a091c89b5990dbdb3b007259257943e17285f5a,37724,image/webp,200,37724,image/webp,dramas/1649/original.jpg
1650,ByEAq_4f,original,dramas/1650/original.jpg,image/jpeg,203483,77e0b709626ec7ebea36edba9a8dd8fe40880a834eb26e2b0ba94e34e1881497,203483,image/jpeg,200,203483,image/jpeg,dramas/1650/original.jpg
1650,ByEAq_4f,thumbnail,dramas/1650/thumbnail.webp,image/webp,43824,a4e92dd3341a91e0f6d72f63680a38785a7339a555bdd3f26d437ba02274186f,43824,image/webp,200,43824,image/webp,dramas/1650/original.jpg
1651,mOpzwQ_4f,original,dramas/1651/original.jpg,image/jpeg,129798,2ef0a2029d57186624ba2243b9dfd8ce7ee9067cfd413fc8bbfecf15c8508c94,129798,image/jpeg,200,129798,image/jpeg,dramas/1651/original.jpg
1651,mOpzwQ_4f,thumbnail,dramas/1651/thumbnail.webp,image/webp,26176,2614b4664691eed5286f054bd047ced9f03d3b4abaf904790e27153a9a653497,26176,image/webp,200,26176,image/webp,dramas/1651/original.jpg
1652,nOzye6_4f,original,dramas/1652/original.jpg,image/jpeg,222179,c5c2a0c8416be2e242720badc7bdb08595ccf2f576639559038a1f6ac66d92c9,222179,image/jpeg,200,222179,image/jpeg,dramas/1652/original.jpg
1652,nOzye6_4f,thumbnail,dramas/1652/thumbnail.webp,image/webp,42000,c701ca3519486e358208aee56bb6c243fc64d2533f088404cacf5ce74144dc7c,42000,image/webp,200,42000,image/webp,dramas/1652/original.jpg
1653,JBy1Vy_4f,original,dramas/1653/original.jpg,image/jpeg,192559,e9aa1367e38b04b63f4758844970d0ef19b3098d4e50e1b95703a0887a1845ca,192559,image/jpeg,200,192559,image/jpeg,dramas/1653/original.jpg
1653,JBy1Vy_4f,thumbnail,dramas/1653/thumbnail.webp,image/webp,32220,4dc656e2e49f007f582cd44009687d3e63e59d41241ecdde280cc3c546f990df,32220,image/webp,200,32220,image/webp,dramas/1653/original.jpg
1654,VXYNvL_4f,original,dramas/1654/original.jpg,image/jpeg,163307,6b904ae7bd3be781f80371b10163f035b44a38609d820d61855b21292d063e4d,163307,image/jpeg,200,163307,image/jpeg,dramas/1654/original.jpg
1654,VXYNvL_4f,thumbnail,dramas/1654/thumbnail.webp,image/webp,34402,5c8143d0031274efcb95d3f304f3c3d924e9d2a600cb91a6ecb1c261e30c6d5b,34402,image/webp,200,34402,image/webp,dramas/1654/original.jpg
1655,nOJLOL_4f,original,dramas/1655/original.jpg,image/jpeg,165414,d20617ac96eae036adfe297d5b54fe193a8d0b41c04be9a3b153b61b9b27f69e,165414,image/jpeg,200,165414,image/jpeg,dramas/1655/original.jpg
1655,nOJLOL_4f,thumbnail,dramas/1655/thumbnail.webp,image/webp,38848,14e2fad180ff869e9600da39f3977ff4fb1cc5ddbe18bf0e178d3ee08b8c68a9,38848,image/webp,200,38848,image/webp,dramas/1655/original.jpg
1656,O8pYpg_4f,original,dramas/1656/original.jpg,image/jpeg,83320,e0593f4a4c0066b2773ced82b3671461d2cd42ae1f486c578766834f9c31f32e,83320,image/jpeg,200,83320,image/jpeg,dramas/1656/original.jpg
1656,O8pYpg_4f,thumbnail,dramas/1656/thumbnail.webp,image/webp,31434,e7d2cbfb7a219081a8b71002af4ae665560300f63f18b0eee7b30a054428e463,31434,image/webp,200,31434,image/webp,dramas/1656/original.jpg
1657,b3om0Y_4f,original,dramas/1657/original.jpg,image/jpeg,171627,2cfcfd6bf8c8cda677638cc5ae57a9cca8bd48a9652335a82057f81382415bbb,171627,image/jpeg,200,171627,image/jpeg,dramas/1657/original.jpg
1657,b3om0Y_4f,thumbnail,dramas/1657/thumbnail.webp,image/webp,33970,a59483d35ddae3225e8358a974e11a12d61e0c18d10678ba9e1b1bab6024ae63,33970,image/webp,200,33970,image/webp,dramas/1657/original.jpg
1658,JB7BWJ_4f,original,dramas/1658/original.jpg,image/jpeg,109900,aca51295236b966e6ef94b1a5f49c9774ed21c743f3cbeaf594b2d458b7895b1,109900,image/jpeg,200,109900,image/jpeg,dramas/1658/original.jpg
1658,JB7BWJ_4f,thumbnail,dramas/1658/thumbnail.webp,image/webp,19106,4e6c49fa87afa0e45c332149e7af0d6a933a6ca96fc77d24e158a80b01c48717,19106,image/webp,200,19106,image/webp,dramas/1658/original.jpg
1659,nOYv5E_4f,original,dramas/1659/original.jpg,image/jpeg,181737,284e9df451adb658cfd6f7bf39cca06c686ecd2318bae6d7e5f61b7fc01207c6,181737,image/jpeg,200,181737,image/jpeg,dramas/1659/original.jpg
1659,nOYv5E_4f,thumbnail,dramas/1659/thumbnail.webp,image/webp,36176,596b97dc728e24ff2578dedf159328a977bb3f51939547862f72ac7a29f58291,36176,image/webp,200,36176,image/webp,dramas/1659/original.jpg
1660,851nAf,original,dramas/1660/original.jpg,image/jpeg,224435,239f7213fd424a72d8f6c076e801e32a49a9eee55a45065fc7c02c5490d47c7a,224435,image/jpeg,200,224435,image/jpeg,dramas/1660/original.jpg
1660,851nAf,thumbnail,dramas/1660/thumbnail.webp,image/webp,49442,fe6b80eda93f6e26f5534e897d9a466b5bf69a63967b2f2007142ce84325bb76,49442,image/webp,200,49442,image/webp,dramas/1660/original.jpg
1661,l0Prle_4f,original,dramas/1661/original.jpg,image/jpeg,37340,bbfa66c22b2d9355ddc208ce549a0bc77fdebf3a4132e0ee1af96607c215bab7,37340,image/jpeg,200,37340,image/jpeg,dramas/1661/original.jpg
1661,l0Prle_4f,thumbnail,dramas/1661/thumbnail.webp,image/webp,14062,acc645552857c59ef73b249d128cf4a76909308afa372c731b254c31e47923c0,14062,image/webp,200,14062,image/webp,dramas/1661/original.jpg
1662,RBkzEf,original,dramas/1662/original.jpg,image/jpeg,156472,f58252e2153a61572893ecd283cb88b1aad8dcbb71f7b01b9295cf96defd6fca,156472,image/jpeg,200,156472,image/jpeg,dramas/1662/original.jpg
1662,RBkzEf,thumbnail,dramas/1662/thumbnail.webp,image/webp,32048,7f56821666b126a3a7efecef1f0a92ef90295df7ea95fc010f0f3d40ab4d9b26,32048,image/webp,200,32048,image/webp,dramas/1662/original.jpg
1663,oQXq66_4f,original,dramas/1663/original.jpg,image/jpeg,161026,80e155bff1497648c725cbe49b80fd8e6df16e6d94c60a7af34ce9887035262f,161026,image/jpeg,200,161026,image/jpeg,dramas/1663/original.jpg
1663,oQXq66_4f,thumbnail,dramas/1663/thumbnail.webp,image/webp,23286,82a03267b65235994ea89638e3840d544292f8e8074cfff1186f0453f021d230,23286,image/webp,200,23286,image/webp,dramas/1663/original.jpg
1664,JB6gEX_4f,original,dramas/1664/original.jpg,image/jpeg,321401,7084beab425e1a1d134746944f41a642641b9f981a085d0c9f2d118ab7e39c1a,321401,image/jpeg,200,321401,image/jpeg,dramas/1664/original.jpg
1664,JB6gEX_4f,thumbnail,dramas/1664/thumbnail.webp,image/webp,72154,bb26eab222bd97f1f258bc180f787826014ac09e859d5020d26de4e5717d96e1,72154,image/webp,200,72154,image/webp,dramas/1664/original.jpg
1665,Lw0pZ3_4f,original,dramas/1665/original.jpg,image/jpeg,186082,e883bb6f7681b8194955706c3c0b1de64395bb77b92b68081ac5535757342d6c,186082,image/jpeg,200,186082,image/jpeg,dramas/1665/original.jpg
1665,Lw0pZ3_4f,thumbnail,dramas/1665/thumbnail.webp,image/webp,33874,21eed884c9a3826a6ad4c1d47c0b5c79a4044a287def9407338ed471a4623208,33874,image/webp,200,33874,image/webp,dramas/1665/original.jpg
1666,ABVQYL_4f,original,dramas/1666/original.jpg,image/jpeg,220193,3b557cd7f0ddc3a5cfe7bcce2e0e2ff8d97cc3e257bacfbd15d35dbc2553c5e2,220193,image/jpeg,200,220193,image/jpeg,dramas/1666/original.jpg
1666,ABVQYL_4f,thumbnail,dramas/1666/thumbnail.webp,image/webp,49246,595e20d125895da0ef33f2b2c6abce917b567404826480f521c5e1e2639380a8,49246,image/webp,200,49246,image/webp,dramas/1666/original.jpg
1667,JB0lno_4f,original,dramas/1667/original.jpg,image/jpeg,187227,4107b35febc00bd374551bfa708d772bd94905789c182ee2b50fe70f7c93a098,187227,image/jpeg,200,187227,image/jpeg,dramas/1667/original.jpg
1667,JB0lno_4f,thumbnail,dramas/1667/thumbnail.webp,image/webp,39780,6812966b20bd8f4ec5fe0f34f7809b8e043b0303a2e85db2d4e14e00c8669d74,39780,image/webp,200,39780,image/webp,dramas/1667/original.jpg
1668,nOD1W2_4f,original,dramas/1668/original.jpg,image/jpeg,156828,927216859b83ff1dc93092b697bc5d098100d4430bd314366a18ec390c289f30,156828,image/jpeg,200,156828,image/jpeg,dramas/1668/original.jpg
1668,nOD1W2_4f,thumbnail,dramas/1668/thumbnail.webp,image/webp,44850,ecc9697feeebe3e6f97532b8ed9f3da80a17f44c7fe6b6f3d59da4d3b09d615d,44850,image/webp,200,44850,image/webp,dramas/1668/original.jpg
1669,b35ZxV_4f,original,dramas/1669/original.jpg,image/jpeg,95095,c34926c535fb02163465b2fcef791f076ca564cc7375353ddfcf0c88ed684f34,95095,image/jpeg,200,95095,image/jpeg,dramas/1669/original.jpg
1669,b35ZxV_4f,thumbnail,dramas/1669/thumbnail.webp,image/webp,24528,0034217b2d8d68b0b4a51a137aaf196815456bb16976c0512c33297a0a5e3dd3,24528,image/webp,200,24528,image/webp,dramas/1669/original.jpg
1670,PxAXXy_4f,original,dramas/1670/original.jpg,image/jpeg,213054,ac6402a3228038591818b1102af717d22313d71719b4af80388b0ed57d8bbb68,213054,image/jpeg,200,213054,image/jpeg,dramas/1670/original.jpg
1670,PxAXXy_4f,thumbnail,dramas/1670/thumbnail.webp,image/webp,36018,73874b7f6ede6e66ee50a27f36869bac0ab02fa2847eace6626e13d865c51b6e,36018,image/webp,200,36018,image/webp,dramas/1670/original.jpg
1671,nOeZpN_4f,original,dramas/1671/original.jpg,image/jpeg,173724,aab9c9e920a0ca084fa53ded101c2d5233a3d5d6b31a10783d0c4b6319737c4c,173724,image/jpeg,200,173724,image/jpeg,dramas/1671/original.jpg
1671,nOeZpN_4f,thumbnail,dramas/1671/thumbnail.webp,image/webp,35174,4199e9d76aefb097ca23412e186e24e35791f883339d0312fc108a5bd320f285,35174,image/webp,200,35174,image/webp,dramas/1671/original.jpg
1672,JB5Beo_4f,original,dramas/1672/original.jpg,image/jpeg,198222,2e314044f93aaa4672d561e938eaec37f665134f444ff14a97e40a13c8677e69,198222,image/jpeg,200,198222,image/jpeg,dramas/1672/original.jpg
1672,JB5Beo_4f,thumbnail,dramas/1672/thumbnail.webp,image/webp,31404,1706f6e52906d0e159d3ecf6366ee4b7ffa415163133d533f7d41e6484a82de9,31404,image/webp,200,31404,image/webp,dramas/1672/original.jpg
1673,O8KkLk_4f,original,dramas/1673/original.jpg,image/jpeg,212936,28befe03f567bf650d5fec575f3c12ed40e4a528e75a1e343c2bc6484e374883,212936,image/jpeg,200,212936,image/jpeg,dramas/1673/original.jpg
1673,O8KkLk_4f,thumbnail,dramas/1673/thumbnail.webp,image/webp,43470,a35dfb779480728f222c7de71d9e4f97639339d65d3105c7548980b68af4f003,43470,image/webp,200,43470,image/webp,dramas/1673/original.jpg
1674,yW1A5K_4f,original,dramas/1674/original.jpg,image/jpeg,225109,af42fa13d7ca4975822a8fdb9a05c007cec1e2416bd9dc3ed659ed190252372d,225109,image/jpeg,200,225109,image/jpeg,dramas/1674/original.jpg
1674,yW1A5K_4f,thumbnail,dramas/1674/thumbnail.webp,image/webp,31450,bb8477d25ec49380f6bd08495be5996385e118d38595a97f1048584a713223e6,31450,image/webp,200,31450,image/webp,dramas/1674/original.jpg
1675,DkjYBy_4f,original,dramas/1675/original.jpg,image/jpeg,216877,33af61083ec1abcae8a2840e60d446a031e3076725a5d838c7047bf115d33652,216877,image/jpeg,200,216877,image/jpeg,dramas/1675/original.jpg
1675,DkjYBy_4f,thumbnail,dramas/1675/thumbnail.webp,image/webp,31696,0792d6432847eaa20bde5a43d4ef8ad992e86230a0c3c73869a3efeb49a740fa,31696,image/webp,200,31696,image/webp,dramas/1675/original.jpg
1676,81VObl_4f,original,dramas/1676/original.jpg,image/jpeg,183420,5aeaf83350ad7f5c83cb279a1e96e7e09cbd5a94f08a57795fb7cdb151e3dc6b,183420,image/jpeg,200,183420,image/jpeg,dramas/1676/original.jpg
1676,81VObl_4f,thumbnail,dramas/1676/thumbnail.webp,image/webp,34732,28706095ed0d5d46a512fe9466b61205838be1afb51203209dec156b6689c48f,34732,image/webp,200,34732,image/webp,dramas/1676/original.jpg
1677,YYN2ne_4f,original,dramas/1677/original.jpg,image/jpeg,316404,3f71afd7f9127d662955b96466ad2834d1a724146a2c842b9ba887edacc9fdd7,316404,image/jpeg,200,316404,image/jpeg,dramas/1677/original.jpg
1677,YYN2ne_4f,thumbnail,dramas/1677/thumbnail.webp,image/webp,63310,75acabf057cebf4cc5a3cc5e5910a4b6a9332b65b237b8e730530cd50b307004,63310,image/webp,200,63310,image/webp,dramas/1677/original.jpg
1678,5vBXvB_4f,original,dramas/1678/original.jpg,image/jpeg,217115,eb68c77c8f374ed387d9c756c5d58327808b9e5c0dd37538946a07cc12f02746,217115,image/jpeg,200,217115,image/jpeg,dramas/1678/original.jpg
1678,5vBXvB_4f,thumbnail,dramas/1678/thumbnail.webp,image/webp,45402,5df7af2e386bad271d323d5733a7be3a5d58b39d3ee9022511ab707ff4007c82,45402,image/webp,200,45402,image/webp,dramas/1678/original.jpg
1679,Kpkwd4_4f,original,dramas/1679/original.jpg,image/jpeg,184528,3cd81d9cdfbbb0886aa8fe4e0acdebc8b807b9f28fed30ef8bacecbaf80b3d01,184528,image/jpeg,200,184528,image/jpeg,dramas/1679/original.jpg
1679,Kpkwd4_4f,thumbnail,dramas/1679/thumbnail.webp,image/webp,34342,0325672005d5f552d61d1604faefb7ed49693b3a65b1f7cc1d1cb2f251648b5f,34342,image/webp,200,34342,image/webp,dramas/1679/original.jpg
1680,g0AYoO_4f,original,dramas/1680/original.jpg,image/jpeg,176761,63f52e8702bfeb809112609e6e8e0b2a62a0a8b69d7ae28e6064019b5b70e577,176761,image/jpeg,200,176761,image/jpeg,dramas/1680/original.jpg
1680,g0AYoO_4f,thumbnail,dramas/1680/thumbnail.webp,image/webp,34716,08594c51d05c6ee7c4fe9b5c2ab8f76b26423611e2fed77851b11284aea35278,34716,image/webp,200,34716,image/webp,dramas/1680/original.jpg
1681,g0dxWo_4f,original,dramas/1681/original.jpg,image/jpeg,418678,13de84fcf0c282ff9fbe958427ea396b28bcff877973c239b94ed38a49f53c4d,418678,image/jpeg,200,418678,image/jpeg,dramas/1681/original.jpg
1681,g0dxWo_4f,thumbnail,dramas/1681/thumbnail.webp,image/webp,106056,2931686a63465f3cebee3534692634fc59ef87474c377c5d0d63839b7700438c,106056,image/webp,200,106056,image/webp,dramas/1681/original.jpg
1682,nOowWE_4f,original,dramas/1682/original.jpg,image/jpeg,436998,edd491d4fbde0b25d507cb2639c20334795ecc27fa50ebd3932e81d584ed6586,436998,image/jpeg,200,436998,image/jpeg,dramas/1682/original.jpg
1682,nOowWE_4f,thumbnail,dramas/1682/thumbnail.webp,image/webp,86484,ba0d47006bf0807bb239d01f53b5ccaeb0d936466f16689374bbdfacba9a87b5,86484,image/webp,200,86484,image/webp,dramas/1682/original.jpg
1683,Ndz5rW_4f,original,dramas/1683/original.jpg,image/jpeg,128227,a8ffe63a5933ccc83fdd06b6aba9aee1977f14872677f244c7ae24a02808ecec,128227,image/jpeg,200,128227,image/jpeg,dramas/1683/original.jpg
1683,Ndz5rW_4f,thumbnail,dramas/1683/thumbnail.webp,image/webp,19686,515a672f0193ff47eb4010e2fae56654d37ba538ac50af984538dd2a5c27c79a,19686,image/webp,200,19686,image/webp,dramas/1683/original.jpg
1684,VX3z3Q_4f,original,dramas/1684/original.jpg,image/jpeg,196978,4ece77cf1aa2a9e5a28e5b1d41b64b91f7277dc809cb0580bdda0ac8ca2c903f,196978,image/jpeg,200,196978,image/jpeg,dramas/1684/original.jpg
1684,VX3z3Q_4f,thumbnail,dramas/1684/thumbnail.webp,image/webp,33010,a86c000a1d39a3b40cd93c4eb6dbd731575cd3aeca197e88f67becb77583a821,33010,image/webp,200,33010,image/webp,dramas/1684/original.jpg
1685,JBrDZp_4f,original,dramas/1685/original.jpg,image/jpeg,156739,afd9e5856b49bb85d830c46d55df19d0730e95f57c90dbb27e57541e03d39bec,156739,image/jpeg,200,156739,image/jpeg,dramas/1685/original.jpg
1685,JBrDZp_4f,thumbnail,dramas/1685/thumbnail.webp,image/webp,22496,b7fe5c499590b83d456e1d2893fba019fa3c627e1404cf4b8661530b1b295be5,22496,image/webp,200,22496,image/webp,dramas/1685/original.jpg
1686,KpOvwj_4f,original,dramas/1686/original.jpg,image/jpeg,193010,757dde1b1d40d94b0e0fcc466664e002a0f8217781d92e92bab1be2e3d3ac4a7,193010,image/jpeg,200,193010,image/jpeg,dramas/1686/original.jpg
1686,KpOvwj_4f,thumbnail,dramas/1686/thumbnail.webp,image/webp,43842,764d0f86d75ca8d13e56cfae1d672bff0054a70b5fb48967bb02f271148a50b4,43842,image/webp,200,43842,image/webp,dramas/1686/original.jpg
1687,ABQE1L_4f,original,dramas/1687/original.jpg,image/jpeg,170498,a38280305813dff6e677c4a089461a239a8d54985445bfe8b172c5cbfe6d97bd,170498,image/jpeg,200,170498,image/jpeg,dramas/1687/original.jpg
1687,ABQE1L_4f,thumbnail,dramas/1687/thumbnail.webp,image/webp,38262,122a10418fc5b0da36573a24d1900646a02794b9f9ddba489b296dec7197b07a,38262,image/webp,200,38262,image/webp,dramas/1687/original.jpg
1688,NdEgQR_4f,original,dramas/1688/original.jpg,image/jpeg,161142,7c649387251589f6ab0b3f507c3a711b49eaa4b6b9b9a81f51eb52308f7280ed,161142,image/jpeg,200,161142,image/jpeg,dramas/1688/original.jpg
1688,NdEgQR_4f,thumbnail,dramas/1688/thumbnail.webp,image/webp,36774,2441eb68fe6ed409b8668f4f01988c9c0cb5b0b4722d61d89ea6be986027ca1e,36774,image/webp,200,36774,image/webp,dramas/1688/original.jpg
1689,Dk61ey_4f,original,dramas/1689/original.jpg,image/jpeg,104226,ebae5f6b0a4e42a9c6d50ffd716d9134810b8c499354f3d7611c4267e9914150,104226,image/jpeg,200,104226,image/jpeg,dramas/1689/original.jpg
1689,Dk61ey_4f,thumbnail,dramas/1689/thumbnail.webp,image/webp,16634,d3b01e74b62872044b42fae29a6db627204f2e20364f2094566dcbb6dfda7dfa,16634,image/webp,200,16634,image/webp,dramas/1689/original.jpg
1690,mOYNB1_4f,original,dramas/1690/original.jpg,image/jpeg,203237,f05de0776b99212c49210f30bb5b529fb95bd89a032019dcf188600371419caf,203237,image/jpeg,200,203237,image/jpeg,dramas/1690/original.jpg
1690,mOYNB1_4f,thumbnail,dramas/1690/thumbnail.webp,image/webp,46900,0fa44c0a6dbc458e0bb98709e03b643d1a4b8163e0a1323d3f3e21aae21154bb,46900,image/webp,200,46900,image/webp,dramas/1690/original.jpg
1691,VXy10L_4f,original,dramas/1691/original.jpg,image/jpeg,141570,106b5b05c26d72759d27954f377d82bb120b11806c2016f488eba5ffab4f9bbb,141570,image/jpeg,200,141570,image/jpeg,dramas/1691/original.jpg
1691,VXy10L_4f,thumbnail,dramas/1691/thumbnail.webp,image/webp,18016,be3601fb600a83895432f119b0abbd154f92e8532a0a5a77d97a0d738c59aa37,18016,image/webp,200,18016,image/webp,dramas/1691/original.jpg
1692,yWxZyk_4f,original,dramas/1692/original.jpg,image/jpeg,142104,8300883839daf9814b4abd05e90ef00c9cd174cf3998a20a086f34e22eee1281,142104,image/jpeg,200,142104,image/jpeg,dramas/1692/original.jpg
1692,yWxZyk_4f,thumbnail,dramas/1692/thumbnail.webp,image/webp,29126,7e692541ce05339e2dafeefabcfd0d0a73bb8c9bee19bbbf00b4313ae58a6c5c,29126,image/webp,200,29126,image/webp,dramas/1692/original.jpg
1693,yWnV4B_4f,original,dramas/1693/original.jpg,image/jpeg,44543,d62627e5ce4986b02e368abff394058a8b7c4fa71316a3525b8455d9b4dee58e,44543,image/jpeg,200,44543,image/jpeg,dramas/1693/original.jpg
1693,yWnV4B_4f,thumbnail,dramas/1693/thumbnail.webp,image/webp,5964,568a82befae174e972a235d88df41b75e263f17187e53bf154277736a6e85677,5964,image/webp,200,5964,image/webp,dramas/1693/original.jpg
1694,AB51mv_4f,original,dramas/1694/original.jpg,image/jpeg,105930,35fc284c32d89034ef3197b7fb50249c766022dcfb845da857f8a9e10871297b,105930,image/jpeg,200,105930,image/jpeg,dramas/1694/original.jpg
1694,AB51mv_4f,thumbnail,dramas/1694/thumbnail.webp,image/webp,20408,1a3ce6e18e14c9031e1752c81d1449fe7f11dcf904b94bbf7d486c956991695b,20408,image/webp,200,20408,image/webp,dramas/1694/original.jpg
1695,Z8zXJf,original,dramas/1695/original.jpg,image/jpeg,116985,a5bc31806c806a2633a525da6a5a051c44858f8a85eabeed1c52e2d8505cbaf4,116985,image/jpeg,200,116985,image/jpeg,dramas/1695/original.jpg
1695,Z8zXJf,thumbnail,dramas/1695/thumbnail.webp,image/webp,38420,9c4aba635a72a52ad757c447b0606d5e217c06d6651fb3823aa57cbe07585d76,38420,image/webp,200,38420,image/webp,dramas/1695/original.jpg
1696,YYWLWP_4f,original,dramas/1696/original.jpg,image/jpeg,216872,93debd4eaa52b6c54b59a13a63010e6ed0af653ad12fa8595431801e28bf158d,216872,image/jpeg,200,216872,image/jpeg,dramas/1696/original.jpg
1696,YYWLWP_4f,thumbnail,dramas/1696/thumbnail.webp,image/webp,37226,bb9b874204ba0825bc2c0e3a9c810986b30b1a9bb820e78b450ee6bc9e2e21e9,37226,image/webp,200,37226,image/webp,dramas/1696/original.jpg
1697,oQXbnN_4f,original,dramas/1697/original.jpg,image/jpeg,204256,2645a4f1c4a0814a8563f5ab0621dc8c11add327ef695c0681b52dc734dd4c72,204256,image/jpeg,200,204256,image/jpeg,dramas/1697/original.jpg
1697,oQXbnN_4f,thumbnail,dramas/1697/thumbnail.webp,image/webp,30412,106e0c8a99b331c06ef9452ce360d7c58fbb98eeeb580dce9992fc75097b5bc4,30412,image/webp,200,30412,image/webp,dramas/1697/original.jpg
1698,zBW4Ae_4f,original,dramas/1698/original.jpg,image/jpeg,216154,787148f678bd599493c8596365f6d667ba9307be838e6183d8fb302f4e8ed0d1,216154,image/jpeg,200,216154,image/jpeg,dramas/1698/original.jpg
1698,zBW4Ae_4f,thumbnail,dramas/1698/thumbnail.webp,image/webp,37948,8ffbb826ae6832d84b5e50bf79be2b86661b38707711ef9b9fa2ef26b7b2e943,37948,image/webp,200,37948,image/webp,dramas/1698/original.jpg
1699,b3z6YZ_4f,original,dramas/1699/original.jpg,image/jpeg,165055,3848050e49d5e78015179aaea37ca8460ec20482e5cd0972f62127952f75daeb,165055,image/jpeg,200,165055,image/jpeg,dramas/1699/original.jpg
1699,b3z6YZ_4f,thumbnail,dramas/1699/thumbnail.webp,image/webp,30688,f0909a0ca447695ab1b0133bc1b6e1598a1e5221e969a62f4b8c7ec4cd305e9a,30688,image/webp,200,30688,image/webp,dramas/1699/original.jpg
1700,5vpNAf,original,dramas/1700/original.jpg,image/jpeg,107791,82e7532dff5062b5010874a1dd62924655408386fb78d29eb08b611d7fcf866c,107791,image/jpeg,200,107791,image/jpeg,dramas/1700/original.jpg
1700,5vpNAf,thumbnail,dramas/1700/thumbnail.webp,image/webp,44148,d9af649850f8ba1bb19928be960b975d08ab054660b8bc37c46bf2c1528991c9,44148,image/webp,200,44148,image/webp,dramas/1700/original.jpg
1701,b3ovyY_4f,original,dramas/1701/original.jpg,image/jpeg,224253,dbaeddce114477613a0d6a549e38b43be388e5e8df1fa1be44e94d91fa99114d,224253,image/jpeg,200,224253,image/jpeg,dramas/1701/original.jpg
1701,b3ovyY_4f,thumbnail,dramas/1701/thumbnail.webp,image/webp,48720,4eacefe10a7040ded3b8662fb9eca365212c74e425c9859e1c8ad66b2e78e7e2,48720,image/webp,200,48720,image/webp,dramas/1701/original.jpg
1702,734QlB_4f,original,dramas/1702/original.jpg,image/jpeg,245496,699f9441f35896bc6c48628089913d05daae782fc47db79e18606e2f60a15435,245496,image/jpeg,200,245496,image/jpeg,dramas/1702/original.jpg
1702,734QlB_4f,thumbnail,dramas/1702/thumbnail.webp,image/webp,48074,57e5a6f53d9e49a3d47a5da3b66d60fa0f0b5ed2f471f04fd61a7d06934eb103,48074,image/webp,200,48074,image/webp,dramas/1702/original.jpg
1703,JB7ngm_4f,original,dramas/1703/original.jpg,image/jpeg,151762,8e65544046311a27d651089e707cf2ff01d013314e75322070afee1d40040b30,151762,image/jpeg,200,151762,image/jpeg,dramas/1703/original.jpg
1703,JB7ngm_4f,thumbnail,dramas/1703/thumbnail.webp,image/webp,31690,3f1f9958e6be1a67087f07bb4b4ad5a9303e680a6b72c0c0aa350f60938fa326,31690,image/webp,200,31690,image/webp,dramas/1703/original.jpg
1704,Kp45k4_4f,original,dramas/1704/original.jpg,image/jpeg,211522,7669bf7e232f80b19513bdb803f09c39435a60ef978385d492d86cbdbcad4d95,211522,image/jpeg,200,211522,image/jpeg,dramas/1704/original.jpg
1704,Kp45k4_4f,thumbnail,dramas/1704/thumbnail.webp,image/webp,42490,cb90dec58ebfde7bcc080d7dea0d5ffc8267ae652de397dd30fa1ce9099e3f09,42490,image/webp,200,42490,image/webp,dramas/1704/original.jpg
1705,73vgyf,original,dramas/1705/original.jpg,image/jpeg,89072,6860c4cf7f2c2d0135d8a9302c599672863f64e19afc4a6a7659f284e358ce19,89072,image/jpeg,200,89072,image/jpeg,dramas/1705/original.jpg
1705,73vgyf,thumbnail,dramas/1705/thumbnail.webp,image/webp,39628,ccfeae1a841c0580f86d43ce8b142a0537da673fb8f3e699d8fa7991fffe25e7,39628,image/webp,200,39628,image/webp,dramas/1705/original.jpg
1706,Rp0Zz_4f,original,dramas/1706/original.jpg,image/jpeg,57667,4b6a926f5b550e02897c83287e9562490c26d9c0b322a1967571405c35955ccd,57667,image/jpeg,200,57667,image/jpeg,dramas/1706/original.jpg
1706,Rp0Zz_4f,thumbnail,dramas/1706/thumbnail.webp,image/webp,29754,20f32499cc57f1936772bc5950d32859946ef8c818a95f9a8245236849e90e23,29754,image/webp,200,29754,image/webp,dramas/1706/original.jpg
1707,vk3NZ_4f,original,dramas/1707/original.jpg,image/jpeg,86348,360147dd745102188b174724256e101140d4c55a32b8919b92ad94cb37c16a3d,86348,image/jpeg,200,86348,image/jpeg,dramas/1707/original.jpg
1707,vk3NZ_4f,thumbnail,dramas/1707/thumbnail.webp,image/webp,39092,4b7c98c80e42227af51824a8b05e5e64e79b35a1b99241149d692582788b9bfe,39092,image/webp,200,39092,image/webp,dramas/1707/original.jpg
1708,zB1xqA_4f,original,dramas/1708/original.jpg,image/jpeg,171820,d9b429ebdf9ee3b59b31a41d786b34afedbb2965740ccd2190ace4f4637161bb,171820,image/jpeg,200,171820,image/jpeg,dramas/1708/original.jpg
1708,zB1xqA_4f,thumbnail,dramas/1708/thumbnail.webp,image/webp,30896,33bd278aa606c2520fc2309a6dae4150a258c82ddac10778dec06764fdff444c,30896,image/webp,200,30896,image/webp,dramas/1708/original.jpg
1709,3od8zd_4f,original,dramas/1709/original.jpg,image/jpeg,197212,c7fe9bf83fbf81e8316f223169677c9008ab173b1d816f7466715e7fb46f3ebd,197212,image/jpeg,200,197212,image/jpeg,dramas/1709/original.jpg
1709,3od8zd_4f,thumbnail,dramas/1709/thumbnail.webp,image/webp,24526,eea8f40b674497a06dd453b5bbd43651f6f5f3a8fda46385f9eda92e2e7f83fb,24526,image/webp,200,24526,image/webp,dramas/1709/original.jpg
1710,RgW46_4f,original,dramas/1710/original.jpg,image/jpeg,56344,ca516b6dd4386c67ce3fd0e2f07b895b953c15f4c7cc95c8fa990bc2357aa663,56344,image/jpeg,200,56344,image/jpeg,dramas/1710/original.jpg
1710,RgW46_4f,thumbnail,dramas/1710/thumbnail.webp,image/webp,30548,8f76915ebec0ad5cc4265e6da31c38796e7868ac19e3b23af0f384a0bad51b04,30548,image/webp,200,30548,image/webp,dramas/1710/original.jpg
1711,Dkwg3n_4f,original,dramas/1711/original.jpg,image/jpeg,203242,bdbaf482920a0b00908896b130f98f384a809211df5893622f0cd189de594755,203242,image/jpeg,200,203242,image/jpeg,dramas/1711/original.jpg
1711,Dkwg3n_4f,thumbnail,dramas/1711/thumbnail.webp,image/webp,30864,c133c1260325e8c5f748229d5c61283b6f14306b41015b0f540081bf981e1566,30864,image/webp,200,30864,image/webp,dramas/1711/original.jpg
1712,3oXnK4_4f,original,dramas/1712/original.jpg,image/jpeg,139125,ef4da7da3b3ec1e9321c8f1d3722cf2dc70ffd29aecefbb1d47560b71efaae2d,139125,image/jpeg,200,139125,image/jpeg,dramas/1712/original.jpg
1712,3oXnK4_4f,thumbnail,dramas/1712/thumbnail.webp,image/webp,29254,3ba8a9acf3bd580ea5aec5abfc80484ac69eefe12c79df13fac54acd5beb7452,29254,image/webp,200,29254,image/webp,dramas/1712/original.jpg
1713,NdOlNW_4f,original,dramas/1713/original.jpg,image/jpeg,190252,23199f632505a23f9f8f468f6d74075e8a5ab6d3824ba18bf14a418f4b449614,190252,image/jpeg,200,190252,image/jpeg,dramas/1713/original.jpg
1713,NdOlNW_4f,thumbnail,dramas/1713/thumbnail.webp,image/webp,36436,49777fcf4ed65cc226e74bc24af7942a20f9e83ac8f1fa9a21064ee3e8d14adc,36436,image/webp,200,36436,image/webp,dramas/1713/original.jpg
1714,JB4mBm_4f,original,dramas/1714/original.jpg,image/jpeg,168723,13bd58ec839044128b5f62515c2d65cdafccdc78087554ec24a4e892103ecf70,168723,image/jpeg,200,168723,image/jpeg,dramas/1714/original.jpg
1714,JB4mBm_4f,thumbnail,dramas/1714/thumbnail.webp,image/webp,32302,77e5539759353d0a2a96e2ae6b63ce73e7769795d972f5985a2a3c41181e065d,32302,image/webp,200,32302,image/webp,dramas/1714/original.jpg
1715,mOQKZQ_4f,original,dramas/1715/original.jpg,image/jpeg,182054,928f8d4130bb4ace2574bc7076a6000c22bcf72e9ba7fc2126300221b67d2648,182054,image/jpeg,200,182054,image/jpeg,dramas/1715/original.jpg
1715,mOQKZQ_4f,thumbnail,dramas/1715/thumbnail.webp,image/webp,34890,0f23a41281a8055dbc79af515fc31f235c1805109dc36b1903c1f8edc9be60ee,34890,image/webp,200,34890,image/webp,dramas/1715/original.jpg
1716,g0eqq1_4f,original,dramas/1716/original.jpg,image/jpeg,139427,78cca0d5e00ab178dc1eaa79f006cf93d5dfd5b1f996854382beff3de4be121d,139427,image/jpeg,200,139427,image/jpeg,dramas/1716/original.jpg
1716,g0eqq1_4f,thumbnail,dramas/1716/thumbnail.webp,image/webp,28072,7467da2a7f44a02d50a4d78506b53a0c85badaf1d9d3a7d2d3a54b4b09014b6d,28072,image/webp,200,28072,image/webp,dramas/1716/original.jpg
1717,73o2gn_4f,original,dramas/1717/original.jpg,image/jpeg,292527,6c56c47d866fc68d4df3bea1ea30a8d1baab6ed1c3e9a10e26bee651a4f00b27,292527,image/jpeg,200,292527,image/jpeg,dramas/1717/original.jpg
1717,73o2gn_4f,thumbnail,dramas/1717/thumbnail.webp,image/webp,73234,aaadad549f9ddee329f8569fa48cf5a2f1d26078bc6316c9dfe44ba8c947c1e1,73234,image/webp,200,73234,image/webp,dramas/1717/original.jpg
1718,oQXAnO_4f,original,dramas/1718/original.jpg,image/jpeg,140032,40e60f2b939705217ee75a5a38be53e04b5861dbe2896a2443cce18b8a3a4409,140032,image/jpeg,200,140032,image/jpeg,dramas/1718/original.jpg
1718,oQXAnO_4f,thumbnail,dramas/1718/thumbnail.webp,image/webp,28034,cc2229903630b920e7bba8595be081c61b1596dd77b4918c8a092c4e0ef172ef,28034,image/webp,200,28034,image/webp,dramas/1718/original.jpg
1719,0eOlN_4f,original,dramas/1719/original.jpg,image/jpeg,117567,9298ab0662e6560dd94c2c07235092ef7cdb591e6a537c707bba52180bf60465,117567,image/jpeg,200,117567,image/jpeg,dramas/1719/original.jpg
1719,0eOlN_4f,thumbnail,dramas/1719/thumbnail.webp,image/webp,23070,6633dedbaaef3fd4018efd109069d13cb5092825c621e7e4e052292b2bdb2517,23070,image/webp,200,23070,image/webp,dramas/1719/original.jpg
1720,AB0Jgq_4f,original,dramas/1720/original.jpg,image/jpeg,101398,29a3c7d6920dbaae822c791dba98452fba06ef4f4403ecf4b7d46fedb6766faf,101398,image/jpeg,200,101398,image/jpeg,dramas/1720/original.jpg
1720,AB0Jgq_4f,thumbnail,dramas/1720/thumbnail.webp,image/webp,17676,e6376c30b0290dd3671dd89a8d9bd8630ccee968ab1851b6f895d5259d0fffb5,17676,image/webp,200,17676,image/webp,dramas/1720/original.jpg
1721,AB0bJ3_4f,original,dramas/1721/original.jpg,image/jpeg,44820,00bdd6a58e04fd62d5a5821463d36ad35f48cffe0f1d7740890c889a7f6d0438,44820,image/jpeg,200,44820,image/jpeg,dramas/1721/original.jpg
1721,AB0bJ3_4f,thumbnail,dramas/1721/thumbnail.webp,image/webp,8690,42889a4f2e70af11e0dbd23400d5cef64ffd82a1b4186b457d35416af65c2b9c,8690,image/webp,200,8690,image/webp,dramas/1721/original.jpg
1722,VXmBWL_4f,original,dramas/1722/original.jpg,image/jpeg,289900,735f26a07707b68d4a8fc1b32ead47a4443c7e9dd7623ebaa31a63d2d5943748,289900,image/jpeg,200,289900,image/jpeg,dramas/1722/original.jpg
1722,VXmBWL_4f,thumbnail,dramas/1722/thumbnail.webp,image/webp,67962,ea1211e8578f0336f60502500383f475d16ac8b7dc63d94581a5831abfb30a97,67962,image/webp,200,67962,image/webp,dramas/1722/original.jpg
1723,73xmqb_4f,original,dramas/1723/original.jpg,image/jpeg,40565,d669b24fc5cd8dfbe519d4b9e644c53f57c43a8dae7993cef57f272c7813d682,40565,image/jpeg,200,40565,image/jpeg,dramas/1723/original.jpg
1723,73xmqb_4f,thumbnail,dramas/1723/thumbnail.webp,image/webp,7528,8ac5082ece9e7cf810025e9feebc7d765ce3a36c94f18d15b1c87143992107c6,7528,image/webp,200,7528,image/webp,dramas/1723/original.jpg
1724,PxAA70_4f,original,dramas/1724/original.jpg,image/jpeg,149046,45e457c334232a669341447ed7df21cf32d8c2557efc77cfb1868d20e7c7c752,149046,image/jpeg,200,149046,image/jpeg,dramas/1724/original.jpg
1724,PxAA70_4f,thumbnail,dramas/1724/thumbnail.webp,image/webp,26290,2cbc1c775066aab7d2ad9faa71a15ecb1173cd89c66ff4cb60210931f706b275,26290,image/webp,200,26290,image/webp,dramas/1724/original.jpg
1725,yW1lP4_4f,original,dramas/1725/original.jpg,image/jpeg,194550,e1340acece6a1c05b1ad0b97d255f886ad78fabb7a9bae5c8a5b236d3d36c66f,194550,image/jpeg,200,194550,image/jpeg,dramas/1725/original.jpg
1725,yW1lP4_4f,thumbnail,dramas/1725/thumbnail.webp,image/webp,41876,56b4b9e89c42646f3f9e44926f59e2f4a2b5e73eb48cd37497d316d47f8f3815,41876,image/webp,200,41876,image/webp,dramas/1725/original.jpg
1726,nOlKO2_4f,original,dramas/1726/original.jpg,image/jpeg,115381,b74d720196114d2c3e589b1849ab7ecd8df12ea411e70f03014da9986fc630dc,115381,image/jpeg,200,115381,image/jpeg,dramas/1726/original.jpg
1726,nOlKO2_4f,thumbnail,dramas/1726/thumbnail.webp,image/webp,20652,27c50954254dd237a6041f6aedb89c02bc2cbd870bf32c164e7e42709db4bf20,20652,image/webp,200,20652,image/webp,dramas/1726/original.jpg
1727,ABWnxP_4f,original,dramas/1727/original.jpg,image/jpeg,195244,3961f49d44186b8f160c13d2403d34dc57d66a2d6e0781977d2ccaba6d438f30,195244,image/jpeg,200,195244,image/jpeg,dramas/1727/original.jpg
1727,ABWnxP_4f,thumbnail,dramas/1727/thumbnail.webp,image/webp,37734,e0199fa5bd9083eb34d18fd29e651c791fa966160f9947863ca852d7fffb8c4b,37734,image/webp,200,37734,image/webp,dramas/1727/original.jpg
1728,l06boJ_4f,original,dramas/1728/original.jpg,image/jpeg,251023,b316dd4964573123ca34f79200a0df5200bca0888d2fd1fe4bd2e258e25bf152,251023,image/jpeg,200,251023,image/jpeg,dramas/1728/original.jpg
1728,l06boJ_4f,thumbnail,dramas/1728/thumbnail.webp,image/webp,86376,88770d1daaee82f481f7a0ef0fb45fa7555064f78486b289013743fa9f5dc5da,86376,image/webp,200,86376,image/webp,dramas/1728/original.jpg
1729,l0z2x4_4f,original,dramas/1729/original.jpg,image/jpeg,200601,92a3419fd96699d389c0f228a6e62cff5d3dd6a208722ce4aa78a413e58894f7,200601,image/jpeg,200,200601,image/jpeg,dramas/1729/original.jpg
1729,l0z2x4_4f,thumbnail,dramas/1729/thumbnail.webp,image/webp,31858,815738bc748347d103ee7bb13ec834f3e8ffdefceb92a85bdedfdc2da0047003,31858,image/webp,200,31858,image/webp,dramas/1729/original.jpg
1730,JBQqVo_4f,original,dramas/1730/original.jpg,image/jpeg,192111,6b43587fe4ff8496545cfd09dc048c8dc459b4c8d698b069b4bef04f3521580e,192111,image/jpeg,200,192111,image/jpeg,dramas/1730/original.jpg
1730,JBQqVo_4f,thumbnail,dramas/1730/thumbnail.webp,image/webp,43660,b4917155b7eafc38467dc67450e9b5ff6e2c7da48f7db70735658517c2d37e45,43660,image/webp,200,43660,image/webp,dramas/1730/original.jpg
1731,mOwKm1_4f,original,dramas/1731/original.jpg,image/jpeg,210402,855768a85b54e532c412f8b35ccb45454f8d9c985940bba2ef2563ca360be315,210402,image/jpeg,200,210402,image/jpeg,dramas/1731/original.jpg
1731,mOwKm1_4f,thumbnail,dramas/1731/thumbnail.webp,image/webp,41646,382d212f994c7f595dd3ab879b1b2b437fdd206b6bd5c1c00c23bfd9b8fb29ea,41646,image/webp,200,41646,image/webp,dramas/1731/original.jpg
1732,Em7BO_4f,original,dramas/1732/original.jpg,image/jpeg,43821,87b5131228dab5cac9c179ed0078a26f496f33a514f49c697cd774f89471d4f5,43821,image/jpeg,200,43821,image/jpeg,dramas/1732/original.jpg
1732,Em7BO_4f,thumbnail,dramas/1732/thumbnail.webp,image/webp,19936,a749dcb699453085a92a10cb22365858153d4c1aebf31fc51723ba378c74ac6b,19936,image/webp,200,19936,image/webp,dramas/1732/original.jpg
1733,xJ7pr_4f,original,dramas/1733/original.jpg,image/jpeg,175168,f277437fdfc52dda9628c3c8d9e55d67ad17327fd2bb89af4bf36e949c650311,175168,image/jpeg,200,175168,image/jpeg,dramas/1733/original.jpg
1733,xJ7pr_4f,thumbnail,dramas/1733/thumbnail.webp,image/webp,73376,223a89801efaa95236220be3d8f86c90f891d9fe2cb696de131050d14a280d1a,73376,image/webp,200,73376,image/webp,dramas/1733/original.jpg
1734,3oNOLm_4f,original,dramas/1734/original.jpg,image/jpeg,96891,15f4b82c6a8a897078fcb53f3201c812866c0fc45303a3dbf4aeac2149489b1f,96891,image/jpeg,200,96891,image/jpeg,dramas/1734/original.jpg
1734,3oNOLm_4f,thumbnail,dramas/1734/thumbnail.webp,image/webp,22236,9e19416e35a6adb1fdbbcca317f306644934573607db8ea493f81e07d2be2244,22236,image/webp,200,22236,image/webp,dramas/1734/original.jpg
1735,oQA8wL_4f,original,dramas/1735/original.jpg,image/jpeg,117803,30556a058290154d6854ef7a62e111308f76baec2da4e6bf9477a8c69d093d5f,117803,image/jpeg,200,117803,image/jpeg,dramas/1735/original.jpg
1735,oQA8wL_4f,thumbnail,dramas/1735/thumbnail.webp,image/webp,16902,fa63a769ed3401bf672993463f50b0a27364c5374af2b9f7e9056cec9f6637b6,16902,image/webp,200,16902,image/webp,dramas/1735/original.jpg
1736,Rqp66_4f,original,dramas/1736/original.jpg,image/jpeg,85178,76d3e9d4783f0a5a6365679660973e0b3d76434106e243fda7f8eaf8ece82170,85178,image/jpeg,200,85178,image/jpeg,dramas/1736/original.jpg
1736,Rqp66_4f,thumbnail,dramas/1736/thumbnail.webp,image/webp,26818,4a525735befbdecee827bab2d90d8b341a7b2b0839f91d6cca68b16b26df9354,26818,image/webp,200,26818,image/webp,dramas/1736/original.jpg
1737,PxY0y5_4f,original,dramas/1737/original.jpg,image/jpeg,102328,845cb5620a6f644952e336942d479e408d862b909a66d3e9f45fb60c0bd9bb7d,102328,image/jpeg,200,102328,image/jpeg,dramas/1737/original.jpg
1737,PxY0y5_4f,thumbnail,dramas/1737/thumbnail.webp,image/webp,17518,26a06ee43a1df2fa75bbd9ee7d7a6400fdc56194dba83646b98cfacc37f8953e,17518,image/webp,200,17518,image/webp,dramas/1737/original.jpg
1738,73WWAN_4f,original,dramas/1738/original.jpg,image/jpeg,8658,52e6058ad48f8c7f7cfc1eebe7fe952235c99e43309ad1a0a5d49207647ffe8f,8658,image/jpeg,200,8658,image/jpeg,dramas/1738/original.jpg
1738,73WWAN_4f,thumbnail,dramas/1738/thumbnail.webp,image/webp,3544,def2e78e3deed063c7ed2df36f28404470f9a5f702b168c8e05ff9ee18f56533,3544,image/webp,200,3544,image/webp,dramas/1738/original.jpg
1739,oQl5QL_4f,original,dramas/1739/original.jpg,image/jpeg,144592,c8579720daa33a27835799e788acddcbf060b93d425fb8b7fbe1a2e320188934,144592,image/jpeg,200,144592,image/jpeg,dramas/1739/original.jpg
1739,oQl5QL_4f,thumbnail,dramas/1739/thumbnail.webp,image/webp,33854,960703dbb11b101b72cced379e7d5e3f97b34373fe5058a78ecbc039b73f2aea,33854,image/webp,200,33854,image/webp,dramas/1739/original.jpg
1740,VXxpVy_4f,original,dramas/1740/original.jpg,image/jpeg,84096,0437120bf50092fb8d606c287af4b245a2014ad84f5b788231cfc2f0d823c4a5,84096,image/jpeg,200,84096,image/jpeg,dramas/1740/original.jpg
1740,VXxpVy_4f,thumbnail,dramas/1740/thumbnail.webp,image/webp,29412,871d462b7f83f9b066353751b3b830a151d1c1a443ed1f279ef9eb2df528a6a4,29412,image/webp,200,29412,image/webp,dramas/1740/original.jpg
1741,mO4WZ3_4f,original,dramas/1741/original.jpg,image/jpeg,216567,65e0b387db49eef1a407510b2f04dc29a94f0022ffd102c30965b3ea1c550070,216567,image/jpeg,200,216567,image/jpeg,dramas/1741/original.jpg
1741,mO4WZ3_4f,thumbnail,dramas/1741/thumbnail.webp,image/webp,38674,d5fe97c878a20151ab5ab596510c70285a24b89f6fbc8fd24ae85b3ec3ab9a33,38674,image/webp,200,38674,image/webp,dramas/1741/original.jpg
1742,73jzxB_4f,original,dramas/1742/original.jpg,image/jpeg,123074,6366d6a2aaa2c6704150391a83e98d9095d6874f7190840565e1b2e157d2e052,123074,image/jpeg,200,123074,image/jpeg,dramas/1742/original.jpg
1742,73jzxB_4f,thumbnail,dramas/1742/thumbnail.webp,image/webp,43410,5da370cfab5cf7ef806ed4d22dc7921638c37ded29c0b99d747aa0a4da401e4a,43410,image/webp,200,43410,image/webp,dramas/1742/original.jpg
1743,ABjoqv_4f,original,dramas/1743/original.jpg,image/jpeg,186832,84a18036629f3053f80a293c14b1797bcc9924839c0b73d84ef474556126c6e1,186832,image/jpeg,200,186832,image/jpeg,dramas/1743/original.jpg
1743,ABjoqv_4f,thumbnail,dramas/1743/thumbnail.webp,image/webp,39894,5178b754995e7be42a18c114f20c7d77ab1054c81684cb1740daa8b2885c119f,39894,image/webp,200,39894,image/webp,dramas/1743/original.jpg
1744,l0nELb_4f,original,dramas/1744/original.jpg,image/jpeg,109467,bd839eb036f7a349931a9938563dc36ccda45b268bb70033af098c935a01105f,109467,image/jpeg,200,109467,image/jpeg,dramas/1744/original.jpg
1744,l0nELb_4f,thumbnail,dramas/1744/thumbnail.webp,image/webp,18448,c5352feaae7ae8b12f64bb06c0c3c7ed63616059c1d96021cf93130993f14f9f,18448,image/webp,200,18448,image/webp,dramas/1744/original.jpg
1745,Lw06oD_4f,original,dramas/1745/original.jpg,image/jpeg,211448,814c9a1f2b9d0819b15125450341c3750e9f52a1687ed45b92832f52c53a66bf,211448,image/jpeg,200,211448,image/jpeg,dramas/1745/original.jpg
1745,Lw06oD_4f,thumbnail,dramas/1745/thumbnail.webp,image/webp,45588,0c7f39f77aa17a21544dd8b5715d621286acee9479dbe20b11008d20b67c9b84,45588,image/webp,200,45588,image/webp,dramas/1745/original.jpg
1746,LwPA1D_4f,original,dramas/1746/original.jpg,image/jpeg,200953,adcccb5c490dbfb290fe18267f0232ce16e1a52c3d1b052e5f2977b276d959c8,200953,image/jpeg,200,200953,image/jpeg,dramas/1746/original.jpg
1746,LwPA1D_4f,thumbnail,dramas/1746/thumbnail.webp,image/webp,19000,f510cb448c0669a7dd866323006cd32f8d746e5afa2a9e85c60bd82bd9b7189b,19000,image/webp,200,19000,image/webp,dramas/1746/original.jpg
1747,oQR8WY_4f,original,dramas/1747/original.jpg,image/jpeg,196243,3b3f208357bf4fbdd46d53b089b13e58b270b5b35795cfa63bcf468b5f2fcc84,196243,image/jpeg,200,196243,image/jpeg,dramas/1747/original.jpg
1747,oQR8WY_4f,thumbnail,dramas/1747/thumbnail.webp,image/webp,44332,7464a46880cff66d55010118ec6024ace30c1bc395d510bc0455d178e2188f98,44332,image/webp,200,44332,image/webp,dramas/1747/original.jpg
1748,YYBxmP_4f,original,dramas/1748/original.jpg,image/jpeg,41367,1b0bc4548bcbf50843027ce0e1a3e81af15c62b58df4cf7252c47228438f9a19,41367,image/jpeg,200,41367,image/jpeg,dramas/1748/original.jpg
1748,YYBxmP_4f,thumbnail,dramas/1748/thumbnail.webp,image/webp,7086,f5f5786d5cdbe6b95ef7cf6a518a7e644d95e6d4d904f2ccb3300c4d9c5270e3,7086,image/webp,200,7086,image/webp,dramas/1748/original.jpg
1749,3oRzJe_4f,original,dramas/1749/original.jpg,image/jpeg,37753,6d5292640ac236b2f29d3fafc55e58325ce59777277b6ace24f8a903c9b76ca5,37753,image/jpeg,200,37753,image/jpeg,dramas/1749/original.jpg
1749,3oRzJe_4f,thumbnail,dramas/1749/thumbnail.webp,image/webp,5912,c1abb3ba65f3d69b621961715c13cfa15f131464c60fecb6285fd109da2521ad,5912,image/webp,200,5912,image/webp,dramas/1749/original.jpg
1750,73j73N_4f,original,dramas/1750/original.jpg,image/jpeg,130485,ee9b36d8908a877dc3c5e92c063400f9b61b08821ac2dbd024e27512cad23cb5,130485,image/jpeg,200,130485,image/jpeg,dramas/1750/original.jpg
1750,73j73N_4f,thumbnail,dramas/1750/thumbnail.webp,image/webp,23196,a2b2e3ad505e36d52ade47f5e10d13a47ed9997309f44b3c285a6bf3e341317a,23196,image/webp,200,23196,image/webp,dramas/1750/original.jpg
1751,oQROQL_4f,original,dramas/1751/original.jpg,image/jpeg,143515,20720f066b2d96b1d1cad1b63c25be2648050e6d6b6d3a1051c4756b987bdec3,143515,image/jpeg,200,143515,image/jpeg,dramas/1751/original.jpg
1751,oQROQL_4f,thumbnail,dramas/1751/thumbnail.webp,image/webp,27054,2aa11303ca9714534748b40c2ff23cee82a452834756a4d59494c5a6ccad99d8,27054,image/webp,200,27054,image/webp,dramas/1751/original.jpg
1752,3oRJoV_4f,original,dramas/1752/original.jpg,image/jpeg,232845,60d4b5cd9774cb5359e83c7731075cb0830388924e5a0068ef9ba48ed7ef8a94,232845,image/jpeg,200,232845,image/jpeg,dramas/1752/original.jpg
1752,3oRJoV_4f,thumbnail,dramas/1752/thumbnail.webp,image/webp,50342,8dc54fb44ddcfabd78da5c80f58679b4a60dcda635481ae626626b61aa8b5608,50342,image/webp,200,50342,image/webp,dramas/1752/original.jpg
1753,73jdPN_4f,original,dramas/1753/original.jpg,image/jpeg,39098,c5c31aabbaa93ae25d1486d494c5e2ef4975a5cedeb6477f911b02e1bd9ec63f,39098,image/jpeg,200,39098,image/jpeg,dramas/1753/original.jpg
1753,73jdPN_4f,thumbnail,dramas/1753/thumbnail.webp,image/webp,11102,520a61e8350626cab1bcb554f3f4b9e150740f627022e56ffef564fe5018e442,11102,image/webp,200,11102,image/webp,dramas/1753/original.jpg
1754,yWk6oR_4f,original,dramas/1754/original.jpg,image/jpeg,52092,a6119ecd769ecdface1d0cc5c7673b174865a2f645175229332e3115f1b60461,52092,image/jpeg,200,52092,image/jpeg,dramas/1754/original.jpg
1754,yWk6oR_4f,thumbnail,dramas/1754/thumbnail.webp,image/webp,20062,1d59d72cba5333e10b45b9ae22b85f3c6ed2bc2dc17f47c4eceaa0d3e19714c9,20062,image/webp,200,20062,image/webp,dramas/1754/original.jpg
1755,ABVJXg_4f,original,dramas/1755/original.jpg,image/jpeg,69610,7d35c5f84cae6b27dcda3e646f78ca7c00461e40c9e61af7cf04d7abf5de4228,69610,image/jpeg,200,69610,image/jpeg,dramas/1755/original.jpg
1755,ABVJXg_4f,thumbnail,dramas/1755/thumbnail.webp,image/webp,16684,774e62d469c2d0afa9a839e03d8e94a84a6f2e7dde37150b90cd8a6389d9330f,16684,image/webp,200,16684,image/webp,dramas/1755/original.jpg
1756,73oppb_4f,original,dramas/1756/original.jpg,image/jpeg,118174,e7d0d30e7fc8d89eb38e385ffaf8213003e93d88cc622323f3dbb8789af8ffd0,118174,image/jpeg,200,118174,image/jpeg,dramas/1756/original.jpg
1756,73oppb_4f,thumbnail,dramas/1756/thumbnail.webp,image/webp,42828,272cd83f5b8f9792a5f8280fea50084d89f81513c3725c83995111a1adcbdd55,42828,image/webp,200,42828,image/webp,dramas/1756/original.jpg
1757,g0j61v_4f,original,dramas/1757/original.jpg,image/jpeg,79168,ec5711eae9305c078e0bb9066a9bbf773ab75fa205d84979709fef22b4d39b79,79168,image/jpeg,200,79168,image/jpeg,dramas/1757/original.jpg
1757,g0j61v_4f,thumbnail,dramas/1757/thumbnail.webp,image/webp,29726,a6f84046c1ccace2f4d3012e3c02aa729d28c518e68292509b5909a1fa15f0cd,29726,image/webp,200,29726,image/webp,dramas/1757/original.jpg
1758,vxv2D_4f,original,dramas/1758/original.jpg,image/jpeg,61639,4f09aa6fdb511e9f5f4b5a7d2cf94ea2019ab655574d8b3969bb24c45efe1caa,61639,image/jpeg,200,61639,image/jpeg,dramas/1758/original.jpg
1758,vxv2D_4f,thumbnail,dramas/1758/thumbnail.webp,image/webp,33890,3e638206ec0a571c9d0e6fd66ab55234ac06dcc75644fd66a7e9dc3d1bf3100c,33890,image/webp,200,33890,image/webp,dramas/1758/original.jpg
1759,VXVAPv_4f,original,dramas/1759/original.jpg,image/jpeg,147866,3c970e6f135b2484db44cdd44d4bdba9ef8c8b9b793688800a88faae5db3a33e,147866,image/jpeg,200,147866,image/jpeg,dramas/1759/original.jpg
1759,VXVAPv_4f,thumbnail,dramas/1759/thumbnail.webp,image/webp,67168,fb699d28c9972fbbad49b538b6c111e740157189ea16ba09c2905a6fb03f3042,67168,image/webp,200,67168,image/webp,dramas/1759/original.jpg
1760,ABeOEg_4f,original,dramas/1760/original.jpg,image/jpeg,131711,979b8a0cbc53293ee8edace02c55f67fc1dc91b14efb565a96e3182bd7f7cb0a,131711,image/jpeg,200,131711,image/jpeg,dramas/1760/original.jpg
1760,ABeOEg_4f,thumbnail,dramas/1760/thumbnail.webp,image/webp,33880,d80e8c5ca6a3b9f5ef8f1d5c0f997d0d1e3a61759d33ac81f049cfc7ac1e079e,33880,image/webp,200,33880,image/webp,dramas/1760/original.jpg
1761,nOkL4E_4f,original,dramas/1761/original.jpg,image/jpeg,337975,4b76459dc832b7264d3cd063eb323705a35d4e8bbf8a011c138ab146ec72129e,337975,image/jpeg,200,337975,image/jpeg,dramas/1761/original.jpg
1761,nOkL4E_4f,thumbnail,dramas/1761/thumbnail.webp,image/webp,88000,6c8e387d77d11b704bde8f068b50d56d701ef3211dc2146bb269bee5cd3a7301,88000,image/webp,200,88000,image/webp,dramas/1761/original.jpg
1762,Lwbj0b_4f,original,dramas/1762/original.jpg,image/jpeg,95909,5864e8df10199932d67fcaa1f77d08cbe26256ed5caa34d4c689e78e1b0f3243,95909,image/jpeg,200,95909,image/jpeg,dramas/1762/original.jpg
1762,Lwbj0b_4f,thumbnail,dramas/1762/thumbnail.webp,image/webp,18282,5ebb15f00a62453a9105e61e4e2ae0384b6bd7bb6016ae7404746a398c274f07,18282,image/webp,200,18282,image/webp,dramas/1762/original.jpg
1763,mOK2Aq_4f,original,dramas/1763/original.jpg,image/jpeg,155822,bc38510df7282f3abec2a1d774db0af6feb101ef9482e700151c82eae0696e92,155822,image/jpeg,200,155822,image/jpeg,dramas/1763/original.jpg
1763,mOK2Aq_4f,thumbnail,dramas/1763/thumbnail.webp,image/webp,28368,cbd84d0a2997a0db178d54ea7015735bce63c058c95b0546b2251fdb628b82e7,28368,image/webp,200,28368,image/webp,dramas/1763/original.jpg
1764,NdV8mY_4f,original,dramas/1764/original.jpg,image/jpeg,128063,847956a71ed36b32eee24fe87263294925bbfdee470317ddf8176a75e863b3b5,128063,image/jpeg,200,128063,image/jpeg,dramas/1764/original.jpg
1764,NdV8mY_4f,thumbnail,dramas/1764/thumbnail.webp,image/webp,20438,1b7df0f1c2db5227338db15ff55307e80500f3d1921afa5136ed60237235bafa,20438,image/webp,200,20438,image/webp,dramas/1764/original.jpg
1765,O8pk1Y_4f,original,dramas/1765/original.jpg,image/jpeg,128797,da657b8e8d931b64f6626e2fd1127879d15aca0fad65547b9c9cfbe868c314b0,128797,image/jpeg,200,128797,image/jpeg,dramas/1765/original.jpg
1765,O8pk1Y_4f,thumbnail,dramas/1765/thumbnail.webp,image/webp,27676,1c7dda17011098fb3db076c661fe775781c2e603a5188ce4793c72dc7a720454,27676,image/webp,200,27676,image/webp,dramas/1765/original.jpg
1766,nOkOw8_4f,original,dramas/1766/original.jpg,image/jpeg,57650,c640bf96d44f519280d01ae821feec540e25bda21f7f6378e87d89dbddf0d785,57650,image/jpeg,200,57650,image/jpeg,dramas/1766/original.jpg
1766,nOkOw8_4f,thumbnail,dramas/1766/thumbnail.webp,image/webp,11358,67a7f7c3d489dfadb6d85086f731f8c98ce4a9aec407b3f0b6650f5bc1605c8f,11358,image/webp,200,11358,image/webp,dramas/1766/original.jpg
1767,YY20Oo_4f,original,dramas/1767/original.jpg,image/jpeg,188588,4010cacf715666be2852cdbc1cf3f47c5ef415c875ed88e08e4cbd61519fc2a5,188588,image/jpeg,200,188588,image/jpeg,dramas/1767/original.jpg
1767,YY20Oo_4f,thumbnail,dramas/1767/thumbnail.webp,image/webp,28068,1d0f58a013a6d32ad738f9d137860dcf493e1a55341cd87acb42228611e10242,28068,image/webp,200,28068,image/webp,dramas/1767/original.jpg
1768,YYPOVA_4f,original,dramas/1768/original.jpg,image/jpeg,86089,1d8661634cceee3c94d1b823b43727cfd81c01b0e7a0e558ef6a83c47a1cf767,86089,image/jpeg,200,86089,image/jpeg,dramas/1768/original.jpg
1768,YYPOVA_4f,thumbnail,dramas/1768/thumbnail.webp,image/webp,15216,377ec865b1a8fcffc0f2cee4f1cb138056a33344038cb7ce612ae525f129adeb,15216,image/webp,200,15216,image/webp,dramas/1768/original.jpg
1769,YYVvDW_4f,original,dramas/1769/original.jpg,image/jpeg,89347,c2ef2766fcdd223a37ac61498ed16f0b331127e0d2ffe9e2a6f433a580c43981,89347,image/jpeg,200,89347,image/jpeg,dramas/1769/original.jpg
1769,YYVvDW_4f,thumbnail,dramas/1769/thumbnail.webp,image/webp,23816,69b288b9b5c90c16d9abdcacd22d109764a0cc15763be2178f88c53734f885b7,23816,image/webp,200,23816,image/webp,dramas/1769/original.jpg
1770,O8PDKb_4f,original,dramas/1770/original.jpg,image/jpeg,224035,7b3fe9b3c7bf4b0ddfa4611cc2fa591b5175fe77c7db8a2497e0e4f8efbb9d63,224035,image/jpeg,200,224035,image/jpeg,dramas/1770/original.jpg
1770,O8PDKb_4f,thumbnail,dramas/1770/thumbnail.webp,image/webp,44908,9145509f98137fd707af8ef1d4794f39404a681edbf0bae4fc84909f7e5a5633,44908,image/webp,200,44908,image/webp,dramas/1770/original.jpg
1771,O8pO2k_4f,original,dramas/1771/original.jpg,image/jpeg,41380,8ec6996f3975f74460e74ae3981a48be6f057d25efddd5420f54b5de2a442ac1,41380,image/jpeg,200,41380,image/jpeg,dramas/1771/original.jpg
1771,O8pO2k_4f,thumbnail,dramas/1771/thumbnail.webp,image/webp,11470,ce0547e7d6dd4d100e3bf9057688d673005cfd74eb096cb045b41911fa7a9b20,11470,image/webp,200,11470,image/webp,dramas/1771/original.jpg
1772,oQ5R4z_4f,original,dramas/1772/original.jpg,image/jpeg,264429,8c2c40bc78d0bc9a98c8c87707db2e34422d25f426e66951df7d354aec991db0,264429,image/jpeg,200,264429,image/jpeg,dramas/1772/original.jpg
1772,oQ5R4z_4f,thumbnail,dramas/1772/thumbnail.webp,image/webp,52826,4fcb8571f4ca0a45e2ddd980d56f2987b3fadd71c300d1d891992f9b53ad76e2,52826,image/webp,200,52826,image/webp,dramas/1772/original.jpg
1773,Xq58d_4f,original,dramas/1773/original.jpg,image/jpeg,216391,bf4e4be668fa8db2d7fad6193e25eede390b52fbf6fc930b0b56568b0f9ec073,216391,image/jpeg,200,216391,image/jpeg,dramas/1773/original.jpg
1773,Xq58d_4f,thumbnail,dramas/1773/thumbnail.webp,image/webp,38918,15061042ede08aa30c4f6ce677ce4f3c060e9c7e26cf5f18af405abd5537fc87,38918,image/webp,200,38918,image/webp,dramas/1773/original.jpg
1774,15Ygy_4f,original,dramas/1774/original.jpg,image/jpeg,184507,f1546591b80e222db9144a6cfa570f305ff0ab708d20c05dabda60f29dd96549,184507,image/jpeg,200,184507,image/jpeg,dramas/1774/original.jpg
1774,15Ygy_4f,thumbnail,dramas/1774/thumbnail.webp,image/webp,66716,3f8f697cd6fd184c684c2ba1d56d58a232a77deec8ae32c6e4f1d1ceeda9730d,66716,image/webp,200,66716,image/webp,dramas/1774/original.jpg
1775,1rPKz_4f,original,dramas/1775/original.jpg,image/jpeg,110606,7d2e910c2eb53aeae97f956b89588dabc497ea55a7d2f851e3da401d7c33d0d6,110606,image/jpeg,200,110606,image/jpeg,dramas/1775/original.jpg
1775,1rPKz_4f,thumbnail,dramas/1775/thumbnail.webp,image/webp,38618,86e75c357b463bac25b5492aae8e68ab1da566de2097ca0b4a1f988a80f81293,38618,image/webp,200,38618,image/webp,dramas/1775/original.jpg
1776,g0AR3P_4f,original,dramas/1776/original.jpg,image/jpeg,146285,5f2ff523268b4d3da9af0cb43dd4415fd31681ee0aa1cf0e3cbdf44639fe4603,146285,image/jpeg,200,146285,image/jpeg,dramas/1776/original.jpg
1776,g0AR3P_4f,thumbnail,dramas/1776/thumbnail.webp,image/webp,25578,df6908732813120481986445018c1c5a6905b46144fc33f4ff08bcf0c28bf7f0,25578,image/webp,200,25578,image/webp,dramas/1776/original.jpg
1777,nOe5zQ_4f,original,dramas/1777/original.jpg,image/jpeg,210867,ead9be0fb27568e3e2001d2027eb8ed5ccf270dafb171304b316e69f8ad918a4,210867,image/jpeg,200,210867,image/jpeg,dramas/1777/original.jpg
1777,nOe5zQ_4f,thumbnail,dramas/1777/thumbnail.webp,image/webp,41714,b8441065b16b8507c3c826a9488d25ea423922e82275bdb6337abd51ce4a4364,41714,image/webp,200,41714,image/webp,dramas/1777/original.jpg
1778,734PvR_4f,original,dramas/1778/original.jpg,image/jpeg,104875,293a837e894a7e8fdcd7179240b61e720c01ec8a1d8788c3fbee4e1dbb891a4a,104875,image/jpeg,200,104875,image/jpeg,dramas/1778/original.jpg
1778,734PvR_4f,thumbnail,dramas/1778/thumbnail.webp,image/webp,21890,33f244270c2aaf9be4e2488d7dc9fa0829a77bf521706fec3abc252d13f04ddb,21890,image/webp,200,21890,image/webp,dramas/1778/original.jpg
1779,PxmQdR_4f,original,dramas/1779/original.jpg,image/jpeg,167808,8da0c35f670453e7f288776a987ddc615694bd0e3491cdc0d5a4d168d5f92b06,167808,image/jpeg,200,167808,image/jpeg,dramas/1779/original.jpg
1779,PxmQdR_4f,thumbnail,dramas/1779/thumbnail.webp,image/webp,50838,a3ffc6017781611f8cf269b9e4eee0bed216a950db910575a6a1d7c030e44c95,50838,image/webp,200,50838,image/webp,dramas/1779/original.jpg
1780,yWLZjd_4f,original,dramas/1780/original.jpg,image/jpeg,40759,3f8e3357c92a4f715506f79f845b9d14c70882c07c9f59613d244b93671767ac,40759,image/jpeg,200,40759,image/jpeg,dramas/1780/original.jpg
1780,yWLZjd_4f,thumbnail,dramas/1780/thumbnail.webp,image/webp,11868,b92af9aa035b583edd1ae3476383eebfa7215220e34b002fe24a540135884542,11868,image/webp,200,11868,image/webp,dramas/1780/original.jpg
1781,nOkLpE_4f,original,dramas/1781/original.jpg,image/jpeg,149074,0bcc151bfbdeb1d2dd6992b9848aeecc18f4fafda8973b267eb81a8215d81ce2,149074,image/jpeg,200,149074,image/jpeg,dramas/1781/original.jpg
1781,nOkLpE_4f,thumbnail,dramas/1781/thumbnail.webp,image/webp,34814,a7fdf3962f9a71f9c323ed6ec00c23098cfa55cadb8f53a58d538533a9319f92,34814,image/webp,200,34814,image/webp,dramas/1781/original.jpg
1782,l0L14v_4f,original,dramas/1782/original.jpg,image/jpeg,131644,e5788d99519eba05de5a0f6e15e31086746a23a64e6c4ab1e6f60423b4543f40,131644,image/jpeg,200,131644,image/jpeg,dramas/1782/original.jpg
1782,l0L14v_4f,thumbnail,dramas/1782/thumbnail.webp,image/webp,27404,7f991e290b08e397a5ac927da6920fc9049fcf77169a1a7d2a057651bda69e87,27404,image/webp,200,27404,image/webp,dramas/1782/original.jpg
1783,JBOEgX_4f,original,dramas/1783/original.jpg,image/jpeg,116363,df88cab5a621f09035c6561615452c3e60a214df8829491ab841717babccad30,116363,image/jpeg,200,116363,image/jpeg,dramas/1783/original.jpg
1783,JBOEgX_4f,thumbnail,dramas/1783/thumbnail.webp,image/webp,31208,f243b2517a8801cc0df9ec5b1a1ba095c3000343823a26e93ac5bcf59b6050e1,31208,image/webp,200,31208,image/webp,dramas/1783/original.jpg
1784,Dk5zyN_4f,original,dramas/1784/original.jpg,image/jpeg,109035,5ec03d596d73c3d08d7d22453babcfc9d1f13170ef5f77b2308210aef83d1dab,109035,image/jpeg,200,109035,image/jpeg,dramas/1784/original.jpg
1784,Dk5zyN_4f,thumbnail,dramas/1784/thumbnail.webp,image/webp,16782,60341920127f1f035ba08a65540a8a6362cc698d8e091294b381a8b6a8a805d5,16782,image/webp,200,16782,image/webp,dramas/1784/original.jpg
1785,5vO1yw_4f,original,dramas/1785/original.jpg,image/jpeg,130927,4c865a40a22186af23627265d65281266a862999a2ff092b2ef930e039610298,130927,image/jpeg,200,130927,image/jpeg,dramas/1785/original.jpg
1785,5vO1yw_4f,thumbnail,dramas/1785/thumbnail.webp,image/webp,26748,ff7329fb8945bf977aeb15789f6b65e6b94578db472e60ff3e77a9b265def1fe,26748,image/webp,200,26748,image/webp,dramas/1785/original.jpg
1786,g0QEJo_4f,original,dramas/1786/original.jpg,image/jpeg,46171,efa6df69232872d4ab773cc6271aeee7c2644dfb897f8a7443b8f86ac511890d,46171,image/jpeg,200,46171,image/jpeg,dramas/1786/original.jpg
1786,g0QEJo_4f,thumbnail,dramas/1786/thumbnail.webp,image/webp,6446,c5c98068d62fa84a9b08ec0696674143bdb0df75ba28985b0ac8e5b3ed861055,6446,image/webp,200,6446,image/webp,dramas/1786/original.jpg
1787,b3yQp6_4f,original,dramas/1787/original.jpg,image/jpeg,184343,7ed31846efde331e93244b6acc03bb73ed743562c6e06eace519a8e21887e85d,184343,image/jpeg,200,184343,image/jpeg,dramas/1787/original.jpg
1787,b3yQp6_4f,thumbnail,dramas/1787/thumbnail.webp,image/webp,24306,e0ba3de200affa2b07596d59535c8850d6c21cee4e425629ab08ca6f1b698f24,24306,image/webp,200,24306,image/webp,dramas/1787/original.jpg
1788,DkO21z_4f,original,dramas/1788/original.jpg,image/jpeg,167921,d2295c2d38ddff898f45c2df653c93a41631b287875c9ce7e0c03d8bd3415d5f,167921,image/jpeg,200,167921,image/jpeg,dramas/1788/original.jpg
1788,DkO21z_4f,thumbnail,dramas/1788/thumbnail.webp,image/webp,32512,2b3ac197f393e72091e5a35c59f19eb353344e1c5c6e4f8c13c7a9630ef49fca,32512,image/webp,200,32512,image/webp,dramas/1788/original.jpg
1789,JBrpnY_4f,original,dramas/1789/original.jpg,image/jpeg,159900,ba15d9873f0566a32a32df41a24074d5a450468689a1456f8495a245a5fbafdd,159900,image/jpeg,200,159900,image/jpeg,dramas/1789/original.jpg
1789,JBrpnY_4f,thumbnail,dramas/1789/thumbnail.webp,image/webp,29630,f3d2b5a3150408cc13fbf1e1f9fc3955cbf14e4d3105359d51480fe48e5889ec,29630,image/webp,200,29630,image/webp,dramas/1789/original.jpg
1790,ABjb4X_4f,original,dramas/1790/original.jpg,image/jpeg,141598,420f4bdc6eed86f3d6e84a0cf0ab848d24ffc3f8ca838b1125aaffed5c937da9,141598,image/jpeg,200,141598,image/jpeg,dramas/1790/original.jpg
1790,ABjb4X_4f,thumbnail,dramas/1790/thumbnail.webp,image/webp,25836,87e2f1bd9a2e888e14075bf6cfd5e26aa932b291abd005ba8eef59679969f245,25836,image/webp,200,25836,image/webp,dramas/1790/original.jpg
1791,l0L4NQ_4f,original,dramas/1791/original.jpg,image/jpeg,181125,74333980a24e6e5107946462d259932b906abb5951329aa90cc3147868ba5ce5,181125,image/jpeg,200,181125,image/jpeg,dramas/1791/original.jpg
1791,l0L4NQ_4f,thumbnail,dramas/1791/thumbnail.webp,image/webp,34194,b82bd02eecafe1010b25c13991a2e738b9de59b9898c8a82596fac4dd3912f88,34194,image/webp,200,34194,image/webp,dramas/1791/original.jpg
1792,mOLlNm_4f,original,dramas/1792/original.jpg,image/jpeg,42670,e83eb982b4958c0e0092e9aef243727d67c4b053613be73bece832e9a9ecea60,42670,image/jpeg,200,42670,image/jpeg,dramas/1792/original.jpg
1792,mOLlNm_4f,thumbnail,dramas/1792/thumbnail.webp,image/webp,15622,f71d9fe5843a1b2ece296cd298467170107b0eb83418cd2deeca1e2d6a27352d,15622,image/webp,200,15622,image/webp,dramas/1792/original.jpg
1793,ABdggL_4f,original,dramas/1793/original.jpg,image/jpeg,214887,4dc1973d7d32f336a8f1fbbb0bdc6aeecfb79d62e0d9a3b20610c05fa9b330ed,214887,image/jpeg,200,214887,image/jpeg,dramas/1793/original.jpg
1793,ABdggL_4f,thumbnail,dramas/1793/thumbnail.webp,image/webp,45272,b8d826eebbdb4ed652725577b6d096424d89eab4df5ac05e1bd56cc42c1f9aee,45272,image/webp,200,45272,image/webp,dramas/1793/original.jpg
1794,ABq2E3_4f,original,dramas/1794/original.jpg,image/jpeg,121952,1e9482f9391d981cc24ad8fd8c0878cf6babe22f5393c3a8bc3ebd6b445e67fe,121952,image/jpeg,200,121952,image/jpeg,dramas/1794/original.jpg
1794,ABq2E3_4f,thumbnail,dramas/1794/thumbnail.webp,image/webp,21326,bf6e792c7cf67115cd644f354a1568048fd8382ffcd4b1e838ea868842040411,21326,image/webp,200,21326,image/webp,dramas/1794/original.jpg
1795,Nd8NpA_4f,original,dramas/1795/original.jpg,image/jpeg,59951,17d391260d0f4ae5aa671733239a0aa1a2269d250d9745f99a59256055b58733,59951,image/jpeg,200,59951,image/jpeg,dramas/1795/original.jpg
1795,Nd8NpA_4f,thumbnail,dramas/1795/thumbnail.webp,image/webp,18316,efb1b249a2c57769e753354f7a2c81a045a321a2b6700fd8fad0aa4f961dffdb,18316,image/webp,200,18316,image/webp,dramas/1795/original.jpg
1796,l0LN8e_4f,original,dramas/1796/original.jpg,image/jpeg,135688,72b3e3962aaac0459acc3f70df8a1d7913d20938ee3715a4f22489a5c259debf,135688,image/jpeg,200,135688,image/jpeg,dramas/1796/original.jpg
1796,l0LN8e_4f,thumbnail,dramas/1796/thumbnail.webp,image/webp,24768,0e502378dfe6d8e1fa8b780d18adb4ee8e04cf1216b34a3b83436a917b7a5904,24768,image/webp,200,24768,image/webp,dramas/1796/original.jpg
1797,73O4KL_4f,original,dramas/1797/original.jpg,image/jpeg,98385,11635790e6a1ff35333a9edc4fa43ed70f065668b93aaffaaae8c3d1a3e2d5be,98385,image/jpeg,200,98385,image/jpeg,dramas/1797/original.jpg
1797,73O4KL_4f,thumbnail,dramas/1797/thumbnail.webp,image/webp,41996,a6df6c51f6459f542efcab7aee6a7e003441d59d67a8a83c5cdcfcd1f17dffa9,41996,image/webp,200,41996,image/webp,dramas/1797/original.jpg
1798,YYr67W_4f,original,dramas/1798/original.jpg,image/jpeg,139243,8d80fa659473f45ee7a807fd7a22ac2999484956b901d938b15066099c778624,139243,image/jpeg,200,139243,image/jpeg,dramas/1798/original.jpg
1798,YYr67W_4f,thumbnail,dramas/1798/thumbnail.webp,image/webp,28094,2450e0f4757908a565f97e084e910010948b1db4e7fee52189604df7977b8674,28094,image/webp,200,28094,image/webp,dramas/1798/original.jpg
1799,PxOmdz_4f,original,dramas/1799/original.jpg,image/jpeg,42612,3e99d5025c21f40d5f3759264b56cf36fa64d62d079f437c30b83561eb01367d,42612,image/jpeg,200,42612,image/jpeg,dramas/1799/original.jpg
1799,PxOmdz_4f,thumbnail,dramas/1799/thumbnail.webp,image/webp,5868,6964362cbc30fde5f6b049b6d800a48acbbb03287374d1d0036dad8f5da43464,5868,image/webp,200,5868,image/webp,dramas/1799/original.jpg
1800,3oOPmV_4f,original,dramas/1800/original.jpg,image/jpeg,44548,304026f7ed1507b8d9405877599df85a85e93f40377e3bd951e981c5b49f9b96,44548,image/jpeg,200,44548,image/jpeg,dramas/1800/original.jpg
1800,3oOPmV_4f,thumbnail,dramas/1800/thumbnail.webp,image/webp,6194,6c14947c5cd03231e11fe69ee564b11fb3d769826c7d1a92b2bc4ec750e43743,6194,image/webp,200,6194,image/webp,dramas/1800/original.jpg
1801,l0K3dE_4f,original,dramas/1801/original.jpg,image/jpeg,98975,5787b070f898874f4657f40e54812ecfcefe466212c736a980a1caa5158ce9e0,98975,image/jpeg,200,98975,image/jpeg,dramas/1801/original.jpg
1801,l0K3dE_4f,thumbnail,dramas/1801/thumbnail.webp,image/webp,16538,617b37fa4cd1eb19ddbee5e5ae4e7e9b1b895a074a5db2f7ef3274a387cc9d5f,16538,image/webp,200,16538,image/webp,dramas/1801/original.jpg
1802,73OVgN_4f,original,dramas/1802/original.jpg,image/jpeg,45272,3d89cc1f8f2aeaad2b4bb7f7452c853259d05144b80784df68e22db25179a36e,45272,image/jpeg,200,45272,image/jpeg,dramas/1802/original.jpg
1802,73OVgN_4f,thumbnail,dramas/1802/thumbnail.webp,image/webp,6392,6f3183b624e1e249f41220d63152ff43d4a3a6855c61bfae4b5c29902f19008f,6392,image/webp,200,6392,image/webp,dramas/1802/original.jpg
1803,g0Q72W_4f,original,dramas/1803/original.jpg,image/jpeg,48170,c42fca3902deae5b279cd05cbe16a9ab4cd2a3ad739b04a482cfe9e1414a3041,48170,image/jpeg,200,48170,image/jpeg,dramas/1803/original.jpg
1803,g0Q72W_4f,thumbnail,dramas/1803/thumbnail.webp,image/webp,7004,cc4b393cfac07552add81ab8e025e62fa960f9b8aa30ea918883a85484d9ce09,7004,image/webp,200,7004,image/webp,dramas/1803/original.jpg
1804,nOQjoB_4f,original,dramas/1804/original.jpg,image/jpeg,91394,18a410f394235b7c975096e70996fd0c7ca63d43f9e95243c03833e65f4e665c,91394,image/jpeg,200,91394,image/jpeg,dramas/1804/original.jpg
1804,nOQjoB_4f,thumbnail,dramas/1804/thumbnail.webp,image/webp,17782,7ccbac074b3303983ec1e876586efed2b48a081f355631139f60b3c0fab15012,17782,image/webp,200,17782,image/webp,dramas/1804/original.jpg
1805,oQ0rq6_4f,original,dramas/1805/original.jpg,image/jpeg,79216,d95ce8222d7b61aa033a0936f206fb699893018ca5dcdd1854674ffc870b114f,79216,image/jpeg,200,79216,image/jpeg,dramas/1805/original.jpg
1805,oQ0rq6_4f,thumbnail,dramas/1805/thumbnail.webp,image/webp,15590,9697313b5821e15f0561a78cb9ce93f4743647acfd1fc3a410e0c2d5a6be754c,15590,image/webp,200,15590,image/webp,dramas/1805/original.jpg
1806,l0omy4_4f,original,dramas/1806/original.jpg,image/jpeg,6570,8c16165b82675a74007b47e401cb05bfcbd9b75b48b490ecd63b2513b0e94226,6570,image/jpeg,200,6570,image/jpeg,dramas/1806/original.jpg
1806,l0omy4_4f,thumbnail,dramas/1806/thumbnail.webp,image/webp,3206,a7481703b7653d4450e6861838f47a23227c77a1998102f29177a239adc9aa18,3206,image/webp,200,3206,image/webp,dramas/1806/original.jpg
1807,g0QeYv_4f,original,dramas/1807/original.jpg,image/jpeg,154450,86acbf8dd6f149d1a5a2282130b31178db61818dd6600d6fb2c0e607a6b6f20b,154450,image/jpeg,200,154450,image/jpeg,dramas/1807/original.jpg
1807,g0QeYv_4f,thumbnail,dramas/1807/thumbnail.webp,image/webp,29856,793cf280abdfba48ec574f27936ad324b1335eec0180a46c1f41d8d0656094cd,29856,image/webp,200,29856,image/webp,dramas/1807/original.jpg
1808,LwO6x3_4f,original,dramas/1808/original.jpg,image/jpeg,120679,80757cbaaad68cdabd69748f5ec53f4c3c4e37238da72c0ff3bcf121a2d67bee,120679,image/jpeg,200,120679,image/jpeg,dramas/1808/original.jpg
1808,LwO6x3_4f,thumbnail,dramas/1808/thumbnail.webp,image/webp,23714,34edfcf6622610b84a91840e86d00635510487c090d2240ca58f513f89f1d6f6,23714,image/webp,200,23714,image/webp,dramas/1808/original.jpg
1809,ABq8zv_4f,original,dramas/1809/original.jpg,image/jpeg,37644,d7b132d0e59960b5d9df236fc6390a71f00eea72a4226ca302085b7d0376073b,37644,image/jpeg,200,37644,image/jpeg,dramas/1809/original.jpg
1809,ABq8zv_4f,thumbnail,dramas/1809/thumbnail.webp,image/webp,10590,2fe2e531d8933885d520630ebb9866b11eb8643452bb1736ec312014b6d3c280,10590,image/webp,200,10590,image/webp,dramas/1809/original.jpg
1810,DkD48p_4f,original,dramas/1810/original.jpg,image/jpeg,50733,d15223c1425aab6d1107c3c60bec5d3aad63224d56ad380e35896c7c602142aa,50733,image/jpeg,200,50733,image/jpeg,dramas/1810/original.jpg
1810,DkD48p_4f,thumbnail,dramas/1810/thumbnail.webp,image/webp,8836,1570df8615c127471d5cea1398e6263a5f02fd9ca1b091f02b93236a226fe547,8836,image/webp,200,8836,image/webp,dramas/1810/original.jpg
1811,NdJY5Y_4f,original,dramas/1811/original.jpg,image/jpeg,28637,39d4137f317203a1895789764231c4b892c3050665aff445296fecbadd2db714,28637,image/jpeg,200,28637,image/jpeg,dramas/1811/original.jpg
1811,NdJY5Y_4f,thumbnail,dramas/1811/thumbnail.webp,image/webp,7036,63a9e1b62a5239e761282e52770b423d5a936e7fde79d26898cdaa152af74339,7036,image/webp,200,7036,image/webp,dramas/1811/original.jpg
1812,PxOZA8_4f,original,dramas/1812/original.jpg,image/jpeg,51271,5e29a4fb3dfd9dfb6a0a65ff746156fbbaef983b6d771c4eedffad671b5a45ec,51271,image/jpeg,200,51271,image/jpeg,dramas/1812/original.jpg
1812,PxOZA8_4f,thumbnail,dramas/1812/thumbnail.webp,image/webp,16442,6337762f45433836fac9bdd06786d7f21b4716403ae2e7638e4115e493a868af,16442,image/webp,200,16442,image/webp,dramas/1812/original.jpg
1813,Px5QnX_4f,original,dramas/1813/original.jpg,image/jpeg,268073,917f70f2b4033b450716217251b38ca05024e92e091630332b43bf6ad6acae5b,268073,image/jpeg,200,268073,image/jpeg,dramas/1813/original.jpg
1813,Px5QnX_4f,thumbnail,dramas/1813/thumbnail.webp,image/webp,44546,95377f0e032cd3e6639a3514bd4a9c8c58ee8126da49cf0835750dab26f12c2b,44546,image/webp,200,44546,image/webp,dramas/1813/original.jpg
1814,g0Lnlo_4f,original,dramas/1814/original.jpg,image/jpeg,205789,b53dae691e2365736137c7bc69be96f3ef4ebf98a0d886dcf68e7c709161c847,205789,image/jpeg,200,205789,image/jpeg,dramas/1814/original.jpg
1814,g0Lnlo_4f,thumbnail,dramas/1814/thumbnail.webp,image/webp,47816,da3463f4187abc8759fc9c2417a43fab7ece09b22250a4425491f8c73cd2c1a2,47816,image/webp,200,47816,image/webp,dramas/1814/original.jpg
1815,YYXJbz_4f,original,dramas/1815/original.jpg,image/jpeg,113473,236da0a7c320f374d67403209df844ae5fe400e471049f8aa9d1a0e9242518cb,113473,image/jpeg,200,113473,image/jpeg,dramas/1815/original.jpg
1815,YYXJbz_4f,thumbnail,dramas/1815/thumbnail.webp,image/webp,20230,8a16141e2b1ce57447bd93b982a1ec64e9273087ea2050a5224fbcecc78013b8,20230,image/webp,200,20230,image/webp,dramas/1815/original.jpg
1816,g0QJBP_4f,original,dramas/1816/original.jpg,image/jpeg,124619,0c5fb8cee662ace5b4bea027472ad1f7a83cec64bc17f9ed0dd7bd67459ca7c8,124619,image/jpeg,200,124619,image/jpeg,dramas/1816/original.jpg
1816,g0QJBP_4f,thumbnail,dramas/1816/thumbnail.webp,image/webp,32854,aba1aa041ea3a4527d55b37a8fa1e5f5846463f8511326bffabbd5114d26caa4,32854,image/webp,200,32854,image/webp,dramas/1816/original.jpg
1817,NdOWmy_4f,original,dramas/1817/original.jpg,image/jpeg,223924,b627d834f2d925c22afe94d6f01a6e1d9ac9c121b7f632a52f9176885956a1ec,223924,image/jpeg,200,223924,image/jpeg,dramas/1817/original.jpg
1817,NdOWmy_4f,thumbnail,dramas/1817/thumbnail.webp,image/webp,24892,a796d48a9834659dd2e69e498587ab8d1ef70e2912e5dab778adfa67ab787383,24892,image/webp,200,24892,image/webp,dramas/1817/original.jpg
1818,O8P1lL_4f,original,dramas/1818/original.jpg,image/jpeg,133656,2b7df60159fe0fedcc1e343158e51ec0512cd82ed95911ae72b6d9e497e380a2,133656,image/jpeg,200,133656,image/jpeg,dramas/1818/original.jpg
1818,O8P1lL_4f,thumbnail,dramas/1818/thumbnail.webp,image/webp,26464,91ee71f40d0438781f467153b7317a7e87aac0cdb4597947e90508d52fea1571,26464,image/webp,200,26464,image/webp,dramas/1818/original.jpg
1819,KpkwqR_4f,original,dramas/1819/original.jpg,image/jpeg,211741,a7c2d1d8a9bf78add06e7b14e64c3c102a088f09940e671fe90d6ab125b3dee8,211741,image/jpeg,200,211741,image/jpeg,dramas/1819/original.jpg
1819,KpkwqR_4f,thumbnail,dramas/1819/thumbnail.webp,image/webp,39470,7a82a1271e2011db26090671c8e6121ef008edf6a1b68891a6e6344cc3379592,39470,image/webp,200,39470,image/webp,dramas/1819/original.jpg
1820,JBYoyy_4f,original,dramas/1820/original.jpg,image/jpeg,237595,93bf6cbf8ab5fbf97864afabcbb32e3c110fd57d39cea91b66ac12dd014e85fe,237595,image/jpeg,200,237595,image/jpeg,dramas/1820/original.jpg
1820,JBYoyy_4f,thumbnail,dramas/1820/thumbnail.webp,image/webp,46600,36ef00a3bc344f1e5fa7c92beb9686b108a23cc2ed70066d07e5357f11a51926,46600,image/webp,200,46600,image/webp,dramas/1820/original.jpg
1821,73AWkL_4f,original,dramas/1821/original.jpg,image/jpeg,183263,d44884df4fd0522986ed230e121dd2ebf8ce7070a65d3b581f49e23af8aea6cb,183263,image/jpeg,200,183263,image/jpeg,dramas/1821/original.jpg
1821,73AWkL_4f,thumbnail,dramas/1821/thumbnail.webp,image/webp,25374,cd7fd9cd4f39290c0060e92cbe7799bf817135672c958d34f79193c2070e93ba,25374,image/webp,200,25374,image/webp,dramas/1821/original.jpg
1822,3odXqm_4f,original,dramas/1822/original.jpg,image/jpeg,50753,eaefa5c8f306995b0fdd14886358d270b40d357f83be7c2088f7183b3cf2b4fc,50753,image/jpeg,200,50753,image/jpeg,dramas/1822/original.jpg
1822,3odXqm_4f,thumbnail,dramas/1822/thumbnail.webp,image/webp,16038,52942cf5a8d291e844d4240b4844f3e0090dce41187490c4e752fe9908a90174,16038,image/webp,200,16038,image/webp,dramas/1822/original.jpg
1823,nOlLOQ_4f,original,dramas/1823/original.jpg,image/jpeg,61686,b419583498a1608926f6367541b3a30481be38908ee05618a73122fed81efe97,61686,image/jpeg,200,61686,image/jpeg,dramas/1823/original.jpg
1823,nOlLOQ_4f,thumbnail,dramas/1823/thumbnail.webp,image/webp,20514,7d8aad77fd0bd5cb009e73da963ec28c1a2f8bb37ebdd8ec6f0a39dd156711f0,20514,image/webp,200,20514,image/webp,dramas/1823/original.jpg
1824,YYeWdK_4f,original,dramas/1824/original.jpg,image/jpeg,317216,dc2c4dc901866200e266428645f40e1ab5e80d2ede6cd04b72e7d41fa8feb556,317216,image/jpeg,200,317216,image/jpeg,dramas/1824/original.jpg
1824,YYeWdK_4f,thumbnail,dramas/1824/thumbnail.webp,image/webp,78004,66468889a712c1bee50b0e8bff68a5ad625d6528068e05f7c7ac9c73abf3d463,78004,image/webp,200,78004,image/webp,dramas/1824/original.jpg
1825,zB5Vw1_4f,original,dramas/1825/original.jpg,image/jpeg,172142,a281ba6aea682a0aeedc25148580e1cdc436570ecd0d2c06844a2b8c0a8a2fe2,172142,image/jpeg,200,172142,image/jpeg,dramas/1825/original.jpg
1825,zB5Vw1_4f,thumbnail,dramas/1825/thumbnail.webp,image/webp,32146,6357b229382d871d5b230589a28719921318d7e33fc0988bdd7524aaf0381500,32146,image/webp,200,32146,image/webp,dramas/1825/original.jpg
1826,nOl8R2_4f,original,dramas/1826/original.jpg,image/jpeg,137593,f260d3b9475e44e8f7450afd769b5771bdd5263572b3fdc00b74517005771da0,137593,image/jpeg,200,137593,image/jpeg,dramas/1826/original.jpg
1826,nOl8R2_4f,thumbnail,dramas/1826/thumbnail.webp,image/webp,21280,524dcfe91e47ef329f1ac2c6329a7cfb2d73b97841f14278f5172e4d156cefeb,21280,image/webp,200,21280,image/webp,dramas/1826/original.jpg
1827,DkD532_4f,original,dramas/1827/original.jpg,image/jpeg,147275,6e2637c4af87203e0e78e75edb3f37aaf28a0a1b0eaef770b900c91353791235,147275,image/jpeg,200,147275,image/jpeg,dramas/1827/original.jpg
1827,DkD532_4f,thumbnail,dramas/1827/thumbnail.webp,image/webp,25216,1dc758a7f05395118f8a679dbbc6003c8d2401d71e3161b6f1455969c25a5180,25216,image/webp,200,25216,image/webp,dramas/1827/original.jpg
1828,nOlpvQ_4f,original,dramas/1828/original.jpg,image/jpeg,197116,070e4c686f44cb9f06b8efe40e310dc6802d6fa10623130a3e305cc9380a3d84,197116,image/jpeg,200,197116,image/jpeg,dramas/1828/original.jpg
1828,nOlpvQ_4f,thumbnail,dramas/1828/thumbnail.webp,image/webp,31612,1991a3483e888c9e134f9ffab6f77e854360c2bfda0544cf73deae0528c77b88,31612,image/webp,200,31612,image/webp,dramas/1828/original.jpg
1829,YYepoP_4f,original,dramas/1829/original.jpg,image/jpeg,217766,1148a6004f8293e39d449a110dcd1b82f8b75b9f7cc0802ee73a54f6272f1963,217766,image/jpeg,200,217766,image/jpeg,dramas/1829/original.jpg
1829,YYepoP_4f,thumbnail,dramas/1829/thumbnail.webp,image/webp,38720,7e1a6808e8179a55dc1b8fb4ae05724047266aaa57b730d1c91b8957d72b1aa3,38720,image/webp,200,38720,image/webp,dramas/1829/original.jpg
1830,KpygA0_4f,original,dramas/1830/original.jpg,image/jpeg,133888,c278a45d900f94823c24c5e6c126575d9b7935d1b86c31b866ff093dbcbb22b9,133888,image/jpeg,200,133888,image/jpeg,dramas/1830/original.jpg
1830,KpygA0_4f,thumbnail,dramas/1830/thumbnail.webp,image/webp,21588,7e6005cb390f4c1fbd54c59a380528d6f6b8f3896c33aafa83b50f7f232929be,21588,image/webp,200,21588,image/webp,dramas/1830/original.jpg
1831,KpRB8j_4f,original,dramas/1831/original.jpg,image/jpeg,124187,7b0fc26ef3bfe759eeee9fc27ff150731b9cbd4d18f47c28beb1c502e8451b0d,124187,image/jpeg,200,124187,image/jpeg,dramas/1831/original.jpg
1831,KpRB8j_4f,thumbnail,dramas/1831/thumbnail.webp,image/webp,20456,cacade1415688b93273d887b6818137e8e4cd2182490f6350f7f717f65b75714,20456,image/webp,200,20456,image/webp,dramas/1831/original.jpg
1832,l0YyW4_4f,original,dramas/1832/original.jpg,image/jpeg,140636,7d5170aa56dffbe208a87c55d8677ddf6132e04aab00aecf0cc13448a154b274,140636,image/jpeg,200,140636,image/jpeg,dramas/1832/original.jpg
1832,l0YyW4_4f,thumbnail,dramas/1832/thumbnail.webp,image/webp,27304,a5aa9e7b815d13933bca27ccbe9a40eb964116d21e18550ca33153bc05a8ef71,27304,image/webp,200,27304,image/webp,dramas/1832/original.jpg
1833,mOqQ10_4f,original,dramas/1833/original.jpg,image/jpeg,161378,289f7335ed9e34e61a440e1e1f22c1d889977181da5f52565092dd2f4979a587,161378,image/jpeg,200,161378,image/jpeg,dramas/1833/original.jpg
1833,mOqQ10_4f,thumbnail,dramas/1833/thumbnail.webp,image/webp,24050,74f669c19a217999c59517e055ab10d51eeb842b290569e20fc1ba005c3f479c,24050,image/webp,200,24050,image/webp,dramas/1833/original.jpg
1834,DkD5rn_4f,original,dramas/1834/original.jpg,image/jpeg,132956,fb934871772950809ce40d7aba109d6d0251707d0d5220bf83b818b8f45fd90d,132956,image/jpeg,200,132956,image/jpeg,dramas/1834/original.jpg
1834,DkD5rn_4f,thumbnail,dramas/1834/thumbnail.webp,image/webp,19084,271ce093590198b876514462a7661fd02c0858b0ac9b606a65d304240a4bc333,19084,image/webp,200,19084,image/webp,dramas/1834/original.jpg
1835,YYeWzW_4f,original,dramas/1835/original.jpg,image/jpeg,221029,47d192f10c2e077f29df43b772e7c51d945c842d00adb9ff870634a201f4eaa4,221029,image/jpeg,200,221029,image/jpeg,dramas/1835/original.jpg
1835,YYeWzW_4f,thumbnail,dramas/1835/thumbnail.webp,image/webp,26838,db6ea47899f4889fa7089dc3953541b863993db562fdba75d2549775be12963a,26838,image/webp,200,26838,image/webp,dramas/1835/original.jpg
1836,73eREr_4f,original,dramas/1836/original.jpg,image/jpeg,283435,53e7ed52c660ca9f02f261313f1a20aea41f9100f06237694cbfc53ec96cca29,283435,image/jpeg,200,283435,image/jpeg,dramas/1836/original.jpg
1836,73eREr_4f,thumbnail,dramas/1836/thumbnail.webp,image/webp,58360,e2442340888fa09353b46e1fcb9d9aff672ea612028f6f676e28633f5d758a85,58360,image/webp,200,58360,image/webp,dramas/1836/original.jpg
1837,5vk6DL_4f,original,dramas/1837/original.jpg,image/jpeg,155981,6d350ef90733b90d6623c128c3643c2b394d8b798c5baaad0148d12e73e330e0,155981,image/jpeg,200,155981,image/jpeg,dramas/1837/original.jpg
1837,5vk6DL_4f,thumbnail,dramas/1837/thumbnail.webp,image/webp,23690,2b841f25568e571e2ea46824a26b1adb8a911b59fd6de7abfd36b4d92efde997,23690,image/webp,200,23690,image/webp,dramas/1837/original.jpg
1838,YYeW6W_4f,original,dramas/1838/original.jpg,image/jpeg,119077,945b98f62e1895ce7dbdc2669d2aa3b371fa6c85acf1f1278dfbd39aa7b38e0d,119077,image/jpeg,200,119077,image/jpeg,dramas/1838/original.jpg
1838,YYeW6W_4f,thumbnail,dramas/1838/thumbnail.webp,image/webp,26064,49e6425e26a01366623826539ffbc25ea2c4fa995a4b7b71d1fa214dda68f5ab,26064,image/webp,200,26064,image/webp,dramas/1838/original.jpg
1839,KpR6ev_4f,original,dramas/1839/original.jpg,image/jpeg,155874,99fc5a9cfbbaf80ba5d1ce6fb3eaf563c9010073faadcdda0e3b94327d80d13c,155874,image/jpeg,200,155874,image/jpeg,dramas/1839/original.jpg
1839,KpR6ev_4f,thumbnail,dramas/1839/thumbnail.webp,image/webp,33924,6b3224855c8a96ec89cbd16239381fc087db2901508ad4bfc08ecbd037bfe8f7,33924,image/webp,200,33924,image/webp,dramas/1839/original.jpg
1840,l0kBOQ_4f,original,dramas/1840/original.jpg,image/jpeg,242807,cff70d29106bc2d51c17a79e10188ab8a9c8570b4bd8fe8248bb5258a6640ca6,242807,image/jpeg,200,242807,image/jpeg,dramas/1840/original.jpg
1840,l0kBOQ_4f,thumbnail,dramas/1840/thumbnail.webp,image/webp,53482,fcc08bc0aa218b9c08737995fa388c5e0bf6e27150c66c0454790f79eae5e9e0,53482,image/webp,200,53482,image/webp,dramas/1840/original.jpg
1841,Dk5xNp_4f,original,dramas/1841/original.jpg,image/jpeg,110295,105a33e64c9fbce2c7e9f824eb9c1be3e53156bf1d98c683deff1bf2d0563108,110295,image/jpeg,200,110295,image/jpeg,dramas/1841/original.jpg
1841,Dk5xNp_4f,thumbnail,dramas/1841/thumbnail.webp,image/webp,24156,d260906e3b1c2a710c6eb5367af2cddf49df2a1be856abbb6e9e6085fe447b8b,24156,image/webp,200,24156,image/webp,dramas/1841/original.jpg
1842,3odrQ4_4f,original,dramas/1842/original.jpg,image/jpeg,97082,0962975397073a4e40d4c9c1c7cb8fed86c4a18e3e7cbc94cec0ec9ba37376ff,97082,image/jpeg,200,97082,image/jpeg,dramas/1842/original.jpg
1842,3odrQ4_4f,thumbnail,dramas/1842/thumbnail.webp,image/webp,15726,31a172c5c97d3955e5b31f3d28319480dadc86eb0a329f6048d6fb6aaad913fb,15726,image/webp,200,15726,image/webp,dramas/1842/original.jpg
1843,b3ApVw_4f,original,dramas/1843/original.jpg,image/jpeg,185847,707e1862442f43f3e0431dfe3362b90ce1e7688f54b8cb7c7435afa4813fba6b,185847,image/jpeg,200,185847,image/jpeg,dramas/1843/original.jpg
1843,b3ApVw_4f,thumbnail,dramas/1843/thumbnail.webp,image/webp,35054,66aed5cb57c4d4bd0dd90d1a98aac0a7010e13ee268d62131fb48c575b2caea7,35054,image/webp,200,35054,image/webp,dramas/1843/original.jpg
1844,YYe7nQ_4f,original,dramas/1844/original.jpg,image/jpeg,27707,0a87df8076775637577c3ea955e8a707526e7ba75be0bac8fa07e74535428728,27707,image/jpeg,200,27707,image/jpeg,dramas/1844/original.jpg
1844,YYe7nQ_4f,thumbnail,dramas/1844/thumbnail.webp,image/webp,3858,2287fc5d28903010aa373c8d973d5a8c45de329dc02ded2dbdf6ef148e372eae,3858,image/webp,200,3858,image/webp,dramas/1844/original.jpg
1845,O8ZYrQ_4f,original,dramas/1845/original.jpg,image/jpeg,155653,134fac4788ce3c3fb731e806e8fec6b05aad5cee27541e35ec0d71fa9d4cc88a,155653,image/jpeg,200,155653,image/jpeg,dramas/1845/original.jpg
1845,O8ZYrQ_4f,thumbnail,dramas/1845/thumbnail.webp,image/webp,26622,8d27d282906a85d26040a74090a5e86d0c17566f69f03c4e78756c7bc82462e9,26622,image/webp,200,26622,image/webp,dramas/1845/original.jpg
1846,JB5X3p_4f,original,dramas/1846/original.jpg,image/jpeg,67030,5e3e8b582ea1bcc1947e92a3effdca938cfd9268fc46bc07c0a2c552b8b44922,67030,image/jpeg,200,67030,image/jpeg,dramas/1846/original.jpg
1846,JB5X3p_4f,thumbnail,dramas/1846/thumbnail.webp,image/webp,12184,71c8a641e97f43d189a9f588144cb62de88aeac3c1d21406e72e9c7130977141,12184,image/webp,200,12184,image/webp,dramas/1846/original.jpg
1847,VXPd0z_4f,original,dramas/1847/original.jpg,image/jpeg,99636,48384b0fd6fcabdab9e51207cb71451c769e38c307610acb6e144a3426470ea2,99636,image/jpeg,200,99636,image/jpeg,dramas/1847/original.jpg
1847,VXPd0z_4f,thumbnail,dramas/1847/thumbnail.webp,image/webp,23158,24567736adc5ad53c5421ce406bc4a3f62edba243cf7915899c713d1e08dbed7,23158,image/webp,200,23158,image/webp,dramas/1847/original.jpg
1848,73VEgR_4f,original,dramas/1848/original.jpg,image/jpeg,160650,b04a3207c1eaa2400ba93a4cdacf8c3893d2d103bfc6f846b2a4fb5c64cfab79,160650,image/jpeg,200,160650,image/jpeg,dramas/1848/original.jpg
1848,73VEgR_4f,thumbnail,dramas/1848/thumbnail.webp,image/webp,27726,6f90267ee1e5aadb356de5cc301c9beb3082e1c0a35e18eda270206c6b7beb9f,27726,image/webp,200,27726,image/webp,dramas/1848/original.jpg
1849,nOe532_4f,original,dramas/1849/original.jpg,image/jpeg,120243,685406b8d18e54c663c5f6a12d3498c4c5e5ebb66e53506016ffca7c99342805,120243,image/jpeg,200,120243,image/jpeg,dramas/1849/original.jpg
1849,nOe532_4f,thumbnail,dramas/1849/thumbnail.webp,image/webp,17696,2761a409331c647100d393798447e5ec442be11e054f0c0b6678117091dc98cd,17696,image/webp,200,17696,image/webp,dramas/1849/original.jpg
1850,YY1elQ_4f,original,dramas/1850/original.jpg,image/jpeg,48084,32b8675ed920696c3664d459564731dc34378333c7b32246b93644eeef5ab1d1,48084,image/jpeg,200,48084,image/jpeg,dramas/1850/original.jpg
1850,YY1elQ_4f,thumbnail,dramas/1850/thumbnail.webp,image/webp,7226,ec70073bbc7b97e82140caf3e859da10f9ce9718eeb30fb0a043306483b23138,7226,image/webp,200,7226,image/webp,dramas/1850/original.jpg
1851,KpRD7X_4f,original,dramas/1851/original.jpg,image/jpeg,22141,18cc91409174e60ddc8a991259b379cc769a2b807fe0b16151ce626a8c745d0c,22141,image/jpeg,200,22141,image/jpeg,dramas/1851/original.jpg
1851,KpRD7X_4f,thumbnail,dramas/1851/thumbnail.webp,image/webp,15100,85d5e8bccc5e73f5ca2da82c83c314b69e700da42cac36672f199e61de6cc877,15100,image/webp,200,15100,image/webp,dramas/1851/original.jpg
1852,73VADb_4f,original,dramas/1852/original.jpg,image/jpeg,99390,7f0eb3c9e4ba2c77d607d10b2fd2d8b1d732c086ac9c37311620dfe72c370260,99390,image/jpeg,200,99390,image/jpeg,dramas/1852/original.jpg
1852,73VADb_4f,thumbnail,dramas/1852/thumbnail.webp,image/webp,13412,791168500eb71e659e8f64bf1e90a9f76e82f959691aef14f38ba28942195b18,13412,image/webp,200,13412,image/webp,dramas/1852/original.jpg
1853,KpePnX_4f,original,dramas/1853/original.jpg,image/jpeg,161157,8532258e9676fbdb668766de57d3b8275cdfd3e7a5e77845e462c34b658a2e36,161157,image/jpeg,200,161157,image/jpeg,dramas/1853/original.jpg
1853,KpePnX_4f,thumbnail,dramas/1853/thumbnail.webp,image/webp,38924,587d52225eaecc490b6fa2ef646b9fd40cb8124f9a66fbbfe3b5f0555379c373,38924,image/webp,200,38924,image/webp,dramas/1853/original.jpg
1854,zByjW1_4f,original,dramas/1854/original.jpg,image/jpeg,164397,103d38dfb2d4a4f49261899e316dbde13a1f442151db100bc00fa03541a68015,164397,image/jpeg,200,164397,image/jpeg,dramas/1854/original.jpg
1854,zByjW1_4f,thumbnail,dramas/1854/thumbnail.webp,image/webp,32746,a7ed39c53d1ecb5693efce81f273b831d31381210561b36785b859017d9b9b24,32746,image/webp,200,32746,image/webp,dramas/1854/original.jpg
1855,yWrJl6_4f,original,dramas/1855/original.jpg,image/jpeg,169190,e4b7a0b9910fc2366c0718eb02dd3a43b5ce7d92746790030f2d061a9ec4d87c,169190,image/jpeg,200,169190,image/jpeg,dramas/1855/original.jpg
1855,yWrJl6_4f,thumbnail,dramas/1855/thumbnail.webp,image/webp,31552,cb6465c27c0469981bdc67d5a5bb1d37e5cdd3da1456eca8ad69b999b851398a,31552,image/webp,200,31552,image/webp,dramas/1855/original.jpg
1856,JB8ROX_4f,original,dramas/1856/original.jpg,image/jpeg,189644,c49f37bf8a50cb22e2db8dfbcee813971e75db8356c8dac5e78c7e92a5f4567a,189644,image/jpeg,200,189644,image/jpeg,dramas/1856/original.jpg
1856,JB8ROX_4f,thumbnail,dramas/1856/thumbnail.webp,image/webp,27196,e5da4613004dd2af3b240db8abcdd2833e2e20acd1cdeb96ac200f70898889e5,27196,image/webp,200,27196,image/webp,dramas/1856/original.jpg
1857,JB818p_4f,original,dramas/1857/original.jpg,image/jpeg,199079,d601eafdc4f57fd8e28bcebfa94c13a508089f427d85fdd27029905b6d2c1b86,199079,image/jpeg,200,199079,image/jpeg,dramas/1857/original.jpg
1857,JB818p_4f,thumbnail,dramas/1857/thumbnail.webp,image/webp,44144,0d32956c3e421b172801232a7cc729f8bad6eb9a607deb90c3626b8b1a08e8f1,44144,image/webp,200,44144,image/webp,dramas/1857/original.jpg
1858,ABdgWP_4f,original,dramas/1858/original.jpg,image/jpeg,153724,8e4fa1ef342a22841f923f6ee48ccdf15113ccbd9977e87381601393903a47a0,153724,image/jpeg,200,153724,image/jpeg,dramas/1858/original.jpg
1858,ABdgWP_4f,thumbnail,dramas/1858/thumbnail.webp,image/webp,24870,e446fd3a07e548860f54a32cb9bfa8f11958c466742606efa26f8bae606e11fa,24870,image/webp,200,24870,image/webp,dramas/1858/original.jpg
1859,NdZKle_4f,original,dramas/1859/original.jpg,image/jpeg,146337,b2bdb885810ea3700d3e54e7f157047ee51bac920c9f51d1cafb301bda478e24,146337,image/jpeg,200,146337,image/jpeg,dramas/1859/original.jpg
1859,NdZKle_4f,thumbnail,dramas/1859/thumbnail.webp,image/webp,24980,473e93090738d733a46ebdc1a97cc3c66ce0f2f1822ac5ae39621c57201638c9,24980,image/webp,200,24980,image/webp,dramas/1859/original.jpg
1860,oQXXpY_4f,original,dramas/1860/original.jpg,image/jpeg,153429,0eb122ee76679823f6663bcb7f489a90bbbee7231a6dbea8994d87d0f101062b,153429,image/jpeg,200,153429,image/jpeg,dramas/1860/original.jpg
1860,oQXXpY_4f,thumbnail,dramas/1860/thumbnail.webp,image/webp,31148,a98f42fedb409ffb54d190ca511d1be5a429521d83e3eba95dacc9bcc2ee1582,31148,image/webp,200,31148,image/webp,dramas/1860/original.jpg
1861,l0Km7b_4f,original,dramas/1861/original.jpg,image/jpeg,82456,2e0796c86a2b2b69e74f83e7d8d9d3582caf7faa9d75508905af1171e35fb29d,82456,image/jpeg,200,82456,image/jpeg,dramas/1861/original.jpg
1861,l0Km7b_4f,thumbnail,dramas/1861/thumbnail.webp,image/webp,10288,5ca14ff8428ec21ee5a5d62966bb9bfa56e3705af2acf0a25cb2c0431ab78802,10288,image/webp,200,10288,image/webp,dramas/1861/original.jpg
1862,Lw0gV5_4f,original,dramas/1862/original.jpg,image/jpeg,140054,6bac1f3a03c8ce00fe2fcd73270ec1eda147cda2dba698beacb3f6c343ab1308,140054,image/jpeg,200,140054,image/jpeg,dramas/1862/original.jpg
1862,Lw0gV5_4f,thumbnail,dramas/1862/thumbnail.webp,image/webp,22138,100717ae15e7ba99212958b255f3c7439ca8cd0bc04b2dbec6349ab8722ab30f,22138,image/webp,200,22138,image/webp,dramas/1862/original.jpg
1863,LwKjA7_4f,original,dramas/1863/original.jpg,image/jpeg,124225,2df95de9b304656408a1de9e646200340cfbf141c185115d33d8814f47724b49,124225,image/jpeg,200,124225,image/jpeg,dramas/1863/original.jpg
1863,LwKjA7_4f,thumbnail,dramas/1863/thumbnail.webp,image/webp,25796,fb2d187fa6c74e4eaac4d0d37e468dca13df6fbf2b31dde4f241ed9e7a534f0f,25796,image/webp,200,25796,image/webp,dramas/1863/original.jpg
1864,zBpX6y_4f,original,dramas/1864/original.jpg,image/jpeg,39610,e7f0ad2b4611dd74aad84a2d78769e3f76ec960a2536ebc677c4890a7356ae43,39610,image/jpeg,200,39610,image/jpeg,dramas/1864/original.jpg
1864,zBpX6y_4f,thumbnail,dramas/1864/thumbnail.webp,image/webp,20558,5a1d9c3dc715f0ab47906433b4ab4b3845346bba5f53ea3f1008602dbffb211c,20558,image/webp,200,20558,image/webp,dramas/1864/original.jpg
1865,zBZN6P_4f,original,dramas/1865/original.jpg,image/jpeg,149000,ec53835efe139d50f33dfcd517a73dd0010bd87c42974351cd5256030693c30c,149000,image/jpeg,200,149000,image/jpeg,dramas/1865/original.jpg
1865,zBZN6P_4f,thumbnail,dramas/1865/thumbnail.webp,image/webp,19280,09bf463ef59854f9770e2701bc30caa09d091e08c47a3cece35a2edf1544f575,19280,image/webp,200,19280,image/webp,dramas/1865/original.jpg
1866,LwoxKy_4f,original,dramas/1866/original.jpg,image/jpeg,71168,c17868e4abdb79d67bdb4237c22e8b77e377fa48fc683b055faf630dca35cdbd,71168,image/jpeg,200,71168,image/jpeg,dramas/1866/original.jpg
1866,LwoxKy_4f,thumbnail,dramas/1866/thumbnail.webp,image/webp,16632,d07545441c0d417dbf3053306d55c8a623202310d0b492e27f71fe006624eeef,16632,image/webp,200,16632,image/webp,dramas/1866/original.jpg
1867,JB00oo_4f,original,dramas/1867/original.jpg,image/jpeg,194217,2f074bfc24ff62579775f965231835ede29ff76233f5a18cfa520d59f57801c2,194217,image/jpeg,200,194217,image/jpeg,dramas/1867/original.jpg
1867,JB00oo_4f,thumbnail,dramas/1867/thumbnail.webp,image/webp,45572,e83290e582cfd3ae189b51fd99f39cfc8510437167b2909936d6ef43c38a43a7,45572,image/webp,200,45572,image/webp,dramas/1867/original.jpg
1868,l0kl2J_4f,original,dramas/1868/original.jpg,image/jpeg,124340,9177922b1945b1db19ae0e899cc158fabaf3cf42f9d6cac47311b5a4ca583d0c,124340,image/jpeg,200,124340,image/jpeg,dramas/1868/original.jpg
1868,l0kl2J_4f,thumbnail,dramas/1868/thumbnail.webp,image/webp,27570,0c3c874d656062b953d418fd468b049812a5125cc44c67ab14a27abd5c3e7e6e,27570,image/webp,200,27570,image/webp,dramas/1868/original.jpg
1869,zBqDAO_4f,original,dramas/1869/original.jpg,image/jpeg,29881,aac4b8535d32a9037756925286cd53af65a788a9d4cacf80a01b654508613e8a,29881,image/jpeg,200,29881,image/jpeg,dramas/1869/original.jpg
1869,zBqDAO_4f,thumbnail,dramas/1869/thumbnail.webp,image/webp,16600,0737e29479b255eb0575f6c414652f3f071bb5d7e1c3d5465547fd41df1200dd,16600,image/webp,200,16600,image/webp,dramas/1869/original.jpg
1870,VX6yEL_4f,original,dramas/1870/original.jpg,image/jpeg,279557,91b7e62ac5743fb25463b16f5c2027403b988394e5e962afd7297da2b7ca2623,279557,image/jpeg,200,279557,image/jpeg,dramas/1870/original.jpg
1870,VX6yEL_4f,thumbnail,dramas/1870/thumbnail.webp,image/webp,51802,43fdf49201c868b679421baa4327281a3a182ffcd32fe3d918aae75a815bb21d,51802,image/webp,200,51802,image/webp,dramas/1870/original.jpg
1871,mO51bb_4f,original,dramas/1871/original.jpg,image/jpeg,147426,b6d0bd7b10c7e562e33c93bf4801200b7bda45f2f24572067e4c8743935f879c,147426,image/jpeg,200,147426,image/jpeg,dramas/1871/original.jpg
1871,mO51bb_4f,thumbnail,dramas/1871/thumbnail.webp,image/webp,27302,8d5c25c4ee318802051f56f2dd2e876d2748df0e4993687755e9d2e7455a544d,27302,image/webp,200,27302,image/webp,dramas/1871/original.jpg
1872,b3X10e_4f,original,dramas/1872/original.jpg,image/jpeg,133462,215976e9b5c729ce1d8f9c1793d0dcb15858c3096ae665074e54b2b752ededd6,133462,image/jpeg,200,133462,image/jpeg,dramas/1872/original.jpg
1872,b3X10e_4f,thumbnail,dramas/1872/thumbnail.webp,image/webp,48208,7da717abd653b89009d27d8693fa0f6c3583255a1bd7b7032d879e377a4cbed1,48208,image/webp,200,48208,image/webp,dramas/1872/original.jpg
1873,b3X1lN_4f,original,dramas/1873/original.jpg,image/jpeg,81861,6d4215126f26e6d4df22fa581899f8c448191b57fa2799f60afc51696411ce9b,81861,image/jpeg,200,81861,image/jpeg,dramas/1873/original.jpg
1873,b3X1lN_4f,thumbnail,dramas/1873/thumbnail.webp,image/webp,26168,5dcf7862e21db417d7afeb518e6edbc12d9b480c94af0d657cc24d7825e1ca67,26168,image/webp,200,26168,image/webp,dramas/1873/original.jpg
1874,LwKV45_4f,original,dramas/1874/original.jpg,image/jpeg,163244,b516b65fb1beff150df2dd0d6f399a099f7cd66956962eaccf5632cefb4560c5,163244,image/jpeg,200,163244,image/jpeg,dramas/1874/original.jpg
1874,LwKV45_4f,thumbnail,dramas/1874/thumbnail.webp,image/webp,47618,0a49d71077b528e71c3e75d17bef36d100271e4becc9706b700a30ef2859c009,47618,image/webp,200,47618,image/webp,dramas/1874/original.jpg
1875,ABdB3L_4f,original,dramas/1875/original.jpg,image/jpeg,95220,9c9feb1f82c91de213aa7b9c9824220afd7f27d4a29e50311a81da721c1ae94e,95220,image/jpeg,200,95220,image/jpeg,dramas/1875/original.jpg
1875,ABdB3L_4f,thumbnail,dramas/1875/thumbnail.webp,image/webp,39170,d90745b4af1685624e389b17c6dc0cad20657bfa58c587a1668bb1a64837f2e6,39170,image/webp,200,39170,image/webp,dramas/1875/original.jpg
1876,g0jVxr_4f,original,dramas/1876/original.jpg,image/jpeg,178600,3a7a5dd2a38673e59e96d217414badf9a8a8202beca32d02f0b00377c4d3dd61,178600,image/jpeg,200,178600,image/jpeg,dramas/1876/original.jpg
1876,g0jVxr_4f,thumbnail,dramas/1876/thumbnail.webp,image/webp,30340,06ace8870b1dc1dcdea18b8520c7926df08e751b129799bd8770f6f5c81c0881,30340,image/webp,200,30340,image/webp,dramas/1876/original.jpg
1877,YYZbgW_4f,original,dramas/1877/original.jpg,image/jpeg,107542,6c72699f0ffbe04a06b2397afb1138a5e143029e058e02a85ff88856144fa8a6,107542,image/jpeg,200,107542,image/jpeg,dramas/1877/original.jpg
1877,YYZbgW_4f,thumbnail,dramas/1877/thumbnail.webp,image/webp,19020,bc8905ddab2b7a571461dab190c22c213feeff4e5e854083712666308c5d3295,19020,image/webp,200,19020,image/webp,dramas/1877/original.jpg
1878,5vZjOA_4f,original,dramas/1878/original.jpg,image/jpeg,150777,dd093e6f99dd50218c7fd3b0627ee166e83e5f72e903e48d6ad9a2f827cc3d73,150777,image/jpeg,200,150777,image/jpeg,dramas/1878/original.jpg
1878,5vZjOA_4f,thumbnail,dramas/1878/thumbnail.webp,image/webp,29724,5d690ca8242f8536a6ef24a3995c513146a63df273d770e20c144e96f8f61dbd,29724,image/webp,200,29724,image/webp,dramas/1878/original.jpg
1879,yWrXmB_4f,original,dramas/1879/original.jpg,image/jpeg,262662,cafb7b9f53f3e6f0f866265b0f93deccd38832ec44fb31e7cd764daea6ab1acc,262662,image/jpeg,200,262662,image/jpeg,dramas/1879/original.jpg
1879,yWrXmB_4f,thumbnail,dramas/1879/thumbnail.webp,image/webp,67272,77ce7ca5fd0bdd13bd95a2d1de791703d30e5d5abc7f930c4c80e890ec8c1c9e,67272,image/webp,200,67272,image/webp,dramas/1879/original.jpg
1880,YYWkXW_4f,original,dramas/1880/original.jpg,image/jpeg,114499,0fa63e05a7f41b2745c5766c03ddd9dfcd5f83099c36b1e83d1043b8603745dd,114499,image/jpeg,200,114499,image/jpeg,dramas/1880/original.jpg
1880,YYWkXW_4f,thumbnail,dramas/1880/thumbnail.webp,image/webp,25002,bb8dce31d3c4398dc993b5e157aa5a0b71c86c88cb1574bbb255078004533639,25002,image/webp,200,25002,image/webp,dramas/1880/original.jpg
1881,nO8pjx_4f,original,dramas/1881/original.jpg,image/jpeg,38510,77d310eff3df7126ff6e2f119e18f76e27ccd05127b43f3bf157ba505aadb4a2,38510,image/jpeg,200,38510,image/jpeg,dramas/1881/original.jpg
1881,nO8pjx_4f,thumbnail,dramas/1881/thumbnail.webp,image/webp,21508,2e6d448a000fd3aa1abfd0cf650fd80f5d42b069582364a81b2f1631ece95db8,21508,image/webp,200,21508,image/webp,dramas/1881/original.jpg
1882,Lw50k5_4f,original,dramas/1882/original.jpg,image/jpeg,183740,ea862f5c918d6072630c4012590f70ebb0e9038f969ae320fc3447d9f61cf1ae,183740,image/jpeg,200,183740,image/jpeg,dramas/1882/original.jpg
1882,Lw50k5_4f,thumbnail,dramas/1882/thumbnail.webp,image/webp,61548,455fabc48c7f1acbb0c8b3182e7fc8308b5fdacd34e873686a48a905e22679bc,61548,image/webp,200,61548,image/webp,dramas/1882/original.jpg
1883,mOd4NJ_4f,original,dramas/1883/original.jpg,image/jpeg,28205,a828b0932ba809b8cb6a83be4bfc63efdf55f22fa754b777927f63ff028e274b,28205,image/jpeg,200,28205,image/jpeg,dramas/1883/original.jpg
1883,mOd4NJ_4f,thumbnail,dramas/1883/thumbnail.webp,image/webp,16554,2f83e9b579a4a6e10d6339f6677b4ca9a4d6499ace581ec78ba8165d1c6c4ac1,16554,image/webp,200,16554,image/webp,dramas/1883/original.jpg
1884,Kpyj2n_4f,original,dramas/1884/original.jpg,image/jpeg,149398,51a7145074df6ee8f6402a70c1af07b0ad85b0233cf38411b3712d2e7e7833b2,149398,image/jpeg,200,149398,image/jpeg,dramas/1884/original.jpg
1884,Kpyj2n_4f,thumbnail,dramas/1884/thumbnail.webp,image/webp,27538,6df9124648a12df6ef398027f680cbc12bd38b6b36bd0d2b0f83831b8138908b,27538,image/webp,200,27538,image/webp,dramas/1884/original.jpg
1885,73Jwlr_4f,original,dramas/1885/original.jpg,image/jpeg,84496,11448b866a7ab52fd2a4d391c35262d22c566b6994e1436d2a88e40a19c6a4ef,84496,image/jpeg,200,84496,image/jpeg,dramas/1885/original.jpg
1885,73Jwlr_4f,thumbnail,dramas/1885/thumbnail.webp,image/webp,12576,9baf2283a83d73ea25afc1b18bb4500d6d5aee8749ef14a5b2797407b7c7f98c,12576,image/webp,200,12576,image/webp,dramas/1885/original.jpg
1886,g0pB81_4f,original,dramas/1886/original.jpg,image/jpeg,176146,45cce66e4a2f8f108e0f076b967c990872f02c062ad9f35afa08a7452f4c54b8,176146,image/jpeg,200,176146,image/jpeg,dramas/1886/original.jpg
1886,g0pB81_4f,thumbnail,dramas/1886/thumbnail.webp,image/webp,35460,811179f651cbfebbf6a41277d5ad3c6ce836517884310512c61bf7ce40a6c5b8,35460,image/webp,200,35460,image/webp,dramas/1886/original.jpg
1887,81jzYN_4f,original,dramas/1887/original.jpg,image/jpeg,30540,bb13e28e7cda037b820d73864b41bf8ae3a8458a1a22dcc4f1658c264905f749,30540,image/jpeg,200,30540,image/jpeg,dramas/1887/original.jpg
1887,81jzYN_4f,thumbnail,dramas/1887/thumbnail.webp,image/webp,7872,b692784ef9a1bafa9f0c8f9c459f67dc06a22833898c1ddca8762057254f42ee,7872,image/webp,200,7872,image/webp,dramas/1887/original.jpg
1888,O8DY3k_4f,original,dramas/1888/original.jpg,image/jpeg,92419,54ccf6326747b7aa45c8da2ce07934527ed27773b05dca36b405fe567ddc7b84,92419,image/jpeg,200,92419,image/jpeg,dramas/1888/original.jpg
1888,O8DY3k_4f,thumbnail,dramas/1888/thumbnail.webp,image/webp,35064,15988201ad221ede691abd50a1be3831399efce13dd04860fb1c87a094cf76b3,35064,image/webp,200,35064,image/webp,dramas/1888/original.jpg
1889,JBrONy_4f,original,dramas/1889/original.jpg,image/jpeg,120558,f11babd50284fd2d6f2ad32801438fdc33fa853b6f5f45c48de0ab8d838d0759,120558,image/jpeg,200,120558,image/jpeg,dramas/1889/original.jpg
1889,JBrONy_4f,thumbnail,dramas/1889/thumbnail.webp,image/webp,36352,74d1073e8f1335d4e48f3651175305c0d69cff627edc43f7c1b1b02190983ae1,36352,image/webp,200,36352,image/webp,dramas/1889/original.jpg
1890,JBrOgJ_4f,original,dramas/1890/original.jpg,image/jpeg,195717,099b3a12368d4eb82923bceb51566e74c564f2bf8548c9e1b9268414fc807381,195717,image/jpeg,200,195717,image/jpeg,dramas/1890/original.jpg
1890,JBrOgJ_4f,thumbnail,dramas/1890/thumbnail.webp,image/webp,42574,245b41b13f46c1d9ed3e16d74d3c71a4c1c6f9bf3e81f96bcfa938ae05b05c9e,42574,image/webp,200,42574,image/webp,dramas/1890/original.jpg
1891,oQp0O6_4f,original,dramas/1891/original.jpg,image/jpeg,140926,417b200bfdda3621a5753bee9cbf4e16df075be9e9d04606668c8e9ebb92c796,140926,image/jpeg,200,140926,image/jpeg,dramas/1891/original.jpg
1891,oQp0O6_4f,thumbnail,dramas/1891/thumbnail.webp,image/webp,38044,26265e5415d191f53fef2dc6212961ee5ef6a6fce7c8e4baac9e9bd608145f11,38044,image/webp,200,38044,image/webp,dramas/1891/original.jpg
1892,zBpVKA_4f,original,dramas/1892/original.jpg,image/jpeg,131286,610889eb2658e9df07959c8b60a7c7418819e48ca159599bbb880f3525199583,131286,image/jpeg,200,131286,image/jpeg,dramas/1892/original.jpg
1892,zBpVKA_4f,thumbnail,dramas/1892/thumbnail.webp,image/webp,51142,9f25d9b3292e687ae9b3e8d2887ab8b357efabf4f4ceb2ed4f7f40462244cad6,51142,image/webp,200,51142,image/webp,dramas/1892/original.jpg
1893,yWp1ed_4f,original,dramas/1893/original.jpg,image/jpeg,143672,490b19d22befd8677eed9a2d6242659cbcb894afde48ca1d1b9b5a44d1412bd8,143672,image/jpeg,200,143672,image/jpeg,dramas/1893/original.jpg
1893,yWp1ed_4f,thumbnail,dramas/1893/thumbnail.webp,image/webp,31872,5662660217499435b3c67032a986010124b116d5f81e210e022eba70b9a5dc6d,31872,image/webp,200,31872,image/webp,dramas/1893/original.jpg
1894,3oW76e_4f,original,dramas/1894/original.jpg,image/jpeg,182476,e4826f37f59c28ad8f566c66e2b5131f6b8d272d5034c34a31d5be34915244a5,182476,image/jpeg,200,182476,image/jpeg,dramas/1894/original.jpg
1894,3oW76e_4f,thumbnail,dramas/1894/thumbnail.webp,image/webp,35196,03d110427eff653acea1983347d9707d682a7d743969d29304014cc3774bbece,35196,image/webp,200,35196,image/webp,dramas/1894/original.jpg
1895,YYWYLg_4f,original,dramas/1895/original.jpg,image/jpeg,129462,25bfbb12366cf7a8f722f488ca88c8ceee3c2aa6df0aaac02600a192f561a3ba,129462,image/jpeg,200,129462,image/jpeg,dramas/1895/original.jpg
1895,YYWYLg_4f,thumbnail,dramas/1895/thumbnail.webp,image/webp,30716,c2641d2f0096d3937aa59b758184efdd69b431ce9812ff48d7e4443478f56892,30716,image/webp,200,30716,image/webp,dramas/1895/original.jpg
1896,VXp6E0_4f,original,dramas/1896/original.jpg,image/jpeg,85046,b42c0138639ffefba15f1f278e6a174ddc43e735f483fd294885e3705f51ec33,85046,image/jpeg,200,85046,image/jpeg,dramas/1896/original.jpg
1896,VXp6E0_4f,thumbnail,dramas/1896/thumbnail.webp,image/webp,33710,1840618d2bf1ed82c4807386718f3b1e36aedefd7086564729f8253af07f23ad,33710,image/webp,200,33710,image/webp,dramas/1896/original.jpg
1897,l0KW7L_4f,original,dramas/1897/original.jpg,image/jpeg,157578,27906224a7fab9b3fd48a756ddc2bea3f58e3af9927a52690144284fb1fc48d2,157578,image/jpeg,200,157578,image/jpeg,dramas/1897/original.jpg
1897,l0KW7L_4f,thumbnail,dramas/1897/thumbnail.webp,image/webp,29162,71083852dd62334109850f93862665d89d2364e4ac509847eb448dfa3318be85,29162,image/webp,200,29162,image/webp,dramas/1897/original.jpg
1898,Kp45Dn_4f,original,dramas/1898/original.jpg,image/jpeg,129213,41a28e195bf26e388deba1f48d62049ee4a0c80fa51754290a0f07bec4f2cfb9,129213,image/jpeg,200,129213,image/jpeg,dramas/1898/original.jpg
1898,Kp45Dn_4f,thumbnail,dramas/1898/thumbnail.webp,image/webp,25506,865022c642fb955ea149b8911f10f21ded8ab2c76fbc58fa491905a6b15c1fa0,25506,image/webp,200,25506,image/webp,dramas/1898/original.jpg
1899,Dk5v2p_4f,original,dramas/1899/original.jpg,image/jpeg,136243,2ff5aad3ddf47bc75adfef6a6475782cb8c432b396aa6912860135a734e1a816,136243,image/jpeg,200,136243,image/jpeg,dramas/1899/original.jpg
1899,Dk5v2p_4f,thumbnail,dramas/1899/thumbnail.webp,image/webp,24374,8e06d5526d8c444d6080ac252cd3ad7977e0e9e840c7991854d6bf64eea0cee1,24374,image/webp,200,24374,image/webp,dramas/1899/original.jpg
1900,l0KEvx_4f,original,dramas/1900/original.jpg,image/jpeg,144041,4bd6f3f0fbfeaa0e3532efdda5483ea7dd1b20dc21008d8aaca673246b9ba525,144041,image/jpeg,200,144041,image/jpeg,dramas/1900/original.jpg
1900,l0KEvx_4f,thumbnail,dramas/1900/thumbnail.webp,image/webp,44756,3bee872898adfc4b7903a161682f6bae7864fe720115d009a0971a11a79315ea,44756,image/webp,200,44756,image/webp,dramas/1900/original.jpg
1901,PxPwP8_4f,original,dramas/1901/original.jpg,image/jpeg,144644,fa8c220b886b2c320f6f1cb3ab32bdfc38c48b62e83146ebeefd2b78caf8a404,144644,image/jpeg,200,144644,image/jpeg,dramas/1901/original.jpg
1901,PxPwP8_4f,thumbnail,dramas/1901/thumbnail.webp,image/webp,25260,8e0048b78d3c9492707cac9cab4b8b93f1f5e357fa6a3ebd3b2755b4dde2a7e7,25260,image/webp,200,25260,image/webp,dramas/1901/original.jpg
1902,PxPEgZ_4f,original,dramas/1902/original.jpg,image/jpeg,159209,2737f22b1119f5b9e1f2d5f54c33f322875bf2c32a73f695ced97b571072fe03,159209,image/jpeg,200,159209,image/jpeg,dramas/1902/original.jpg
1902,PxPEgZ_4f,thumbnail,dramas/1902/thumbnail.webp,image/webp,56232,bf66d713d59af67d606d38f05251b53141bd2f84940c0c49283389dfba0b8039,56232,image/webp,200,56232,image/webp,dramas/1902/original.jpg
1903,yW0mg3_4f,original,dramas/1903/original.jpg,image/jpeg,162904,dfd5262285b2d18e0e85e238b5722c13275bc5c4a571498517bb11d0508c7037,162904,image/jpeg,200,162904,image/jpeg,dramas/1903/original.jpg
1903,yW0mg3_4f,thumbnail,dramas/1903/thumbnail.webp,image/webp,29202,974dfc135d86c03704acdb7a5c590c8087bb4fb35203fd1b7deff821e56b34af,29202,image/webp,200,29202,image/webp,dramas/1903/original.jpg
1904,mOwrlP_4f,original,dramas/1904/original.jpg,image/jpeg,173729,31fe1954c1106782da87c73b4e303c03d7ceebeddc64b4117bc7f961c6bb5963,173729,image/jpeg,200,173729,image/jpeg,dramas/1904/original.jpg
1904,mOwrlP_4f,thumbnail,dramas/1904/thumbnail.webp,image/webp,35256,76a064ae587ce77abdf1cac2e9986ff517b5409b5d4ce270eb97c805fae517c0,35256,image/webp,200,35256,image/webp,dramas/1904/original.jpg
1905,b3Axwj_4f,original,dramas/1905/original.jpg,image/jpeg,88132,f9db2aa7b787bd87d6674cd18c349ee557c70537638eb4143e033f0465bb657f,88132,image/jpeg,200,88132,image/jpeg,dramas/1905/original.jpg
1905,b3Axwj_4f,thumbnail,dramas/1905/thumbnail.webp,image/webp,36716,187e11b4499de8421330028ed08d1e261326e3aeac0c1cd51938181ff7acb040,36716,image/webp,200,36716,image/webp,dramas/1905/original.jpg
1906,l0KQmN_4f,original,dramas/1906/original.jpg,image/jpeg,38752,e03c33d9f3f0727e94d8cbd7f0177d3ac47ccee2ace1c0eb74d4abb98d0b44da,38752,image/jpeg,200,38752,image/jpeg,dramas/1906/original.jpg
1906,l0KQmN_4f,thumbnail,dramas/1906/thumbnail.webp,image/webp,4662,67d33d61e780a45869b9cc9bdd03aec963a8109f5dcec65d827b4bd968ceffaf,4662,image/webp,200,4662,image/webp,dramas/1906/original.jpg
1907,yW1OQ1_4f,original,dramas/1907/original.jpg,image/jpeg,43639,4c65f3e9f7fb12633a64e74a645ea8f1a4b604b0bdb7148386b052b2c8c21071,43639,image/jpeg,200,43639,image/jpeg,dramas/1907/original.jpg
1907,yW1OQ1_4f,thumbnail,dramas/1907/thumbnail.webp,image/webp,3792,ed6ae1233ebd5dc0d3f359c06db4d8a938d3d076a4977ec9ff98e23b3fb6d846,3792,image/webp,200,3792,image/webp,dramas/1907/original.jpg
1908,Kp4L8X_4f,original,dramas/1908/original.jpg,image/jpeg,47767,02990ddcbbec1436172f07bb7c4b9aa140952df9387d0cdbcb2916e11be65f9c,47767,image/jpeg,200,47767,image/jpeg,dramas/1908/original.jpg
1908,Kp4L8X_4f,thumbnail,dramas/1908/thumbnail.webp,image/webp,6808,73265dd427740d9c2b14564d6f7eb1aa1e2bf61a5eb3c073b38574bff77e2806,6808,image/webp,200,6808,image/webp,dramas/1908/original.jpg
1909,736D6n_4f,original,dramas/1909/original.jpg,image/jpeg,85446,ccc5621ec1139937d67e7a5b226aba713c72bb18e97b001e078987112ab872a8,85446,image/jpeg,200,85446,image/jpeg,dramas/1909/original.jpg
1909,736D6n_4f,thumbnail,dramas/1909/thumbnail.webp,image/webp,14306,fdf56ffbdca56ba5df2b386a91576bce6f9d99da9fa81ed26210129e5517b90a,14306,image/webp,200,14306,image/webp,dramas/1909/original.jpg
1910,73AL8B_4f,original,dramas/1910/original.jpg,image/jpeg,175059,994c09e79bd47f1c1c1dda20ed9b9cd95087554a43715b9ea4e8b9e83058e862,175059,image/jpeg,200,175059,image/jpeg,dramas/1910/original.jpg
1910,73AL8B_4f,thumbnail,dramas/1910/thumbnail.webp,image/webp,28686,e3501593db10e448c89b52b010994971931340a278dcabe84f477c6e88b0d42e,28686,image/webp,200,28686,image/webp,dramas/1910/original.jpg
1911,mO4BDQ_4f,original,dramas/1911/original.jpg,image/jpeg,185527,5a6ee85948d952e614996891c708e9eab0db4f9627c3cc76da89565128fbe5e8,185527,image/jpeg,200,185527,image/jpeg,dramas/1911/original.jpg
1911,mO4BDQ_4f,thumbnail,dramas/1911/thumbnail.webp,image/webp,65814,cb9d43ae22cf4e8b66dead25c17b37632a90d1fdf0af0250a8bbb8cd86940c33,65814,image/webp,200,65814,image/webp,dramas/1911/original.jpg
1912,Kp6byX_4f,original,dramas/1912/original.jpg,image/jpeg,163926,a75936049f8a7891bf165b8054983f5f693e3e051a2e87fa78345b71c74c400c,163926,image/jpeg,200,163926,image/jpeg,dramas/1912/original.jpg
1912,Kp6byX_4f,thumbnail,dramas/1912/thumbnail.webp,image/webp,53782,6af95a4edfb9441bd33f6afa28b87e853022029d91fa7e0049d7f25e0704d4b8,53782,image/webp,200,53782,image/webp,dramas/1912/original.jpg
1913,oQrxpN_4f,original,dramas/1913/original.jpg,image/jpeg,160850,dd01dff9e49cfd7fb3c5577528da8b81180fb81aadc487a9cdc2e5605c877314,160850,image/jpeg,200,160850,image/jpeg,dramas/1913/original.jpg
1913,oQrxpN_4f,thumbnail,dramas/1913/thumbnail.webp,image/webp,29250,1add8fb3c933200e404151448c12c0e98be35b8c88df9f3d78516c05e883dcd5,29250,image/webp,200,29250,image/webp,dramas/1913/original.jpg
1914,73ANRR_4f,original,dramas/1914/original.jpg,image/jpeg,145975,706fa91fe418ccc62a1782471e97a1a4527e8b35f952e350c4f22efbb7bcda4b,145975,image/jpeg,200,145975,image/jpeg,dramas/1914/original.jpg
1914,73ANRR_4f,thumbnail,dramas/1914/thumbnail.webp,image/webp,24278,cfa599caedb5f9cbb6faedbeb9fd14d284fa3e0d9860a65682bb7069388f6520,24278,image/webp,200,24278,image/webp,dramas/1914/original.jpg
1915,5v6yee_4f,original,dramas/1915/original.jpg,image/jpeg,209643,fca4fc3f322ea32810a1976db0586b1717dfbb6c17232fe55f98c3e38cb70ed3,209643,image/jpeg,200,209643,image/jpeg,dramas/1915/original.jpg
1915,5v6yee_4f,thumbnail,dramas/1915/thumbnail.webp,image/webp,28762,c09abb96a0fb236e0fe0c95a7a0e0e5e225cfea619339fe68af4976f1e073412,28762,image/webp,200,28762,image/webp,dramas/1915/original.jpg
1916,nOoBAQ_4f,original,dramas/1916/original.jpg,image/jpeg,177928,107a52e653f9bd89e2fc26b1e3de4cbbe6ca4dfb3cae9b4d8e440228c032a1a2,177928,image/jpeg,200,177928,image/jpeg,dramas/1916/original.jpg
1916,nOoBAQ_4f,thumbnail,dramas/1916/thumbnail.webp,image/webp,35822,149edb345f046b66fb5fca0bee89cbe8d3b74042f69926480d1dfc25bbb76461,35822,image/webp,200,35822,image/webp,dramas/1916/original.jpg
1917,AB6y6g_4f,original,dramas/1917/original.jpg,image/jpeg,167604,7afa5969e9e3c32d199e37d8467f8e095bb11c6ce70b91713967eccbbd1be6ee,167604,image/jpeg,200,167604,image/jpeg,dramas/1917/original.jpg
1917,AB6y6g_4f,thumbnail,dramas/1917/thumbnail.webp,image/webp,24968,f173bfb12bf53ff1ce2e3c131bf63ffb4cf763bcfef2581809417315c36ad7f4,24968,image/webp,200,24968,image/webp,dramas/1917/original.jpg
1918,JB6wlX_4f,original,dramas/1918/original.jpg,image/jpeg,126932,b6971f64fc7830821b15f730869f5ce7cff58af240b9f44959cecae505804b93,126932,image/jpeg,200,126932,image/jpeg,dramas/1918/original.jpg
1918,JB6wlX_4f,thumbnail,dramas/1918/thumbnail.webp,image/webp,20758,59054ebd32ec7ef659603fcbc418784927b5f12dcfa4cefaf03bb738aea49e05,20758,image/webp,200,20758,image/webp,dramas/1918/original.jpg
1919,Lw6ny7_4f,original,dramas/1919/original.jpg,image/jpeg,103023,db5af4d5fb495e54b3493677b2216c6ec7a882d350f584312c9625ed02d6466d,103023,image/jpeg,200,103023,image/jpeg,dramas/1919/original.jpg
1919,Lw6ny7_4f,thumbnail,dramas/1919/thumbnail.webp,image/webp,26730,8f8275abecbc0bac3f925fabd393ff6c23d8af27beb13f495d96449aab661e93,26730,image/webp,200,26730,image/webp,dramas/1919/original.jpg
1920,g0ezwo_4f,original,dramas/1920/original.jpg,image/jpeg,84641,dcfe573d48cacd7bb741bc6f837729376f1be32766590d65330020b5df01b194,84641,image/jpeg,200,84641,image/jpeg,dramas/1920/original.jpg
1920,g0ezwo_4f,thumbnail,dramas/1920/thumbnail.webp,image/webp,31946,f96b3e2da37f968be8317c4fb5af418c7ca301f657dedf6f0391707bd384270c,31946,image/webp,200,31946,image/webp,dramas/1920/original.jpg
1921,Kp6qmq_4f,original,dramas/1921/original.jpg,image/jpeg,21950,96c0a93d476d8a0e0c2536816d5e433bde52c028a6ff000f12eb63509814c12d,21950,image/jpeg,200,21950,image/jpeg,dramas/1921/original.jpg
1921,Kp6qmq_4f,thumbnail,dramas/1921/thumbnail.webp,image/webp,15212,36ab107e6bd819f255f6d326cd86a65548786d787fb73f261f62e071d8c6397b,15212,image/webp,200,15212,image/webp,dramas/1921/original.jpg
1922,VXqRlJ_4f,original,dramas/1922/original.jpg,image/jpeg,75208,d2bdd2560ab8eed90e688e413e237183167a607ee4665328a12274d53c300c08,75208,image/jpeg,200,75208,image/jpeg,dramas/1922/original.jpg
1922,VXqRlJ_4f,thumbnail,dramas/1922/thumbnail.webp,image/webp,24750,9780c3925f2c205ee4383e358f4b8d37e1b8f6827f28b8789ff65b8559abc29f,24750,image/webp,200,24750,image/webp,dramas/1922/original.jpg
1923,b3blzN_4f,original,dramas/1923/original.jpg,image/jpeg,136514,96f7f23c983f2a66da16c2062a6f1430611a407fb2619374140d0af28099c35f,136514,image/jpeg,200,136514,image/jpeg,dramas/1923/original.jpg
1923,b3blzN_4f,thumbnail,dramas/1923/thumbnail.webp,image/webp,28668,de5dd6ba432d26835b3c3f6c3c91d2d9713900a6d425fd4e41ac4de149e9d838,28668,image/webp,200,28668,image/webp,dramas/1923/original.jpg
1924,816zAd_4f,original,dramas/1924/original.jpg,image/jpeg,139868,b5833eb12285f8a36a422d14606270dbcae273ee3329f857c08ff152a08cfd6f,139868,image/jpeg,200,139868,image/jpeg,dramas/1924/original.jpg
1924,816zAd_4f,thumbnail,dramas/1924/thumbnail.webp,image/webp,28852,0cc9801c3ace103c8f2c87b781f1059b1b85e6f60f60b713e663f684bdc36a50,28852,image/webp,200,28852,image/webp,dramas/1924/original.jpg
1925,zBLzOz_4f,original,dramas/1925/original.jpg,image/jpeg,120275,6bd5efe1a5f1a1b98cb9a57ab4e21b44b19557a651671b3c005b2b447ddd3699,120275,image/jpeg,200,120275,image/jpeg,dramas/1925/original.jpg
1925,zBLzOz_4f,thumbnail,dramas/1925/thumbnail.webp,image/webp,19178,8d0a97fc563c977e8b5ab2a98ac827565b1ae0b10390ad089dac5ae5d01be1cc,19178,image/webp,200,19178,image/webp,dramas/1925/original.jpg
1926,Dk6oro_4f,original,dramas/1926/original.jpg,image/jpeg,99893,5085359c0bd7e2965418bd1ae32073d7d4dc9661834944a2e28465d9f4e8f6ed,99893,image/jpeg,200,99893,image/jpeg,dramas/1926/original.jpg
1926,Dk6oro_4f,thumbnail,dramas/1926/thumbnail.webp,image/webp,47354,3e933dd2282a775ea88f61e487e1361e1d053b27b573511bc638997d59747765,47354,image/webp,200,47354,image/webp,dramas/1926/original.jpg
1927,YYR5bP_4f,original,dramas/1927/original.jpg,image/jpeg,121208,ed95642d775d8c45c4da0b460f8c8f1f5131ee13bc9ca2e27bbc4903f4cfe6d8,121208,image/jpeg,200,121208,image/jpeg,dramas/1927/original.jpg
1927,YYR5bP_4f,thumbnail,dramas/1927/thumbnail.webp,image/webp,23262,66bae72a4baecd7ff05f3df79cf0a63b1415f31dc698caa2e0102b2cb496d93a,23262,image/webp,200,23262,image/webp,dramas/1927/original.jpg
1928,zBLdn1_4f,original,dramas/1928/original.jpg,image/jpeg,95541,756424191cf6ab7752c7e8308bf9b8f141a4200830466f98c7df3fbd9212a8c7,95541,image/jpeg,200,95541,image/jpeg,dramas/1928/original.jpg
1928,zBLdn1_4f,thumbnail,dramas/1928/thumbnail.webp,image/webp,32250,014359f58c296f7bd86e11f5cdf0208fc291806dbd8802b501533cbc3cd84131,32250,image/webp,200,32250,image/webp,dramas/1928/original.jpg
1929,736ZyB_4f,original,dramas/1929/original.jpg,image/jpeg,247715,5f2b436650da2519e6b2648b8a6643724c08d1a3ad18f63a6f4e504fd4418eb1,247715,image/jpeg,200,247715,image/jpeg,dramas/1929/original.jpg
1929,736ZyB_4f,thumbnail,dramas/1929/thumbnail.webp,image/webp,47828,14486d2101487dc684c3cbff366ccad7cba4c09be4981f1d73b03a6298b0fff1,47828,image/webp,200,47828,image/webp,dramas/1929/original.jpg
1930,5v6L4Y_4f,original,dramas/1930/original.jpg,image/jpeg,231348,abe4574b363a51772f0a467164c05b2acafd45582ddeef0d4711262460d9164d,231348,image/jpeg,200,231348,image/jpeg,dramas/1930/original.jpg
1930,5v6L4Y_4f,thumbnail,dramas/1930/thumbnail.webp,image/webp,56590,ea47e116dc29dad3cdec05ac472d2297c30212ea37c51deb289ef347d2b16c57,56590,image/webp,200,56590,image/webp,dramas/1930/original.jpg
1931,oQr0BY_4f,original,dramas/1931/original.jpg,image/jpeg,134812,6f18bf136b8bbc6f98f839d23f7af4ed981824c9088318e771ac1824b544c0c3,134812,image/jpeg,200,134812,image/jpeg,dramas/1931/original.jpg
1931,oQr0BY_4f,thumbnail,dramas/1931/thumbnail.webp,image/webp,39432,c70cddcc4cdd1abb83b9173753ec47afd14b9860a752f4208357958991a8541d,39432,image/webp,200,39432,image/webp,dramas/1931/original.jpg
1932,l0mb3L_4f,original,dramas/1932/original.jpg,image/jpeg,64683,b1d3b4e27c95f9dca2af6f5c52497b03118d266f53835ba38577f7fd67422436,64683,image/jpeg,200,64683,image/jpeg,dramas/1932/original.jpg
1932,l0mb3L_4f,thumbnail,dramas/1932/thumbnail.webp,image/webp,10860,bece493c9ba071193b036821e44ffcb9f8d55718582604547a678d4db2577e50,10860,image/webp,200,10860,image/webp,dramas/1932/original.jpg
1933,Nd66QY_4f,original,dramas/1933/original.jpg,image/jpeg,216665,f3d62770e5eac56bb5a86425fe970715597b29a57fdc6d6445ad53a42629ea64,216665,image/jpeg,200,216665,image/jpeg,dramas/1933/original.jpg
1933,Nd66QY_4f,thumbnail,dramas/1933/thumbnail.webp,image/webp,33328,46ada03ad7dfd298e1cbe2083f4d4b12823af05b6ef9b51b59f4bd9ef5f07200,33328,image/webp,200,33328,image/webp,dramas/1933/original.jpg
1934,Dked5y_4f,original,dramas/1934/original.jpg,image/jpeg,140144,20febb3ca82f2dd93d4ed4e7e61fbaedd8ff75e1f9db94b29b6d76a8b0973525,140144,image/jpeg,200,140144,image/jpeg,dramas/1934/original.jpg
1934,Dked5y_4f,thumbnail,dramas/1934/thumbnail.webp,image/webp,36360,5e20080806f180b8c2fc18966079297ffaa153678655abb9b142a8223c32614a,36360,image/webp,200,36360,image/webp,dramas/1934/original.jpg
1935,nOQAQ2_4f,original,dramas/1935/original.jpg,image/jpeg,108599,1dda68b3efc21cfe570f9a0f0723a76a7d7c9ec86f0937ca3679bd2b94e4ba58,108599,image/jpeg,200,108599,image/jpeg,dramas/1935/original.jpg
1935,nOQAQ2_4f,thumbnail,dramas/1935/thumbnail.webp,image/webp,13042,b3f0dfea7ca88aba2340d342149a98dafdae1c3709e4fa60bb91bfbf43b7209b,13042,image/webp,200,13042,image/webp,dramas/1935/original.jpg
1936,JB4k0J_4f,original,dramas/1936/original.jpg,image/jpeg,115055,e8a63e21ab2775d162de9209dc70ebec085f46f27a3c13e3021f628ad69a7803,115055,image/jpeg,200,115055,image/jpeg,dramas/1936/original.jpg
1936,JB4k0J_4f,thumbnail,dramas/1936/thumbnail.webp,image/webp,38904,86b151b3266a76795b39108709dd21895dbb2cc88f1773e9101569dd863bc13e,38904,image/webp,200,38904,image/webp,dramas/1936/original.jpg
1937,3onLLW_4f,original,dramas/1937/original.jpg,image/jpeg,138000,5d671d8901c64ba181fc0abcf628426657af60ffd61224df6bc24d4c98ffbeff,138000,image/jpeg,200,138000,image/jpeg,dramas/1937/original.jpg
1937,3onLLW_4f,thumbnail,dramas/1937/thumbnail.webp,image/webp,27008,f1e775f6203704114352e32070adbb0c2302423c66d42b5aa17eda56d0d72c23,27008,image/webp,200,27008,image/webp,dramas/1937/original.jpg
1938,l0ejox_4f,original,dramas/1938/original.jpg,image/jpeg,66434,f9b36ade03a48720ecc47bcd4d574fe4f3db369b996ea16437e6703fe49b3f44,66434,image/jpeg,200,66434,image/jpeg,dramas/1938/original.jpg
1938,l0ejox_4f,thumbnail,dramas/1938/thumbnail.webp,image/webp,39702,194bf51184b4a6a3aa32acc0d159e59b1e264805cead133949d44962cb827487,39702,image/webp,200,39702,image/webp,dramas/1938/original.jpg
1939,ABgO8f,original,dramas/1939/original.jpg,image/jpeg,182601,db8d875fe30ffed1ecea047f757631b8601076b0bada0afaca3404415aabaf7b,182601,image/jpeg,200,182601,image/jpeg,dramas/1939/original.jpg
1939,ABgO8f,thumbnail,dramas/1939/thumbnail.webp,image/webp,47290,fd5a418ce023fcc369395aff93aecd7fcde5a72bf26460c64696f0b0856cb6e9,47290,image/webp,200,47290,image/webp,dramas/1939/original.jpg
1940,JB4Jmp_4f,original,dramas/1940/original.jpg,image/jpeg,117883,789a4b4b124364ad0434d51e969b28d4d2af3c2f2e597c116cb390a3c549a2b1,117883,image/jpeg,200,117883,image/jpeg,dramas/1940/original.jpg
1940,JB4Jmp_4f,thumbnail,dramas/1940/thumbnail.webp,image/webp,21396,f124fe198d3345822425462a23c8f97e659218f7071e3b9c4f337d029df496e1,21396,image/webp,200,21396,image/webp,dramas/1940/original.jpg
1941,zB1YeA_4f,original,dramas/1941/original.jpg,image/jpeg,215793,5683dc0a4ca3c4705596a1055151825dfca12019403e1d71a98c83d2ce1dabb9,215793,image/jpeg,200,215793,image/jpeg,dramas/1941/original.jpg
1941,zB1YeA_4f,thumbnail,dramas/1941/thumbnail.webp,image/webp,48364,aea21294e79705a36b1e45407bfc3006c35966d2065aec98379eedd5ebffab38,48364,image/webp,200,48364,image/webp,dramas/1941/original.jpg
1942,l021kQ_4f,original,dramas/1942/original.jpg,image/jpeg,147751,4378f5014656a5af15490edb67fa2ef59878ae622ac711affe620e42bbe46bcc,147751,image/jpeg,200,147751,image/jpeg,dramas/1942/original.jpg
1942,l021kQ_4f,thumbnail,dramas/1942/thumbnail.webp,image/webp,22540,bfbc6806090a3b4ca4e9310da2b243cf29a0ee46f6143a1f0ec7b5e11a7ff378,22540,image/webp,200,22540,image/webp,dramas/1942/original.jpg
1943,nOQl88_4f,original,dramas/1943/original.jpg,image/jpeg,136555,cc21097154920212c4a732e4281e4bde9a03166aa448f9d181e26bc9f056ecff,136555,image/jpeg,200,136555,image/jpeg,dramas/1943/original.jpg
1943,nOQl88_4f,thumbnail,dramas/1943/thumbnail.webp,image/webp,23044,d8c6e3769c6571ae6185e9c0ba7605f5dd491dcdce03ccb6277c72209dd19acc,23044,image/webp,200,23044,image/webp,dramas/1943/original.jpg
1944,DkeDeD_4f,original,dramas/1944/original.jpg,image/jpeg,89885,386990b819fecc8e66273877d28ac34ec95895becb92fa6c2468daee4583f73b,89885,image/jpeg,200,89885,image/jpeg,dramas/1944/original.jpg
1944,DkeDeD_4f,thumbnail,dramas/1944/thumbnail.webp,image/webp,35268,ac5173aa1392219c8492d6a23050deb5517bbdc005dfc159375e7481a0587dcd,35268,image/webp,200,35268,image/webp,dramas/1944/original.jpg
1945,YYNmQd_4f,original,dramas/1945/original.jpg,image/jpeg,147822,82506e10bdf735a28b36831b687044d76d1b796ff649e445f8ec0d0ad8e1d861,147822,image/jpeg,200,147822,image/jpeg,dramas/1945/original.jpg
1945,YYNmQd_4f,thumbnail,dramas/1945/thumbnail.webp,image/webp,28390,8c5803f9fd14835191d193d3995ad3d558faf511e0f791599505a172d0e4dc50,28390,image/webp,200,28390,image/webp,dramas/1945/original.jpg
1946,PxZog5_4f,original,dramas/1946/original.jpg,image/jpeg,127839,9fcf5a08a0796154428d950fac7f72ada0abd97f99aa8ff46c2e3dd3154fc619,127839,image/jpeg,200,127839,image/jpeg,dramas/1946/original.jpg
1946,PxZog5_4f,thumbnail,dramas/1946/thumbnail.webp,image/webp,24564,0ea4233a06e7840d19704ab4e9c3f4de661c692f58493d67599e5bcbc5ba8b84,24564,image/webp,200,24564,image/webp,dramas/1946/original.jpg
1947,YYN1YP_4f,original,dramas/1947/original.jpg,image/jpeg,194597,c79fcc2752663f5f2dda9b7937bfbd84eea0e1e2918fc2dad08cf113c7f55bbd,194597,image/jpeg,200,194597,image/jpeg,dramas/1947/original.jpg
1947,YYN1YP_4f,thumbnail,dramas/1947/thumbnail.webp,image/webp,45692,f98611da6d06c69fe22001e19c213cf4ef16512f0f6cb783ad4b0c050d3241f2,45692,image/webp,200,45692,image/webp,dramas/1947/original.jpg
1948,DkjeZy_4f,original,dramas/1948/original.jpg,image/jpeg,147692,c959b2f5a45af65a3f19ff38033a135045b0289185931c8657a38158045e3890,147692,image/jpeg,200,147692,image/jpeg,dramas/1948/original.jpg
1948,DkjeZy_4f,thumbnail,dramas/1948/thumbnail.webp,image/webp,25896,793809f1e7e639102fb395cbc4a62c45501346743aaa7b38eabc3df787e4e7a3,25896,image/webp,200,25896,image/webp,dramas/1948/original.jpg
1949,LwrPoL_4f,original,dramas/1949/original.jpg,image/jpeg,195424,42a2afdd1af52f09f960452e75b11294b9d8891622f50afdf41cedee1116a613,195424,image/jpeg,200,195424,image/jpeg,dramas/1949/original.jpg
1949,LwrPoL_4f,thumbnail,dramas/1949/thumbnail.webp,image/webp,34004,e745967d8f748a0b489e18e6af56993a8458c90e5e9784a4218f3f2aa2fa498c,34004,image/webp,200,34004,image/webp,dramas/1949/original.jpg
1950,JB4VJm_4f,original,dramas/1950/original.jpg,image/jpeg,110152,db75f2857349e08f7a0642f585e09dca71df8c29f7ab0cd90a3b1774fd890db5,110152,image/jpeg,200,110152,image/jpeg,dramas/1950/original.jpg
1950,JB4VJm_4f,thumbnail,dramas/1950/thumbnail.webp,image/webp,37496,b8a6dbe741d0b33f53d1dcd9e314702ee01fd5f6e3875aac2f4f92d50f7b70a9,37496,image/webp,200,37496,image/webp,dramas/1950/original.jpg
1951,5vYDR0_4f,original,dramas/1951/original.jpg,image/jpeg,127608,45328f9144d856ed1fc00e0fc3ecc29a1c637b84ab60d0fa07e8e02f23a0b864,127608,image/jpeg,200,127608,image/jpeg,dramas/1951/original.jpg
1951,5vYDR0_4f,thumbnail,dramas/1951/thumbnail.webp,image/webp,22294,18e1594b7b61b8f30f008a39d8843810214278cc97af28ba62f1427308241dac,22294,image/webp,200,22294,image/webp,dramas/1951/original.jpg
1952,yWDPV3_4f,original,dramas/1952/original.jpg,image/jpeg,98459,2f6da6499725c6ec3dabbd063bf86138344ddc4b23db1374bca30df70f2dfc0d,98459,image/jpeg,200,98459,image/jpeg,dramas/1952/original.jpg
1952,yWDPV3_4f,thumbnail,dramas/1952/thumbnail.webp,image/webp,16408,180709bac26ab5c4815f08c4aed6a6e4851fe02c5f3112c5d921f2a696a19136,16408,image/webp,200,16408,image/webp,dramas/1952/original.jpg
1953,mOK5bb_4f,original,dramas/1953/original.jpg,image/jpeg,187144,9e1f74385090f9594fcb92632cc92df35fdf804b933d83003c44ff1c0ba6feef,187144,image/jpeg,200,187144,image/jpeg,dramas/1953/original.jpg
1953,mOK5bb_4f,thumbnail,dramas/1953/thumbnail.webp,image/webp,61788,642abdd72e009a5e4dadf5b2a154d7e9a896bdd5984ce5a697ae07ca1f3405cd,61788,image/webp,200,61788,image/webp,dramas/1953/original.jpg
1954,73lVky_4f,original,dramas/1954/original.jpg,image/jpeg,137018,ff4028d872604062193274a0e2c8e37bbff52b2449cc15f2905f7420f1056027,137018,image/jpeg,200,137018,image/jpeg,dramas/1954/original.jpg
1954,73lVky_4f,thumbnail,dramas/1954/thumbnail.webp,image/webp,26418,036e7045fa1c479eb387b5b56160016e4af1322a2f82b6f4b8d3177a3ea1c459,26418,image/webp,200,26418,image/webp,dramas/1954/original.jpg
1955,YYN17d_4f,original,dramas/1955/original.jpg,image/jpeg,205488,2640eb09d2f0494b4cd463f043eb6d997bc11dd28038f8d37bf884590449a11d,205488,image/jpeg,200,205488,image/jpeg,dramas/1955/original.jpg
1955,YYN17d_4f,thumbnail,dramas/1955/thumbnail.webp,image/webp,42314,bf340a4b97ea5d990ab185957fe17bfa06202e395a47c5f6daad31b41f2c334f,42314,image/webp,200,42314,image/webp,dramas/1955/original.jpg
1956,YYNZZK_4f,original,dramas/1956/original.jpg,image/jpeg,97013,61ccc9653a03f2b8739939654355761fa1bb07ee8af96388dce0809607645db7,97013,image/jpeg,200,97013,image/jpeg,dramas/1956/original.jpg
1956,YYNZZK_4f,thumbnail,dramas/1956/thumbnail.webp,image/webp,32682,3be9ded69f33a62469d1cb7ffcf5993a11661667c5fa7b7bc26ec3d2c31e730c,32682,image/webp,200,32682,image/webp,dramas/1956/original.jpg
1957,O8PQ6Y_4f,original,dramas/1957/original.jpg,image/jpeg,91814,b00368a53c29e17eddad4c842c751279544978de90f73acf2cc867880df05a76,91814,image/jpeg,200,91814,image/jpeg,dramas/1957/original.jpg
1957,O8PQ6Y_4f,thumbnail,dramas/1957/thumbnail.webp,image/webp,30588,71daa9250d068aa38cb369f48356f6dd1593d7892e5a4aa0b5712adda3621a8a,30588,image/webp,200,30588,image/webp,dramas/1957/original.jpg
1958,JB486X_4f,original,dramas/1958/original.jpg,image/jpeg,144446,f86453b8cf3b2fe22e83a6edef0c241fad1e33ab2a4800a9303addc3c3f74dbb,144446,image/jpeg,200,144446,image/jpeg,dramas/1958/original.jpg
1958,JB486X_4f,thumbnail,dramas/1958/thumbnail.webp,image/webp,37522,66e7c7d7dd15c897c26200b22127df23b4bc7ef7f95fb2b8b62e718b3cdee532,37522,image/webp,200,37522,image/webp,dramas/1958/original.jpg
1959,YYNpge_4f,original,dramas/1959/original.jpg,image/jpeg,39307,cb67d0c342e3dcfd36eee4ad131c1ec1fe5da4ac6a088175a4d104cfd8e68816,39307,image/jpeg,200,39307,image/jpeg,dramas/1959/original.jpg
1959,YYNpge_4f,thumbnail,dramas/1959/thumbnail.webp,image/webp,26316,f2e019840f54551577fa187428107c10f9bb52f727919cfd4fba7fcbcbbdf1da,26316,image/webp,200,26316,image/webp,dramas/1959/original.jpg
1960,KpoyEX_4f,original,dramas/1960/original.jpg,image/jpeg,141557,04eec6b0fbc01db75e89ab2799172e7289962e5661b1aef3d799511725f51071,141557,image/jpeg,200,141557,image/jpeg,dramas/1960/original.jpg
1960,KpoyEX_4f,thumbnail,dramas/1960/thumbnail.webp,image/webp,27372,2be89efc54d62483d8ff720915347164b279479cb569d9bf9cc655bbf49c203a,27372,image/webp,200,27372,image/webp,dramas/1960/original.jpg
1961,l0epZE_4f,original,dramas/1961/original.jpg,image/jpeg,100388,61c6e5b262082f360eeec3e1cdefc2426c5dae86fa17b530f828926fe1490bc6,100388,image/jpeg,200,100388,image/jpeg,dramas/1961/original.jpg
1961,l0epZE_4f,thumbnail,dramas/1961/thumbnail.webp,image/webp,33724,b7be875c778387b0a1f8ce367550d989bc956ff1ee415429d06145a2bc4a2fd0,33724,image/webp,200,33724,image/webp,dramas/1961/original.jpg
1962,b3jp1N_4f,original,dramas/1962/original.jpg,image/jpeg,83570,439212b8a10d50b003871152e92452e8f24897f21430516b71ba94e333290f36,83570,image/jpeg,200,83570,image/jpeg,dramas/1962/original.jpg
1962,b3jp1N_4f,thumbnail,dramas/1962/thumbnail.webp,image/webp,25970,9b13ad64002b073f3798df45bb042322fbdff2bd1c2a6a883a5759b5e8ce1784,25970,image/webp,200,25970,image/webp,dramas/1962/original.jpg
1963,nOQp74_4f,original,dramas/1963/original.jpg,image/jpeg,43458,9803b8ae389cb97e37bfe1f88631c9873143693a79bfda9c7148c1f8889da451,43458,image/jpeg,200,43458,image/jpeg,dramas/1963/original.jpg
1963,nOQp74_4f,thumbnail,dramas/1963/thumbnail.webp,image/webp,29906,8c8a807ef833a599dbacdbd268f2c30e3e5c460a51ad06068e522257e6cdbbbc,29906,image/webp,200,29906,image/webp,dramas/1963/original.jpg
1964,3onYgD_4f,original,dramas/1964/original.jpg,image/jpeg,44359,cdd7a9525a035fff82880771ea4100d9f159faa15e84270e5bb6596901bedbef,44359,image/jpeg,200,44359,image/jpeg,dramas/1964/original.jpg
1964,3onYgD_4f,thumbnail,dramas/1964/thumbnail.webp,image/webp,29256,d0b68ad94c29722b746e4ce91a11d13b52db2850a0b2f22f871d2a7732ec6caf,29256,image/webp,200,29256,image/webp,dramas/1964/original.jpg
1965,73lJxe_4f,original,dramas/1965/original.jpg,image/jpeg,44459,3d7b569987be8aa462a325a7e705bd66a0c82b5ba093e5f7d31bdcb88678a896,44459,image/jpeg,200,44459,image/jpeg,dramas/1965/original.jpg
1965,73lJxe_4f,thumbnail,dramas/1965/thumbnail.webp,image/webp,30140,067c197a0ddb1f3b639b49de32d135d476722d8bd568b8985d507e7cf743d968,30140,image/webp,200,30140,image/webp,dramas/1965/original.jpg
1966,nOQpRN_4f,original,dramas/1966/original.jpg,image/jpeg,36935,6b22ae2ae04a1423c5aba645d2a946e21d4a2b361733c56676ee1a25682066f0,36935,image/jpeg,200,36935,image/jpeg,dramas/1966/original.jpg
1966,nOQpRN_4f,thumbnail,dramas/1966/thumbnail.webp,image/webp,23718,a346cccce24379c80408ee27019abe60ff6026c895ebce1fe63a5ac8df8d067f,23718,image/webp,200,23718,image/webp,dramas/1966/original.jpg
1967,nOQpR8_4f,original,dramas/1967/original.jpg,image/jpeg,179681,9310be19eb1e9f58f5e0469b87c74bf8db1fd6051b7b96147f451997a8a5e0a2,179681,image/jpeg,200,179681,image/jpeg,dramas/1967/original.jpg
1967,nOQpR8_4f,thumbnail,dramas/1967/thumbnail.webp,image/webp,32806,6df5036f720ccb5fdd0a1e16677a09122b8395f11156a54c6e9c1eefeb68a18f,32806,image/webp,200,32806,image/webp,dramas/1967/original.jpg
1968,b3jWnZ_4f,original,dramas/1968/original.jpg,image/jpeg,183583,e2dea6397b85b1a68525d04babd84d012af4502dc7a4933f3277047d18a9b49b,183583,image/jpeg,200,183583,image/jpeg,dramas/1968/original.jpg
1968,b3jWnZ_4f,thumbnail,dramas/1968/thumbnail.webp,image/webp,38336,1a0538eaa68e03302d7cd6db3e6c682ef1071f60e63f9b0609a4a1d33fee6bb3,38336,image/webp,200,38336,image/webp,dramas/1968/original.jpg
1969,YY2YBo_4f,original,dramas/1969/original.jpg,image/jpeg,173167,f965fbab0beb96d5ce7f1a0b4b6b0234f09c37af66906368ca0d44bd7407a758,173167,image/jpeg,200,173167,image/jpeg,dramas/1969/original.jpg
1969,YY2YBo_4f,thumbnail,dramas/1969/thumbnail.webp,image/webp,35266,02be0d49322df3a0736acf2cbdc70a11e894ed07c9143c4a29c25b63b66ea979,35266,image/webp,200,35266,image/webp,dramas/1969/original.jpg
1970,ABKYNP_4f,original,dramas/1970/original.jpg,image/jpeg,65692,ecde3dc36f69a96500a38afc124209e93256d9ba68bffb6011b93293fec4638b,65692,image/jpeg,200,65692,image/jpeg,dramas/1970/original.jpg
1970,ABKYNP_4f,thumbnail,dramas/1970/thumbnail.webp,image/webp,32724,813b5762a5470b24ff84bc78d86072db0df9302dfeeb41ee2786aa99bf0c54ce,32724,image/webp,200,32724,image/webp,dramas/1970/original.jpg
1971,73Anje_4f,original,dramas/1971/original.jpg,image/jpeg,118124,e64669f4c85b20a0b18b8355eb47e01ba96770ff3a7801ba4437e3a972b931e0,118124,image/jpeg,200,118124,image/jpeg,dramas/1971/original.jpg
1971,73Anje_4f,thumbnail,dramas/1971/thumbnail.webp,image/webp,23786,85dbcb1864d89d4f65bf20673746a34b8821d3e6587d068e8563c059afaa0f30,23786,image/webp,200,23786,image/webp,dramas/1971/original.jpg
1972,YY2kKP_4f,original,dramas/1972/original.jpg,image/jpeg,47833,e41df2493b6f69556912329b765daf7832ca032f520047b92f7395494350c320,47833,image/jpeg,200,47833,image/jpeg,dramas/1972/original.jpg
1972,YY2kKP_4f,thumbnail,dramas/1972/thumbnail.webp,image/webp,25186,33fc912d9c431c89b45cc24ba5f236e8048ff416627af60d45d4f84bfe00a81f,25186,image/webp,200,25186,image/webp,dramas/1972/original.jpg
1973,l0zwvE_4f,original,dramas/1973/original.jpg,image/jpeg,210838,ff1ed25ff4c081eaa835648efffcff405caf17b6c194c75753366a2c05f6fc69,210838,image/jpeg,200,210838,image/jpeg,dramas/1973/original.jpg
1973,l0zwvE_4f,thumbnail,dramas/1973/thumbnail.webp,image/webp,40362,43f504226bf88cc46e3bbe085ce2cd0720c5dd11ac1a7eeccd323b60019e65c2,40362,image/webp,200,40362,image/webp,dramas/1973/original.jpg
1974,oQARXN_4f,original,dramas/1974/original.jpg,image/jpeg,166443,cb53d2dbd95ca00bf997c22d22a49e02f2dc62b1cae21f1ec9ca4dd912adf050,166443,image/jpeg,200,166443,image/jpeg,dramas/1974/original.jpg
1974,oQARXN_4f,thumbnail,dramas/1974/thumbnail.webp,image/webp,32404,893dabc496b0e8fd6c943721500c8653cde3c5634b85c48b1588365a97adab05,32404,image/webp,200,32404,image/webp,dramas/1974/original.jpg
1975,DkwoZN_4f,original,dramas/1975/original.jpg,image/jpeg,64444,55db9de4aea5c0ef5cf6b46dcce68deb0eba118d24638a99b799674a7440dc27,64444,image/jpeg,200,64444,image/jpeg,dramas/1975/original.jpg
1975,DkwoZN_4f,thumbnail,dramas/1975/thumbnail.webp,image/webp,23228,3a3207f02775b7dc7a3dbc165d6f3b73fa04a7f07c82b81fa27db97b62db7ab6,23228,image/webp,200,23228,image/webp,dramas/1975/original.jpg
1976,81Wojm_4f,original,dramas/1976/original.jpg,image/jpeg,128329,d02c0c14a65152724cf175e781d2fc65ab30c1aed4f61d30c9b2a7c89fb41586,128329,image/jpeg,200,128329,image/jpeg,dramas/1976/original.jpg
1976,81Wojm_4f,thumbnail,dramas/1976/thumbnail.webp,image/webp,25018,13d115be679683b1d149c66b7e3daf44d1f48ea88c39130ffd98905ba64e2b62,25018,image/webp,200,25018,image/webp,dramas/1976/original.jpg
1977,ABKWng_4f,original,dramas/1977/original.jpg,image/jpeg,39189,2283cf6ff5f886e198430a7e94bd79414ece083e29d48798cff35cc56f092b4c,39189,image/jpeg,200,39189,image/jpeg,dramas/1977/original.jpg
1977,ABKWng_4f,thumbnail,dramas/1977/thumbnail.webp,image/webp,20458,26021d3f95dbfd6efe18d60575e6d46079479fa30c7429b426fe46521ebb130b,20458,image/webp,200,20458,image/webp,dramas/1977/original.jpg
1978,LwZWvB_4f,original,dramas/1978/original.jpg,image/jpeg,98290,849b540e1ee68001f5d6bee6ecf90932d7716ce5ac352b8a5b2379e168e888d8,98290,image/jpeg,200,98290,image/jpeg,dramas/1978/original.jpg
1978,LwZWvB_4f,thumbnail,dramas/1978/thumbnail.webp,image/webp,18218,504581fa41a57969a21ab0878d30889c3581f32a113e7dc984012e3f356757c7,18218,image/webp,200,18218,image/webp,dramas/1978/original.jpg
1979,LwZPrD_4f,original,dramas/1979/original.jpg,image/jpeg,101662,1aac5196462754c475dad8084c4e3edd353a5c533ee533168ec17a32b8bf6a78,101662,image/jpeg,200,101662,image/jpeg,dramas/1979/original.jpg
1979,LwZPrD_4f,thumbnail,dramas/1979/thumbnail.webp,image/webp,18786,bcb744431a03383637f0ac20547063800308433cf68869607d736e81183e9e7a,18786,image/webp,200,18786,image/webp,dramas/1979/original.jpg
1980,g0kQvP_4f,original,dramas/1980/original.jpg,image/jpeg,145247,c80c7e610a63c390eb258debddbdc11a734113f1a2f32382558f1279e78a5107,145247,image/jpeg,200,145247,image/jpeg,dramas/1980/original.jpg
1980,g0kQvP_4f,thumbnail,dramas/1980/thumbnail.webp,image/webp,37924,6797a233ea276117c5601efa9a9ff0ad126d9829e5685b208fffdc30ced58cf0,37924,image/webp,200,37924,image/webp,dramas/1980/original.jpg
1981,l0zX6J_4f,original,dramas/1981/original.jpg,image/jpeg,129329,873f662257511052d635a54bddbfdfd8263fb4d75939622231764accd7e29dd5,129329,image/jpeg,200,129329,image/jpeg,dramas/1981/original.jpg
1981,l0zX6J_4f,thumbnail,dramas/1981/thumbnail.webp,image/webp,16146,d38f5aea4acc3bbbeaba50318bba98c073e400477a27a179ed55419201a9d2da,16146,image/webp,200,16146,image/webp,dramas/1981/original.jpg
1982,NdeRqE_4f,original,dramas/1982/original.jpg,image/jpeg,157349,db0fdea91f31c728a82a4daaf4de5c6072f0a7c5705628dee1bba25b9033dc6a,157349,image/jpeg,200,157349,image/jpeg,dramas/1982/original.jpg
1982,NdeRqE_4f,thumbnail,dramas/1982/thumbnail.webp,image/webp,25604,16d4ae3fb60748c74c1b7c51a4c77623c92ed43ddfd1821044cc7470ed21b891,25604,image/webp,200,25604,image/webp,dramas/1982/original.jpg
1983,g0n4ZX_4f,original,dramas/1983/original.jpg,image/jpeg,119130,7f3a1fd6dcf4ec0a8d8d114d5b4c2587d4f50bf10cd6660bca0b090032c6b740,119130,image/jpeg,200,119130,image/jpeg,dramas/1983/original.jpg
1983,g0n4ZX_4f,thumbnail,dramas/1983/thumbnail.webp,image/webp,16062,ced1d0e5bd92b513f47a06d34f2d7c95e905ee3ad0d3e8f565a75a346e9fe8f7,16062,image/webp,200,16062,image/webp,dramas/1983/original.jpg
1984,b3WZxj_4f,original,dramas/1984/original.jpg,image/jpeg,246661,e3230c34bcf975f186b6ec966fb41d1f3a4fafc65e301030e8b8723133270bb2,246661,image/jpeg,200,246661,image/jpeg,dramas/1984/original.jpg
1984,b3WZxj_4f,thumbnail,dramas/1984/thumbnail.webp,image/webp,54738,af736463ea7e269e1e9e8df84a8119032f9eaef0e9e625ef2af602e336aa231e,54738,image/webp,200,54738,image/webp,dramas/1984/original.jpg
1985,zBQPdz_4f,original,dramas/1985/original.jpg,image/jpeg,89333,588a9c7812a35260bc18bc79e76e404c4db14642ed68a9ef42e306ad3bba5b55,89333,image/jpeg,200,89333,image/jpeg,dramas/1985/original.jpg
1985,zBQPdz_4f,thumbnail,dramas/1985/thumbnail.webp,image/webp,29770,d85d6e5dde918dca3b259bfd851eebc2bf444b69438493d3d5721d5697c88e49,29770,image/webp,200,29770,image/webp,dramas/1985/original.jpg
1986,81WYLD_4f,original,dramas/1986/original.jpg,image/jpeg,118173,f76aff82e20a8bead6866a8fee62b1244bbac148834d72e09fdb3e6771432e49,118173,image/jpeg,200,118173,image/jpeg,dramas/1986/original.jpg
1986,81WYLD_4f,thumbnail,dramas/1986/thumbnail.webp,image/webp,23562,4a461ea6f0dabf287db2c7046bc847063ce2137fcda084211b6ae250c22b20a2,23562,image/webp,200,23562,image/webp,dramas/1986/original.jpg
1987,8Q0pRW_4f,original,dramas/1987/original.jpg,image/jpeg,178692,b9403956ccc5ba8310c40f249230bf8d9f9ca62cb027f6d3967f9dd2d48720bc,178692,image/jpeg,200,178692,image/jpeg,dramas/1987/original.jpg
1987,8Q0pRW_4f,thumbnail,dramas/1987/thumbnail.webp,image/webp,23888,3e5edce5dba46190d5d19309dac5f9dbe8301a79167c80b66077e3f373482c1d,23888,image/webp,200,23888,image/webp,dramas/1987/original.jpg
1988,YYPO4K_4f,original,dramas/1988/original.jpg,image/jpeg,93752,170a4aca7979297010621017cf64daed28d3007e079b10fb848021dfe1b794af,93752,image/jpeg,200,93752,image/jpeg,dramas/1988/original.jpg
1988,YYPO4K_4f,thumbnail,dramas/1988/thumbnail.webp,image/webp,34140,7a86aa57d00a55e691b6e6442ca6b623ca01e2fea07c6ea54f42998f656d85be,34140,image/webp,200,34140,image/webp,dramas/1988/original.jpg
1989,nOjrEQ_4f,original,dramas/1989/original.jpg,image/jpeg,114882,dfbfee3245529a2fe56ea9eef10b7c7b313c52b95d94800c3b4d627ff0afb7a4,114882,image/jpeg,200,114882,image/jpeg,dramas/1989/original.jpg
1989,nOjrEQ_4f,thumbnail,dramas/1989/thumbnail.webp,image/webp,21728,1df85f47d91a47ac5a8ba298e63cc98b3d5796caba9b625440115a658e35c785,21728,image/webp,200,21728,image/webp,dramas/1989/original.jpg
1990,JBdbWo_4f,original,dramas/1990/original.jpg,image/jpeg,80565,30108d7753cc44da7bdf24ddc38f94ea29086c549f3e1c35132a0405784441a3,80565,image/jpeg,200,80565,image/jpeg,dramas/1990/original.jpg
1990,JBdbWo_4f,thumbnail,dramas/1990/thumbnail.webp,image/webp,15146,3d7f2f2b11ecc432bc24c3cf1389a16483fe5f1ec0cb8c62b5d3ade12af8f061,15146,image/webp,200,15146,image/webp,dramas/1990/original.jpg
1991,73L5On_4f,original,dramas/1991/original.jpg,image/jpeg,161485,8f683baf3a569d70a3f8a61c45744ebaec57e05668a0cfa7030d96934768a54e,161485,image/jpeg,200,161485,image/jpeg,dramas/1991/original.jpg
1991,73L5On_4f,thumbnail,dramas/1991/thumbnail.webp,image/webp,40414,4186f076baac9104ec903701660ef2a08552c402f8b7270068dc9dbc907e9a08,40414,image/webp,200,40414,image/webp,dramas/1991/original.jpg
1992,l0XNev_4f,original,dramas/1992/original.jpg,image/jpeg,126696,476e86c40194552daa911a789f47982e7facc614e00efd41769bcece0a2c56d0,126696,image/jpeg,200,126696,image/jpeg,dramas/1992/original.jpg
1992,l0XNev_4f,thumbnail,dramas/1992/thumbnail.webp,image/webp,24554,e18b567de34e1e1df58fc06a03c6ffda6145c05395bf683968111f10c9f45792,24554,image/webp,200,24554,image/webp,dramas/1992/original.jpg
1993,b3W5Ax_4f,original,dramas/1993/original.jpg,image/jpeg,211594,9d916b44e118769659c5541a536d1f0da59996723db4edcd8aed3542bfdcbe8d,211594,image/jpeg,200,211594,image/jpeg,dramas/1993/original.jpg
1993,b3W5Ax_4f,thumbnail,dramas/1993/thumbnail.webp,image/webp,45284,7142fcd322a5025152781c30d1cc1cf0ade6acc57b782885b4dff8fcefa55505,45284,image/webp,200,45284,image/webp,dramas/1993/original.jpg
1994,JBdWNJ_4f,original,dramas/1994/original.jpg,image/jpeg,167245,77774c6b00377c8ff797e1befa50887edd9430523a619346a52d87667a653052,167245,image/jpeg,200,167245,image/jpeg,dramas/1994/original.jpg
1994,JBdWNJ_4f,thumbnail,dramas/1994/thumbnail.webp,image/webp,37962,0ebd0ce2044fecb6a94a6d35a614f888f0a3499536154f24242830bf1cf8d431,37962,image/webp,200,37962,image/webp,dramas/1994/original.jpg
1995,nOjLV6_4f,original,dramas/1995/original.jpg,image/jpeg,258713,cbbfe7643a2a687fc0d16b6f09c457d42fc5f34f03ba09e86abf35caf6241ecc,258713,image/jpeg,200,258713,image/jpeg,dramas/1995/original.jpg
1995,nOjLV6_4f,thumbnail,dramas/1995/thumbnail.webp,image/webp,53548,506e46e402e38d129009b24ae43960cd5545518afa332399d479fbd32efca8bd,53548,image/webp,200,53548,image/webp,dramas/1995/original.jpg
1996,YYPrxP_4f,original,dramas/1996/original.jpg,image/jpeg,183361,212c136e936387553c982d6b94dc864df989a4be0657fc8dbdd1cfbb347a705b,183361,image/jpeg,200,183361,image/jpeg,dramas/1996/original.jpg
1996,YYPrxP_4f,thumbnail,dramas/1996/thumbnail.webp,image/webp,35584,348d26a170aa95a505b6f01abe5fe8e85db9fce200ec1382143bc2d5f9421441,35584,image/webp,200,35584,image/webp,dramas/1996/original.jpg
1997,VXrmvL_4f,original,dramas/1997/original.jpg,image/jpeg,300242,0ee48b01bee16d3354c28c2ae42b06031fd6a2cbfaca0ccb090807c09bb6dbcd,300242,image/jpeg,200,300242,image/jpeg,dramas/1997/original.jpg
1997,VXrmvL_4f,thumbnail,dramas/1997/thumbnail.webp,image/webp,58716,f05772a68ea2b899962bc9b68f7f2db5cbaeec1d443e3a012fe3069b2947124f,58716,image/webp,200,58716,image/webp,dramas/1997/original.jpg
1998,zBQZg7_4f,original,dramas/1998/original.jpg,image/jpeg,224435,276fb33ee40ad826ad4f6bdebecdb3733cbea75e61e45f40818aa8cac62ac130,224435,image/jpeg,200,224435,image/jpeg,dramas/1998/original.jpg
1998,zBQZg7_4f,thumbnail,dramas/1998/thumbnail.webp,image/webp,43266,f14abf791e9e7629569bb983a6f1aa996e5d6635266a2e314cd2b0ded74983ce,43266,image/webp,200,43266,image/webp,dramas/1998/original.jpg
1999,Dkql0r_4f,original,dramas/1999/original.jpg,image/jpeg,262196,6d6beccbd8a4000fa8a32d33d7b025c8a45f094c9a3006f67eabf65da6a09316,262196,image/jpeg,200,262196,image/jpeg,dramas/1999/original.jpg
1999,Dkql0r_4f,thumbnail,dramas/1999/thumbnail.webp,image/webp,50748,4e6ab7d1b4edd894b94ff345f4eac13547943ed3723102c1c87585eb40ba37bf,50748,image/webp,200,50748,image/webp,dramas/1999/original.jpg
2000,O8Kknb_4f,original,dramas/2000/original.jpg,image/jpeg,252804,54d10c63efd9d8f0bb02b457b4b9629d92ef7c6911024af7d5ce6ac0ca8c18dc,252804,image/jpeg,200,252804,image/jpeg,dramas/2000/original.jpg
2000,O8Kknb_4f,thumbnail,dramas/2000/thumbnail.webp,image/webp,47052,d901cad05d78e6ebb73f317f0c3e61f5688ee65f0e59f0ce484dd621a0b1f2ba,47052,image/webp,200,47052,image/webp,dramas/2000/original.jpg
2001,oQAL0z_4f,original,dramas/2001/original.jpg,image/jpeg,42022,d2a112f4b8b42f565ee822a8c06a39b8e0ae99dec6cd78da6b165c997eb7e52e,42022,image/jpeg,200,42022,image/jpeg,dramas/2001/original.jpg
2001,oQAL0z_4f,thumbnail,dramas/2001/thumbnail.webp,image/webp,27940,807d6efc4a7af14af32a1ef646fe6f223dd339000cc4d7f37f363338ecfabcee,27940,image/webp,200,27940,image/webp,dramas/2001/original.jpg
2002,NdeqqY_4f,original,dramas/2002/original.jpg,image/jpeg,104335,d28e44d35c4cc3baae09eaf196b4d022b20b1dad70e1cd0f1b65657b0a87dab2,104335,image/jpeg,200,104335,image/jpeg,dramas/2002/original.jpg
2002,NdeqqY_4f,thumbnail,dramas/2002/thumbnail.webp,image/webp,16328,baea14d965dbfecf3e9d64dbd146d217a6d85956a9b1d11037431676771cf696,16328,image/webp,200,16328,image/webp,dramas/2002/original.jpg
2003,5v3OVA_4f,original,dramas/2003/original.jpg,image/jpeg,192796,e912ca2c74b356be67560b9e03bb2f18ea19be7d9d7800ea8eaa9bb60fb02aa2,192796,image/jpeg,200,192796,image/jpeg,dramas/2003/original.jpg
2003,5v3OVA_4f,thumbnail,dramas/2003/thumbnail.webp,image/webp,30294,c8f29bf6da0235c3f0841bd533ba181391e42e926f72fec9b694af4fd1f2dd19,30294,image/webp,200,30294,image/webp,dramas/2003/original.jpg
2004,3o5L84_4f,original,dramas/2004/original.jpg,image/jpeg,121750,6716a4562472f5c08d201c7854ae9867dad025f70b6f1456985e474cbcdc0dd1,121750,image/jpeg,200,121750,image/jpeg,dramas/2004/original.jpg
2004,3o5L84_4f,thumbnail,dramas/2004/thumbnail.webp,image/webp,21144,0b7ea0a86be31edb96feb93d8304573e27c91c01e3d7c753773f082079b60bd2,21144,image/webp,200,21144,image/webp,dramas/2004/original.jpg
2005,3oVnLe_4f,original,dramas/2005/original.jpg,image/jpeg,145859,454245bfb6d427d4418943cbfe83adbaf966db9e049aafcff108bdedf1e50e68,145859,image/jpeg,200,145859,image/jpeg,dramas/2005/original.jpg
2005,3oVnLe_4f,thumbnail,dramas/2005/thumbnail.webp,image/webp,44160,0dd24e95ab13587eef1e8a51662e0e75126995a4ff7c091b617446c2c6a5e350,44160,image/webp,200,44160,image/webp,dramas/2005/original.jpg
2006,PxQZJ3_4f,original,dramas/2006/original.jpg,image/jpeg,180079,224ae60a81e8ea9fa5bfca3b0168da33352ec867d6541d1e6bd3430ab9221c06,180079,image/jpeg,200,180079,image/jpeg,dramas/2006/original.jpg
2006,PxQZJ3_4f,thumbnail,dramas/2006/thumbnail.webp,image/webp,41520,6f49a0b7d230945712bdc46c7f106fb49682b6a2340e3f7ead221fc2dd6e3a0c,41520,image/webp,200,41520,image/webp,dramas/2006/original.jpg
2007,l0XXlL_4f,original,dramas/2007/original.jpg,image/jpeg,190421,d951a2c31bf0d324095b6f8b9defd1112d14b2d09af638c35ecc7a64ac0beb79,190421,image/jpeg,200,190421,image/jpeg,dramas/2007/original.jpg
2007,l0XXlL_4f,thumbnail,dramas/2007/thumbnail.webp,image/webp,23556,9c2a67272654a79db4e36816b79be5858e46dc62b2d80f1a14d0be06f1a9138e,23556,image/webp,200,23556,image/webp,dramas/2007/original.jpg
2008,Lw4YvD_4f,original,dramas/2008/original.jpg,image/jpeg,131753,8e14b8974aad1201a03dce5c01504c30465a20c3c800cf3fff066863fffe4630,131753,image/jpeg,200,131753,image/jpeg,dramas/2008/original.jpg
2008,Lw4YvD_4f,thumbnail,dramas/2008/thumbnail.webp,image/webp,31748,cd49933c1a724ed74259ffde8d4e0cd8321d58db182121cc8dff9941a6a6f80c,31748,image/webp,200,31748,image/webp,dramas/2008/original.jpg
2009,JBQ7VX_4f,original,dramas/2009/original.jpg,image/jpeg,73983,ff0f78551cd3c11823228e9e47e793ba961d1a1c2acfe353863bc242b6d14897,73983,image/jpeg,200,73983,image/jpeg,dramas/2009/original.jpg
2009,JBQ7VX_4f,thumbnail,dramas/2009/thumbnail.webp,image/webp,23676,67ade92899cf8060ebd8d372e285d983676e94f74ec2de9ef442993f99c88beb,23676,image/webp,200,23676,image/webp,dramas/2009/original.jpg
2010,5vzwOy_4f,original,dramas/2010/original.jpg,image/jpeg,128403,9c499d540e681f19d21a263e1d07ced63f0271c9688b86160774782347ea8c51,128403,image/jpeg,200,128403,image/jpeg,dramas/2010/original.jpg
2010,5vzwOy_4f,thumbnail,dramas/2010/thumbnail.webp,image/webp,48166,953dc735f39c67b7b073f3e35ab36fb51216ab6be65b55fe7f85c9d0ea1e3e8b,48166,image/webp,200,48166,image/webp,dramas/2010/original.jpg
2011,81y6xd_4f,original,dramas/2011/original.jpg,image/jpeg,139561,2af266e5b72cba95ee675e684f229e22cd3654fec9785251613deb9666d2341b,139561,image/jpeg,200,139561,image/jpeg,dramas/2011/original.jpg
2011,81y6xd_4f,thumbnail,dramas/2011/thumbnail.webp,image/webp,25584,397434146c692c66908e6d12ea55447f6a3f0bef93e757653a76b9c7fa6506b2,25584,image/webp,200,25584,image/webp,dramas/2011/original.jpg
2012,5vznl4_4f,original,dramas/2012/original.jpg,image/jpeg,183051,6ced45c02699c46af5ccfa0174676e628f8a47e94f4370a2a8f9d9e4bcbf50aa,183051,image/jpeg,200,183051,image/jpeg,dramas/2012/original.jpg
2012,5vznl4_4f,thumbnail,dramas/2012/thumbnail.webp,image/webp,33622,2b8f2f9d05b472db1896382c5a3e1510f3592d73f9061659e987489aad5b8728,33622,image/webp,200,33622,image/webp,dramas/2012/original.jpg
2013,73o6qB_4f,original,dramas/2013/original.jpg,image/jpeg,160127,084cd2c0bd0ada66e0f1d203e87c97c171fa468bd5671aa116e62ddf7d681c7f,160127,image/jpeg,200,160127,image/jpeg,dramas/2013/original.jpg
2013,73o6qB_4f,thumbnail,dramas/2013/thumbnail.webp,image/webp,37444,686ff6ce32fdd0ded19351497ccc237b128911ee7ebe3a47cfacc40f6677e8a5,37444,image/webp,200,37444,image/webp,dramas/2013/original.jpg
2014,5vzLJV_4f,original,dramas/2014/original.jpg,image/jpeg,71494,718aec4fd1dc11705a7f761fd43099e853defb1d70df759805c6f61a46eb07c4,71494,image/jpeg,200,71494,image/jpeg,dramas/2014/original.jpg
2014,5vzLJV_4f,thumbnail,dramas/2014/thumbnail.webp,image/webp,43646,b52807a8295c9e835632737dc54e67748b408276b468408e314d0214fe88fed4,43646,image/webp,200,43646,image/webp,dramas/2014/original.jpg
2015,l02nvx_4f,original,dramas/2015/original.jpg,image/jpeg,175549,52c95b31975995e672265fd0624f7dcd5362776871f9849ad4518d8fe2024825,175549,image/jpeg,200,175549,image/jpeg,dramas/2015/original.jpg
2015,l02nvx_4f,thumbnail,dramas/2015/thumbnail.webp,image/webp,29370,c23f7d1c94890b5c3cf21875aa8ed0d936ae2fc5015012a1908342a85594e68d,29370,image/webp,200,29370,image/webp,dramas/2015/original.jpg
2016,m0BoVm_4f,original,dramas/2016/original.jpg,image/jpeg,162545,a312c3d0db2bc3d70a7a63f1519affdcc624d32b5eb21684d61d10866ce8ccee,162545,image/jpeg,200,162545,image/jpeg,dramas/2016/original.jpg
2016,m0BoVm_4f,thumbnail,dramas/2016/thumbnail.webp,image/webp,33116,e2a25877eff7660a229f570137b2b3fe9b126dedb7495521f5002baa0d6509df,33116,image/webp,200,33116,image/webp,dramas/2016/original.jpg
2017,b3pP6f,original,dramas/2017/original.jpg,image/jpeg,141028,bb98d00dcef62c5405c5a1c22005af52be4d386a2a01df727233bf382e22f540,141028,image/jpeg,200,141028,image/jpeg,dramas/2017/original.jpg
2017,b3pP6f,thumbnail,dramas/2017/thumbnail.webp,image/webp,23744,f7b30c4ae1925f58121b09363b538f33913fd9bb7404cd269190fcde8387f5cf,23744,image/webp,200,23744,image/webp,dramas/2017/original.jpg
2018,DkjjOo_4f,original,dramas/2018/original.jpg,image/jpeg,284547,c406a0a3a259521c4259556b103ca37317c8735b11ce5562ca2cdfb85050e018,284547,image/jpeg,200,284547,image/jpeg,dramas/2018/original.jpg
2018,DkjjOo_4f,thumbnail,dramas/2018/thumbnail.webp,image/webp,63956,9fb1ed6d188312b67d34adee3a2ae715a751662d081cf0635bc8e319cabe5005,63956,image/webp,200,63956,image/webp,dramas/2018/original.jpg
2019,5QedDy_4f,original,dramas/2019/original.jpg,image/jpeg,131672,d5fa45ec80c0bc403b852f340e6b5a06778746c2f154b89bb208f5434dbfcbc4,131672,image/jpeg,200,131672,image/jpeg,dramas/2019/original.jpg
2019,5QedDy_4f,thumbnail,dramas/2019/thumbnail.webp,image/webp,40678,22a6e470f0c34681ede83a5f04d28c84e31cb3468c361aa318eb0a41f8fded4d,40678,image/webp,200,40678,image/webp,dramas/2019/original.jpg
2020,8Q0qVQ_4f,original,dramas/2020/original.jpg,image/jpeg,183973,8c90dc489af86f2b9de62b4475b0519badec2a97ccec7c505a4c0d900b0f09e3,183973,image/jpeg,200,183973,image/jpeg,dramas/2020/original.jpg
2020,8Q0qVQ_4f,thumbnail,dramas/2020/thumbnail.webp,image/webp,33950,5c9e9c4c716c262ad67938c33c0dc6d7d8ece4f372520069f0fb67363c426a3d,33950,image/webp,200,33950,image/webp,dramas/2020/original.jpg
2021,Ar3378_4f,original,dramas/2021/original.jpg,image/jpeg,125401,21fb48249b7374414e7f4d764a1582d97dd9f1433abaa27964b6eea573662502,125401,image/jpeg,200,125401,image/jpeg,dramas/2021/original.jpg
2021,Ar3378_4f,thumbnail,dramas/2021/thumbnail.webp,image/webp,17570,4c4212a59c624180a3a3a671241c00f6aab8add1878fefade216b87aeb98ed04,17570,image/webp,200,17570,image/webp,dramas/2021/original.jpg
2022,L2DXRB_4f,original,dramas/2022/original.jpg,image/jpeg,197728,c361163233850c2a4ce3e13008bcd6f22a6186d4c4c3f856bbc8cb19934881ae,197728,image/jpeg,200,197728,image/jpeg,dramas/2022/original.jpg
2022,L2DXRB_4f,thumbnail,dramas/2022/thumbnail.webp,image/webp,42184,4fa92b96c97e290863e29bb54504a3e3e084c0348cdd36684128fd1d6cae2a85,42184,image/webp,200,42184,image/webp,dramas/2022/original.jpg
2023,JjPDRJ_4f,original,dramas/2023/original.jpg,image/jpeg,86495,f586699f5f2379cfcdb16fe6f0617b5847b5ce32abc17c1f02e784e36b2d02f9,86495,image/jpeg,200,86495,image/jpeg,dramas/2023/original.jpg
2023,JjPDRJ_4f,thumbnail,dramas/2023/thumbnail.webp,image/webp,15262,2f076fd2f8fc9d338f07de3e68753427872637e915daa3dfa044b6e7e9819925,15262,image/webp,200,15262,image/webp,dramas/2023/original.jpg
2024,kvA5Of,original,dramas/2024/original.jpg,image/jpeg,206082,0702d576d9108b625c1899194c39ef2d2b1704a73360cbe792578462d34087d1,206082,image/jpeg,200,206082,image/jpeg,dramas/2024/original.jpg
2024,kvA5Of,thumbnail,dramas/2024/thumbnail.webp,image/webp,43876,7971b49620035f98559d34643a65e52d1d1067b903bcce14c57108d5f820d707,43876,image/webp,200,43876,image/webp,dramas/2024/original.jpg
2025,3vyJ5e_4f,original,dramas/2025/original.jpg,image/jpeg,162238,b19e60057d315a9e0b80a8e1b107b92f399d24b07f6961619b0c82bc8cb59d49,162238,image/jpeg,200,162238,image/jpeg,dramas/2025/original.jpg
2025,3vyJ5e_4f,thumbnail,dramas/2025/thumbnail.webp,image/webp,31538,a6ca9d027a44a3185c47bdfcbe1496bd55e171f2566e6d3f7fa28ff029d8752d,31538,image/webp,200,31538,image/webp,dramas/2025/original.jpg
2026,XdAlXf,original,dramas/2026/original.jpg,image/jpeg,63281,bc376c4dbad23b031a448c4163f414436db8173a62da6a046f0e40d7baa16458,63281,image/jpeg,200,63281,image/jpeg,dramas/2026/original.jpg
2026,XdAlXf,thumbnail,dramas/2026/thumbnail.webp,image/webp,39704,358cb4b43bd0c06553e50d1f9091c66cb94387b8f7f34e4bad3eb78ce04d416e,39704,image/webp,200,39704,image/webp,dramas/2026/original.jpg
2027,92wwEf,original,dramas/2027/original.jpg,image/jpeg,64795,7867aa49ea9848d87d10a5f49ca1950ea46dfd30847a69e77cf58fff04972957,64795,image/jpeg,200,64795,image/jpeg,dramas/2027/original.jpg
2027,92wwEf,thumbnail,dramas/2027/thumbnail.webp,image/webp,45000,a6d7a51ffb21a6a9b12edca137fda67605b4828a9d7ae8e48351e8d3111d51c5,45000,image/webp,200,45000,image/webp,dramas/2027/original.jpg
2028,NdjXYf,original,dramas/2028/original.jpg,image/jpeg,198832,8acff98dfcc6dd4b08f77591d7686dda9130c9e2f9d928285c1dfb9371c083ce,198832,image/jpeg,200,198832,image/jpeg,dramas/2028/original.jpg
2028,NdjXYf,thumbnail,dramas/2028/thumbnail.webp,image/webp,45092,cd0ffe2b87c21a98bd0c5455c369e0c582aa482c236844f8934121b606e07d1b,45092,image/webp,200,45092,image/webp,dramas/2028/original.jpg
2029,zEEzdf,original,dramas/2029/original.jpg,image/jpeg,207505,fb6bf8431ae6858aef35366bd79a11f9f5359b0beb286b34038b10dc8f2015b5,207505,image/jpeg,200,207505,image/jpeg,dramas/2029/original.jpg
2029,zEEzdf,thumbnail,dramas/2029/thumbnail.webp,image/webp,68034,3515a0a2e7602cef8c6c5006ad700e51426c4ac2411c1e68c28f021f533de4f1,68034,image/webp,200,68034,image/webp,dramas/2029/original.jpg
2030,ONxOkf,original,dramas/2030/original.jpg,image/jpeg,49371,23bd83f2215235525b8edd985fbbab57c88bb329ba7d0739dedb8e7255ec328b,49371,image/jpeg,200,49371,image/jpeg,dramas/2030/original.jpg
2030,ONxOkf,thumbnail,dramas/2030/thumbnail.webp,image/webp,30966,6239d159bc29e988c191d26432a025e89ae3d028cd0721a5675cb1c10b635511,30966,image/webp,200,30966,image/webp,dramas/2030/original.jpg
2031,VNQpmf,original,dramas/2031/original.jpg,image/jpeg,96570,58960bb43f53f259fcaf4e3393dbf9684c8c35ff95f75c3f07e2faf2a1f43aa3,96570,image/jpeg,200,96570,image/jpeg,dramas/2031/original.jpg
2031,VNQpmf,thumbnail,dramas/2031/thumbnail.webp,image/webp,67226,30ad1879a61eb01ab5d75972da1e59bc2d6c0b435141cc8afbecef6b48dff443,67226,image/webp,200,67226,image/webp,dramas/2031/original.jpg
2032,l0OExf,original,dramas/2032/original.jpg,image/jpeg,119985,f73cab12bf82f66787b2607560ccc3c854e25b6e25ee6b8929ed9d2148579554,119985,image/jpeg,200,119985,image/jpeg,dramas/2032/original.jpg
2032,l0OExf,thumbnail,dramas/2032/thumbnail.webp,image/webp,58586,4eedc67aa2f568250534331a8824d89fb8d6c3efa4f6b9d80ce7d8f29bf6961b,58586,image/webp,200,58586,image/webp,dramas/2032/original.jpg
2033,5vx8Af,original,dramas/2033/original.jpg,image/jpeg,114818,e69614522f253746884f973237987ed41287ae047ffd91eb1514cf73c84bbe33,114818,image/jpeg,200,114818,image/jpeg,dramas/2033/original.jpg
2033,5vx8Af,thumbnail,dramas/2033/thumbnail.webp,image/webp,59420,2b4c4474dc5450c4ebfff0b346fa1a81a2c05231be5bc0bd440cf3767ec9c8e4,59420,image/webp,200,59420,image/webp,dramas/2033/original.jpg
2034,Nd7QAf,original,dramas/2034/original.jpg,image/jpeg,61856,dcc8da450b5984b21ac6d79667bcd28608c4b0de1dab9b72594827d046f24446,61856,image/jpeg,200,61856,image/jpeg,dramas/2034/original.jpg
2034,Nd7QAf,thumbnail,dramas/2034/thumbnail.webp,image/webp,39184,d4c2689c0c031b0cf79ad4ba112cbf5e5ff6a52f04c7f0e6dd0b9eccc44f78ae,39184,image/webp,200,39184,image/webp,dramas/2034/original.jpg
2035,Z8kz8f,original,dramas/2035/original.jpg,image/jpeg,95322,95889d08cfb4ff88e26096d5ed6fcc9f03253e2d0d6808dfdecc19822a0de92f,95322,image/jpeg,200,95322,image/jpeg,dramas/2035/original.jpg
2035,Z8kz8f,thumbnail,dramas/2035/thumbnail.webp,image/webp,45910,a325f3d375ac08327d57028953a4ef83d1147e068f5ca9af890b17cf481a005f,45910,image/webp,200,45910,image/webp,dramas/2035/original.jpg
2036,zBjYyf,original,dramas/2036/original.jpg,image/jpeg,235661,5d185f4ee3d8156bf2933b381499ff48e25e01bd2e0f8868c1d24f954615c4ff,235661,image/jpeg,200,235661,image/jpeg,dramas/2036/original.jpg
2036,zBjYyf,thumbnail,dramas/2036/thumbnail.webp,image/webp,53222,da37d3eeee609b6184bf1a3658e6c8548d426d7da20db111bfa1580c1e66b77c,53222,image/webp,200,53222,image/webp,dramas/2036/original.jpg
2037,YYk3Pf,original,dramas/2037/original.jpg,image/jpeg,105612,b7e1ae469fe68a6e900a5e5ab407cd0dc3b666aef153782fed3d96323895e777,105612,image/jpeg,200,105612,image/jpeg,dramas/2037/original.jpg
2037,YYk3Pf,thumbnail,dramas/2037/thumbnail.webp,image/webp,64000,bb47d2f09f26e7ac05be95e1756f6f6e8960a62b4e465f77d50e29e48f06cab3,64000,image/webp,200,64000,image/webp,dramas/2037/original.jpg
2038,x4QXEf,original,dramas/2038/original.jpg,image/jpeg,135229,315e69f38782685c28142d968971581f6f3acd8af416dbce949dbc00c123f870,135229,image/jpeg,200,135229,image/jpeg,dramas/2038/original.jpg
2038,x4QXEf,thumbnail,dramas/2038/thumbnail.webp,image/webp,69682,0b4e8ccf12a05826165f9ff11d04047311bfb6d0f3e8e71561af2fc0fb04ac2b,69682,image/webp,200,69682,image/webp,dramas/2038/original.jpg
2039,jQJOyf,original,dramas/2039/original.jpg,image/jpeg,74181,88771c0350f07fd3f1ed0564e4cabab76fe1624f8bfe57ee18f9091c5046d9a1,74181,image/jpeg,200,74181,image/jpeg,dramas/2039/original.jpg
2039,jQJOyf,thumbnail,dramas/2039/thumbnail.webp,image/webp,43480,651b9ce3586a2b38ebb41caa13dba8a86960ca5f0a7eb21082069ca21b9a57c3,43480,image/webp,200,43480,image/webp,dramas/2039/original.jpg
2040,vXqAqf,original,dramas/2040/original.jpg,image/jpeg,86170,5ea7a53c7efe3cafa0f4e7799d4f9f01599e7758afaaedad93beedb6afda05d8,86170,image/jpeg,200,86170,image/jpeg,dramas/2040/original.jpg
2040,vXqAqf,thumbnail,dramas/2040/thumbnail.webp,image/webp,46650,8adc37c9958abffaae011836337d2028731d46a2c7452976ab733176bf1f8f7e,46650,image/webp,200,46650,image/webp,dramas/2040/original.jpg
2041,3oZXVf,original,dramas/2041/original.jpg,image/jpeg,92792,61676a4b3cb73379732a5289f29544a0f82c9275a131cfd62d0c81262f2969b7,92792,image/jpeg,200,92792,image/jpeg,dramas/2041/original.jpg
2041,3oZXVf,thumbnail,dramas/2041/thumbnail.webp,image/webp,48030,88ef46d2f62373a1aed51f617ac8c673afe1f5cd1d8dd9bd278118c4c2b33a80,48030,image/webp,200,48030,image/webp,dramas/2041/original.jpg
2042,mOxLqf,original,dramas/2042/original.jpg,image/jpeg,137786,6648cd4fcc2e0840c34b7609edac4e0db5f19b84b1b4cfee50867c4f596975f7,137786,image/jpeg,200,137786,image/jpeg,dramas/2042/original.jpg
2042,mOxLqf,thumbnail,dramas/2042/thumbnail.webp,image/webp,31432,865a67e8540c09d86fc1e98f9fedf2255fa472a3e4bc64aee39bfe375270186a,31432,image/webp,200,31432,image/webp,dramas/2042/original.jpg
2043,9vbp9f,original,dramas/2043/original.jpg,image/jpeg,69577,c5a3e450c34038d6f3f204e1eaccd72fca256c977dafaadd90dcb34b8b9055f2,69577,image/jpeg,200,69577,image/jpeg,dramas/2043/original.jpg
2043,9vbp9f,thumbnail,dramas/2043/thumbnail.webp,image/webp,44712,090a8762cf1ccab62a3fedb04b71d58590327216b96581c69ffb3f388711f982,44712,image/webp,200,44712,image/webp,dramas/2043/original.jpg
2044,O8J7Pf,original,dramas/2044/original.jpg,image/jpeg,101638,8c676a3fe046a706b659fe368ac2b28a2b502a8702e3da71241235b89389dfa4,101638,image/jpeg,200,101638,image/jpeg,dramas/2044/original.jpg
2044,O8J7Pf,thumbnail,dramas/2044/thumbnail.webp,image/webp,65320,2ac0b55b65dfb410ae9471a4f91364bb56c14fb148546d7eddcb315c0646896a,65320,image/webp,200,65320,image/webp,dramas/2044/original.jpg
2045,2wZoOf,original,dramas/2045/original.jpg,image/jpeg,194417,693d7525621e030be9992349f3adcec4ffa7cdf7c3d59da6ca6ccb1c18cea85b,194417,image/jpeg,200,194417,image/jpeg,dramas/2045/original.jpg
2045,2wZoOf,thumbnail,dramas/2045/thumbnail.webp,image/webp,42750,5ca6c7a1219b2ad21937136e4f913f8b53cd349058af2f9a2e40d7d3eb9def4c,42750,image/webp,200,42750,image/webp,dramas/2045/original.jpg
2046,oQoNNf,original,dramas/2046/original.jpg,image/jpeg,99481,c211f053af050f212d536a34cf708bc2b934a14c8d2265bc2548349dd267983c,99481,image/jpeg,200,99481,image/jpeg,dramas/2046/original.jpg
2046,oQoNNf,thumbnail,dramas/2046/thumbnail.webp,image/webp,48124,33405000c28942ffd8846735114dc1ab8799402fe52a9a46f7b56e666971923b,48124,image/webp,200,48124,image/webp,dramas/2046/original.jpg
2047,b3x0Vf,original,dramas/2047/original.jpg,image/jpeg,69920,54db52b3f212aeb3764c851664d6109b9137962f0d03d472ba42769bc133f87a,69920,image/jpeg,200,69920,image/jpeg,dramas/2047/original.jpg
2047,b3x0Vf,thumbnail,dramas/2047/thumbnail.webp,image/webp,28516,c281f208a2638fd245ae4b398e6f3bc3280ed8260585de082d398019fb1ce737,28516,image/webp,200,28516,image/webp,dramas/2047/original.jpg
2048,WPBQOf,original,dramas/2048/original.jpg,image/jpeg,83345,3b5faf1397d6bca0634010e2d11cbcd9d9f810a42a7c73d3727a3da017cca1cb,83345,image/jpeg,200,83345,image/jpeg,dramas/2048/original.jpg
2048,WPBQOf,thumbnail,dramas/2048/thumbnail.webp,image/webp,35480,2ac9761c177e5327ccad66d5054e17d1d9966bf3cd0251e331d855b3556ff5ae,35480,image/webp,200,35480,image/webp,dramas/2048/original.jpg
2049,jQ3Nvf,original,dramas/2049/original.jpg,image/jpeg,228964,d1b6acefd0834c1ee8d5d43467e2d5715a1ddb6142ca83393e1af1b7d53e134c,228964,image/jpeg,200,228964,image/jpeg,dramas/2049/original.jpg
2049,jQ3Nvf,thumbnail,dramas/2049/thumbnail.webp,image/webp,52504,91981c4c1c1f8625c9aba86c50ed80a5d4a067a2c117e0279d875fcca3520f0e,52504,image/webp,200,52504,image/webp,dramas/2049/original.jpg
2050,oQoevf,original,dramas/2050/original.jpg,image/jpeg,156160,27c80ad1d782eb9db7e2a16cdcad5d825f629b10abc9328b268bc31ca9bc0d07,156160,image/jpeg,200,156160,image/jpeg,dramas/2050/original.jpg
2050,oQoevf,thumbnail,dramas/2050/thumbnail.webp,image/webp,41340,15eb16747f601c2e680ae1740942b849bc27689e2306aac3887bbd2c9cf3c978,41340,image/webp,200,41340,image/webp,dramas/2050/original.jpg
2051,kAYqdf,original,dramas/2051/original.jpg,image/jpeg,112973,bd0d3680b76cd8874027ccfe1e25dc74c81bc779088db48d517079287616625f,112973,image/jpeg,200,112973,image/jpeg,dramas/2051/original.jpg
2051,kAYqdf,thumbnail,dramas/2051/thumbnail.webp,image/webp,31658,4886d1a90776405bb881a41c242023e8fba353f645494fd35e8c0b1ca46994e6,31658,image/webp,200,31658,image/webp,dramas/2051/original.jpg
2052,jBKb8_4f,original,dramas/2052/original.jpg,image/jpeg,86718,1ff86ed8d79a13b2d74d0b48730f95ae608734ac82966a84605f16c245cda871,86718,image/jpeg,200,86718,image/jpeg,dramas/2052/original.jpg
2052,jBKb8_4f,thumbnail,dramas/2052/thumbnail.webp,image/webp,28952,eece1114dc31f80fa2d4b56e4a6b6576ecced87f3ef1f957fa84cb20ca6e1460,28952,image/webp,200,28952,image/webp,dramas/2052/original.jpg
2053,9x839f,original,dramas/2053/original.jpg,image/jpeg,78173,1c87dcb881c9f4ec37e0406e9f8e417ab1c2c0c95066dbda62f92b7473ca50a5,78173,image/jpeg,200,78173,image/jpeg,dramas/2053/original.jpg
2053,9x839f,thumbnail,dramas/2053/thumbnail.webp,image/webp,54454,63c8d6b215dceaecfa25cb8ddc5c0b351c472de34c5b7f97607c79a446536980,54454,image/webp,200,54454,image/webp,dramas/2053/original.jpg
2054,60Q2df,original,dramas/2054/original.jpg,image/jpeg,131393,0572d4ec931c95f8903ddf5348f34c6694e1812ae62564bb438cdab961754220,131393,image/jpeg,200,131393,image/jpeg,dramas/2054/original.jpg
2054,60Q2df,thumbnail,dramas/2054/thumbnail.webp,image/webp,41546,0181342637f4554d79523d6748fd1571edac45cf46f91c086e1251d8a82fb154,41546,image/webp,200,41546,image/webp,dramas/2054/original.jpg
2055,nOgBWf,original,dramas/2055/original.jpg,image/jpeg,128826,09e3ad5732030d774faa31fc95d0703e9e30fa41a1719e8b170edafa3629a79f,128826,image/jpeg,200,128826,image/jpeg,dramas/2055/original.jpg
2055,nOgBWf,thumbnail,dramas/2055/thumbnail.webp,image/webp,42846,59a115f379548b987afae22fe0abc616802a2a3ed457ff5efab471fa2700cb25,42846,image/webp,200,42846,image/webp,dramas/2055/original.jpg
2056,rVvDpf,original,dramas/2056/original.jpg,image/jpeg,89108,f1f96ad1a39bb45d92f3531ee355fddcf44aa2bc9f49dc6c1bf88c50449a8afb,89108,image/jpeg,200,89108,image/jpeg,dramas/2056/original.jpg
2056,rVvDpf,thumbnail,dramas/2056/thumbnail.webp,image/webp,40650,0ffd81bd1bea9ba926ef9e307db1070e97f5efa50f7954e538a35b1d10dc0c9b,40650,image/webp,200,40650,image/webp,dramas/2056/original.jpg
2057,7360yf,original,dramas/2057/original.jpg,image/jpeg,86677,7fecba39e8791ec6c1a24bbb8ccf24d1f837c4807e14a1857828879673b515c2,86677,image/jpeg,200,86677,image/jpeg,dramas/2057/original.jpg
2057,7360yf,thumbnail,dramas/2057/thumbnail.webp,image/webp,47338,febec9d564fd67800ac474317679343526dce235ac18b9697b79349f9905b315,47338,image/webp,200,47338,image/webp,dramas/2057/original.jpg
2058,3o80df,original,dramas/2058/original.jpg,image/jpeg,42458,40ed226e3616797007bac4f424aa6213fbe2b14d64ef90649bbb782d236ce0f2,42458,image/jpeg,200,42458,image/jpeg,dramas/2058/original.jpg
2058,3o80df,thumbnail,dramas/2058/thumbnail.webp,image/webp,20588,709be89606ae700c44c16f99d2390aec7b43640b8ba15396f54c338ab82b6553,20588,image/webp,200,20588,image/webp,dramas/2058/original.jpg
2059,4eN86f,original,dramas/2059/original.jpg,image/jpeg,159493,898fcdf1235d45061f941394a705c3c15341b4192d263808a5c9f379b98c6ccd,159493,image/jpeg,200,159493,image/jpeg,dramas/2059/original.jpg
2059,4eN86f,thumbnail,dramas/2059/thumbnail.webp,image/webp,51998,3d8d4c536a412beea4a327f6442c1c9cc4a52885dd8f86dac89ec8a82cb6f56c,51998,image/webp,200,51998,image/webp,dramas/2059/original.jpg
2060,pdV0rf,original,dramas/2060/original.jpg,image/jpeg,123776,4d203212ce57622ec1d3659dad05f07ff1b17bc042e72d5d0f3f114c23419d51,123776,image/jpeg,200,123776,image/jpeg,dramas/2060/original.jpg
2060,pdV0rf,thumbnail,dramas/2060/thumbnail.webp,image/webp,23016,3d382f071bb6f732917feeef50f92342634d091695b53c4da875392369c7e6fa,23016,image/webp,200,23016,image/webp,dramas/2060/original.jpg
2061,WPe0lf,original,dramas/2061/original.jpg,image/jpeg,160142,9245ae7cf1489b63d87a434ba98628c34230838b3f1eb735054a87d34d10d2ad,160142,image/jpeg,200,160142,image/jpeg,dramas/2061/original.jpg
2061,WPe0lf,thumbnail,dramas/2061/thumbnail.webp,image/webp,37668,35bda2848fe2f215fa104b17a4d98e09983b7c8287f6634f9d7936e90dc40923,37668,image/webp,200,37668,image/webp,dramas/2061/original.jpg
2062,wJz48f,original,dramas/2062/original.jpg,image/jpeg,129346,3f666b36ffaa5cf4096188b70c780471ed3860a046c82a6a5dacf6c78eb8c4bb,129346,image/jpeg,200,129346,image/jpeg,dramas/2062/original.jpg
2062,wJz48f,thumbnail,dramas/2062/thumbnail.webp,image/webp,86796,79faff5dde8402f7cccda30cf877a65ed21f7fdd356de4e189fe14b876cfc20c,86796,image/webp,200,86796,image/webp,dramas/2062/original.jpg
2063,JBDjwf,original,dramas/2063/original.jpg,image/jpeg,202429,3e6183e22c97dcc5384b760cbebec38680512dc1c3f1798737d40a667d306e69,202429,image/jpeg,200,202429,image/jpeg,dramas/2063/original.jpg
2063,JBDjwf,thumbnail,dramas/2063/thumbnail.webp,image/webp,43678,54c63bd87e406edd2e3534a26f405a9c784ce57e2cb6018a7772c77087fc2fca,43678,image/webp,200,43678,image/webp,dramas/2063/original.jpg
2064,WPQ3pf,original,dramas/2064/original.jpg,image/jpeg,62014,9b1f8453a2eb42c9fac0bfe260b925dcfddcbd95c7b8ed2a7fa134ac2f8a3e98,62014,image/jpeg,200,62014,image/jpeg,dramas/2064/original.jpg
2064,WPQ3pf,thumbnail,dramas/2064/thumbnail.webp,image/webp,35974,8094e0f7bf63531ed72a54c9dcd292b6f0e0adb6aa4dcc5a8908bde0b8adaf92,35974,image/webp,200,35974,image/webp,dramas/2064/original.jpg
2065,mO3qQf,original,dramas/2065/original.jpg,image/jpeg,255921,d9f6accc22ab9252041e4c4f8653288fe1c345a4045036914dc169c4dec83711,255921,image/jpeg,200,255921,image/jpeg,dramas/2065/original.jpg
2065,mO3qQf,thumbnail,dramas/2065/thumbnail.webp,image/webp,58952,9c4030de283c6e9ec6b68eb1b488ebf61d3ffdcd5f7c472d544582e74422eb89,58952,image/webp,200,58952,image/webp,dramas/2065/original.jpg
2066,XB5ex_4f,original,dramas/2066/original.jpg,image/jpeg,210183,e418a607b84e564ecc49da4fad788d5221a90dd1043c4a1869b2b314aa2f7ca2,210183,image/jpeg,200,210183,image/jpeg,dramas/2066/original.jpg
2066,XB5ex_4f,thumbnail,dramas/2066/thumbnail.webp,image/webp,45692,c31e76e01ca96c7ede6b0cd66f61025b8159f26dec6d7605b9252efe4c4e7a15,45692,image/webp,200,45692,image/webp,dramas/2066/original.jpg
2067,LwvNgf,original,dramas/2067/original.jpg,image/jpeg,215516,a24bae4bc1dccb423de6855cfa76113abc8f599291ffd3e748474cc406b137f6,215516,image/jpeg,200,215516,image/jpeg,dramas/2067/original.jpg
2067,LwvNgf,thumbnail,dramas/2067/thumbnail.webp,image/webp,44848,9c438f08dc7dd80bf4c9d1268db9297435561909be14a1e30442b2be13fd497b,44848,image/webp,200,44848,image/webp,dramas/2067/original.jpg
2068,1wlb7f,original,dramas/2068/original.jpg,image/jpeg,64592,2d8820cfdbbcd82078374f5294810a62eb2bbae768d2033647da0c0c16fb7f28,64592,image/jpeg,200,64592,image/jpeg,dramas/2068/original.jpg
2068,1wlb7f,thumbnail,dramas/2068/thumbnail.webp,image/webp,40522,ee37f8d5d11c5104c5b26db3b816f2b908d2582d70e680a9d03c1ca93ce640aa,40522,image/webp,200,40522,image/webp,dramas/2068/original.jpg
2069,nOgV2f,original,dramas/2069/original.jpg,image/jpeg,161626,b897e2255a80bff4f851a436b4e4736cf7080d8d0b3825c478b5423003122818,161626,image/jpeg,200,161626,image/jpeg,dramas/2069/original.jpg
2069,nOgV2f,thumbnail,dramas/2069/thumbnail.webp,image/webp,69054,7bef0c06f189692f22a0e037bc54c01306fd91a4fb61f414b1c2feef1c9d2ef0,69054,image/webp,200,69054,image/webp,dramas/2069/original.jpg
2070,b3dxjf,original,dramas/2070/original.jpg,image/jpeg,73452,b2193bd830770b19e815c14fd9ab4204101ffa6d01e140e95978e14a131d82a6,73452,image/jpeg,200,73452,image/jpeg,dramas/2070/original.jpg
2070,b3dxjf,thumbnail,dramas/2070/thumbnail.webp,image/webp,35210,ae665591c38ce4dc8aa5edc217a17a8b1b324b0e449f3f6cdbcceafc0b6c87df,35210,image/webp,200,35210,image/webp,dramas/2070/original.jpg
2071,weAdb_4f,original,dramas/2071/original.jpg,image/jpeg,186713,dbcabfd8bc0a0f3feefa998737944fd88bd6e36d65c955413091e72622b81c2d,186713,image/jpeg,200,186713,image/jpeg,dramas/2071/original.jpg
2071,weAdb_4f,thumbnail,dramas/2071/thumbnail.webp,image/webp,61806,606922f367d23cc09ccee8cd4dd0bfd2cc96c94c4082e5a4d10ee09be742e262,61806,image/webp,200,61806,image/webp,dramas/2071/original.jpg
2072,wJNVnf,original,dramas/2072/original.jpg,image/jpeg,86260,a8dec8828f84ce0ac8bf810b970a261143678f2bb07378a94a12d93db46ea516,86260,image/jpeg,200,86260,image/jpeg,dramas/2072/original.jpg
2072,wJNVnf,thumbnail,dramas/2072/thumbnail.webp,image/webp,43502,faf4beae6feda692bd593d1a31b9a4d771647d934676923037548e66a720a41b,43502,image/webp,200,43502,image/webp,dramas/2072/original.jpg
2073,O8EYbf,original,dramas/2073/original.jpg,image/jpeg,100879,d8f6c2d2530e4e600422bd8e636448b577738ce9e61ed67de0ad979a986592b7,100879,image/jpeg,200,100879,image/jpeg,dramas/2073/original.jpg
2073,O8EYbf,thumbnail,dramas/2073/thumbnail.webp,image/webp,52766,a6cd7829371352d01f95e1ad1bfcac836e5b9a17dc69fb3235f7e1cfc50fafb8,52766,image/webp,200,52766,image/webp,dramas/2073/original.jpg
2074,pd3v8f,original,dramas/2074/original.jpg,image/jpeg,150717,1b4c98f716705700a0993434328f669ee2266b94504591393280332f52c0c6b2,150717,image/jpeg,200,150717,image/jpeg,dramas/2074/original.jpg
2074,pd3v8f,thumbnail,dramas/2074/thumbnail.webp,image/webp,52090,08ebd21c44eff7f22196a89dee6b15ce5514d61ca80812e0b2f1568e8b1eec77,52090,image/webp,200,52090,image/webp,dramas/2074/original.jpg
2075,KpZADf,original,dramas/2075/original.jpg,image/jpeg,113123,1f284c511c4f361016ad7ac06f50976c1c711a491e88a3e892301011669e5c84,113123,image/jpeg,200,113123,image/jpeg,dramas/2075/original.jpg
2075,KpZADf,thumbnail,dramas/2075/thumbnail.webp,image/webp,58808,c22831a9d7951a7901406710878d4cc056b83dd4b9a57792483cb60cb1b64184,58808,image/webp,200,58808,image/webp,dramas/2075/original.jpg
2076,JBXzmf,original,dramas/2076/original.jpg,image/jpeg,169289,e9eed778fdf8bb3e1a6c852654ee74ee272d5a867d0a30626885a1db3c951025,169289,image/jpeg,200,169289,image/jpeg,dramas/2076/original.jpg
2076,JBXzmf,thumbnail,dramas/2076/thumbnail.webp,image/webp,41438,4cd2240ece5674de55d115168c2048fc64a75d193a8f5e134cf4aaa8a2ee07a9,41438,image/webp,200,41438,image/webp,dramas/2076/original.jpg
2077,Px8zZf,original,dramas/2077/original.jpg,image/jpeg,90255,6914ab947d2c7fa9ed921588482c8ba3beabc7e16dda3d9d99109f6b54c81b24,90255,image/jpeg,200,90255,image/jpeg,dramas/2077/original.jpg
2077,Px8zZf,thumbnail,dramas/2077/thumbnail.webp,image/webp,61146,b39f12159ea5daac297d45e1b6f75a4748a038c23a664421735c84779643a265,61146,image/webp,200,61146,image/webp,dramas/2077/original.jpg
2078,5v2O4f,original,dramas/2078/original.jpg,image/jpeg,297661,287745ba0afe49ae11b6c9c4d051216b4fee55c7effeea5e8c80d75db3fafac0,297661,image/jpeg,200,297661,image/jpeg,dramas/2078/original.jpg
2078,5v2O4f,thumbnail,dramas/2078/thumbnail.webp,image/webp,66494,1477cc3f637263dac10796726b8f991ef49cade99cd0e05802c88b9f1de93e62,66494,image/webp,200,66494,image/webp,dramas/2078/original.jpg
2079,ej8ZQ_4f,original,dramas/2079/original.jpg,image/jpeg,180843,e693348c49c136222d6a061f4d66bfe05949ac432f75c7d9f7abaea9a021f89d,180843,image/jpeg,200,180843,image/jpeg,dramas/2079/original.jpg
2079,ej8ZQ_4f,thumbnail,dramas/2079/thumbnail.webp,image/webp,58988,a98e2df0ac11b087cf7a9bab33d4dfa068265426e5ef521f95cb2df8a4e00473,58988,image/webp,200,58988,image/webp,dramas/2079/original.jpg
2080,Z8q0Of,original,dramas/2080/original.jpg,image/jpeg,185769,40e4af4e9263ba4ab393d915cd53f9e8985608b1c39c4f8a52f2305411c9d085,185769,image/jpeg,200,185769,image/jpeg,dramas/2080/original.jpg
2080,Z8q0Of,thumbnail,dramas/2080/thumbnail.webp,image/webp,77924,1e7950e1cca0f519aed08283a5f50eb7f83257b18084fad4e87730a903cda52f,77924,image/webp,200,77924,image/webp,dramas/2080/original.jpg
2081,nOegEf,original,dramas/2081/original.jpg,image/jpeg,283035,71a84838872f8548adccbc9cb259da14e9b711ad012200e40302d3b8a0ed14b1,283035,image/jpeg,200,283035,image/jpeg,dramas/2081/original.jpg
2081,nOegEf,thumbnail,dramas/2081/thumbnail.webp,image/webp,56804,8fcb84e243bfe48b7e1036edc65ae675858378c80d97086461ae80fa464b0ccb,56804,image/webp,200,56804,image/webp,dramas/2081/original.jpg
