drama_id,image_id,title,aired,expected_filename,actual_filename,status,size_bytes,width,height,format,sha256
1,wJjAnf,My Fair Lady,"Aug 19, 2009 - Oct 8, 2009",My Fair Lady (2009) [wJjAnf].jpg,My Fair Lady (2009) [wJjAnf].jpg,matched,140901,680,1000,JPEG,3ae5a2c2cd2b7c5bf36c33a2d8119f83e539da8cd79332af96b711eb80bc08ad
2,RPX0Pf,Night Watchman's Journal,"Aug 4, 2014 - Oct 21, 2014",Night Watchman's Journal (2014) [RPX0Pf].jpg,Night Watchman's Journal (2014) [RPX0Pf].jpg,matched,218078,800,1140,JPEG,ff0840d223369348d8287033b03ea3701ebee6bb5043a06803b40127087a8591
3,jQ60zf,Plus Nine Boys,"Aug 29, 2014 - Oct 11, 2014",Plus Nine Boys (2014) [jQ60zf].jpg,Plus Nine Boys (2014) [jQ60zf].jpg,matched,105233,520,737,JPEG,c2044a0b60af8b93242a26fda7bcfcb2ae52c460296e837da192008a650d3764
4,nBVyWf,Which Star Are You From?,"Mar 13, 2006 - May 2, 2006",Which Star Are You From_ (2006) [nBVyWf].jpg,Which Star Are You From_ (2006) [nBVyWf].jpg,matched,61275,480,672,JPEG,2904e74d7c0990ef006d0cecdb4d6095b41d352d17214ff899196a2057e07e44
5,MXdApf,My Love Patzzi,"Aug 26, 2002 - Sep 24, 2002",My Love Patzzi (2002) [MXdApf].jpg,My Love Patzzi (2002) [MXdApf].jpg,matched,24825,270,382,JPEG,36e2cadcd4836f3a178aeb6a8f5c163cf6059159ae45310ec14577c11b509024
6,kAjErf,Temptation,"Jul 14, 2014 - Sep 16, 2014",Temptation (2014) [kAjErf].jpg,Temptation (2014) [kAjErf].jpg,matched,68730,488,700,JPEG,7c8eec6091f8a3964dda8d40bdb0f8a2575818f546df4673e25a8141e9984829
7,Z8b0kf,The Three Musketeers,"Aug 17, 2014 - Nov 2, 2014",The Three Musketeers (2014) [Z8b0kf].jpg,The Three Musketeers (2014) [Z8b0kf].jpg,matched,95196,526,750,JPEG,1101caaa2a40548ab83d5432129cb66609657a4cd409026ee6cd8f6b93ccc50e
8,l0q8xf,Mama,"Aug 2, 2014 - Oct 19, 2014",Mama (2014) [l0q8xf].jpg,Mama (2014) [l0q8xf].jpg,matched,197556,800,1193,JPEG,45491f8af97e032b93c795d916fa59b92b81297d526c3983fba152adf6fad91f
9,g0qEWf,Hi! School - Love On,"Jul 11, 2014 - Dec 19, 2014",Hi! School - Love On (2014) [g0qEWf].jpg,Hi! School - Love On (2014) [g0qEWf].jpg,matched,129111,736,1125,JPEG,b635add253f14d8ffd19418ddf4a010e28f636d554ce332b7ad913b3c84dd64f
10,kE6lrf,"What's Up, Fox?","Sep 20, 2006 - Nov 9, 2006","What's Up, Fox_ (2006) [kE6lrf].jpg","What's Up, Fox_ (2006) [kE6lrf].jpg",matched,22498,250,350,JPEG,719d2471cfe46ca8abd8abfd842727baa528920d34cca52f995e0c40a52552a2
11,eY28df,Surplus Princess,"Aug 7, 2014 - Oct 9, 2014",Surplus Princess (2014) [eY28df].jpg,Surplus Princess (2014) [eY28df].jpg,matched,105827,540,764,JPEG,0fa6e8dd77d35269b4bbe8098de9e8e010c53b26c449402bb35c73f142610940
12,g0q2of,Secret Love,"Jun 13, 2014 - Jul 11, 2014",Secret Love (2014) [g0q2of].jpg,Secret Love (2014) [g0q2of].jpg,matched,224982,900,1345,JPEG,5aa2852ccc72fff46dc4bbd2ca91eeb509092f4693d40c9995188acaeada023f
13,bveYZf,Mr. Back,"Nov 5, 2014 - Dec 25, 2014",Mr. Back (2014) [bveYZf].jpg,Mr. Back (2014) [bveYZf].jpg,matched,95870,469,700,JPEG,a9ca6a8ce16d33490c1289b7a7665a1d878c460714127c77ec63febe65bd864c
14,5vlbLf,Secret Door,"Sep 22, 2014 - Dec 9, 2014",Secret Door (2014) [5vlbLf].jpg,Secret Door (2014) [5vlbLf].jpg,matched,138918,520,776,JPEG,5a754911cef5b4ab9c2462e43fefc92b2739b6586d565061f6183d98d4fab3a2
15,zB5DOf,The Spring Day of My Life,"Sep 10, 2014 - Oct 30, 2014",The Spring Day of My Life (2014) [zB5DOf].jpg,The Spring Day of My Life (2014) [zB5DOf].jpg,matched,80328,560,835,JPEG,7f9ec770ff692c6cd6a05c1c4957da134685199729e39f7dbd13c49c1c19cbb7
16,jqA1wf,Misaeng: Incomplete Life,"Oct 17, 2014 - Dec 20, 2014",Misaeng_ Incomplete Life (2014) [jqA1wf].jpg,Misaeng_ Incomplete Life (2014) [jqA1wf].jpg,matched,265917,800,1157,JPEG,0432e69d9a5aee91b590df2822f02e61476762343ca4212555d3062923ec3811
17,ABK6Zf,Modern Farmer,"Oct 18, 2014 - Dec 27, 2014",Modern Farmer (2014) [ABK6Zf].jpg,Modern Farmer (2014) [ABK6Zf].jpg,matched,184934,600,900,JPEG,aa8bd5da5681f2930d84de139b84a66fbe42c5c81ad108fbcd5094a4977a6701
18,nOpqxf,Best Wedding,"Sep 27, 2014 - Dec 27, 2014",Best Wedding (2014) [nOpqxf].jpg,Best Wedding (2014) [nOpqxf].jpg,matched,104940,500,749,JPEG,153eda70ee2a50cbce16918692d11813cbf82347061360cd7887dac40a668f41
19,b31EVf,Vampire Flower,"Jul 2, 2014 - Jul 4, 2014",Vampire Flower (2014) [b31EVf].jpg,Vampire Flower (2014) [b31EVf].jpg,matched,33273,540,761,JPEG,0f24f70250dfda4befd8af957165709d06fdacc6c275704493212ef0838929d4
20,5vkLVf,Blade Man,"Sep 10, 2014 - Nov 13, 2014",Blade Man (2014) [5vkLVf].jpg,Blade Man (2014) [5vkLVf].jpg,matched,101133,633,905,JPEG,8bd16c96edb7ee6e80d5059f35569aaebd3c2206de1a05aa5ff87a74aa8cbc1f
21,oQlKxf,My Secret Hotel,"Aug 18, 2014 - Oct 14, 2014",My Secret Hotel (2014) [oQlKxf].jpg,My Secret Hotel (2014) [oQlKxf].jpg,matched,166540,635,900,JPEG,742849060ad6673eab3bf868d99cf1639211867fb8b893915bcad310e832ee8a
22,9oQvPf,Emperor of the Sea,"Nov 24, 2004 - May 25, 2005",Emperor of the Sea (2004) [9oQvPf].jpg,Emperor of the Sea (2004) [9oQvPf].jpg,matched,24604,250,351,JPEG,25f791da2aea13bf233ce0527fa674a24d832b5ddfb32cbe1bee649f4c58a7a4
23,9rNeEf,Save the Last Dance for Me,"Oct 23, 2004 - Jan 2, 2005",Save the Last Dance for Me (2004) [9rNeEf].jpg,Save the Last Dance for Me (2004) [9rNeEf].jpg,matched,44179,300,427,JPEG,b5d39a40774cfef85114fa83849c1188526c8470e3c5b3f297f079a5c359854a
24,VJvyzf,The Fugitive: Plan B,"Sep 29, 2010 - Dec 8, 2010",The Fugitive_ Plan B (2010) [VJvyzf].jpg,The Fugitive_ Plan B (2010) [VJvyzf].jpg,matched,37569,300,420,JPEG,fd843cd36dd5e669c1a132c231f6ef2379511be41fa0395752ebbbaa0096a7ef
25,lBOo4f,Healer,"Dec 8, 2014 - Feb 10, 2015",Healer (2014) [lBOo4f].jpg,Healer (2014) [lBOo4f].jpg,matched,89560,500,695,JPEG,d933cad11360bd3da3066aecb477e4df75cd6cc7702c6672dbe9f33d2e1d0d9f
26,yWreBf,My Lovely Girl,"Sep 17, 2014 - Nov 6, 2014",My Lovely Girl (2014) [yWreBf].jpg,My Lovely Girl (2014) [yWreBf].jpg,matched,243223,900,1346,JPEG,01a8d99afdcd4a5ac9eb0f7394affc94406620c06ee889a3a19ea795e367b9b2
27,p2j0nf,"Kill Me, Heal Me","Jan 7, 2015 - Mar 12, 2015","Kill Me, Heal Me (2015) [p2j0nf].jpg","Kill Me, Heal Me (2015) [p2j0nf].jpg",matched,84496,620,925,JPEG,3781dc62854ae75807580f85fa5985c05bc86bbb4555dc21fb563fb171207735
28,13Ev5f,Valid Love,"Dec 1, 2014 - Feb 3, 2015",Valid Love (2014) [13Ev5f].jpg,Valid Love (2014) [13Ev5f].jpg,matched,148078,800,1140,JPEG,5f3bcc5883fddf301af7192f7d0581ca47aac71d92964b35f7f4935846a126b0
29,Kp8y4f,Pride and Prejudice,"Oct 27, 2014 - Jan 13, 2015",Pride and Prejudice (2014) [Kp8y4f].jpg,Pride and Prejudice (2014) [Kp8y4f].jpg,matched,172136,792,1181,JPEG,ad061a5f416c711968a72dbbaec1fafa739d901f721e4816c8de386bbf8698bb
30,2wXrWf,The Woman Who Still Wants to Marry,"Jan 20, 2010 - Mar 11, 2010",The Woman Who Still Wants to Marry (2010) [2wXrWf].jpg,The Woman Who Still Wants to Marry (2010) [2wXrWf].jpg,matched,169900,740,1110,JPEG,d4695560f9852c0075cbe0e292408323ba4d00f8c9e79fbc8872351075409590
31,vN26Zf,Descendants of the Sun,"Feb 24, 2016 - Apr 14, 2016",Descendants of the Sun (2016) [vN26Zf].jpg,Descendants of the Sun (2016) [vN26Zf].jpg,matched,130947,655,936,JPEG,51f8a63c7ff8aa5cb8117440ed9a9fe31224050083d87ea01599074ac82b1d2e
32,nOm4xf,Rosy Lovers,"Oct 18, 2014 - Apr 12, 2015",Rosy Lovers (2014) [nOm4xf].jpg,Rosy Lovers (2014) [nOm4xf].jpg,matched,199317,692,1031,JPEG,2979da1d1cd0a1c4e238158e73bb6261f140361b7954c0eada7f5e4898d7f534
33,WPzLmf,All In,"Jan 15, 2003 - Apr 3, 2003",All In (2003) [WPzLmf].jpg,All In (2003) [WPzLmf].jpg,matched,82669,605,859,JPEG,6e72ee40f25e7536943b405c14784a5b09462747f8b6347a0a0591427d7e640b
34,1zDn5_4f,Pinocchio,"Nov 12, 2014 - Jan 15, 2015",Pinocchio (2014) [1zDn5_4f].jpg,Pinocchio (2014) [1zDn5_4f].jpg,matched,184681,800,1100,JPEG,c77c1a5c706df87ef5640a34e4b36289becdc7264b59827f27ea5b9fa57e9357
35,aEBp9f,Coffee House,"May 17, 2010 - Jul 27, 2010",Coffee House (2010) [aEBp9f].jpg,Coffee House (2010) [aEBp9f].jpg,matched,82503,450,675,JPEG,a801c345612f1e2c223fd33235b7b33299e0a5208bdecb8b7c2e3430afa620ac
36,nOQyNf,Liar Game,"Oct 20, 2014 - Nov 25, 2014",Liar Game (2014) [nOQyNf].jpg,Liar Game (2014) [nOQyNf].jpg,matched,99989,530,766,JPEG,e12b2b938cf2ff6633a28f05f52a07cf0081b8b321bd35c978fbf58bc45e4958
37,Bd7Rzf,Couple or Trouble,"Oct 14, 2006 - Dec 3, 2006",Couple or Trouble (2006) [Bd7Rzf].jpg,Couple or Trouble (2006) [Bd7Rzf].jpg,matched,178881,700,1005,JPEG,6a0d612f4c346a348046cb9655352237b308b62677c3a1b497c48eef9d9ab67a
38,wJO1Af,Crazy for You,"Feb 3, 2007 - Apr 1, 2007",Crazy for You (2007) [wJO1Af].jpg,Crazy for You (2007) [wJO1Af].jpg,matched,75837,536,800,JPEG,beffbff94bc1e27afb4adae927e5220042b483fe8034dcb74cfcb25a3da9e83c
39,E2LWWf,Dal Ja's Spring,"Jan 3, 2007 - Mar 15, 2007",Dal Ja's Spring (2007) [E2LWWf].jpg,Dal Ja's Spring (2007) [E2LWWf].jpg,matched,26072,250,350,JPEG,9856b0bc160f37d631de0e276f91c0597d2c588a3a5e53179906e68d69cd7ae2
40,2wbqOf,You Who Came from the Stars: The Beginning,"Feb 7, 2014",You Who Came from the Stars_ The Beginning (2014) [2wbqOf].jpg,You Who Came from the Stars_ The Beginning (2014) [2wbqOf].jpg,matched,107606,700,1022,JPEG,c3f7332c6a9ca22cbc99908cbe74df7e96fe1f39241731726700daa7173a6e9c
41,5d6Qyf,Boarding House #24,"Sep 23, 2014 - Dec 9, 2014",Boarding House #24 (2014) [5d6Qyf].jpg,Boarding House #24 (2014) [5d6Qyf].jpg,matched,132115,600,851,JPEG,364a0562bc605f64913357188433b5b6c6d8cbb9de2ce468a095f1872ff60c0a
42,akA7vf,Damo,"Jul 28, 2003 - Sep 9, 2003",Damo (2003) [akA7vf].jpg,Damo (2003) [akA7vf].jpg,matched,40342,300,430,JPEG,b25594b2d8f7b5d07b9c69494b20223005032c427f6416ccaa6238a557913592
43,Nd0zWf,Birth of a Beauty,"Nov 1, 2014 - Jan 11, 2015",Birth of a Beauty (2014) [Nd0zWf].jpg,Birth of a Beauty (2014) [Nd0zWf].jpg,matched,159677,638,960,JPEG,80e3c35bb4e58c08bbf3e6586cdbe197876d1a69158b944f51e699f453365e68
44,OronLf,Dream,"Jul 27, 2009 - Sep 29, 2009",Dream (2009) [OronLf].jpg,Dream (2009) [OronLf].jpg,matched,74135,460,669,JPEG,aae454b65a70577e7e03a24ced88aac282d50781a12ec10eef528e18d3d34b9c
45,zBZDdf,The Best Future,"Oct 28, 2014 - Nov 25, 2014",The Best Future (2014) [zBZDdf].jpg,The Best Future (2014) [zBZDdf].jpg,matched,175622,660,946,JPEG,89fd76857bae487de0dc9e854c8245b4f829d61d5236086f7a679847b9b0a5b1
46,yWKEBf,Love Cells,"Nov 2, 2014 - Nov 20, 2014",Love Cells (2014) [yWKEBf].jpg,Love Cells (2014) [yWKEBf].jpg,matched,96953,500,689,JPEG,04c47d6e7624b61a7fa75a98bc9a1c0939cde452bed19c9e47ccfc10d24c904d
47,YAopef,Be Arrogant,"Oct 27, 2014 - Nov 24, 2014",Be Arrogant (2014) [YAopef].jpg,Be Arrogant (2014) [YAopef].jpg,matched,72163,471,665,JPEG,37e1838da415f0961f848d576205626b18799e2018d3f18a729152f450b48bcc
48,BwpKRf,Blood,"Feb 16, 2015 - Apr 21, 2015",Blood (2015) [BwpKRf].jpg,Blood (2015) [BwpKRf].jpg,matched,129341,896,1280,JPEG,5cb520a82db0b3e6cfe3e2d7481f9eaf2cc6fc737523ede9d371c7abd1c4c1f4
49,b3JmNf,"I'm Sorry, I Love You","Nov 8, 2004 - Dec 28, 2004","I'm Sorry, I Love You (2004) [b3JmNf].jpg","I'm Sorry, I Love You (2004) [b3JmNf].jpg",matched,102748,500,750,JPEG,b11d0cf0f88bd0f460d33e39a8ea28262dd43c17b58632e9305d86e960879825
50,BVQ11_4f,"Hyde, Jekyll, Me","Jan 21, 2015 - Mar 26, 2015","Hyde, Jekyll, Me (2015) [BVQ11_4f].jpg","Hyde, Jekyll, Me (2015) [BVQ11_4f].jpg",matched,335698,900,1346,JPEG,9af29a521371ad5cd9959fa5fe1b923d04ba8dde6ce6c12e119651145d3853a0
51,oQyw6f,Love Marriage,"Aug 25, 2008 - Oct 20, 2008",Love Marriage (2008) [oQyw6f].jpg,Love Marriage (2008) [oQyw6f].jpg,matched,90753,588,718,JPEG,7fbf8cfecf052fd23c6423fa522747309d38875e62e2dbc831a792bbfc360845
52,YA01Pf,Maids,"Dec 12, 2014 - Mar 28, 2015",Maids (2014) [YA01Pf].jpg,Maids (2014) [YA01Pf].jpg,matched,77906,580,829,JPEG,e4615385fe9e96fa8be7ac26be05e45e6d70454a39df891f03d727a80cd7f0b3
53,VBw6vf,Heart to Heart,"Jan 9, 2015 - Mar 7, 2015",Heart to Heart (2015) [VBw6vf].jpg,Heart to Heart (2015) [VBw6vf].jpg,matched,101329,550,801,JPEG,d172748023f4d57c096d1f2c8969eea012d22c49c9579bd4bfdfb5a8db2e7704
54,PxQd3f,Aftermath Season 2,"Jan 13, 2014 - Jan 18, 2014",Aftermath Season 2 (2014) [PxQd3f].jpg,Aftermath Season 2 (2014) [PxQd3f].jpg,matched,131514,900,1294,JPEG,c0469b861b09daa33733aabc6538b56d9ecf1ad8363803df34999f3b823d05b8
55,JjjBof,Love and Secret,"Nov 10, 2014 - Apr 3, 2015",Love and Secret (2014) [JjjBof].jpg,Love and Secret (2014) [JjjBof].jpg,matched,192836,703,1024,JPEG,d2202f0325275a8fde1886cc607b39db0b1dead7b2cd84be39acdcf34f0545e1
56,X4NBZf,New Heart,"Dec 12, 2007 - Feb 28, 2008",New Heart (2007) [X4NBZf].jpg,New Heart (2007) [X4NBZf].jpg,matched,83625,468,600,JPEG,1e20a3a1dc92a6525080367e7957b94d7d829e7538862420e390f0cab6e4d663
57,ez5nQf,Punch,"Dec 15, 2014 - Feb 17, 2015",Punch (2014) [ez5nQf].jpg,Punch (2014) [ez5nQf].jpg,matched,123171,600,850,JPEG,d3d9f2f2fffa414709efa8a81b30e8fd6d0a09476a29d962c722750c66286523
58,jqb8yf,Shine or Go Crazy,"Jan 19, 2015 - Apr 7, 2015",Shine or Go Crazy (2015) [jqb8yf].jpg,Shine or Go Crazy (2015) [jqb8yf].jpg,matched,194561,792,1181,JPEG,b3792fab9b3bac56b5e1e795bc2dbadba4cb552a2000d0da9e6a3a5187bb9ef9
59,oQvmxf,Only You,"Jun 4, 2005 - Jul 24, 2005",Only You (2005) [oQvmxf].jpg,Only You (2005) [oQvmxf].jpg,matched,136695,680,1000,JPEG,990a26e59576f61e99c9169386fb397b0f760a89cc1f6dd3e2cd3cfa50a183a4
60,b2D5wf,A Beautiful Mind,"Jun 20, 2016 - Aug 2, 2016",A Beautiful Mind (2016) [b2D5wf].jpg,A Beautiful Mind (2016) [b2D5wf].jpg,matched,140909,800,1100,JPEG,13a1962c44f0422eacc3c29712ef72ff3a26c1acf3286f39b8e82894438c48c0
61,jq8KJf,The Family Is Coming,"Jan 3, 2015 - Mar 15, 2015",The Family Is Coming (2015) [jq8KJf].jpg,The Family Is Coming (2015) [jq8KJf].jpg,matched,116482,560,783,JPEG,89ea304387c2846ba03313eca5a0a296e279d49fce19343cc70245b06ae1dad2
62,gOWjvf,Sweden Laundry,"Nov 21, 2014 - Mar 6, 2015",Sweden Laundry (2014) [gOWjvf].jpg,Sweden Laundry (2014) [gOWjvf].jpg,matched,240863,900,1273,JPEG,d16d7895c87dd807eb25ec70fcb170a5b2a389e44ad372146009346e9044ff3a
63,ak8r9f,Iljimae,"May 21, 2008 - Jul 24, 2008",Iljimae (2008) [ak8r9f].jpg,Iljimae (2008) [ak8r9f].jpg,matched,43833,405,600,JPEG,ad6506a4c5a4edf6898c0bd29e35488b5eec2e963c6981074cd0a1d9c307e43b
64,qwJlBf,Sad Love Story,"Jan 5, 2005 - Mar 17, 2005",Sad Love Story (2005) [qwJlBf].jpg,Sad Love Story (2005) [qwJlBf].jpg,matched,25879,259,320,JPEG,38ca0d2eccb21f41b4c2f83b1098640e481080cacc17f5928367e95f0fcb622d
65,JpW0df,Splendid Politics,"Apr 13, 2015 - Sep 29, 2015",Splendid Politics (2015) [JpW0df].jpg,Splendid Politics (2015) [JpW0df].jpg,matched,247140,900,1155,JPEG,5cf6a53c75afa55ba0335c95e798b61b9fc8755182283a3b49f93916cb23eda6
66,4Dwgwf,The Scholar Who Walks the Night,"Jul 8, 2015 - Sep 10, 2015",The Scholar Who Walks the Night (2015) [4Dwgwf].jpg,The Scholar Who Walks the Night (2015) [4Dwgwf].jpg,matched,182787,900,1343,JPEG,14b31a1ffe83a5285cba9a8102ce914a90e3b902837c32f590b2a385af0bd5ec
67,5vmwAf,Hong Gil Dong,"Jan 2, 2008 - Mar 26, 2008",Hong Gil Dong (2008) [5vmwAf].jpg,Hong Gil Dong (2008) [5vmwAf].jpg,matched,297253,900,1353,JPEG,dd51980cefca8fb5b4e1a6e72433b0b769e4d920e85ad27f3840c4d7b255699e
68,9x4k0f,"Smile, Dong Hae","Oct 4, 2010 - May 13, 2011","Smile, Dong Hae (2010) [9x4k0f].jpg","Smile, Dong Hae (2010) [9x4k0f].jpg",matched,31930,250,363,JPEG,69d4c03e4d2d1eaeb2d632d007d461fed80d03793662714d59df8b98b7a07c0d
69,Q1NO6f,One Sunny Day,"Dec 19, 2014 - Jan 10, 2015",One Sunny Day (2014) [Q1NO6f].jpg,One Sunny Day (2014) [Q1NO6f].jpg,matched,72029,500,589,JPEG,f5122031a687b5bdf26c58aacfd5ca6c324736602fa69a7736daeb3c7b55dce1
70,Lw3l7f,Soulmate,"Mar 13, 2006 - Jun 5, 2006",Soulmate (2006) [Lw3l7f].jpg,Soulmate (2006) [Lw3l7f].jpg,matched,30671,300,435,JPEG,f4194abfeef0fe45f07cdf29c9a282b45e7e02f999117ec2f6ed26f051bd2b7a
71,2ozORf,My Heart Twinkle Twinkle,"Jan 17, 2015 - Apr 12, 2015",My Heart Twinkle Twinkle (2015) [2ozORf].jpg,My Heart Twinkle Twinkle (2015) [2ozORf].jpg,matched,132895,600,897,JPEG,70e89ad3ee5933e797b921ddf632ad1b5a931e3bfd96018c34f82cc568385ba7
72,X2vVnf,After School: Lucky or Not Season 2,"Nov 26, 2014 - Jan 1, 2015",After School_ Lucky or Not Season 2 (2014) [X2vVnf].jpg,After School_ Lucky or Not Season 2 (2014) [X2vVnf].jpg,matched,64934,520,737,JPEG,17a60b57ce144a98b579f9f95219fef9888c264f92992a6e2dfe76ee75dd32e9
73,9rDgMf,Midas,"Feb 22, 2011 - May 3, 2011",Midas (2011) [9rDgMf].jpg,Midas (2011) [9rDgMf].jpg,matched,51388,410,599,JPEG,469b9df0dadc120e9e710ee40e70ea66296d6c3e0511afb8842fecfec13d2ea2
74,4eD5rf,Summer Scent,"Jul 7, 2003 - Sep 9, 2003",Summer Scent (2003) [4eD5rf].jpg,Summer Scent (2003) [4eD5rf].jpg,matched,64752,460,697,JPEG,c60940f15d5fb6ac9c68cebe12b76a1e58dff86703b0f32b711265623d5fd9a5
75,onZmvf,Flower of the Queen,"Mar 14, 2015 - Aug 30, 2015",Flower of the Queen (2015) [onZmvf].jpg,Flower of the Queen (2015) [onZmvf].jpg,matched,159105,792,1181,JPEG,4ae03b63a62763001e0a8b5caa241bf3275ddb2a0bee32a0aba436a1bd89d415
76,v4LAW_4f,"Persevere, Goo Hae Ra","Jan 9, 2015 - Mar 27, 2015","Persevere, Goo Hae Ra (2015) [v4LAW_4f].jpg","Persevere, Goo Hae Ra (2015) [v4LAW_4f].jpg",matched,241154,900,1329,JPEG,6a46dee90613b03641a207c00019b687bf1c73c6543affa5e0b3e1d9afc2b58a
77,qW6BPf,Tazza,"Sep 16, 2008 - Nov 25, 2008",Tazza (2008) [qW6BPf].jpg,Tazza (2008) [qW6BPf].jpg,matched,79838,500,750,JPEG,88052da49d604e5f29bd3391323833f83782f21f9b9cc599ad63a606f4397231
78,lBOpbf,Seonam Girls High School Investigators,"Dec 16, 2014 - Mar 18, 2015",Seonam Girls High School Investigators (2014) [lBOpbf].jpg,Seonam Girls High School Investigators (2014) [lBOpbf].jpg,matched,169863,600,855,JPEG,74c27c36ccf3979c1876e484ac241ea93ec84f2382b607d20d6aed2210a96c3a
79,voKD2f,My Unfortunate Boyfriend,"Apr 10, 2015 - May 30, 2015",My Unfortunate Boyfriend (2015) [voKD2f].jpg,My Unfortunate Boyfriend (2015) [voKD2f].jpg,matched,322690,900,1259,JPEG,ee139db43c1eee07173e64ce745d8ce385a5c56f15d3ea1e0e260aa36d0acd63
80,4gbR1f,Spy,"Jan 9, 2015 - Mar 6, 2015",Spy (2015) [4gbR1f].jpg,Spy (2015) [4gbR1f].jpg,matched,35667,467,606,JPEG,d23611c585caee1d65ae691514beca9485829e1d612d63ce10662e74b8acb557
81,JjroXf,Unkind Women,"Feb 25, 2015 - May 14, 2015",Unkind Women (2015) [JjroXf].jpg,Unkind Women (2015) [JjroXf].jpg,matched,78711,500,707,JPEG,8cff1895fb28c339d07d226bc87db74f5452de5485e92caafccb874268ee8698
82,X6m8J_4f,Temptation of Wife,"Nov 3, 2008 - May 1, 2009",Temptation of Wife (2008) [X6m8J_4f].jpg,Temptation of Wife (2008) [X6m8J_4f].jpg,matched,206457,900,1344,JPEG,196e1a33ce064aeb1e6ee34deeefe543f19060c536447cfcad59d5d8e7ceeb74
83,JBxPwf,Thank You,"Mar 21, 2007 - May 10, 2007",Thank You (2007) [JBxPwf].jpg,Thank You (2007) [JBxPwf].jpg,matched,67974,402,600,JPEG,39a05653534bea636e0af05051cb332af5caa9f821aaa9c9945090bbaaf5ca92
84,y6ZZ6f,When It's at Night,"Jun 23, 2008 - Aug 19, 2008",When It's at Night (2008) [y6ZZ6f].jpg,When It's at Night (2008) [y6ZZ6f].jpg,matched,177795,792,1181,JPEG,6f72bf0c3e90dd0e72b544444e96cac942ab062e58abbc92ca825cc3f5148d66
85,BwpVRf,Falling for Innocence,"Apr 3, 2015 - May 23, 2015",Falling for Innocence (2015) [BwpVRf].jpg,Falling for Innocence (2015) [BwpVRf].jpg,matched,187429,900,1286,JPEG,274cd686d90acaf46294bcec950f27cee417c6410fa9ccdf87aab16e9e741cce
86,p2zoQf,Ho Goo's Love,"Feb 9, 2015 - Mar 31, 2015",Ho Goo's Love (2015) [p2zoQf].jpg,Ho Goo's Love (2015) [p2zoQf].jpg,matched,66565,481,695,JPEG,a77da3bcd240c5742051bf3d0bd594e4db445c06be56aa4b8ea449ead8ca8ff1
87,xPgQ3f,Dream Knight,"Jan 27, 2015 - Mar 5, 2015",Dream Knight (2015) [xPgQ3f].jpg,Dream Knight (2015) [xPgQ3f].jpg,matched,96164,600,741,JPEG,41cf1c61580b8ff4c8bffd24f23749716ec0328d27c4ae68c08c23ae16193a23
88,KnJ74f,Angry Mom,"Mar 18, 2015 - May 7, 2015",Angry Mom (2015) [KnJ74f].jpg,Angry Mom (2015) [KnJ74f].jpg,matched,136376,580,865,JPEG,2e38199f3b9b7e364edab93b1377ea52097db6d94db9b3f0c814b5ae17c41781
89,14br7f,Heard It through the Grapevine,"Feb 23, 2015 - Jun 2, 2015",Heard It through the Grapevine (2015) [14br7f].jpg,Heard It through the Grapevine (2015) [14br7f].jpg,matched,122288,640,957,JPEG,7c51a4ccde4a6bb2fb586c0b1170c7acca480d9072287e2fd15a66fe40576622
90,kyWOvf,Witch Yoo Hee,"Mar 21, 2007 - May 10, 2007",Witch Yoo Hee (2007) [kyWOvf].jpg,Witch Yoo Hee (2007) [kyWOvf].jpg,matched,71770,410,594,JPEG,433c57e69118243ed898f75ba61f6d15d70b20414e63b3425e1c5c67238afea1
91,vZPEB_4f,Let's Eat Season 2,"Apr 6, 2015 - Jun 2, 2015",Let's Eat Season 2 (2015) [vZPEB_4f].jpg,Let's Eat Season 2 (2015) [vZPEB_4f].jpg,matched,231401,900,1274,JPEG,2e3a04aa4f98df57319d3d50faea0d3e7694bfd41740b3ee346811118c62082e
92,kyDN8f,Missing Noir M,"Mar 28, 2015 - May 30, 2015",Missing Noir M (2015) [kyDN8f].jpg,Missing Noir M (2015) [kyDN8f].jpg,matched,96500,620,877,JPEG,65b6b43b137d683a742e253327b9cd37e91a5ef5a67625abe7f0a257e7c68d59
93,JjWDwf,Divorce Lawyer in Love,"Apr 18, 2015 - Jun 14, 2015",Divorce Lawyer in Love (2015) [JjWDwf].jpg,Divorce Lawyer in Love (2015) [JjWDwf].jpg,matched,116190,620,927,JPEG,57cbeaa8d997fb17b015db85a963e4b4750ef3bc74c27b577efd301cd15c2ff6
94,xPNZNf,A Man Called God,"Mar 6, 2010 - May 23, 2010",A Man Called God (2010) [xPNZNf].jpg,A Man Called God (2010) [xPNZNf].jpg,matched,196129,792,1181,JPEG,a22241e13a8f170ee99e920ae676eb2a91adb395618530a574ce949cc85bb051
95,NRE0ef,The Girl Who Sees Scents,"Apr 1, 2015 - May 21, 2015",The Girl Who Sees Scents (2015) [NRE0ef].jpg,The Girl Who Sees Scents (2015) [NRE0ef].jpg,matched,100248,600,900,JPEG,f033eecd10d30f6ad7b3b948f93a48732d52d972a580b47586ea1d85a03d0578
96,E2nNWf,Dr. Ian,"Mar 29, 2015 - Apr 8, 2015",Dr. Ian (2015) [E2nNWf].jpg,Dr. Ian (2015) [E2nNWf].jpg,matched,22400,250,350,JPEG,5f54c0109d70459657b153e22383f232a852041aeded9c6774145f70aa791b6e
97,xwA8r_4f,House of Bluebird,"Feb 21, 2015 - Aug 9, 2015",House of Bluebird (2015) [xwA8r_4f].jpg,House of Bluebird (2015) [xwA8r_4f].jpg,matched,246538,720,1048,JPEG,57759180421a6c153c2f3bfbb5cf8d4a7bfa401b48f9eb419e5c8d23f36cffd6
98,ez5ppf,Super Daddy Yeol,"Mar 13, 2015 - May 2, 2015",Super Daddy Yeol (2015) [ez5ppf].jpg,Super Daddy Yeol (2015) [ez5ppf].jpg,matched,137809,560,809,JPEG,186c444ed52acd6dbea5d3b1260b98990cb32d07acf202cf32fda15294833765
99,p2rbEf,You Who Came from the Stars: Epilogue,"Mar 4, 2014",You Who Came from the Stars_ Epilogue (2014) [p2rbEf].jpg,You Who Came from the Stars_ Epilogue (2014) [p2rbEf].jpg,matched,30296,300,422,JPEG,95443cae9af1598c2bcf03cc9d26e82384e2dd01d8a03a6518db24b98c9f6628
100,dyKb0f,Hotelier,"Apr 4, 2001 - Jun 7, 2001",Hotelier (2001) [dyKb0f].jpg,Hotelier (2001) [dyKb0f].jpg,matched,32831,325,456,JPEG,b1e79f22f88c420499e3a336a4cf504da3842333baedf8a2e29601c05d4cc28a
101,WPnyRf,Capital Scandal,"Jun 6, 2007 - Aug 1, 2007",Capital Scandal (2007) [WPnyRf].jpg,Capital Scandal (2007) [WPnyRf].jpg,matched,137117,697,1000,JPEG,74d17c523c9396425683a582343480ba5e92922c28f16a8e3ef42d66f11f65b7
102,6wYZO_4f,Signal,"Jan 22, 2016 - Mar 12, 2016",Signal (2016) [6wYZO_4f].jpg,Signal (2016) [6wYZO_4f].jpg,matched,240296,900,1350,JPEG,ecf43b393a7106e1e4ee3a0c19f734a244cfe7191598f95363260a36fb9cf015
103,Pe5b5f,Orange Marmalade,"May 15, 2015 - Jul 24, 2015",Orange Marmalade (2015) [Pe5b5f].jpg,Orange Marmalade (2015) [Pe5b5f].jpg,matched,136346,620,868,JPEG,4cd53debda971bd9b014521b9fa9e2e8b14e1ec2e76e2b32b3f2940693d96c35
104,X2QrOf,The Lover,"Apr 2, 2015 - Jun 25, 2015",The Lover (2015) [X2QrOf].jpg,The Lover (2015) [X2QrOf].jpg,matched,283542,900,1260,JPEG,f3b81f65473eb97406c1d7f42ed59a95c886beefdda26ac9c1fc3af143ff2f3b
105,3vQwWf,Warm and Cozy,"May 13, 2015 - Jul 2, 2015",Warm and Cozy (2015) [3vQwWf].jpg,Warm and Cozy (2015) [3vQwWf].jpg,matched,265934,792,1181,JPEG,660d9620bde7e40b5ac0b021418a4b07928f66295a864db2ace567fb72bcf602
106,jqPyJf,Who Are You: School 2015,"Apr 27, 2015 - Jun 16, 2015",Who Are You_ School 2015 (2015) [jqPyJf].jpg,Who Are You_ School 2015 (2015) [jqPyJf].jpg,matched,126892,670,973,JPEG,11f397201c8a1933c8d1a9e75ae286d5b1bba455c269d510887dc58e16ac4327
107,vNoVpf,Mask,"May 27, 2015 - Jul 30, 2015",Mask (2015) [vNoVpf].jpg,Mask (2015) [vNoVpf].jpg,matched,58751,540,711,JPEG,608a7b78864820445e1c4c847ca6005945cb0825f1b20e4151bf8ed346b6a1e4
108,8QgjNf,Ex-Girlfriend Club,"May 8, 2015 - Jun 13, 2015",Ex-Girlfriend Club (2015) [8QgjNf].jpg,Ex-Girlfriend Club (2015) [8QgjNf].jpg,matched,91163,552,805,JPEG,9b57d5741d014249a7dfa7297a9a2a1fcbc92a772c7ac9b207a536157d9259cb
109,qVY4Bf,The Producers,"May 15, 2015 - Jun 20, 2015",The Producers (2015) [qVY4Bf].jpg,The Producers (2015) [qVY4Bf].jpg,matched,169306,822,1144,JPEG,2b652e20e4454ac3c7d3529c40250b5b56495effa581b038540622dacaf60f0f
110,dRYAef,Hello Monster,"Jun 22, 2015 - Aug 11, 2015",Hello Monster (2015) [dRYAef].jpg,Hello Monster (2015) [dRYAef].jpg,matched,106935,655,936,JPEG,e7c28eb6c59b7428747462e475e77920a8f23b2dc5aa514b5b7ebab9bcb7a88e
111,Ex40Of,Jumping Girl,"Apr 27, 2015 - Apr 28, 2015",Jumping Girl (2015) [Ex40Of].jpg,Jumping Girl (2015) [Ex40Of].jpg,matched,90203,599,849,JPEG,7300fdfa6e31a04c36807a619e6065137f9f2bb49b4d63c776cb85083e5ecb47
112,YAWkWf,The Time We Were Not in Love,"Jun 27, 2015 - Aug 16, 2015",The Time We Were Not in Love (2015) [YAWkWf].jpg,The Time We Were Not in Love (2015) [YAWkWf].jpg,matched,207286,690,1035,JPEG,77f48247503327a5ce532981303b97249b9a229091b8229ef9e92fbc53250501
113,BdxX5f,Beethoven Virus,"Sep 10, 2008 - Nov 12, 2008",Beethoven Virus (2008) [BdxX5f].jpg,Beethoven Virus (2008) [BdxX5f].jpg,matched,187472,900,1345,JPEG,e3600c55665cfb6b6a06a295aa8420740b69ea2bb40bef474cf1809306e81b1f
114,7rxqrf,EXO Next Door,"Apr 9, 2015 - May 28, 2015",EXO Next Door (2015) [7rxqrf].jpg,EXO Next Door (2015) [7rxqrf].jpg,matched,36406,300,431,JPEG,9a5b9f1c3377d543ba23945fb82f08d85b451d87b02e9f70bea477ecbbc8fa45
115,EVe0p_4f,Reply 1988,"Nov 6, 2015 - Jan 16, 2016",Reply 1988 (2015) [EVe0p_4f].jpg,Reply 1988 (2015) [EVe0p_4f].jpg,matched,320997,900,1275,JPEG,94a3c628b92f9ec0ea8f9ca687bc020f61232d9f99a213c31e08388b5d87539d
116,kyg6Of,Cheo Yong Season 2,"Aug 23, 2015 - Oct 18, 2015",Cheo Yong Season 2 (2015) [kyg6Of].jpg,Cheo Yong Season 2 (2015) [kyg6Of].jpg,matched,73277,540,764,JPEG,d2a485dcb32791777046a12290d1fe043f9b98dacbba2ee5485bdde323f2d1c8
117,6vXVpf,Hidden Identity,"Jun 16, 2015 - Aug 4, 2015",Hidden Identity (2015) [6vXVpf].jpg,Hidden Identity (2015) [6vXVpf].jpg,matched,179804,800,1157,JPEG,535410d0cde1fcdaaa6890966182f8b367ba18ed70355561cf3cff7d793e3390
118,B70Qbf,My Love Eun Dong,"May 29, 2015 - Jul 18, 2015",My Love Eun Dong (2015) [B70Qbf].jpg,My Love Eun Dong (2015) [B70Qbf].jpg,matched,111408,520,743,JPEG,b53cb99042f345950821597dc5a737cd0254d13eb39292d680d3e7d057d8a754
119,LeKNbf,"Saimdang, Light’s Diary","Jan 26, 2017 - May 4, 2017","Saimdang, Light’s Diary (2017) [LeKNbf].jpg","Saimdang, Light’s Diary (2017) [LeKNbf].jpg",matched,64207,540,764,JPEG,cf721b1b52d55b300a6bd5a38bee299de6980df7c4b745b1b15d15c40d25c643
120,KnO1nf,The Man in the Mask,"May 20, 2015 - Jul 9, 2015",The Man in the Mask (2015) [KnO1nf].jpg,The Man in the Mask (2015) [KnO1nf].jpg,matched,165464,900,1236,JPEG,b5e536e9746fb3b8788fecef51a22529b0f90c7c9a97c40a3d74328f0a20bd45
121,Dk4pNf,Can You Hear My Heart,"Apr 2, 2011 - Jul 10, 2011",Can You Hear My Heart (2011) [Dk4pNf].jpg,Can You Hear My Heart (2011) [Dk4pNf].jpg,matched,140637,634,945,JPEG,740128cba58048dfadfae280bad9e48e238ae037e32298ef3c5849e1f69391d9
122,0Nd3ef,The Slave Hunters,"Jan 6, 2010 - Mar 25, 2010",The Slave Hunters (2010) [0Nd3ef].jpg,The Slave Hunters (2010) [0Nd3ef].jpg,matched,163811,800,1100,JPEG,6873b6b59108d59765af9023009e8e3647975cadfda4819374ae469767b9a359
123,jy0Awf,The Secret Message,"Nov 2, 2015 - Nov 20, 2015",The Secret Message (2015) [jy0Awf].jpg,The Secret Message (2015) [jy0Awf].jpg,matched,85301,540,775,JPEG,7549b6dd5bce445bbef199e355e1683d3c9c70845d61ab260cb4ab17052efaa9
124,90rkMf,"Smile, You","Sep 26, 2009 - Mar 7, 2010","Smile, You (2009) [90rkMf].jpg","Smile, You (2009) [90rkMf].jpg",matched,37748,299,437,JPEG,96c5c39453ac2da2f07b52197eef2a800c05263cf7d7233d040e359b12a2b786
125,4kBWkf,We Broke Up,"Jun 29, 2015 - Jul 17, 2015",We Broke Up (2015) [4kBWkf].jpg,We Broke Up (2015) [4kBWkf].jpg,matched,147853,680,1000,JPEG,dd480ce40cd0fd60d57805626b8858d5be64c8d744fb179104c40e0b6203f4c7
126,5QDVef,High Society,"Jun 8, 2015 - Jul 28, 2015",High Society (2015) [5QDVef].jpg,High Society (2015) [5QDVef].jpg,matched,101979,560,839,JPEG,3b68ec344e5eba2d4dc0df3b8f233ed06887f727e869d6dc9a2fe8fae3457f74
127,7nkprf,Becoming a Billionaire,"Mar 1, 2010 - May 4, 2010",Becoming a Billionaire (2010) [7nkprf].jpg,Becoming a Billionaire (2010) [7nkprf].jpg,matched,222105,900,1148,JPEG,ba7ef2d4f7bcf79b106727287100dc9d61bc87e9890c4d92b68c856845e0506f
128,Bwzxbf,Dinner Mate,"May 25, 2020 - Jul 14, 2020",Dinner Mate (2020) [Bwzxbf].jpg,Dinner Mate (2020) [Bwzxbf].jpg,matched,208079,800,1100,JPEG,587ac8f5d58d2a64f933c231efcbbfbe9c0b29b7882666adbfebe55f3eec15ef
129,E2nZmf,Girl of 0AM,"May 4, 2015 - May 14, 2015",Girl of 0AM (2015) [E2nZmf].jpg,Girl of 0AM (2015) [E2nZmf].jpg,matched,18317,250,350,JPEG,faff7a15a44a6a16ea852feeb5b977bc92db4aa13c60deacfd46625759e8f087
130,5Q6vef,I Order You,"Jul 6, 2015 - Jul 30, 2015",I Order You (2015) [5Q6vef].jpg,I Order You (2015) [5Q6vef].jpg,matched,123789,532,798,JPEG,ba537e8c92f8ec3bca81438a52ad862661c1c4646d8afceded416e0353540e9c
131,zoeyJf,The Flatterer,"Nov 2, 2015 - Nov 17, 2015",The Flatterer (2015) [zoeyJf].jpg,The Flatterer (2015) [zoeyJf].jpg,matched,45264,357,500,JPEG,5e1bd3601a51ea518e3b699a16497572548e4cccf9dca49a51e7f0bf153292f1
132,B77yzf,D-Day,"Sep 18, 2015 - Nov 21, 2015",D-Day (2015) [B77yzf].jpg,D-Day (2015) [B77yzf].jpg,matched,133168,600,849,JPEG,dd5a787378c9938a0b315199fa309dac7002244cf11d8148136908ca36cefd6a
133,94ZJMf,"Delightful Girl, Choon Hyang","Jan 3, 2005 - Mar 1, 2005","Delightful Girl, Choon Hyang (2005) [94ZJMf].jpg","Delightful Girl, Choon Hyang (2005) [94ZJMf].jpg",matched,28180,250,350,JPEG,98941f1fd7a9570925b477e99c411cdf1c0d8aa0309580896fb8273e8b6dc950
134,bvp1Vf,Oh My Ghost,"Jul 3, 2015 - Aug 22, 2015",Oh My Ghost (2015) [bvp1Vf].jpg,Oh My Ghost (2015) [bvp1Vf].jpg,matched,94851,500,731,JPEG,fd4446d455765d555c56d106a49e0bb6a79365d76985241b915686638804d100
135,m0L3bf,Summer Love,"May 6, 2015 - May 13, 2015",Summer Love (2015) [m0L3bf].jpg,Summer Love (2015) [m0L3bf].jpg,matched,56575,510,764,JPEG,37c08ba7d6ca70fb440b422d843f4c20306758319e5b08ce4f87ab00e19cfcff
136,GqYO8f,Jungle Fish 2,"Nov 4, 2010 - Dec 30, 2010",Jungle Fish 2 (2010) [GqYO8f].jpg,Jungle Fish 2 (2010) [GqYO8f].jpg,matched,79236,500,700,JPEG,e54bad3013e34bc040758c6503cc791346fdd93194eefcf8dabd38105acc9daf
137,Y0ZNAf,Dokgo Rewind,"Sep 7, 2018",Dokgo Rewind (2018) [Y0ZNAf].jpg,Dokgo Rewind (2018) [Y0ZNAf].jpg,matched,304902,849,1200,JPEG,21c3c93d618fcd51206f02a372fbb5dc59ea6111a26ec8df392251e20a17fa7b
138,bBvWjf,Six Flying Dragons,"Oct 5, 2015 - Mar 22, 2016",Six Flying Dragons (2015) [bBvWjf].jpg,Six Flying Dragons (2015) [bBvWjf].jpg,matched,111010,510,726,JPEG,c474d2f30ec1a00529a0325d449a74be54825c8222d671c31845f5e674bd4a7f
139,vobL2f,My Beautiful Bride,"Jun 20, 2015 - Aug 9, 2015",My Beautiful Bride (2015) [vobL2f].jpg,My Beautiful Bride (2015) [vobL2f].jpg,matched,132991,600,849,JPEG,1a9490d99249ece226a87c33ba57fda69cd695031dbe3f01aabff3e07f276ea5
140,X2LwOf,Late Night Restaurant,"Jul 4, 2015 - Sep 5, 2015",Late Night Restaurant (2015) [X2LwOf].jpg,Late Night Restaurant (2015) [X2LwOf].jpg,matched,133509,800,1133,JPEG,7691fa07936e856076989df584abeeaf89f06919990d9729df6e352fd1de8907
141,1g3dzf,Last,"Jul 24, 2015 - Sep 12, 2015",Last (2015) [1g3dzf].jpg,Last (2015) [1g3dzf].jpg,matched,316899,900,1287,JPEG,4dfa4058b0498559b5b50618c0f8e08bc41f1fa54aecc547e2350893853ac606
142,Rjw7Ef,Mrs. Cop,"Aug 3, 2015 - Sep 29, 2015",Mrs. Cop (2015) [Rjw7Ef].jpg,Mrs. Cop (2015) [Rjw7Ef].jpg,matched,38906,300,451,JPEG,9a4d38aa860d819fd11d87f0995067dd4632cdd7af6cf8c944ef8f1ab1f25d62
143,ElJXzf,Manny,"Apr 13, 2011 - Jun 2, 2011",Manny (2011) [ElJXzf].jpg,Manny (2011) [ElJXzf].jpg,matched,157688,790,1135,JPEG,0162f3969af276f4eff02ea26a522e6145698f43e3d59e55bbe988654270aca0
144,9YYwdf,Heartstrings,"Jun 29, 2011 - Aug 18, 2011",Heartstrings (2011) [9YYwdf].jpg,Heartstrings (2011) [9YYwdf].jpg,matched,99577,537,800,JPEG,70469cba812a7fe1df4463a89938b931a0a58ac85e625e79977ba8d44cd73743
145,WnR0Of,My Love Eun Dong: The Beginning,"May 18, 2015 - May 26, 2015",My Love Eun Dong_ The Beginning (2015) [WnR0Of].jpg,My Love Eun Dong_ The Beginning (2015) [WnR0Of].jpg,matched,36230,577,375,JPEG,1eba63134f4e922ccaaa6413551d7157981ead8ef082700e2a16ef2a9039f042
146,YEKpof,Cheese in the Trap,"Jan 4, 2016 - Mar 1, 2016",Cheese in the Trap (2016) [YEKpof].jpg,Cheese in the Trap (2016) [YEKpof].jpg,matched,134852,900,622,JPEG,0fa5f944f652c75130d70cb52f2957dc2aceb377e0b1299cca96e9376e7a0d40
147,qW78Df,Yong Pal,"Aug 5, 2015 - Oct 1, 2015",Yong Pal (2015) [qW78Df].jpg,Yong Pal (2015) [qW78Df].jpg,matched,68121,500,708,JPEG,828de5a1516da32c96335d45b616fd575a6fcb668426e1f90476e1ba73351b4f
148,rRKgEf,Prince's Prince,"Jun 8, 2015 - Jun 19, 2015",Prince's Prince (2015) [rRKgEf].jpg,Prince's Prince (2015) [rRKgEf].jpg,matched,53849,359,500,JPEG,ac291949f38d5bf84eb5a1e2bd1416c7de1f8366bd853877fe8afc736e0ce4c7
149,jyQnwf,My Daughter Geum Sa Wol,"Sep 5, 2015 - Feb 28, 2016",My Daughter Geum Sa Wol (2015) [jyQnwf].jpg,My Daughter Geum Sa Wol (2015) [jyQnwf].jpg,matched,162306,792,1181,JPEG,0416a15aeed669933f9291b922d3d064da008d36c6b7df7e4c585d694a64ac18
150,Q2jl6f,Snow Lotus,"Nov 11, 2015",Snow Lotus (2015) [Q2jl6f].jpg,Snow Lotus (2015) [Q2jl6f].jpg,matched,107078,600,846,JPEG,8fd1152bc66c251c7c8e9bcc51347ba2d439e921f80235e8dcfe5908d996184b
151,850XQf,Twenty Again,"Aug 28, 2015 - Oct 17, 2015",Twenty Again (2015) [850XQf].jpg,Twenty Again (2015) [850XQf].jpg,matched,106854,600,840,JPEG,66ad3aa5aeb1a17741407295dc416b28ae4a9177b7b2219919c47165c0e6d375
152,lB2QJf,All about My Mom,"Aug 15, 2015 - Feb 14, 2016",All about My Mom (2015) [lB2QJf].jpg,All about My Mom (2015) [lB2QJf].jpg,matched,99618,500,722,JPEG,3c8e36d8248e03c129e90c79ada1cd6ae86e4de7640fa4285aacd4dc5465f17b
153,Z54vJf,Awl,"Oct 24, 2015 - Nov 29, 2015",Awl (2015) [Z54vJf].jpg,Awl (2015) [Z54vJf].jpg,matched,68123,530,752,JPEG,4c48fe572066e574f91589418d86d1e1d8035a215b353522edc2eea5aff07afe
154,7vQRLf,Because It's the First Time,"Oct 7, 2015 - Nov 25, 2015",Because It's the First Time (2015) [7vQRLf].jpg,Because It's the First Time (2015) [7vQRLf].jpg,matched,242510,900,1274,JPEG,889f34415c7fac62f044bfeb11311850b31a108a64748c0d106b01763eee2c4b
155,XAd0gf,She Was Pretty,"Sep 16, 2015 - Nov 11, 2015",She Was Pretty (2015) [XAd0gf].jpg,She Was Pretty (2015) [XAd0gf].jpg,matched,101851,620,878,JPEG,cb880d6a10588a45eae057ed9ec400dad4d3b8fc2906ed4f09dacde3872a6852
156,B1rl6_4f,Oh My Venus,"Nov 16, 2015 - Jan 5, 2016",Oh My Venus (2015) [B1rl6_4f].jpg,Oh My Venus (2015) [B1rl6_4f].jpg,matched,201377,900,1275,JPEG,7b6ff1dbcd3244b863787fcb3eef46fa292aa63b829e0fb3faabcf81ce8e72e8
157,AJB0Pf,Love Cells Season 2,"Sep 14, 2015 - Oct 1, 2015",Love Cells Season 2 (2015) [AJB0Pf].jpg,Love Cells Season 2 (2015) [AJB0Pf].jpg,matched,105348,540,764,JPEG,b228fdc6ce7aa4d55db17125f8d9e493aead680539b298c5f4ef901c7ec24d45
158,3v5Emf,The Eccentric Daughter-in-Law,"Aug 17, 2015 - Sep 22, 2015",The Eccentric Daughter-in-Law (2015) [3v5Emf].jpg,The Eccentric Daughter-in-Law (2015) [3v5Emf].jpg,matched,101039,550,825,JPEG,27889babb20134be787794d9eb41569ea528c3aa1d58e49a16e6a916e31582af
159,0Kwqrf,Moorim School,"Jan 11, 2016 - Mar 8, 2016",Moorim School (2016) [0Kwqrf].jpg,Moorim School (2016) [0Kwqrf].jpg,matched,257152,900,1286,JPEG,8d1b0610fdec9ab5336c2695bca44790db5a7c0ab40562cf929d1f5c585911b2
160,K5bQXf,I Have a Lover,"Aug 22, 2015 - Feb 28, 2016",I Have a Lover (2015) [K5bQXf].jpg,I Have a Lover (2015) [K5bQXf].jpg,matched,83706,540,807,JPEG,3b339af488cdec3dcce34fc3a1da8b36f3ffc0ab1e9a27e0908d958236bd6d97
161,85qEbf,Alchemist,"Oct 5, 2015 - Oct 22, 2015",Alchemist (2015) [85qEbf].jpg,Alchemist (2015) [85qEbf].jpg,matched,70631,400,600,JPEG,93eddeb345aba0b67402764aa56d4827a6da59dccfe8873a4cf78e1baefdbd0c
162,JEZQpf,Bubblegum,"Oct 26, 2015 - Dec 15, 2015",Bubblegum (2015) [JEZQpf].jpg,Bubblegum (2015) [JEZQpf].jpg,matched,58109,384,562,JPEG,915f92f6cbb6973f596e94a3109d92e84f8fc20bbc47a6361b7963e488bca77f
163,mojX0f,High-end Crush,"Nov 14, 2015 - Jan 17, 2016",High-end Crush (2015) [mojX0f].jpg,High-end Crush (2015) [mojX0f].jpg,matched,196944,900,1354,JPEG,c6d5ad8e46d1034dc63b2bd28b865a36c99257c8a4f4ab5e65fdbd1331a86e53
164,7nE7jf,"Good-bye, Mr. Black","Mar 16, 2016 - May 19, 2016","Good-bye, Mr. Black (2016) [7nE7jf].jpg","Good-bye, Mr. Black (2016) [7nE7jf].jpg",matched,44864,400,550,JPEG,ae434b7d65021459999134870037f39e5b04026e85a0ca6f15ac57998d3e6fe5
165,WdnR5f,Under the Black Moonlight,"May 24, 2016 - May 26, 2016",Under the Black Moonlight (2016) [WdnR5f].jpg,Under the Black Moonlight (2016) [WdnR5f].jpg,matched,66658,406,598,JPEG,b9fb977676378feab1e5a36541c4ccd66845beee77878cf8c2d2c8065d04cc99
166,XA3Lpf,"Noble, My Love","Aug 23, 2015 - Sep 16, 2015","Noble, My Love (2015) [XA3Lpf].jpg","Noble, My Love (2015) [XA3Lpf].jpg",matched,119509,540,764,JPEG,988d08cdd6172b0e288cbde872b1494a940c7360cb9bcae8e68b8c214467e170
167,3ozLvf,A Love to Kill,"Oct 31, 2005 - Dec 20, 2005",A Love to Kill (2005) [3ozLvf].jpg,A Love to Kill (2005) [3ozLvf].jpg,matched,99149,655,939,JPEG,b71dd609505e9e64dac7b8129cdd30e114e27270f82dff2844780ede721b3c92
168,850xAf,To Be Continued,"Aug 18, 2015 - Sep 3, 2015",To Be Continued (2015) [850xAf].jpg,To Be Continued (2015) [850xAf].jpg,matched,59610,620,930,JPEG,dc60256bda3a6df91ee752832489154664ecfe186f056d6f64c70b50cc663d04
169,RY026f,Glamorous Temptation,"Oct 5, 2015 - Mar 22, 2016",Glamorous Temptation (2015) [RY026f].jpg,Glamorous Temptation (2015) [RY026f].jpg,matched,198411,792,1181,JPEG,4cd022628a195235123518c8ca85e9e1e8d721448b918d0ecaf22614b7ba1002
170,1oRBdf,Uncontrollably Fond,"Jul 6, 2016 - Sep 8, 2016",Uncontrollably Fond (2016) [1oRBdf].jpg,Uncontrollably Fond (2016) [1oRBdf].jpg,matched,193103,800,1150,JPEG,8767f95593a6cb505ae6bb7f060fc1e622fe35001c6c372a9feddc4f52d4f667
171,1d4z6f,The Village: Achiara's Secret,"Oct 7, 2015 - Dec 3, 2015",The Village_ Achiara's Secret (2015) [1d4z6f].jpg,The Village_ Achiara's Secret (2015) [1d4z6f].jpg,matched,98780,620,878,JPEG,9345953856006a5a24cc78802170a6d78491616504004619b435cea04e553128
172,YEkyof,Local Hero,"Jan 23, 2016 - Mar 20, 2016",Local Hero (2016) [YEkyof].jpg,Local Hero (2016) [YEkyof].jpg,matched,130869,540,855,JPEG,05e614b704568bb6dfed59b81a1b03ed3ce5e356ea8bcadcd26c4897d521a735
173,Z5w0Jf,Thumping Spike,"Feb 20, 2016 - Apr 24, 2016",Thumping Spike (2016) [Z5w0Jf].jpg,Thumping Spike (2016) [Z5w0Jf].jpg,matched,83370,620,925,JPEG,64f3bc05b48c08b4f062bb421fe7afe2fb3ff689cfa1131b81ce718747b1910f
174,3r1Ref,Sassy Go Go,"Oct 5, 2015 - Nov 10, 2015",Sassy Go Go (2015) [3r1Ref].jpg,Sassy Go Go (2015) [3r1Ref].jpg,matched,91418,527,640,JPEG,d7519444ec15df22a8adda3d6ab2153f17333f5bba6a22b9dae27dca6fa20909
175,GLKr9f,Baby-Faced Beauty,"May 2, 2011 - Jul 5, 2011",Baby-Faced Beauty (2011) [GLKr9f].jpg,Baby-Faced Beauty (2011) [GLKr9f].jpg,matched,134323,640,931,JPEG,e21e082a72af991d665f6f35a79fbe51653c122d1d2d5ed37ce41e959d5422bc
176,960opf,The Greatest Love,"May 4, 2011 - Jun 23, 2011",The Greatest Love (2011) [960opf].jpg,The Greatest Love (2011) [960opf].jpg,matched,73147,402,599,JPEG,e7e36b7c0cb39a54140995897299e7f2963f6856a7b9b485b98cf7fd9b5a933b
177,dyv1ef,Splash Splash LOVE,"Dec 13, 2015 - Dec 20, 2015",Splash Splash LOVE (2015) [dyv1ef].jpg,Splash Splash LOVE (2015) [dyv1ef].jpg,matched,78372,600,600,JPEG,09f92cb3658ac3f9d0b120ce524e433d54634487138d6439cd5cb73b9bd7c183
178,lWJwbf,Missing Korea,"Nov 3, 2015 - Nov 12, 2015",Missing Korea (2015) [lWJwbf].jpg,Missing Korea (2015) [lWJwbf].jpg,matched,136365,540,756,JPEG,ef6721186ea8cb773232324b74c02f129db0527b016a85d97646c5474adb7734
179,6QJ4Pf,Nightmare Teacher,"Mar 14, 2016 - Mar 31, 2016",Nightmare Teacher (2016) [6QJ4Pf].jpg,Nightmare Teacher (2016) [6QJ4Pf].jpg,matched,105861,679,960,JPEG,9412927ee7c9df435f999002dde8db2d337cb189427e9cff500587cbcc7da510
180,K52K8f,"Sweet, Savage Family","Nov 18, 2015 - Jan 14, 2016","Sweet, Savage Family (2015) [K52K8f].jpg","Sweet, Savage Family (2015) [K52K8f].jpg",matched,136913,580,865,JPEG,c5e59c7ab9249eeb050182ad81273649d08bac9e6b467ced3a84b4bbe73be9c1
181,7vgNrf,Falling for Do Jeon,"Oct 26, 2015 - Oct 30, 2015",Falling for Do Jeon (2015) [7vgNrf].jpg,Falling for Do Jeon (2015) [7vgNrf].jpg,matched,118332,580,821,JPEG,9dbb2721507cc127ff7d29019b3ea9908bc77e02caaf5736ec6fe7c30fa7a7aa
182,04pE6f,Imaginary Cat,"Nov 24, 2015 - Jan 12, 2016",Imaginary Cat (2015) [04pE6f].jpg,Imaginary Cat (2015) [04pE6f].jpg,matched,171103,900,1350,JPEG,b61c85396969bcfc2724a5f79aa396d6e2a292b7a8f2776ce3f9795498fb330a
183,JERJlf,Remember: War of the Son,"Dec 9, 2015 - Feb 18, 2016",Remember_ War of the Son (2015) [JERJlf].jpg,Remember_ War of the Son (2015) [JERJlf].jpg,matched,362951,900,1346,JPEG,5714842b8d3a3f1bc5ab1829933ec5e6ae3b92913c8ab649a952a5b68d00a828
184,EkoZQf,Puck!,"Jan 1, 2016 - Jan 2, 2016",Puck! (2016) [EkoZQf].jpg,Puck! (2016) [EkoZQf].jpg,matched,24035,300,433,JPEG,6ec18527f330ecd6a4e1a2605223a0ff265015dcdbc9c293911ada1341f3d94b
185,2zWk2_4f,Dear My Friends,"May 13, 2016 - Jul 2, 2016",Dear My Friends (2016) [2zWk2_4f].jpg,Dear My Friends (2016) [2zWk2_4f].jpg,matched,239987,800,1100,JPEG,4cc4d6df527b225ec9f49892b8e14ef43c55d6709cd2b03d816e712e8a7ec55a
186,R0NlPf,Missing 9,"Jan 18, 2017 - Mar 9, 2017",Missing 9 (2017) [R0NlPf].jpg,Missing 9 (2017) [R0NlPf].jpg,matched,282943,900,1338,JPEG,1a802a10bf1eec374c8dcbb6933e1104362ac728e2d21c6a6465aca0d5acbe07
187,eyxwEf,Madame Antoine,"Jan 22, 2016 - Mar 12, 2016",Madame Antoine (2016) [eyxwEf].jpg,Madame Antoine (2016) [eyxwEf].jpg,matched,108253,500,733,JPEG,88fc332cd2fc5f9613debed10aec9a51a8b78d490f4c6409d1070a7fdc1453d2
188,lWygef,She Is 200 Years Old,"Oct 27, 2015",She Is 200 Years Old (2015) [lWygef].jpg,She Is 200 Years Old (2015) [lWygef].jpg,matched,48123,348,500,JPEG,cb393502505254eb2098f0fa0c79dd62d0d1deccc40404bbd352956e7fa879a9
189,RRXWR_4f,Memory,"Mar 18, 2016 - May 7, 2016",Memory (2016) [RRXWR_4f].jpg,Memory (2016) [RRXWR_4f].jpg,matched,243162,900,1313,JPEG,33030e88ce7b3282777f0a53fa9ac374a1d32545e1a391d9ca05a0b80007d0e6
190,o7DVPf,Hwarang,"Dec 19, 2016 - Feb 21, 2017",Hwarang (2016) [o7DVPf].jpg,Hwarang (2016) [o7DVPf].jpg,matched,120897,540,771,JPEG,c215fa2e38abc3fb1815d20bd97f56a51fdea1bbe5c483a27d6cb5814c5f9817
191,Q2Al4f,Pied Piper,"Mar 7, 2016 - Apr 26, 2016",Pied Piper (2016) [Q2Al4f].jpg,Pied Piper (2016) [Q2Al4f].jpg,matched,277579,900,1301,JPEG,1ce2afc45cd1284632c809b32cb3086176c7a1e612067e4a13b31a3b4b33f597
192,dOrn5f,The Flower in Prison,"Apr 30, 2016 - Nov 6, 2016",The Flower in Prison (2016) [dOrn5f].jpg,The Flower in Prison (2016) [dOrn5f].jpg,matched,170105,706,1000,JPEG,e37cc3ad412250b5e5c266c166269d6e3b8c0d99eb256baf04e69275ce85b97e
193,XAJBpf,"Please Come Back, Mister","Feb 24, 2016 - Apr 14, 2016","Please Come Back, Mister (2016) [XAJBpf].jpg","Please Come Back, Mister (2016) [XAJBpf].jpg",matched,210960,900,1275,JPEG,e24af3b6515cbb5b809866cf47578769bb14e671ecb9727501f1384d13f14ad0
194,wjz3Jf,One More Happy Ending,"Jan 20, 2016 - Mar 10, 2016",One More Happy Ending (2016) [wjz3Jf].jpg,One More Happy Ending (2016) [wjz3Jf].jpg,matched,98238,500,746,JPEG,68a5369cf4c00326e7ad2468f5502959dff58e1b847ac47462cdf24760e19864
195,jWJxbf,Moon Lovers: Scarlet Heart Ryeo,"Aug 29, 2016 - Nov 1, 2016",Moon Lovers_ Scarlet Heart Ryeo (2016) [jWJxbf].jpg,Moon Lovers_ Scarlet Heart Ryeo (2016) [jWJxbf].jpg,matched,264547,800,1150,JPEG,6a0b53018f5a21390c4aa7654ce543b3cb4282e4a7133d3273d695bdd1a815ef
196,jypPyf,Page Turner,"Mar 26, 2016 - Apr 9, 2016",Page Turner (2016) [jypPyf].jpg,Page Turner (2016) [jypPyf].jpg,matched,96432,642,909,JPEG,25fdb26ca51ee7fca0e8805c1de26969e7202fe9ae70e85e82a4a19e58e7ac4f
197,WV4o3_4f,Romance Town,"May 11, 2011 - Jul 14, 2011",Romance Town (2011) [WV4o3_4f].jpg,Romance Town (2011) [WV4o3_4f].jpg,matched,151363,900,1310,JPEG,0e32a04202f34e12d2e306c08946fee254c1c229bbe3bb5fa2fa131b0cd65547
198,NdRKef,Lie to Me,"May 9, 2011 - Jun 28, 2011",Lie to Me (2011) [NdRKef].jpg,Lie to Me (2011) [NdRKef].jpg,matched,122838,655,963,JPEG,936d4003e6e99bab25e498ec9c541d3ab7e80c09105c5c9faf5bee29d836b215
199,x4XJrf,While You Were Sleeping,"May 16, 2011 - Nov 9, 2011",While You Were Sleeping (2011) [x4XJrf].jpg,While You Were Sleeping (2011) [x4XJrf].jpg,matched,82047,500,738,JPEG,651bf142cd565fcad0c54dacf816d0148f6a1a749da43f19bfa9998341fe237f
200,dRnx5f,Cinderella and the Four Knights,"Aug 12, 2016 - Oct 1, 2016",Cinderella and the Four Knights (2016) [dRnx5f].jpg,Cinderella and the Four Knights (2016) [dRnx5f].jpg,matched,240392,800,1150,JPEG,71ea4338bfa4942763fd4e16f58bf3cbd8798c488ae74bf7aa95fe5b4e619522
201,YEx2Wf,9 Seconds: Eternal Time,"Sep 30, 2015 - Oct 3, 2015",9 Seconds_ Eternal Time (2015) [YEx2Wf].jpg,9 Seconds_ Eternal Time (2015) [YEx2Wf].jpg,matched,55904,429,600,JPEG,a5f2ebd40546423f6d395c5236169e2b9151136d5c771159473e6bf0e1c7988d
202,B2ZEAf,Happy Home,"Feb 27, 2016 - Aug 21, 2016",Happy Home (2016) [B2ZEAf].jpg,Happy Home (2016) [B2ZEAf].jpg,matched,157765,900,1400,JPEG,a3b9bf93e800bc1461c33e3bc37d74dd6eae167728cd9c34073498710fac1d18
203,85r7Wf,Lily Fever,"Dec 15, 2015 - Dec 24, 2015",Lily Fever (2015) [85r7Wf].jpg,Lily Fever (2015) [85r7Wf].jpg,matched,55873,530,940,JPEG,ce505c29a604a57c2aa29802d4e5478ef9ab7d8e97ce2fca572f2e23f68934d1
204,ndJw6f,Doctors,"Jun 20, 2016 - Aug 23, 2016",Doctors (2016) [ndJw6f].jpg,Doctors (2016) [ndJw6f].jpg,matched,154589,800,1140,JPEG,de212ce96e5075608d1c75f7675cf1b44644e8df0ad8eb9460dc49b3047115e3
205,WdX5mf,Five Enough,"Feb 20, 2016 - Aug 21, 2016",Five Enough (2016) [WdX5mf].jpg,Five Enough (2016) [WdX5mf].jpg,matched,97045,600,900,JPEG,ea81e26c7485b27f84ee8627609408f57ce2c10ad33c11b8db7283e03f742dfd
206,XAyeJf,The Promise,"Feb 1, 2016 - Jun 24, 2016",The Promise (2016) [XAyeJf].jpg,The Promise (2016) [XAyeJf].jpg,matched,93552,600,850,JPEG,67d9bc19815acc97314d4bc790e471c4c952f86ee0332aa8571f77054f513fbc
207,VXkJJf,Paradise Farm,"Jan 24, 2011 - Mar 15, 2011",Paradise Farm (2011) [VXkJJf].jpg,Paradise Farm (2011) [VXkJJf].jpg,matched,233070,800,1200,JPEG,46a6afc78b14060273fb06a170cb4fe2b29d3b0e132cd1b46d52bd31546d06fc
208,dynK5f,Marriage Contract,"Mar 5, 2016 - Apr 24, 2016",Marriage Contract (2016) [dynK5f].jpg,Marriage Contract (2016) [dynK5f].jpg,matched,171308,860,1287,JPEG,af039a93fe7b36f1818de6df64fc4c5745d71dd3be5c34751055b97fefffa5f3
209,xjNByf,Choco Bank,"Feb 15, 2016 - Feb 21, 2016",Choco Bank (2016) [xjNByf].jpg,Choco Bank (2016) [xjNByf].jpg,matched,159061,750,1061,JPEG,84fccaf64555a56a679da87f1b9e175e8aaf7cc67be397f5940761c062512c40
210,0xzyYf,"My Lawyer, Mr. Jo","Mar 28, 2016 - May 31, 2016","My Lawyer, Mr. Jo (2016) [0xzyYf].jpg","My Lawyer, Mr. Jo (2016) [0xzyYf].jpg",matched,251653,900,1286,JPEG,1ecce8a90c5781930498748074e49773daac218dbb670f0aae16d19a792c752c
211,xjdQrf,Ms. Temper & Nam Jung Gi,"Mar 18, 2016 - May 7, 2016",Ms. Temper & Nam Jung Gi (2016) [xjdQrf].jpg,Ms. Temper & Nam Jung Gi (2016) [xjdQrf].jpg,matched,129088,540,821,JPEG,95039f32fd4b7d588b6064f77e77e154663c2c763938f862b2d5581b4cc03d73
212,55VAef,38 Task Force,"Jun 17, 2016 - Aug 6, 2016",38 Task Force (2016) [55VAef].jpg,38 Task Force (2016) [55VAef].jpg,matched,238588,800,1100,JPEG,150510cf1734eb2183ac1d8ad8a5416b3d47b48ac443327a3b2025ab749723ae
213,1dB7bf,Monster,"Mar 28, 2016 - Sep 20, 2016",Monster (2016) [1dB7bf].jpg,Monster (2016) [1dB7bf].jpg,matched,100579,540,805,JPEG,38d748b82cbdcf9f3d13c2807be85aa96e6d001d77f449338c64b972814755db
214,Ekznbf,The Royal Gambler,"Mar 28, 2016 - Jun 14, 2016",The Royal Gambler (2016) [Ekznbf].jpg,The Royal Gambler (2016) [Ekznbf].jpg,matched,377416,900,1346,JPEG,a8ce767692ccff76bc0b7aff2993ef7ad4318217f3b2bf2a576182012b16e6ef
215,pBXgyf,My Little Baby,"Mar 5, 2016 - Apr 23, 2016",My Little Baby (2016) [pBXgyf].jpg,My Little Baby (2016) [pBXgyf].jpg,matched,191138,792,1181,JPEG,22ea42b7c418ae570d937efd1d075da770beca9119b1289a22ccd6dfa829a29f
216,lO65Jf,Jealousy Incarnate,"Aug 24, 2016 - Nov 10, 2016",Jealousy Incarnate (2016) [lO65Jf].jpg,Jealousy Incarnate (2016) [lO65Jf].jpg,matched,187818,800,1150,JPEG,0bb896560a196dd32968bbc3f53fed703fa30a17be7000662ec1ac465a356b93
217,6wjE0_4f,W,"Jul 20, 2016 - Sep 14, 2016",W (2016) [6wjE0_4f].jpg,W (2016) [6wjE0_4f].jpg,matched,279612,900,1343,JPEG,6f8edec42da49dc37b86b7d44deb7a564bc5e8cc36282dfc33d690392741fe60
218,pk7jbf,Heading to the Ground,"Sep 9, 2009 - Nov 4, 2009",Heading to the Ground (2009) [pk7jbf].jpg,Heading to the Ground (2009) [pk7jbf].jpg,matched,135525,634,922,JPEG,93b5dfb8c151e70d358f965bc72739ccb53a4f9e130d767b1188f6ceb164f8c7
219,jyRRzf,Another Miss Oh,"May 2, 2016 - Jun 28, 2016",Another Miss Oh (2016) [jyRRzf].jpg,Another Miss Oh (2016) [jyRRzf].jpg,matched,127681,600,868,JPEG,38a578b9ee125909701828fdbd9a1df9d2a62332298655d4135dcb0e64d6c2e4
220,Dx8rof,Entourage,"Nov 4, 2016 - Dec 24, 2016",Entourage (2016) [Dx8rof].jpg,Entourage (2016) [Dx8rof].jpg,matched,143072,550,795,JPEG,223644f43089be6c425b692e4c509c96582bb13c7e988b36876456ccba7ea9eb
221,41ROQf,Tomorrow Boy,"Mar 28, 2016 - Apr 25, 2016",Tomorrow Boy (2016) [41ROQf].jpg,Tomorrow Boy (2016) [41ROQf].jpg,matched,191842,900,1286,JPEG,d1996b03aabcf37f35a62a5d059b1198f291d47fa97e6093b933a5a1bfa5204b
222,l7lYQf,Dramaworld,"Apr 17, 2016 - May 15, 2016",Dramaworld (2016) [l7lYQf].jpg,Dramaworld (2016) [l7lYQf].jpg,matched,158869,900,1227,JPEG,9da5e60831b389c66f748e358ccb74700a95348294f9a3a121aea6e86e77f5b3
223,XA0Qnf,Entertainer,"Apr 20, 2016 - Jun 16, 2016",Entertainer (2016) [XA0Qnf].jpg,Entertainer (2016) [XA0Qnf].jpg,matched,136943,600,897,JPEG,3d85eacaf0f768bf76ac547f1399f0685422ce0d45fdefb8af50bfedd54c6fbf
224,Ldnd5f,The Good Wife,"Jul 8, 2016 - Aug 27, 2016",The Good Wife (2016) [Ldnd5f].jpg,The Good Wife (2016) [Ldnd5f].jpg,matched,210984,900,1287,JPEG,e316d18078256317a0b209e159f579f9cb06036a895ed8714306c9cde46d8361
225,EmBz0_4f,The Sound of Your Heart,"Nov 7, 2016 - Nov 28, 2016",The Sound of Your Heart (2016) [EmBz0_4f].jpg,The Sound of Your Heart (2016) [EmBz0_4f].jpg,matched,227563,900,1275,JPEG,62188b161b614611e275245d8317119f0a9ef9cf7e8b0c6088445241366027a5
226,X4L4gf,Go Ho's Starry Night,"Jul 2, 2016 - Jul 31, 2016",Go Ho's Starry Night (2016) [X4L4gf].jpg,Go Ho's Starry Night (2016) [X4L4gf].jpg,matched,256237,900,1310,JPEG,c8e4e57e338441d87554e6f2f41e0c7f20cc49d49e708790d632f473b6364bb3
227,rVjRyf,Cheese in the Trap SP,"Mar 2, 2016",Cheese in the Trap SP (2016) [rVjRyf].jpg,Cheese in the Trap SP (2016) [rVjRyf].jpg,matched,64951,520,780,JPEG,4652d29a96e14a657baf321f904a330410901448df8ce15ae64e1ccfbef28234
228,kojx8f,Love in the Moonlight,"Aug 22, 2016 - Oct 18, 2016",Love in the Moonlight (2016) [kojx8f].jpg,Love in the Moonlight (2016) [kojx8f].jpg,matched,191980,900,1276,JPEG,912dec57557ba46d6aa34cf5dd1b9266a164d42533fffed0fcf4660576857f15
229,0476Nf,The Master of Revenge,"Apr 27, 2016 - Jun 30, 2016",The Master of Revenge (2016) [0476Nf].jpg,The Master of Revenge (2016) [0476Nf].jpg,matched,86216,550,825,JPEG,2cf1130ce39ee6f99ae7d0fd99ae606d0444a6f7e9495b1f28552dd532267a60
230,dRrgKf,Man to Man,"Apr 21, 2017 - Jun 10, 2017",Man to Man (2017) [dRrgKf].jpg,Man to Man (2017) [dRrgKf].jpg,matched,232794,900,1350,JPEG,55ef243c36d725ac21012fed560b2f8036401ee83d10c985d98b1dda33364c6a
231,JBRbwf,What's Up?,"Dec 3, 2011 - Feb 5, 2012",What's Up_ (2011) [JBRbwf].jpg,What's Up_ (2011) [JBRbwf].jpg,matched,86958,500,707,JPEG,0be6a5281c084e965548baf246371dc2f18b62dc4e8ef2bff0d64d8f69ce93e1
232,Brdq5f,Mirror of the Witch,"May 13, 2016 - Jul 16, 2016",Mirror of the Witch (2016) [Brdq5f].jpg,Mirror of the Witch (2016) [Brdq5f].jpg,matched,243722,900,1285,JPEG,623d4c888321fd4e3258362a20c0bc621283ae044c473325a0e7d0407bc40f10
233,kAJ3df,Dream High Season 2,"Jan 30, 2012 - Mar 20, 2012",Dream High Season 2 (2012) [kAJ3df].jpg,Dream High Season 2 (2012) [kAJ3df].jpg,matched,211983,900,1286,JPEG,6ae00fbe282a4adfa63ac821d940ab5f94223a5c3d619b352f381350c02f5f87
234,a81mlf,City Hunter,"May 25, 2011 - Jul 28, 2011",City Hunter (2011) [a81mlf].jpg,City Hunter (2011) [a81mlf].jpg,matched,53941,400,599,JPEG,f9b4cf64e11654a4e27562c597403111a743f0581a614506885006d678a845e2
235,ymbm1f,Click Your Heart,"Mar 17, 2016 - Mar 31, 2016",Click Your Heart (2016) [ymbm1f].jpg,Click Your Heart (2016) [ymbm1f].jpg,matched,55061,426,597,JPEG,1e20e2701bb61ba69733b73a97f3156ef05fadaee9b2c7c6d6a40fad8bbf3a44
236,MBJ1Mf,Athena: Goddess of War,"Dec 13, 2010 - Feb 21, 2011",Athena_ Goddess of War (2010) [MBJ1Mf].jpg,Athena_ Goddess of War (2010) [MBJ1Mf].jpg,matched,31220,250,393,JPEG,b0998580729e4f5f69a6e280320d629a48e80d585f6ad87639e88ae6978ec425
237,VJQeQf,Lucky Romance,"May 25, 2016 - Jul 14, 2016",Lucky Romance (2016) [VJQeQf].jpg,Lucky Romance (2016) [VJQeQf].jpg,matched,225099,807,1200,JPEG,190211552e1521a2b079e0987dccf148f14554054a695b69c9daf7cbb57b05f4
238,X46pwf,Beautiful Gong Shim,"May 14, 2016 - Jul 17, 2016",Beautiful Gong Shim (2016) [X46pwf].jpg,Beautiful Gong Shim (2016) [X46pwf].jpg,matched,187067,800,1100,JPEG,b42b4ae2d036e0515c76db9ee1ada31ea4c6cfce36940e5705f7e09e7c12f880
239,01meNf,Thumping Spike 2,"Sep 24, 2016 - Dec 10, 2016",Thumping Spike 2 (2016) [01meNf].jpg,Thumping Spike 2 (2016) [01meNf].jpg,matched,253201,900,1350,JPEG,38b48a5136b352ce120e9f31925943f568510b46cc2ce0f4d15dbba9e65101f0
240,qkYePf,My Sassy Girl,"May 29, 2017 - Jul 18, 2017",My Sassy Girl (2017) [qkYePf].jpg,My Sassy Girl (2017) [qkYePf].jpg,matched,206030,706,1000,JPEG,101840882ea64395acdeeb3190eb62a37eacbd768111fb91a48b63d41bdfdf3e
241,Jp5lmf,Second to Last Love,"Jul 30, 2016 - Oct 16, 2016",Second to Last Love (2016) [Jp5lmf].jpg,Second to Last Love (2016) [Jp5lmf].jpg,matched,217749,720,1182,JPEG,aa1d4c64469d55edddf0484913022a5a3e7c7b16e4b2c2cc0ae4c604c146b579
242,Wgkql_4f,Beautiology101,"Apr 8, 2016 - May 20, 2016",Beautiology101 (2016) [Wgkql_4f].jpg,Beautiology101 (2016) [Wgkql_4f].jpg,matched,74129,500,752,JPEG,6d9d891aa88dd182e5037cbbd5ef1df8a29ae569f6e5f5302cb6a665ec6d34e0
243,MXdrxf,Playful Kiss YouTube Edition,"Nov 2, 2010 - Nov 16, 2010",Playful Kiss YouTube Edition (2010) [MXdrxf].jpg,Playful Kiss YouTube Edition (2010) [MXdrxf].jpg,matched,34232,250,350,JPEG,f8607e0eb64cbe7c7a2e898be3f24c8f95c0befbdbc546e41f1725d0c794d999
244,az26yf,IRIS 2,"Feb 13, 2013 - Apr 18, 2013",IRIS 2 (2013) [az26yf].jpg,IRIS 2 (2013) [az26yf].jpg,matched,79980,500,712,JPEG,085d76beedd30d73646d65038a9c92ee9ba1e2313b9ea099f954d61c5967011e
245,9o816f,Poseidon,"Sep 19, 2011 - Nov 8, 2011",Poseidon (2011) [9o816f].jpg,Poseidon (2011) [9o816f].jpg,matched,100098,550,820,JPEG,c26c5d429067fb698d40e069827982a6ace8f470508c093fdbaa0a70c7cc28d4
246,d0vNef,Goong S,"Jan 10, 2007 - Mar 15, 2007",Goong S (2007) [d0vNef].jpg,Goong S (2007) [d0vNef].jpg,matched,172454,629,900,JPEG,74b2a2e16cab697f82815e5439cdfab7fc8007d83f0d2819cb07f0bf57402f83
247,JkD8Xf,Guardian: The Lonely and Great God,"Dec 2, 2016 - Jan 21, 2017",Guardian_ The Lonely and Great God (2016) [JkD8Xf].jpg,Guardian_ The Lonely and Great God (2016) [JkD8Xf].jpg,matched,115163,692,1000,JPEG,14c1e2001850c58c2facf4851df73930a49c2e1587f983021869b1fc412e4442
248,2g81Pf,How Are You Bread,"Jan 17, 2020 - Feb 15, 2020",How Are You Bread (2020) [2g81Pf].jpg,How Are You Bread (2020) [2g81Pf].jpg,matched,155069,900,1311,JPEG,0cdcc9d40bb2f73a1dda63d5b85e3e5e9af5623dae995c250af84eda49c5fa2c
249,EYm4mf,"Bring It On, Ghost","Jul 11, 2016 - Aug 30, 2016","Bring It On, Ghost (2016) [EYm4mf].jpg","Bring It On, Ghost (2016) [EYm4mf].jpg",matched,171661,680,1000,JPEG,80df9a7719814abb950596de59f19fa28ceef652687d3cc92569e875d504a7ff
250,qOJzQf,Wanted,"Jun 22, 2016 - Aug 18, 2016",Wanted (2016) [qOJzQf].jpg,Wanted (2016) [qOJzQf].jpg,matched,207755,800,1140,JPEG,0ed35e9e3866124ddff6065dcf8f272831c35bc94d09d4f766c681b539f33154
251,7Qknrf,Baek Hee Has Returned,"Jun 6, 2016 - Jun 14, 2016",Baek Hee Has Returned (2016) [7Qknrf].jpg,Baek Hee Has Returned (2016) [7Qknrf].jpg,matched,174654,723,1024,JPEG,5dce37c8894aa04753844841beddc74d93e690a6fe75528011951a847fb03aa9
252,XZnXxf,Whisper,"Mar 27, 2017 - May 23, 2017",Whisper (2017) [XZnXxf].jpg,Whisper (2017) [XZnXxf].jpg,matched,259153,860,1285,JPEG,929533ea920dc97a3ef8782e1a24d9363bcaa762bd1d3d543ec1f1969fd528f4
253,8xXANf,On the Way to the Airport,"Sep 21, 2016 - Nov 10, 2016",On the Way to the Airport (2016) [8xXANf].jpg,On the Way to the Airport (2016) [8xXANf].jpg,matched,236322,700,1050,JPEG,da157008a47468c459ab819e071861c9474252d04fff19a1ceeac76816002062
254,Yo6EAf,The Gentlemen of Wolgyesu Tailor Shop,"Aug 27, 2016 - Feb 26, 2017",The Gentlemen of Wolgyesu Tailor Shop (2016) [Yo6EAf].jpg,The Gentlemen of Wolgyesu Tailor Shop (2016) [Yo6EAf].jpg,matched,373045,890,1280,JPEG,0462c424f0e8bf2ac3847dfc56abe4c6f4892366b5bc61fd6143b4c28761c6ab
255,JZ03Jf,Something about 1 Percent,"Oct 5, 2016 - Nov 24, 2016",Something about 1 Percent (2016) [JZ03Jf].jpg,Something about 1 Percent (2016) [JZ03Jf].jpg,matched,109658,540,807,JPEG,e94b6469af201f335665e9b94f50aa1ff26034f47972170ecae4097a7085b8d8
256,BjZj6f,The Legend of the Blue Sea,"Nov 16, 2016 - Jan 25, 2017",The Legend of the Blue Sea (2016) [BjZj6f].jpg,The Legend of the Blue Sea (2016) [BjZj6f].jpg,matched,121969,641,914,JPEG,514d71ffdfe23c72bee23058bf334d068c4321ae9d20e0175aacfcd9d146f827
257,2dWREf,Tomorrow with You,"Feb 3, 2017 - Mar 25, 2017",Tomorrow with You (2017) [2dWREf].jpg,Tomorrow with You (2017) [2dWREf].jpg,matched,94134,540,774,JPEG,11c753542040b56e0f09e24551a7fb50878679851ceb71a80808455d93a98924
258,XZqYJf,Strong Woman Do Bong Soon,"Feb 24, 2017 - Apr 15, 2017",Strong Woman Do Bong Soon (2017) [XZqYJf].jpg,Strong Woman Do Bong Soon (2017) [XZqYJf].jpg,matched,119720,540,770,JPEG,1df8578fd2205ca3d60dcef9862b0527df911f4c1d4cc1f6e772d3f890536249
259,bZk8Vf,Age of Youth,"Jul 22, 2016 - Aug 27, 2016",Age of Youth (2016) [bZk8Vf].jpg,Age of Youth (2016) [bZk8Vf].jpg,matched,125450,540,817,JPEG,9ed98e90c40fc1ce725c144e02e93a181ab0e7bad939a904875417ec5756896a
260,MBJzMf,"It's Okay, Daddy's Girl","Nov 22, 2010 - Jan 18, 2011","It's Okay, Daddy's Girl (2010) [MBJzMf].jpg","It's Okay, Daddy's Girl (2010) [MBJzMf].jpg",matched,56994,400,600,JPEG,890c9ef13d33d2fd49f2adef3caf90c6c8a20894dd996895c3b6ac64fd22d6be
261,5d4O4f,Sweet Stranger and Me,"Oct 24, 2016 - Dec 13, 2016",Sweet Stranger and Me (2016) [5d4O4f].jpg,Sweet Stranger and Me (2016) [5d4O4f].jpg,matched,273920,860,1285,JPEG,b195ce2d60acaebae2a59fdd434332b8bfaa5917c4e1760251cbe5d0a74cb5d7
262,el6Rnf,Drinking Solo,"Sep 5, 2016 - Oct 25, 2016",Drinking Solo (2016) [el6Rnf].jpg,Drinking Solo (2016) [el6Rnf].jpg,matched,39530,411,587,JPEG,fa97af2642dcf147ca165f963a41d71181b2031e47f87b6853fce473067141b5
263,mOy41f,Personal Taste,"Mar 31, 2010 - May 20, 2010",Personal Taste (2010) [mOy41f].jpg,Personal Taste (2010) [mOy41f].jpg,matched,115880,630,945,JPEG,77c53ff7d29c510df3c8475a0f885ab1431ef9f94065b4c7a5aadfd13b34d135
264,9O83yf,Romance,"May 8, 2002 - Jun 27, 2002",Romance (2002) [9O83yf].jpg,Romance (2002) [9O83yf].jpg,matched,21704,400,300,JPEG,cb3a7da0c3a0c91c53ad0fc0234356f94c93ce02e790683486d031e93a4848c0
265,KDL5Xf,Shopaholic Louis,"Sep 21, 2016 - Nov 10, 2016",Shopaholic Louis (2016) [KDL5Xf].jpg,Shopaholic Louis (2016) [KDL5Xf].jpg,matched,224415,800,1150,JPEG,b68754a58cc84c80392c49a829e1434cc995267b20ef053e557bccc3c634d681
266,BpKqqf,After the Show Ends,"Jul 1, 2016 - Aug 19, 2016",After the Show Ends (2016) [BpKqqf].jpg,After the Show Ends (2016) [BpKqqf].jpg,matched,34465,300,423,JPEG,133c2a48edc481c81c70fd59b71e02c3045f3977b0e07a7d0ac6c438c8175ba2
267,2DNVwf,The K2,"Sep 23, 2016 - Nov 12, 2016",The K2 (2016) [2DNVwf].jpg,The K2 (2016) [2DNVwf].jpg,matched,222965,900,1301,JPEG,482076c86bc170a412d8e6e5de85106e42d3510c68457d73a8009f1af7867685
268,lEKPLf,Blow Breeze,"Aug 27, 2016 - Feb 26, 2017",Blow Breeze (2016) [lEKPLf].jpg,Blow Breeze (2016) [lEKPLf].jpg,matched,213188,792,1181,JPEG,0cdd42642ec5736dff61048f6bec82a23daf9a3a26380e93feb63e5c6f5255de
269,nB8e6f,Our Gap Soon,"Aug 27, 2016 - Apr 8, 2017",Our Gap Soon (2016) [nB8e6f].jpg,Our Gap Soon (2016) [nB8e6f].jpg,matched,132551,540,753,JPEG,130dd377dda3064f522fa956e1545ce5d4bf6c300717c7541a49d0c7a11a24c2
270,qkqgQf,Woman of Dignity,"Jun 16, 2017 - Aug 19, 2017",Woman of Dignity (2017) [qkqgQf].jpg,Woman of Dignity (2017) [qkqgQf].jpg,matched,91634,600,896,JPEG,6fd9194a367934f510299f7c5066bdaed5b688aa9177b57d1c08e47ad1ec5a09
271,mk62qf,Touching You,"Jul 4, 2016 - Jul 19, 2016",Touching You (2016) [mk62qf].jpg,Touching You (2016) [mk62qf].jpg,matched,32640,300,422,JPEG,ebb33d2a1cac017f626e43d17eb86b86e66ea8309d51d2dd13bc802c4c9db245
272,Lenybf,My Wife’s Having an Affair This Week,"Oct 28, 2016 - Dec 3, 2016",My Wife’s Having an Affair This Week (2016) [Lenybf].jpg,My Wife’s Having an Affair This Week (2016) [Lenybf].jpg,matched,89097,540,772,JPEG,07e3ea3f4c7e659049e14a07232a8e9fad384a826389413fb9283f32b61b6393
273,O8R1df,Lovers in Paris,"Jun 12, 2004 - Aug 15, 2004",Lovers in Paris (2004) [O8R1df].jpg,Lovers in Paris (2004) [O8R1df].jpg,matched,67735,460,697,JPEG,ae28995362543991d39a61f2d2c389380d4c10428da03cd7374e11ddf9745d0f
274,Or17df,The Bride of Habaek,"Jul 3, 2017 - Aug 22, 2017",The Bride of Habaek (2017) [Or17df].jpg,The Bride of Habaek (2017) [Or17df].jpg,matched,85182,600,857,JPEG,4faa4f933df6e28610e2be522512a062d8090109d9e70560903b61cae0cc72f1
275,D2X7Df,Weightlifting Fairy Kim Bok Joo,"Nov 16, 2016 - Jan 11, 2017",Weightlifting Fairy Kim Bok Joo (2016) [D2X7Df].jpg,Weightlifting Fairy Kim Bok Joo (2016) [D2X7Df].jpg,matched,189437,900,1342,JPEG,d4db17f705d9135a2a6a8b14cee41af37346400cc515c6f2b6b218117412b526
276,ovpmvf,Fantastic,"Sep 2, 2016 - Oct 22, 2016",Fantastic (2016) [ovpmvf].jpg,Fantastic (2016) [ovpmvf].jpg,matched,170063,800,1195,JPEG,47a29424149bbcd7be0ea13e7594aec8afa1ba27c14e4df034a12422dfa8f24b
277,KxgYRf,Dr. Romantic,"Nov 7, 2016 - Jan 16, 2017",Dr. Romantic (2016) [KxgYRf].jpg,Dr. Romantic (2016) [KxgYRf].jpg,matched,316416,900,1346,JPEG,0407ef31582c01751695c6b8bfd9af22fdd6eb8a03771c3aadfb9e5574c261e9
278,M5Zwaf,Hero,"Nov 18, 2009 - Jan 14, 2010",Hero (2009) [M5Zwaf].jpg,Hero (2009) [M5Zwaf].jpg,matched,52365,430,641,JPEG,e62820598bc060609d0db78369545f7fcfdd805e30c601441e02265b0ece23a1
279,jW6p8f,Spark,"Jul 25, 2016 - Aug 11, 2016",Spark (2016) [jW6p8f].jpg,Spark (2016) [jW6p8f].jpg,matched,98176,800,1100,JPEG,d078ef16f855302ab6db1d7526a3e9148d9cf35823aa928533faf405e737b088
280,4JDbd_4f,Defendant,"Jan 23, 2017 - Mar 21, 2017",Defendant (2017) [4JDbd_4f].jpg,Defendant (2017) [4JDbd_4f].jpg,matched,118773,900,1312,JPEG,da7c7a93a6441932412405dfc467932779e4885d428260ff0f1f57cad355afd8
281,dzQ3ef,"Father, I’ll Take Care of You","Nov 12, 2016 - May 7, 2017","Father, I’ll Take Care of You (2016) [dzQ3ef].jpg","Father, I’ll Take Care of You (2016) [dzQ3ef].jpg",matched,261023,792,1181,JPEG,4453cb1ce983d94cfe731b5e8ae89cd334b9461deccd905690774ddb98f9fe50
282,lOdN6f,The Package,"Oct 13, 2017 - Nov 18, 2017",The Package (2017) [lOdN6f].jpg,The Package (2017) [lOdN6f].jpg,matched,186556,864,1234,JPEG,f33eb8b82ba7b420c78c48ef45fc23e505826183d2a4dc281921796382f309ab
283,NdPpYf,Something about 1%,"Jul 6, 2003 - Dec 28, 2003",Something about 1% (2003) [NdPpYf].jpg,Something about 1% (2003) [NdPpYf].jpg,matched,18522,250,350,JPEG,7a778955617090d03fdf936b8ba6e173ad10833de4d1821e487335d56a0c9276
284,P05rRf,The Miracle,"Dec 29, 2013",The Miracle (2013) [P05rRf].jpg,The Miracle (2013) [P05rRf].jpg,matched,19821,300,450,JPEG,a073979d36a188dd7e74c0e6e0686d016a66b7a475b0ba557a14cb8435b2a800
285,GQw4af,Creating Destiny,"Oct 10, 2009 - Jan 24, 2010",Creating Destiny (2009) [GQw4af].jpg,Creating Destiny (2009) [GQw4af].jpg,matched,28047,250,350,JPEG,a61fa9034f801feefc8e8cfb8446c0a61a401abd11b0aec84f807d9cf0394b49
286,4qvkK_4f,One More Time,"Oct 26, 2016 - Dec 14, 2016",One More Time (2016) [4qvkK_4f].jpg,One More Time (2016) [4qvkK_4f].jpg,matched,113892,900,1262,JPEG,fc6319ac905f56032d88a679c24fc495c27156ba29ec8f97607bf3808ddb9fc0
287,31dvRf,Matching! Boys Archery,"Aug 4, 2016 - Aug 28, 2016",Matching! Boys Archery (2016) [31dvRf].jpg,Matching! Boys Archery (2016) [31dvRf].jpg,matched,65386,430,607,JPEG,45e61c471b7edf37d5a335e4948bc909e7d562b969afcd0c39b19ae3916b9f08
288,0YWVk_4f,The Universe’s Star,"Jan 26, 2017 - Feb 9, 2017",The Universe’s Star (2017) [0YWVk_4f].jpg,The Universe’s Star (2017) [0YWVk_4f].jpg,matched,157037,640,954,JPEG,0b62256f287bfa8e1533d00cb3ddbfaffec3599e4c1ccb0cad741e6e624ba8ff
289,M3OAMf,Playful Kiss,"Sep 1, 2010 - Oct 21, 2010",Playful Kiss (2010) [M3OAMf].jpg,Playful Kiss (2010) [M3OAMf].jpg,matched,99185,423,599,JPEG,10e2dda7bd676cb5257926b921eaf0e45ad4e1f02d07b536960488da49b655eb
290,0wAONf,Will It Snow for Christmas?,"Dec 2, 2009 - Jan 28, 2010",Will It Snow for Christmas_ (2009) [0wAONf].jpg,Will It Snow for Christmas_ (2009) [0wAONf].jpg,matched,173697,900,1275,JPEG,0332ac9a27cc02c210b6ca09cfeaa9b3717563a55ab71e636a56c58ddbb1044d
291,2wmAkf,Sign,"Jan 5, 2011 - Mar 10, 2011",Sign (2011) [2wmAkf].jpg,Sign (2011) [2wmAkf].jpg,matched,97010,540,796,JPEG,3554242d5a7183842c3a7d70be80e4c76b26c0a355ec7c31caa5b45e3608f6ea
292,3w25Wf,Night Light,"Nov 21, 2016 - Jan 24, 2017",Night Light (2016) [3w25Wf].jpg,Night Light (2016) [3w25Wf].jpg,matched,212308,900,1350,JPEG,96f73ed5ceac7bdf73a2219f6326bdf316673cc40a189b552fb79f0c9f837cda
293,6oKxjf,Good Manager,"Jan 25, 2017 - Mar 30, 2017",Good Manager (2017) [6oKxjf].jpg,Good Manager (2017) [6oKxjf].jpg,matched,157456,900,1301,JPEG,8aa3d1d68e3404a81000acf7af44830a561919ad835701cf699f192b8a90705c
294,BjEp1f,Voice,"Jan 14, 2017 - Mar 12, 2017",Voice (2017) [BjEp1f].jpg,Voice (2017) [BjEp1f].jpg,matched,182638,740,1118,JPEG,7750b66c2bae7756ab6af5f6165ddd94db8115d176cde8c666f3d73345a7c720
295,Kxeb4f,My Only Love Song,"Jun 9, 2017",My Only Love Song (2017) [Kxeb4f].jpg,My Only Love Song (2017) [Kxeb4f].jpg,matched,76673,430,607,JPEG,b9196ae11cebafc3cbc52ea20bcabb97ef79a77a8bc7382df2ff29b1f90b5782
296,jW2Xzf,The King in Love,"Jul 17, 2017 - Sep 19, 2017",The King in Love (2017) [jW2Xzf].jpg,The King in Love (2017) [jW2Xzf].jpg,matched,132124,540,810,JPEG,6ad5892960a86a8c59ba2e118b3ca1d8f1f8b00d187b0a4dfaafad027ae14376
297,n0nrQf,Solomon's Perjury,"Dec 16, 2016 - Jan 28, 2017",Solomon's Perjury (2016) [n0nrQf].jpg,Solomon's Perjury (2016) [n0nrQf].jpg,matched,79579,580,876,JPEG,b4d4eb9f7f8a6d1da81acfc8104bf1e763592149e4527bce9030b2c0ec7ba78b
298,90o7af,A Man's Story,"Apr 6, 2009 - Jun 9, 2009",A Man's Story (2009) [90o7af].jpg,A Man's Story (2009) [90o7af].jpg,matched,22247,240,342,JPEG,357efef42f536d6fc721716313c147ff58580d1c18cf4716ffbb6a1a06ac7c01
299,Red2Vf,Rebel: Thief Who Stole the People,"Jan 30, 2017 - May 16, 2017",Rebel_ Thief Who Stole the People (2017) [Red2Vf].jpg,Rebel_ Thief Who Stole the People (2017) [Red2Vf].jpg,matched,200381,800,1150,JPEG,6e35c0e2be2396049b5484df41655a9d50b2f74d415239b8d43b188c90c2d6e2
300,XZ1Enf,Oh My Geum Bi,"Nov 16, 2016 - Jan 11, 2017",Oh My Geum Bi (2016) [XZ1Enf].jpg,Oh My Geum Bi (2016) [XZ1Enf].jpg,matched,263437,900,1275,JPEG,540b27822b9565ba3e41f6a0545995ad534b746d979ffeb3911e8e0a7e883925
301,lO75bf,The Emperor: Owner of the Mask,"May 10, 2017 - Jul 13, 2017",The Emperor_ Owner of the Mask (2017) [lO75bf].jpg,The Emperor_ Owner of the Mask (2017) [lO75bf].jpg,matched,124006,678,960,JPEG,2e5d5b4afd6424e32a8711522f3847bf5fe454ff095f3e6f0d4f620dbdd183a1
302,nKEqWf,Mary Stayed Out All Night,"Nov 8, 2010 - Dec 28, 2010",Mary Stayed Out All Night (2010) [nKEqWf].jpg,Mary Stayed Out All Night (2010) [nKEqWf].jpg,matched,312827,900,1309,JPEG,4b64e770898a1ee76d3d4da0c5e80f34c51d6f15b1547ac36700edebe3fb015c
303,vP0re_4f,The Kingdom of the Winds,"Sep 10, 2008 - Jan 15, 2009",The Kingdom of the Winds (2008) [vP0re_4f].jpg,The Kingdom of the Winds (2008) [vP0re_4f].jpg,matched,199518,900,1316,JPEG,c830d422894ba917ae379011503515f5cd3c22260569b6fcd8f76139083e4a5b
304,Xdbrwx_4f,Introverted Boss,"Jan 16, 2017 - Mar 14, 2017",Introverted Boss (2017) [Xdbrwx_4f].jpg,Introverted Boss (2017) [Xdbrwx_4f].jpg,matched,166413,800,1157,JPEG,cafb811fc0aa2cfd93736c20b51b7e493e74caf9fdea6ef4bb15ec3e06b73509
305,dRPqdf,Mother,"Jan 24, 2018 - Mar 15, 2018",Mother (2018) [dRPqdf].jpg,Mother (2018) [dRPqdf].jpg,matched,195104,900,1301,JPEG,a8b75068e9beb33726fe0503253cfec23b956b78fc69e10ba959afdc271d3cb5
306,xAbwyf,Queen of the Ring,"Mar 6, 2017 - Mar 24, 2017",Queen of the Ring (2017) [xAbwyf].jpg,Queen of the Ring (2017) [xAbwyf].jpg,matched,66339,550,820,JPEG,d452e2e39149d304fd766c194d6d5a9d3db8216f91eb3eca2357fd5f3676f9a8
307,8qzDlf,Positive Physique,"Oct 31, 2016 - Nov 4, 2016",Positive Physique (2016) [8qzDlf].jpg,Positive Physique (2016) [8qzDlf].jpg,matched,163009,660,946,JPEG,0814d0cf86078660cab61d099c16f89e4acd355d7ee9b67330fc29c256a4df01
308,VKAjEf,Vivid Romance,"Feb 16, 2017 - Mar 2, 2017",Vivid Romance (2017) [VKAjEf].jpg,Vivid Romance (2017) [VKAjEf].jpg,matched,112599,550,820,JPEG,1a2efd9d76c5c348d2a379433151146ca4f3e7175ea6d80745e2dd781a828b10
309,BqZxqf,7 First Kisses,"Dec 5, 2016 - Jan 5, 2017",7 First Kisses (2016) [BqZxqf].jpg,7 First Kisses (2016) [BqZxqf].jpg,matched,210438,900,1315,JPEG,7d6fcd67b1d2baac5715ead7687d7c72ce1c9161d10ed1cf6da5ead453fe105c
310,XZngpf,My Secret Romance,"Apr 17, 2017 - May 30, 2017",My Secret Romance (2017) [XZngpf].jpg,My Secret Romance (2017) [XZngpf].jpg,matched,95815,540,807,JPEG,e102d472267896d84519a7357eb62599f50495a1ffb740a34c14fd01a79307a8
311,Z8kn7f,Queen Seon Deok,"May 25, 2009 - Dec 22, 2009",Queen Seon Deok (2009) [Z8kn7f].jpg,Queen Seon Deok (2009) [Z8kn7f].jpg,matched,241649,748,1116,JPEG,bd018327e89ab001829f676ed76055ee3affe1615fdc876c20ed986c6d8f5dc8
312,jQV45J_4f,While You Were Sleeping,"Sep 27, 2017 - Nov 16, 2017",While You Were Sleeping (2017) [jQV45J_4f].jpg,While You Were Sleeping (2017) [jQV45J_4f].jpg,matched,212675,900,1289,JPEG,a3a13143e6796d405b44db73a72abb34a4cc6aa28027a903d7beb13f2d0240c6
313,631jKf,Bad Guys: City of Evil,"Dec 16, 2017 - Feb 4, 2018",Bad Guys_ City of Evil (2017) [631jKf].jpg,Bad Guys_ City of Evil (2017) [631jKf].jpg,matched,182425,600,907,JPEG,c60efa2cfefec28d92dde72ef94af82998a22aec1f374d675cff73202ef9a8a3
314,veEWDf,W: The Unfinished Story,"Sep 17, 2016",W_ The Unfinished Story (2016) [veEWDf].jpg,W_ The Unfinished Story (2016) [veEWDf].jpg,matched,191679,770,1080,JPEG,a1c72c67abf3f81fc71ee69457fe989c595ffc66e090c7b795335cc5cbcb7bdd
315,6gZRjf,My Romantic Some Recipe,"Nov 14, 2016 - Nov 22, 2016",My Romantic Some Recipe (2016) [6gZRjf].jpg,My Romantic Some Recipe (2016) [6gZRjf].jpg,matched,106630,499,748,JPEG,035ecc8f87fa9e00b0c7348230ab32db9223654da4d3fa5b00fd3183efb372cb
316,jWvbyf,Strongest Deliveryman,"Aug 4, 2017 - Sep 23, 2017",Strongest Deliveryman (2017) [jWvbyf].jpg,Strongest Deliveryman (2017) [jWvbyf].jpg,matched,120308,685,1024,JPEG,24247896b700fe8bd2a349b5b6b0bb56c5a93c80420f2a9f7b3d37fe44770333
317,JkryYf,Tunnel,"Mar 25, 2017 - May 21, 2017",Tunnel (2017) [JkryYf].jpg,Tunnel (2017) [JkryYf].jpg,matched,75789,530,755,JPEG,fc1e75f8e11c3bd38cd41cb0f9c218c73d3a86adbdf2675b22a391306c632b4a
318,RWmyxf,Love for a Thousand More,"Dec 5, 2016 - Dec 23, 2016",Love for a Thousand More (2016) [RWmyxf].jpg,Love for a Thousand More (2016) [RWmyxf].jpg,matched,157494,720,919,JPEG,954260cc09e3e3121e0e1c360921a9abc11317aa00d232b6031334e684db942c
319,14yyQf,Ms. Perfect,"Feb 27, 2017 - May 2, 2017",Ms. Perfect (2017) [14yyQf].jpg,Ms. Perfect (2017) [14yyQf].jpg,matched,111843,550,789,JPEG,f3f29311af9fb810ca90fee5845c5d41e940add43c9fa5f5fce82689f89fa4f9
320,wAEBYf,The Miracle,"Dec 12, 2016 - Dec 23, 2016",The Miracle (2016) [wAEBYf].jpg,The Miracle (2016) [wAEBYf].jpg,matched,95583,450,628,JPEG,42835c6d38952190cd34af15a243c2cbd6a62419edc4a7b6b006e190630bfbac
321,A7eQvf,109 Strange Things,"Feb 1, 2017 - Feb 16, 2017",109 Strange Things (2017) [A7eQvf].jpg,109 Strange Things (2017) [A7eQvf].jpg,matched,101583,540,774,JPEG,afdc707d63fd53c3fa32039b758aac322f64773d1182fa377196aff7ede9b81f
322,XZWAgf,The Liar and His Lover,"Mar 20, 2017 - May 9, 2017",The Liar and His Lover (2017) [XZWAgf].jpg,The Liar and His Lover (2017) [XZWAgf].jpg,matched,153305,540,780,JPEG,2e6466ef1a8ed7c070e8fa536bd499f70275ec4a212213e88773e26b2f6e7b72
323,j0p0df,My Father Is Strange,"Mar 4, 2017 - Aug 27, 2017",My Father Is Strange (2017) [j0p0df].jpg,My Father Is Strange (2017) [j0p0df].jpg,matched,288536,896,1280,JPEG,3bfcfe6b752f5268f7c1c6557394824a1d75bc5e366c68e2d5af8aa7f539f9f3
324,E7ngzf,My Runway,"Dec 31, 2016",My Runway (2016) [E7ngzf].jpg,My Runway (2016) [E7ngzf].jpg,matched,144176,750,938,JPEG,e9377888c5c3431e9de81e7a5e04f59b17292a1bba722e546279503e141f37ab
325,1o3zzf,Stranger,"Jun 10, 2017 - Jul 30, 2017",Stranger (2017) [1o3zzf].jpg,Stranger (2017) [1o3zzf].jpg,matched,248749,900,1302,JPEG,87d78661a087cd7e57a65e1b596a74d426438c94ce102286ffc72d530a7858e7
326,anO5Bf,Warrior Baek Dong Soo,"Jul 4, 2011 - Oct 10, 2011",Warrior Baek Dong Soo (2011) [anO5Bf].jpg,Warrior Baek Dong Soo (2011) [anO5Bf].jpg,matched,59790,421,600,JPEG,dc29ce40fa5653c7799527a72dca99245639a671b1dd6ba86536240fc9927bf5
327,dzDLbf,Naked Fireman,"Jan 12, 2017 - Jan 19, 2017",Naked Fireman (2017) [dzDLbf].jpg,Naked Fireman (2017) [dzDLbf].jpg,matched,143979,600,850,JPEG,b5210bb1fe78fe9fe1b06c88847a21da9fca176451ec6c1ca798dfd1eb2ad779
328,XZkXqf,Ruby Ruby Love,"Jan 18, 2017 - Jan 26, 2017",Ruby Ruby Love (2017) [XZkXqf].jpg,Ruby Ruby Love (2017) [XZkXqf].jpg,matched,74546,480,700,JPEG,5fa8a43c1d4c75ac2c48913aa6bc7dfd926782ed2051e86cc3e0f8e029db3f8e
329,Z8QV8f,God's Quiz Season 2,"Jun 10, 2011 - Aug 26, 2011",God's Quiz Season 2 (2011) [Z8QV8f].jpg,God's Quiz Season 2 (2011) [Z8QV8f].jpg,matched,135319,802,1154,JPEG,7b04103a2b0b205258673170ea6f95d10161faf85b59edf23d50c47a8dff131c
330,0BY5Yf,The Legend of the Blue Sea - The Legend Continues,"Dec 29, 2016",The Legend of the Blue Sea - The Legend Continues (2016) [0BY5Yf].jpg,The Legend of the Blue Sea - The Legend Continues (2016) [0BY5Yf].jpg,matched,31992,300,450,JPEG,c33fc5698c476c6eee87f605196284b9010440d1059b06b38c4c057d4b336b84
331,qke0df,Frozen Love,"Feb 5, 2017 - Feb 12, 2017",Frozen Love (2017) [qke0df].jpg,Frozen Love (2017) [qke0df].jpg,matched,145962,900,1345,JPEG,02ddb3c8c5f18ca09d6ff704a9bd9274a2ce7eda59a1c408bca9b84c8612e475
332,nOQjWf,My Lovely Sam Soon,"Jun 1, 2005 - Jul 21, 2005",My Lovely Sam Soon (2005) [nOQjWf].jpg,My Lovely Sam Soon (2005) [nOQjWf].jpg,matched,33080,300,420,JPEG,b8dfb2057111cd61dc9021e476c0774eff7e6179884a36e22d8edaeefda0b1b4
333,B2QQ5f,Love Alarm,"Aug 22, 2019",Love Alarm (2019) [B2QQ5f].jpg,Love Alarm (2019) [B2QQ5f].jpg,matched,107960,800,1140,JPEG,930103ad9f93d0341b6ec8cb856849624b13ee99f6b6f8a34bfb7d96a8a4899f
334,Nvw7Ef,Andante,"Sep 24, 2017 - Jan 7, 2018",Andante (2017) [Nvw7Ef].jpg,Andante (2017) [Nvw7Ef].jpg,matched,163898,900,1269,JPEG,272488de215d16c6608f9f5675fded4853ea92e62e3c6165cfba83c268605670
335,nvWK2f,Criminal Minds,"Jul 26, 2017 - Sep 28, 2017",Criminal Minds (2017) [nvWK2f].jpg,Criminal Minds (2017) [nvWK2f].jpg,matched,154655,600,868,JPEG,a886cf4d296db36260e019af50d8cf0c7c8207f48c758a3332e1d72fd9005898
336,2Pxe2_4f,"At a Distance, Spring Is Green","Jun 14, 2021 - Jul 20, 2021","At a Distance, Spring Is Green (2021) [2Pxe2_4f].jpg","At a Distance, Spring Is Green (2021) [2Pxe2_4f].jpg",matched,169588,600,856,JPEG,ad84e38fe6f45a694bbcc1ef5f449051d91014a1eb3cc04f42c0894ae77800b9
337,l7nbQf,"Dr. Romantic: APPENDIX, The Beginning of Everything","Jan 17, 2017","Dr. Romantic_ APPENDIX, The Beginning of Everything (2017) [l7nbQf].jpg","Dr. Romantic_ APPENDIX, The Beginning of Everything (2017) [l7nbQf].jpg",matched,36282,581,770,JPEG,b4216659863754c1716940db15e6a6be3b551fdb9c4555eae070d0186657b0ca
338,XZlzqf,The Boy Next Door,"Apr 3, 2017 - Apr 28, 2017",The Boy Next Door (2017) [XZlzqf].jpg,The Boy Next Door (2017) [XZlzqf].jpg,matched,180698,640,924,JPEG,8327833fd7c9ac8a8bbbfd6975229319b4c07b90becde99e30d9e2b85f77fd11
339,Y8PRPf,Queen of Mystery,"Apr 5, 2017 - May 25, 2017",Queen of Mystery (2017) [Y8PRPf].jpg,Queen of Mystery (2017) [Y8PRPf].jpg,matched,171118,900,1286,JPEG,e1a8ce6419dea9e92fbbe9e2df7a35c78a77bf0789f5aebe44e78ff6a2fe4977
340,oEn06f,Radiant Office,"Mar 15, 2017 - May 4, 2017",Radiant Office (2017) [oEn06f].jpg,Radiant Office (2017) [oEn06f].jpg,matched,326973,900,1342,JPEG,9e6c7a521cb850480421b3f63444709d427dce159df3e6fa0c74d0f9b7ea489a
341,6LQRjf,King Maker: The Change of Destiny,"May 17, 2020 - Jul 26, 2020",King Maker_ The Change of Destiny (2020) [6LQRjf].jpg,King Maker_ The Change of Destiny (2020) [6LQRjf].jpg,matched,61020,430,644,JPEG,98e9569ab24d14526fa53f9299b44a0c0f7189bfb1c52770e70c511f5d2e6f2b
342,Jkd1jf,Chicago Typewriter,"Apr 7, 2017 - Jun 3, 2017",Chicago Typewriter (2017) [Jkd1jf].jpg,Chicago Typewriter (2017) [Jkd1jf].jpg,matched,88901,520,751,JPEG,c8edd3ba12407e7f94343fa05ded0a5617f9437b787ac48a0445b5a196ea5f88
343,yNNddf,The Guardians,"May 22, 2017 - Jul 11, 2017",The Guardians (2017) [yNNddf].jpg,The Guardians (2017) [yNNddf].jpg,matched,89344,530,792,JPEG,c8f0eb756004a95c323fd31a83f341cda921e5b713e8e6f1f90a5dd2d3e539c5
344,nv0kQf,Fight for My Way,"May 22, 2017 - Jul 11, 2017",Fight for My Way (2017) [nv0kQf].jpg,Fight for My Way (2017) [nv0kQf].jpg,matched,91157,540,768,JPEG,91e3573d70333caec92bdfaeb0d4595ddaaa69b7eca400fcd1b3fabd2bea46d3
345,qkwj0f,School 2017,"Jul 17, 2017 - Sep 5, 2017",School 2017 (2017) [qkwj0f].jpg,School 2017 (2017) [qkwj0f].jpg,matched,101001,434,618,JPEG,2a37f9fdf53b534a94b960a979c3ba6c3f79bc9e3035b9287bb2967600498cf4
346,gWz4Wf,Age of Youth Season 2,"Aug 25, 2017 - Oct 7, 2017",Age of Youth Season 2 (2017) [gWz4Wf].jpg,Age of Youth Season 2 (2017) [gWz4Wf].jpg,matched,260707,842,1200,JPEG,8e4c8998767f3e1a0a9dc5ab31c75fef58f9b9cafb8bf47f6ffa82e29eda744a
347,OrgxLf,Band of Sisters,"Apr 15, 2017 - Oct 14, 2017",Band of Sisters (2017) [OrgxLf].jpg,Band of Sisters (2017) [OrgxLf].jpg,matched,64631,400,598,JPEG,ee760d73a5336814413720d13fb60a9faecb8ee431490b391005ea75604e4a48
348,82x4Qf,Duel,"Jun 3, 2017 - Jul 23, 2017",Duel (2017) [82x4Qf].jpg,Duel (2017) [82x4Qf].jpg,matched,198633,794,1200,JPEG,5dbe11aa5aa2598c7ad0a8bc12ad02e3b0419f0199f7eb2764c8ee2a8d343f18
349,YYnvyQ_4f,Save Me,"Aug 5, 2017 - Sep 24, 2017",Save Me (2017) [YYnvyQ_4f].jpg,Save Me (2017) [YYnvyQ_4f].jpg,matched,167449,900,1361,JPEG,cbd0676de09209f59d54de854a147578bfa6be9a9cf90a56c9b7f5bd2231e62d
350,vQvO2f,Suspicious Partner,"May 10, 2017 - Jul 13, 2017",Suspicious Partner (2017) [vQvO2f].jpg,Suspicious Partner (2017) [vQvO2f].jpg,matched,118527,560,837,JPEG,0da90038bb3647039c0fed43fa8cb6fa9543ac4383652a536c9fae140d256b06
351,elgEef,Hit the Top,"Jun 2, 2017 - Jul 22, 2017",Hit the Top (2017) [elgEef].jpg,Hit the Top (2017) [elgEef].jpg,matched,163378,694,1000,JPEG,ff160fa0f4f6c4338b415e8515e33ead8a6beaf766fae4d01765e09c501124bd
352,xXK7yf,Prison Playbook,"Nov 22, 2017 - Jan 18, 2018",Prison Playbook (2017) [xXK7yf].jpg,Prison Playbook (2017) [xXK7yf].jpg,matched,190256,900,1274,JPEG,05be40b47d5754c5e4f63d7299e40a324b5459f38caa5d579052873583d6c32b
353,rkVXDf,Circle,"May 22, 2017 - Jun 27, 2017",Circle (2017) [rkVXDf].jpg,Circle (2017) [rkVXDf].jpg,matched,80234,520,739,JPEG,ae70618137a2eb7017e3d40f7598c047b2a3bba306387b64af11591011858ab5
354,V42myf,20th Century Boy and Girl,"Oct 9, 2017 - Nov 28, 2017",20th Century Boy and Girl (2017) [V42myf].jpg,20th Century Boy and Girl (2017) [V42myf].jpg,matched,263735,900,1343,JPEG,2e7f73ab17a6f64b3e301146956b5270f63387eadfa1368ee18b65bc36af5917
355,BzeWl_4f,Lovers of the Red Sky,"Aug 30, 2021 - Oct 26, 2021",Lovers of the Red Sky (2021) [BzeWl_4f].jpg,Lovers of the Red Sky (2021) [BzeWl_4f].jpg,matched,102163,650,917,JPEG,0a697fb1668525a71863c3193ab967fa5c019cf7e65ba1088d8fce727c3aab70
356,rkm5pf,To the Beautiful You,"Aug 15, 2012 - Oct 4, 2012",To the Beautiful You (2012) [rkm5pf].jpg,To the Beautiful You (2012) [rkm5pf].jpg,matched,375296,900,1260,JPEG,9ce9bc081e76932890a9f088d29f32222500a77647350c6a720784d363861b45
357,d4d1Wf,Kingdom,"Jan 25, 2019",Kingdom (2019) [d4d1Wf].jpg,Kingdom (2019) [d4d1Wf].jpg,matched,247516,900,1333,JPEG,333a629dbda7a1714341763e03642c160a6b85ef31811a42af62377fcf6d17d6
358,X4Z0Of,"Bad Thief, Good Thief","May 13, 2017 - Nov 5, 2017","Bad Thief, Good Thief (2017) [X4Z0Of].jpg","Bad Thief, Good Thief (2017) [X4Z0Of].jpg",matched,204974,900,1350,JPEG,29e195e65c6811b199181946fe705098e89e36f0ddd07bcfd46b6db80ee693c3
359,kok2kf,Queen for Seven Days,"May 31, 2017 - Aug 3, 2017",Queen for Seven Days (2017) [kok2kf].jpg,Queen for Seven Days (2017) [kok2kf].jpg,matched,91590,560,837,JPEG,275851c08437df51811ba31eeda0c8bbb511c12c4d522e597ab7f5bdf2cbb1c6
360,XK5dnf,Wednesday 3:30 PM,"May 31, 2017 - Jun 14, 2017",Wednesday 3_30 PM (2017) [XK5dnf].jpg,Wednesday 3_30 PM (2017) [XK5dnf].jpg,matched,199981,900,1297,JPEG,fc95c353e599660de78fc31975af5f3f1d7a0de37214915c6c367bd7505e649f
361,ZeVdY_4f,Are You Human Too?,"Jun 4, 2018 - Aug 7, 2018",Are You Human Too_ (2018) [ZeVdY_4f].jpg,Are You Human Too_ (2018) [ZeVdY_4f].jpg,matched,197437,900,1273,JPEG,2c20a6ba9046eaa80be1bf6b648cb282f0c1473e6fd0c18cf461490679152f3f
362,xkNgyf,Hospital Ship,"Aug 30, 2017 - Nov 2, 2017",Hospital Ship (2017) [xkNgyf].jpg,Hospital Ship (2017) [xkNgyf].jpg,matched,73157,480,717,JPEG,8d4c40ba43d58ef5901380be80d0bcd00607b544ec16cb6791d1f37b27ac47d6
363,Yojygf,Magic School,"Sep 11, 2017 - Oct 6, 2017",Magic School (2017) [Yojygf].jpg,Magic School (2017) [Yojygf].jpg,matched,40953,300,431,JPEG,636214af0967e835022bfc00ddc0bdee1fefec66ab291077c998b5920bdbf2d6
364,peEX8_4f,Casting a Spell to You,"Dec 9, 2021",Casting a Spell to You (2021) [peEX8_4f].jpg,Casting a Spell to You (2021) [peEX8_4f].jpg,matched,64032,430,613,JPEG,128e5f75e401a0d2f6fdc9a3249348d17a1ddedcd128adb4234aa6c6fb166667
365,V453Qf,People You May Know,"Jul 31, 2017 - Aug 11, 2017",People You May Know (2017) [V453Qf].jpg,People You May Know (2017) [V453Qf].jpg,matched,56253,600,865,JPEG,89801659f92f3b970df15da559ea2a228f4d83dde1cf787fbe6d5af264498b85
366,558KZf,Man in the Kitchen,"Sep 2, 2017 - Mar 18, 2018",Man in the Kitchen (2017) [558KZf].jpg,Man in the Kitchen (2017) [558KZf].jpg,matched,199603,792,1181,JPEG,7385350bcfcc575a9ff36b08fce706cf5cbced702abb9f8f31538d8b3c2c57db
367,pkz2Vf,Falsify,"Jul 24, 2017 - Sep 12, 2017",Falsify (2017) [pkz2Vf].jpg,Falsify (2017) [pkz2Vf].jpg,matched,221031,804,1200,JPEG,fc81064ed744776558906204012273e07aa75bf7edf9c7317a8b750d5b9c707e
368,2NjmWf,Temperature of Love,"Sep 18, 2017 - Nov 21, 2017",Temperature of Love (2017) [2NjmWf].jpg,Temperature of Love (2017) [2NjmWf].jpg,matched,202218,800,1150,JPEG,861e46d60a12bd25476fa6702bce7df852176807d7cc7757cced71e54a4f6ce0
369,PdR0Rf,Reunited Worlds,"Jul 19, 2017 - Sep 21, 2017",Reunited Worlds (2017) [PdR0Rf].jpg,Reunited Worlds (2017) [PdR0Rf].jpg,matched,90252,461,690,JPEG,395a8a5e51b6fb39c4eea3fe4fff4a427cb208fd4fdd06bb0c2189d77b75e88d
370,pk7NEf,The Happy Loner,"May 8, 2017 - May 9, 2017",The Happy Loner (2017) [pk7NEf].jpg,The Happy Loner (2017) [pk7NEf].jpg,matched,45720,404,588,JPEG,780d04c4e36372a1d842ffae01f7e51b2bc88ae91fca612987e15cfba06b70e7
371,1wJE6f,Alone in Love,"Apr 3, 2006 - May 23, 2006",Alone in Love (2006) [1wJE6f].jpg,Alone in Love (2006) [1wJE6f].jpg,matched,38265,365,545,JPEG,1b62bab12af8be3dd5dc89507bb0655a6dcc77b28f52f24b83722c268d23606e
372,7nKBDf,Manhole,"Aug 9, 2017 - Sep 28, 2017",Manhole (2017) [7nKBDf].jpg,Manhole (2017) [7nKBDf].jpg,matched,101150,720,1020,JPEG,11efad08dd5c950072e3307f3316cf98468288db1f07abf2a02b98439cfbba32
373,rYPryf,The Smile Has Left Your Eyes,"Oct 3, 2018 - Nov 22, 2018",The Smile Has Left Your Eyes (2018) [rYPryf].jpg,The Smile Has Left Your Eyes (2018) [rYPryf].jpg,matched,135644,635,905,JPEG,7662ca15f926ef5c1521437d50e98871f3537e34f1adb9ba3f0adb834909cfbb
374,qkgD5f,Live Up to Your Name,"Aug 12, 2017 - Oct 1, 2017",Live Up to Your Name (2017) [qkgD5f].jpg,Live Up to Your Name (2017) [qkgD5f].jpg,matched,183188,720,1041,JPEG,82b54ebb001d2ab3f8c37e31e1436b87ebbe4d8527a1d48a09c47a5f5c9c133e
375,X4QEZf,Black,"Oct 14, 2017 - Dec 10, 2017",Black (2017) [X4QEZf].jpg,Black (2017) [X4QEZf].jpg,matched,74104,540,818,JPEG,8ea9b75b7f8afd7ed6941bc082e8b020535d6ebc52ea7df02ba62d24764b1d6c
376,NvVXnf,Last Minute Romance,"Oct 23, 2017 - Nov 3, 2017",Last Minute Romance (2017) [NvVXnf].jpg,Last Minute Romance (2017) [NvVXnf].jpg,matched,68478,540,762,JPEG,a842461f6db90e4243e7454b301a09773d4d120dbf34e6b3a215f03698b01cf7
377,oV54xf,Meloholic,"Nov 6, 2017 - Dec 5, 2017",Meloholic (2017) [oV54xf].jpg,Meloholic (2017) [oV54xf].jpg,matched,198417,900,1289,JPEG,27ac04084eaeeaae34050934c5ca782b90f35207dc2e5813b888e5f4031613c0
378,960K0f,Myung Wol the Spy,"Jul 11, 2011 - Sep 6, 2011",Myung Wol the Spy (2011) [960K0f].jpg,Myung Wol the Spy (2011) [960K0f].jpg,matched,240897,900,1350,JPEG,b2c74101c4f46b614142ba65ddabb4c3968f0b82b5be3534ee13d49240b6eb75
379,922k9f,Biscuit Teacher and Star Candy,"Apr 13, 2005 - Jun 2, 2005",Biscuit Teacher and Star Candy (2005) [922k9f].jpg,Biscuit Teacher and Star Candy (2005) [922k9f].jpg,matched,55572,510,510,JPEG,41b5f03053a1568c95407025b4bb28bf3dcdcba3bf1945b8e32f6e2413fc855e
380,vKrdW_4f,Mr. Sunshine,"Jul 7, 2018 - Sep 30, 2018",Mr. Sunshine (2018) [vKrdW_4f].jpg,Mr. Sunshine (2018) [vKrdW_4f].jpg,matched,169899,900,1317,JPEG,fd897ebb1b3aad43b11470bb28691d1eadff96675e90b358291c4a322a1316d1
381,1oA1Kf,Somehow 18,"Aug 28, 2017 - Sep 8, 2017",Somehow 18 (2017) [1oA1Kf].jpg,Somehow 18 (2017) [1oA1Kf].jpg,matched,69800,540,807,JPEG,b3e7c74cc58b49e9d80919f29243b4db988884d78813d47f3d7f91a603e5528f
382,4571df,Argon,"Sep 4, 2017 - Sep 26, 2017",Argon (2017) [4571df].jpg,Argon (2017) [4571df].jpg,matched,33712,300,428,JPEG,ef0790446dcef23c3e287d01c501abe71a117cd58fed084a2c4f8dd315cd3b1d
383,LpQwbf,My Golden Life,"Sep 2, 2017 - Mar 11, 2018",My Golden Life (2017) [LpQwbf].jpg,My Golden Life (2017) [LpQwbf].jpg,matched,109906,680,1000,JPEG,e3ac803e4d06ef0fdbbea2fc4ab2fe58a5e073c4a62cc74467017be01173f5d7
384,PdJJ0f,Seventeen,"Apr 27, 2017 - May 27, 2017",Seventeen (2017) [PdJJ0f].jpg,Seventeen (2017) [PdJJ0f].jpg,matched,44740,350,517,JPEG,a7c208ef18aac997332d80a8d03e4e9a1e3aebda78c7ba79694ff0c1d9af6584
385,b3blwf,Full House,"Jul 14, 2004 - Sep 2, 2004",Full House (2004) [b3blwf].jpg,Full House (2004) [b3blwf].jpg,matched,70625,460,697,JPEG,a8746d259d1b9ce137cecb01dc7b9c8abac1fe138c17ad852491766a2c638fae
386,Lw8pBf,Stairway to Heaven,"Dec 3, 2003 - Feb 5, 2004",Stairway to Heaven (2003) [Lw8pBf].jpg,Stairway to Heaven (2003) [Lw8pBf].jpg,matched,73976,500,658,JPEG,82d73b21714876c38fa7f7856d878cdfc1ac320688830fb7349be47bb55ffccb
387,5o0gef,Live,"Mar 10, 2018 - May 6, 2018",Live (2018) [5o0gef].jpg,Live (2018) [5o0gef].jpg,matched,179803,800,1100,JPEG,54541f5f97bcd65c5b639ed18f351c9dd4491c9e688e8944b26559743def3f9a
388,63XdPf,Two Cops,"Nov 27, 2017 - Jan 16, 2018",Two Cops (2017) [63XdPf].jpg,Two Cops (2017) [63XdPf].jpg,matched,185523,800,1100,JPEG,729316dd97cf994e74ec08e94ba11b149737afdb8bc27b521c07453540e6292c
389,OrP1df,A Korean Odyssey,"Dec 23, 2017 - Mar 4, 2018",A Korean Odyssey (2017) [OrP1df].jpg,A Korean Odyssey (2017) [OrP1df].jpg,matched,160397,900,1301,JPEG,12ee2ca406c5479141101c663ca7af7cda79f1f183f5739eb53dc44f5ecb11af
390,DX3K5f,About Time,"May 21, 2018 - Jul 10, 2018",About Time (2018) [DX3K5f].jpg,About Time (2018) [DX3K5f].jpg,matched,60798,540,780,JPEG,1c92ccfad2ed683ea4c817086a40e580472559844f3b933bd21ec9ee68829d10
391,MBNqRf,I Need Romance,"Jun 8, 2011 - Aug 2, 2011",I Need Romance (2011) [MBNqRf].jpg,I Need Romance (2011) [MBNqRf].jpg,matched,177332,900,1368,JPEG,32f159c18df264caedcbcd252605d9c9b39ecdc8271bd17283da7501ebc7ff90
392,E50pmf,Unstoppable High Kick,"Nov 6, 2006 - Jul 13, 2007",Unstoppable High Kick (2006) [E50pmf].jpg,Unstoppable High Kick (2006) [E50pmf].jpg,matched,43249,320,454,JPEG,8908fd8076a94c081cd739229a1fbd48649285d96bd7b0fadda061d7caa34295
393,pklKDf,Mad Dog,"Oct 11, 2017 - Nov 30, 2017",Mad Dog (2017) [pklKDf].jpg,Mad Dog (2017) [pklKDf].jpg,matched,98055,530,794,JPEG,cb1559ef6d570f622a360555674508d770436aa8316abd2279650a262ed7a806
394,MRvgMf,Cinderella Man,"Apr 15, 2009 - Jun 4, 2009",Cinderella Man (2009) [MRvgMf].jpg,Cinderella Man (2009) [MRvgMf].jpg,matched,50143,412,599,JPEG,f3de6ab649ef9d62ffa96c60e27a655dcb02f56037727ad121510df26f36a693
395,q2WrDf,Misty,"Feb 2, 2018 - Mar 24, 2018",Misty (2018) [q2WrDf].jpg,Misty (2018) [q2WrDf].jpg,matched,125146,864,1238,JPEG,1527ecb7c3fa8b8f186bf11486b273a4cabe7f14845fd8ce043de4f1458b82ba
396,rkKPmf,Just Between Lovers,"Dec 11, 2017 - Jan 30, 2018",Just Between Lovers (2017) [rkKPmf].jpg,Just Between Lovers (2017) [rkKPmf].jpg,matched,125754,800,1143,JPEG,5617e98668740297105d3a2c641c16887f0e5799120f2931fc521d0b8b687101
397,w0Q8gf,Revolutionary Love,"Oct 14, 2017 - Dec 3, 2017",Revolutionary Love (2017) [w0Q8gf].jpg,Revolutionary Love (2017) [w0Q8gf].jpg,matched,77258,530,766,JPEG,667e2f6fbe4ac52dce9975232733fed19ebe752da455dee8763feb7d97b279d2
398,X4LAdf,I'm Not a Robot,"Dec 6, 2017 - Jan 25, 2018",I'm Not a Robot (2017) [X4LAdf].jpg,I'm Not a Robot (2017) [X4LAdf].jpg,matched,150975,900,1328,JPEG,fdb8a464c9f220751f656fca9ee14ad7c0cdb2539d8bad2e9383d6f5ab960aa7
399,EDwzbf,Avengers Social Club,"Oct 11, 2017 - Nov 16, 2017",Avengers Social Club (2017) [EDwzbf].jpg,Avengers Social Club (2017) [EDwzbf].jpg,matched,110581,558,800,JPEG,e7156378854bc65f0ba8c07333aa29f322ffbde395671ddee04312ed275749ae
400,lOL8Lf,Untouchable,"Nov 24, 2017 - Jan 20, 2018",Untouchable (2017) [lOL8Lf].jpg,Untouchable (2017) [lOL8Lf].jpg,matched,118649,661,1000,JPEG,59eb846fe4906e91f9cdf0e8846badbf03255f871bc4d488b77822baf16ca59c
401,EJyvbf,Love Playlist,"Mar 9, 2017 - Apr 1, 2017",Love Playlist (2017) [EJyvbf].jpg,Love Playlist (2017) [EJyvbf].jpg,matched,138959,900,1246,JPEG,bd640bbd42a30f27e5a40511ed550c40b860cf0c6174a6a5db7e71fc5a7bade5
402,33Zwmf,Love Playlist Season 2,"Jun 29, 2017 - Aug 12, 2017",Love Playlist Season 2 (2017) [33Zwmf].jpg,Love Playlist Season 2 (2017) [33Zwmf].jpg,matched,201722,900,1305,JPEG,16fc449521aa6429796a7e4d40a47dd4f06aad3a61e8173a949301b8739de921
403,AYJQPf,Queen of Mystery Season 2,"Feb 28, 2018 - Apr 19, 2018",Queen of Mystery Season 2 (2018) [AYJQPf].jpg,Queen of Mystery Season 2 (2018) [AYJQPf].jpg,matched,79377,540,771,JPEG,759c5db2f2cf3f9450166e07ca37ae13e83ec84dd48d25b58045c7c2eda27272
404,XdbAxf,Spring Waltz,"Mar 6, 2006 - May 16, 2006",Spring Waltz (2006) [XdbAxf].jpg,Spring Waltz (2006) [XdbAxf].jpg,matched,46660,400,570,JPEG,6558c0bdaee55ffcf8a8fbeb34dfdc16698da9c0939bd049a16ea5b8d8104092
405,2q5zWf,Sweet Revenge,"Oct 27, 2017 - Jan 5, 2018",Sweet Revenge (2017) [2q5zWf].jpg,Sweet Revenge (2017) [2q5zWf].jpg,matched,248975,900,1360,JPEG,4ece42bb938a6080a5b4c07f9fb178d726cc3f1619fa46419169841ec1145ad2
406,V4zWEf,Girls' Generation 1979,"Sep 11, 2017 - Oct 3, 2017",Girls' Generation 1979 (2017) [V4zWEf].jpg,Girls' Generation 1979 (2017) [V4zWEf].jpg,matched,112306,540,764,JPEG,4213494d2e5ba71ba1e6c6866e568f02524ad715ba917f670b92ef168e6781d4
407,7nKlef,I Am...,"Jul 24, 2017 - Jul 29, 2017",I Am... (2017) [7nKlef].jpg,I Am... (2017) [7nKlef].jpg,matched,54100,539,746,JPEG,d4e8f155c20cdb58505726f4272ba3689e4013f152c54379b2310affc2aba6ba
408,PdBoyf,Because This Is My First Life,"Oct 9, 2017 - Nov 28, 2017",Because This Is My First Life (2017) [PdBoyf].jpg,Because This Is My First Life (2017) [PdBoyf].jpg,matched,309694,900,1283,JPEG,d3b18a16b3759351debb3170ad2db1948f3d4fefb0a47339119d58ede1160a05
409,2kQO7_4f,Let's Eat Season 3,"Jul 16, 2018 - Aug 28, 2018",Let's Eat Season 3 (2018) [2kQO7_4f].jpg,Let's Eat Season 3 (2018) [2kQO7_4f].jpg,matched,157323,691,999,JPEG,dcf44203b66fdbabe20325fb9190abcf02d0635557f1cdbdd6d49b2f913481f7
410,nvNBxf,Devil Inspector,"Sep 12, 2017 - Sep 28, 2017",Devil Inspector (2017) [nvNBxf].jpg,Devil Inspector (2017) [nvNBxf].jpg,matched,64748,400,573,JPEG,6102d4e43e41aff4a4bdf973e9196c62678ca5fb46d315ee025c0b2868af113f
411,lJWQLf,Fluttering Warning,"Oct 31, 2018 - Dec 20, 2018",Fluttering Warning (2018) [lJWQLf].jpg,Fluttering Warning (2018) [lJWQLf].jpg,matched,92036,540,771,JPEG,3a1fdc99989dd266057fac4a8619428992fe288852ffec3a09a8f011b6e764e1
412,nvlr8f,Money Flower,"Nov 11, 2017 - Feb 3, 2018",Money Flower (2017) [nvlr8f].jpg,Money Flower (2017) [nvlr8f].jpg,matched,150378,800,1100,JPEG,8d0b373bf02925c5e0f46b4f79821f651af99d455a4d1e6d8ef0672ec6d1b299
413,OrD4df,Doubtful Victory,"Nov 27, 2017 - Jan 30, 2018",Doubtful Victory (2017) [OrD4df].jpg,Doubtful Victory (2017) [OrD4df].jpg,matched,228069,800,1100,JPEG,b7728fee81d154856aa977ad0dd0f3e3d8cdbe16fcb98a970c3256e6edb02a2c
414,w0RAYf,Go Back Couple,"Oct 13, 2017 - Nov 18, 2017",Go Back Couple (2017) [w0RAYf].jpg,Go Back Couple (2017) [w0RAYf].jpg,matched,261856,800,1100,JPEG,c135ad8e57050f48e222b05eec53b60dea6ee033884fd2e2bd3684323df79978
415,826d2f,Longing Heart,"Jan 8, 2018 - Feb 6, 2018",Longing Heart (2018) [826d2f].jpg,Longing Heart (2018) [826d2f].jpg,matched,35548,430,612,JPEG,e2fd8ddf34ce73efa3c0662784408a3abf4e8d77822d185a86eac20aa30563f9
416,nvY4Lf,Witch's Court,"Oct 9, 2017 - Nov 28, 2017",Witch's Court (2017) [nvY4Lf].jpg,Witch's Court (2017) [nvY4Lf].jpg,matched,176993,800,1100,JPEG,cb687a5bc56e70ae98a75f2ede233298b35726cd2898c528b9318c9111faea15
417,l0yv4f,City Hall,"Apr 29, 2009 - Jul 2, 2009",City Hall (2009) [l0yv4f].jpg,City Hall (2009) [l0yv4f].jpg,matched,80762,510,722,JPEG,70ce6edd8b082969dfc03a66510af38b2174e5461e28dc4d3929017cc2d15c6b
418,55Dv0f,Love Returns,"Nov 13, 2017 - May 4, 2018",Love Returns (2017) [55Dv0f].jpg,Love Returns (2017) [55Dv0f].jpg,matched,156129,800,1100,JPEG,4d05582571a9fd133ee6f1808ebfedac29ce80298712e1abae2a8e64f36b795d
419,2lb8k_4f,My Mister,"Mar 21, 2018 - May 17, 2018",My Mister (2018) [2lb8k_4f].jpg,My Mister (2018) [2lb8k_4f].jpg,matched,230634,800,1140,JPEG,52de200ef379bd8dd01e8ce1a56d3eb3c2e4f9cc9113b76845f06af0f09ac28f
420,yE4jBf,Something in the Rain,"Mar 30, 2018 - May 19, 2018",Something in the Rain (2018) [yE4jBf].jpg,Something in the Rain (2018) [yE4jBf].jpg,matched,165546,800,1140,JPEG,67abe8421927e342f1eae5f716ef750a347445183ea983b60258e1353b2ff0c2
421,BzwYV_4f,A Poem a Day,"Mar 26, 2018 - May 15, 2018",A Poem a Day (2018) [BzwYV_4f].jpg,A Poem a Day (2018) [BzwYV_4f].jpg,matched,159962,900,1274,JPEG,9eb558b11df1dadb5594e67c8d153eeaeebc835d4136e73734f20c42efeaa6d3
422,Ebmym_4f,Autumn Tale,"Sep 18, 2000 - Nov 7, 2000",Autumn Tale (2000) [Ebmym_4f].jpg,Autumn Tale (2000) [Ebmym_4f].jpg,matched,83544,396,604,JPEG,820d3b8016d8374ae1331e4d7c30cf947a8658701248a960df7e190cfb4c6a8e
423,gWerof,Part-Time Idol,"Nov 27, 2017",Part-Time Idol (2017) [gWerof].jpg,Part-Time Idol (2017) [gWerof].jpg,matched,71795,400,600,JPEG,1d115c15ed4b22c42ca648c4b40b5cc4f53aa19b3548a4190bdfe7e0276405fa
424,lyB7Nf,Cross,"Jan 29, 2018 - Mar 20, 2018",Cross (2018) [lyB7Nf].jpg,Cross (2018) [lyB7Nf].jpg,matched,125152,900,1289,JPEG,f6f013c7869e637727d66fcc67aea0199e7293ee85ec3200fdd6db60b9a60286
425,bKKlVf,Return,"Jan 17, 2018 - Mar 22, 2018",Return (2018) [bKKlVf].jpg,Return (2018) [bKKlVf].jpg,matched,256631,800,1100,JPEG,6771e8f09fdca4e4337bf60e1c21fcd19d0664d0bedf17bc11f76d30053de17a
426,zE4eyf,Suits,"Apr 25, 2018 - Jun 14, 2018",Suits (2018) [zE4eyf].jpg,Suits (2018) [zE4eyf].jpg,matched,64125,671,960,JPEG,d479cbd8fa03416a944f0810355456e5bb84f37837b4841c433ddf844a94067e
427,dwxJ5f,Miss Hammurabi,"May 21, 2018 - Jul 16, 2018",Miss Hammurabi (2018) [dwxJ5f].jpg,Miss Hammurabi (2018) [dwxJ5f].jpg,matched,153351,637,959,JPEG,b3be0403e70a6a468f6333a97b9f97d55afef5890d650b1794e49391dbfe4118
428,x4kN8X_4f,Moving,"Aug 9, 2023 - Sep 20, 2023",Moving (2023) [x4kN8X_4f].jpg,Moving (2023) [x4kN8X_4f].jpg,matched,244626,900,1282,JPEG,86c466dc653f264e816598d0d2ca63b11104507f9d4661cfec89e3c437bd3cc8
429,oVkQNf,Judge vs. Judge,"Nov 22, 2017 - Jan 11, 2018",Judge vs. Judge (2017) [oVkQNf].jpg,Judge vs. Judge (2017) [oVkQNf].jpg,matched,188440,847,1200,JPEG,b079a00e172fa8d64e71775ff0c211aa6361c990e233f8bfdc2ff140da872afd
430,DkX1Df,I Am Your Teacher,"Aug 6, 2007 - Oct 2, 2007",I Am Your Teacher (2007) [DkX1Df].jpg,I Am Your Teacher (2007) [DkX1Df].jpg,matched,99803,596,850,JPEG,6a6cff81bcf48ef6a992795ef8a9df2bc23dbdaa857e13477ff7ec29c3d44586
431,rkoV7f,Jugglers,"Dec 4, 2017 - Jan 23, 2018",Jugglers (2017) [rkoV7f].jpg,Jugglers (2017) [rkoV7f].jpg,matched,79279,540,807,JPEG,781f015b234695aa06a43959cfe86af9859025c266fec8a464d37200c12d80dd
432,nvz0Ef,Black Knight: The Man Who Guards Me,"Dec 6, 2017 - Feb 8, 2018",Black Knight_ The Man Who Guards Me (2017) [nvz0Ef].jpg,Black Knight_ The Man Who Guards Me (2017) [nvz0Ef].jpg,matched,196216,900,1215,JPEG,3b6b47dd5af05bc3a7bf2c94a435545aecb3da26f6265aadb62f28ae4dc4bc8f
433,40Rqrf,Different Dreams,"May 4, 2019 - Jul 13, 2019",Different Dreams (2019) [40Rqrf].jpg,Different Dreams (2019) [40Rqrf].jpg,matched,77158,680,980,JPEG,b40929511366e3d73bd91a140c6ed82b2425a0b6692b6f11ac9ed8c5fb1b5de5
434,MX2znf,The Princess's Man,"Jul 20, 2011 - Oct 6, 2011",The Princess's Man (2011) [MX2znf].jpg,The Princess's Man (2011) [MX2znf].jpg,matched,180754,740,1078,JPEG,0655a9327f65b486b41b6bdb469bff968fa21be330c0f7849d65ef273d5f33eb
435,RP8jEf,Long Time No See,"Nov 23, 2017",Long Time No See (2017) [RP8jEf].jpg,Long Time No See (2017) [RP8jEf].jpg,matched,249578,900,1333,JPEG,6f2b75ba852f87023de04cdc61f36bbfcab6403c9ac18d697737a419e41318e4
436,244yEf,Grand Prince,"Mar 3, 2018 - May 6, 2018",Grand Prince (2018) [244yEf].jpg,Grand Prince (2018) [244yEf].jpg,matched,102005,530,750,JPEG,aae81b215ccafd912b9ea6c0044e4705abefdf7298f51bdc5b17758864aaac7b
437,yN176f,The Most Beautiful Goodbye,"Dec 9, 2017 - Dec 17, 2017",The Most Beautiful Goodbye (2017) [yN176f].jpg,The Most Beautiful Goodbye (2017) [yN176f].jpg,matched,132782,540,780,JPEG,2329864d2be74822495928c0eaa1ee55bfe6e1c20d1055d43d9fc79f55e4d509
438,g0NLYq_4f,Clean with Passion for Now,"Nov 26, 2018 - Feb 4, 2019",Clean with Passion for Now (2018) [g0NLYq_4f].jpg,Clean with Passion for Now (2018) [g0NLYq_4f].jpg,matched,222964,864,1306,JPEG,188f5371d566197110ae828706d90536691bfa4eb564a9e785998fb75dbb342f
439,yE7P4f,That Man Oh Soo,"Mar 5, 2018 - Apr 24, 2018",That Man Oh Soo (2018) [yE7P4f].jpg,That Man Oh Soo (2018) [yE7P4f].jpg,matched,191331,740,1070,JPEG,bde3e59e2988878d7d905b2c41a9eaab75a717e0297a16cc36002c44f55be967
440,404orf,The Sound of Your Heart: Reboot,"Oct 29, 2018",The Sound of Your Heart_ Reboot (2018) [404orf].jpg,The Sound of Your Heart_ Reboot (2018) [404orf].jpg,matched,141253,740,1060,JPEG,6872c8405bbe48a8cb15da0f6473350f3a6689904772800c4d4e49e948dd1e61
441,dwJ7Af,Rich Man,"May 9, 2018 - Jun 28, 2018",Rich Man (2018) [dwJ7Af].jpg,Rich Man (2018) [dwJ7Af].jpg,matched,102176,540,764,JPEG,bbef3d3a248784a385de63e3597756eb09d338e8433016a0a776905a1fa0d666
442,0yDKef,We Are Peaceful Brothers,"Oct 20, 2017 - Dec 8, 2017",We Are Peaceful Brothers (2017) [0yDKef].jpg,We Are Peaceful Brothers (2017) [0yDKef].jpg,matched,74329,678,960,JPEG,b893e81e390ac7c90555ccac609ececdf69f8878307fee231bb1bad3dea01597
443,xEp0yf,Voice Season 2,"Aug 11, 2018 - Sep 16, 2018",Voice Season 2 (2018) [xEp0yf].jpg,Voice Season 2 (2018) [xEp0yf].jpg,matched,105879,800,1140,JPEG,3bf0af319e3b29ae71c18813a05e0ef9f2eb2c5ea166549d5d7b62a9843ed30d
444,yE6K3f,Children of a Lesser God,"Mar 3, 2018 - Apr 22, 2018",Children of a Lesser God (2018) [yE6K3f].jpg,Children of a Lesser God (2018) [yE6K3f].jpg,matched,159257,800,1100,JPEG,07494b83db53972153b3052da2e36a78cd090a8aed86762f021095b0215c6998
445,6y0npf,Radio Romance,"Jan 29, 2018 - Mar 20, 2018",Radio Romance (2018) [6y0npf].jpg,Radio Romance (2018) [6y0npf].jpg,matched,94346,600,849,JPEG,4ded3f9718718a9f61ed8415208d0508a5d8f85735a90cbbdf6bc9e2515aba7e
446,EJJBWf,Tempted,"Mar 12, 2018 - May 1, 2018",Tempted (2018) [EJJBWf].jpg,Tempted (2018) [EJJBWf].jpg,matched,75429,643,960,JPEG,47d1ccd029bd364ed8bded897fad25a9fb07e4bc5b0e12c134db222a59675a9d
447,q2ln5f,Yellow,"Sep 21, 2017 - Oct 21, 2017",Yellow (2017) [q2ln5f].jpg,Yellow (2017) [q2ln5f].jpg,matched,259475,900,1305,JPEG,133b22402f01649fba21d0193ffe5dbec46d9b6aff279b1f321c72cbfb79b8bc
448,Xeyjdf,The Beauty Inside,"Oct 1, 2018 - Nov 20, 2018",The Beauty Inside (2018) [Xeyjdf].jpg,The Beauty Inside (2018) [Xeyjdf].jpg,matched,189923,900,1287,JPEG,3170b7364b2daa88264df42aebbc2e694a3ad68b7affeb924a7c66e12538dbc3
449,wJVdnf,Jewel in the Palace,"Sep 15, 2003 - Mar 23, 2004",Jewel in the Palace (2003) [wJVdnf].jpg,Jewel in the Palace (2003) [wJVdnf].jpg,matched,70045,500,665,JPEG,9036b6153abe815df65b81308a339d78c6d3afeff71f3fc527781ad01992818c
450,RPPorf,Nice Witch,"Mar 3, 2018 - May 5, 2018",Nice Witch (2018) [RPPorf].jpg,Nice Witch (2018) [RPPorf].jpg,matched,209514,800,1100,JPEG,659c2f7964a0efe19ff65abad425a8387b1729783e9b33c7ed7f2bcab3d2d33f
451,PdZjZf,Drama Stage Season 1: The History of Walking Upright,"Dec 16, 2017",Drama Stage Season 1_ The History of Walking Upright (2017) [PdZjZf].jpg,Drama Stage Season 1_ The History of Walking Upright (2017) [PdZjZf].jpg,matched,168281,800,1100,JPEG,39df643fb82e88d6825f6419e41a3c9f81b50f13766dcf36e29ceec410517bdd
452,3mlkDf,Two Lights: Relumino,"Dec 21, 2017",Two Lights_ Relumino (2017) [3mlkDf].jpg,Two Lights_ Relumino (2017) [3mlkDf].jpg,matched,89270,740,1061,JPEG,f21c801bf6d045f3ad8ea836ae74b543b03329034bf05b8926599c0986bef147
453,nOo7Nf,Birdie Buddy,"Aug 8, 2011 - Oct 25, 2011",Birdie Buddy (2011) [nOo7Nf].jpg,Birdie Buddy (2011) [nOo7Nf].jpg,matched,165541,900,1283,JPEG,1161e2ccac16241bba91220aae520ae8d037c2189e59e515aaf3f37beaf0bebc
454,wnqenf,Be Melodramatic,"Aug 9, 2019 - Sep 28, 2019",Be Melodramatic (2019) [wnqenf].jpg,Be Melodramatic (2019) [wnqenf].jpg,matched,75848,500,710,JPEG,6d6c41d3154a54792c972caa58a542b59da4b5f9e7f5a0d93284db588f9a30a9
455,X8e6nf,My Husband Oh Jak Doo,"Mar 3, 2018 - May 19, 2018",My Husband Oh Jak Doo (2018) [X8e6nf].jpg,My Husband Oh Jak Doo (2018) [X8e6nf].jpg,matched,168066,658,1097,JPEG,9781a71c7e1bafdafe50bab449856e8e801203f636883b8644d1b89337207383
456,AYNE8f,4 Kinds of House,"Jan 29, 2018 - Jan 31, 2018",4 Kinds of House (2018) [AYNE8f].jpg,4 Kinds of House (2018) [AYNE8f].jpg,matched,116424,740,1046,JPEG,1879a4b13a58ebc724852b5100a50d8a541ec2c6761a8fa54494a59f71b2ae25
457,RBk0gf,Protect the Boss,"Aug 3, 2011 - Sep 29, 2011",Protect the Boss (2011) [RBk0gf].jpg,Protect the Boss (2011) [RBk0gf].jpg,matched,208781,900,1350,JPEG,c407c58b7cc09d753d971027a922e177be45834a650a3afd549914619fdda478
458,rk4ZZf,Unexpected Heroes,"Dec 18, 2017 - Dec 29, 2017",Unexpected Heroes (2017) [rk4ZZf].jpg,Unexpected Heroes (2017) [rk4ZZf].jpg,matched,55112,430,607,JPEG,7325faaa868e76bdad871b17781496610ba6494a38eb243fc1979e9b87c744b9
459,MX8dwf,Scent of a Woman,"Jul 23, 2011 - Sep 11, 2011",Scent of a Woman (2011) [MX8dwf].jpg,Scent of a Woman (2011) [MX8dwf].jpg,matched,67835,400,566,JPEG,036236d7734a5ba8db405251587a9c2e1b6667832c402dc55241dfa9c4d2c62c
460,kAd2qb_4f,Marry Me Now?,"Mar 17, 2018 - Sep 9, 2018",Marry Me Now_ (2018) [kAd2qb_4f].jpg,Marry Me Now_ (2018) [kAd2qb_4f].jpg,matched,127306,700,991,JPEG,61caa2f78935dacc3ec5c5e9f820dc21c6e5e2239446628084a430a01142a1fb
461,RPjLrf,Welcome to Waikiki,"Feb 5, 2018 - Apr 17, 2018",Welcome to Waikiki (2018) [RPjLrf].jpg,Welcome to Waikiki (2018) [RPjLrf].jpg,matched,105376,530,747,JPEG,e5999f1dcb53283b2348ff49ac08e6fea0fd2299dbf5018f570ed1c4176f4675
462,6y4Zdf,Switch: Change the World,"Mar 28, 2018 - May 17, 2018",Switch_ Change the World (2018) [6y4Zdf].jpg,Switch_ Change the World (2018) [6y4Zdf].jpg,matched,114180,530,759,JPEG,07891ef2e42ba760589a91c19deae4f4d06effa37cac8cfd051be5a4f76fee71
463,q23QPf,Sketch,"May 25, 2018 - Jul 14, 2018",Sketch (2018) [q23QPf].jpg,Sketch (2018) [q23QPf].jpg,matched,126928,740,1054,JPEG,49090b4376eea3d48c40e1c45fd1a8ddd0de38445c18cdc351434e5f63c50826
464,Q5pwYf,Mistress,"Apr 28, 2018 - Jun 3, 2018",Mistress (2018) [Q5pwYf].jpg,Mistress (2018) [Q5pwYf].jpg,matched,244660,900,1361,JPEG,0d6a9b9c3c631876e6f31a1a13866f37816bb848e944a9d9e19ac099395a35f2
465,DX4Yzf,Life on Mars,"Jun 9, 2018 - Aug 5, 2018",Life on Mars (2018) [DX4Yzf].jpg,Life on Mars (2018) [DX4Yzf].jpg,matched,288597,800,1210,JPEG,86c91497da4bcff98b28da4c57c16a72bbd0a9fe5bb9b6444874b98085a78cc4
466,O5dxQf,Life,"Jul 23, 2018 - Sep 11, 2018",Life (2018) [O5dxQf].jpg,Life (2018) [O5dxQf].jpg,matched,65159,640,956,JPEG,d84fdf9013fb650d24d860dec0087949d4cfaa6ea15f3b225077a56861af7262
467,X8LAZf,Devilish Joy,"Sep 5, 2018 - Oct 25, 2018",Devilish Joy (2018) [X8LAZf].jpg,Devilish Joy (2018) [X8LAZf].jpg,matched,145828,900,1251,JPEG,7242cf869f5a62027105b99ddc15658c0f536b5794586922947c5c3e1c50085f
468,zB4jJf,A Thousand Kisses,"Aug 20, 2011 - Feb 5, 2012",A Thousand Kisses (2011) [zB4jJf].jpg,A Thousand Kisses (2011) [zB4jJf].jpg,matched,203375,900,1405,JPEG,4cec592938eb94fb4fd6ca9da847b3e0688f66fa5ef40ffdd00b1640c51b46cb
469,960ZPf,Vacation,"Feb 19, 2006 - Mar 12, 2006",Vacation (2006) [960ZPf].jpg,Vacation (2006) [960ZPf].jpg,matched,38745,350,475,JPEG,dfba447263f6253de72e060459bc2204c809695ca61facee31f5a644070f4db6
470,vJqdpf,Miracle That We Met,"Apr 2, 2018 - May 29, 2018",Miracle That We Met (2018) [vJqdpf].jpg,Miracle That We Met (2018) [vJqdpf].jpg,matched,76773,540,771,JPEG,50ebf786e62b2aee401e39d8fcc36a83debb01b11e507d52154e76d8e20cf130
471,JxRjYf,Rich Family's Son,"Mar 25, 2018 - Oct 7, 2018",Rich Family's Son (2018) [JxRjYf].jpg,Rich Family's Son (2018) [JxRjYf].jpg,matched,315363,800,1140,JPEG,44fdcf7d227913c63dc3f54026e3c2c08e27d5113383730eb68b259256afdb1f
472,ABAngf,Invincible Lee Pyung Kang,"Nov 9, 2009 - Dec 29, 2009",Invincible Lee Pyung Kang (2009) [ABAngf].jpg,Invincible Lee Pyung Kang (2009) [ABAngf].jpg,matched,286335,900,1299,JPEG,9f9f30b6abd4bd9419603340c8fc34982dde68e9c0af99fda567cd5ea9f90ae3
473,wwnkJf,Fates & Furies,"Dec 1, 2018 - Feb 9, 2019",Fates & Furies (2018) [wwnkJf].jpg,Fates & Furies (2018) [wwnkJf].jpg,matched,110645,600,900,JPEG,da6c6a1454a9cd2beef81ee7b85458100aef7a5aeb3c5da522e7f2f85ed3a0ad
474,X8Bwqf,Come and Hug Me,"May 16, 2018 - Jul 19, 2018",Come and Hug Me (2018) [X8Bwqf].jpg,Come and Hug Me (2018) [X8Bwqf].jpg,matched,94671,520,778,JPEG,a242dd62d8a4788f4994d530f4c230efd158661c86fa1e193f46dec50a0c120d
475,E5vbjl_4f,Stranger Season 2,"Aug 15, 2020 - Oct 4, 2020",Stranger Season 2 (2020) [E5vbjl_4f].jpg,Stranger Season 2 (2020) [E5vbjl_4f].jpg,matched,144836,900,1274,JPEG,15ff2c9b05fae3c233fa6f76233d0c5a9fdc15d19a447b95cb6595e1e7490477
476,jrjB8f,Love after School,"Nov 28, 2017 - Jan 16, 2018",Love after School (2017) [jrjB8f].jpg,Love after School (2017) [jrjB8f].jpg,matched,97941,812,1015,JPEG,8d65890fe8fda2ff5fa02cc0f11b2f291eff4eabc76aa75319c96321da5b1628
477,p0yXrf,100 Days My Prince,"Sep 10, 2018 - Oct 30, 2018",100 Days My Prince (2018) [p0yXrf].jpg,100 Days My Prince (2018) [p0yXrf].jpg,matched,117769,548,782,JPEG,246c451837eb2e8421799b2766f63c6a4324c3d2524a80705cc0620bfbee9bbf
478,jQr6qb_4f,Tree of Heaven,"Feb 8, 2006 - Mar 9, 2006",Tree of Heaven (2006) [jQr6qb_4f].jpg,Tree of Heaven (2006) [jQr6qb_4f].jpg,matched,280670,900,1283,JPEG,c3fe96a9e8196bd292cd35dd19679c0aaa7c239a4571a39be64b7726ae91ad5f
479,00OLef,Less Than Evil,"Dec 3, 2018 - Jan 29, 2019",Less Than Evil (2018) [00OLef].jpg,Less Than Evil (2018) [00OLef].jpg,matched,120972,540,771,JPEG,773f2bc0ae72ec4bba9bd2d3af285bb1e6c12120b81903196710d62bb9897936
480,VbJnQf,Flower Ever After,"Jan 11, 2018 - Feb 10, 2018",Flower Ever After (2018) [VbJnQf].jpg,Flower Ever After (2018) [VbJnQf].jpg,matched,76160,560,777,JPEG,0a553dea3083aab4f223ce9751f8b2234b97252665769a2bc341358f0c33e47d
481,KA1w8f,Lawless Lawyer,"May 12, 2018 - Jul 1, 2018",Lawless Lawyer (2018) [KA1w8f].jpg,Lawless Lawyer (2018) [KA1w8f].jpg,matched,268822,830,1200,JPEG,ff28f49110db2045db6bcd7df01dd7b05069a78613a6c429e2dcb979c6061895
482,egd3Ef,Terius behind Me,"Sep 27, 2018 - Nov 15, 2018",Terius behind Me (2018) [egd3Ef].jpg,Terius behind Me (2018) [egd3Ef].jpg,matched,99307,725,1080,JPEG,4561fb56aff3fa24f5f3b4d07654cd6a4aeacb1659d440c8ea10c0b58090a8c6
483,5oB1yf,Familiar Wife,"Aug 1, 2018 - Sep 20, 2018",Familiar Wife (2018) [5oB1yf].jpg,Familiar Wife (2018) [5oB1yf].jpg,matched,110841,900,1287,JPEG,9edda605f66a2b7ad6fe06ae865511af86e51240925be206e069e125c38f13c8
484,0wgvYf,Tree with Deep Roots,"Oct 5, 2011 - Dec 22, 2011",Tree with Deep Roots (2011) [0wgvYf].jpg,Tree with Deep Roots (2011) [0wgvYf].jpg,matched,90797,500,750,JPEG,d5a890a9aa525360d0ec55afbbe7e130f2ecd6360987aa2e511c91b500586735
485,kKnkj_4f,Ojakgyo Brothers,"Aug 6, 2011 - Feb 19, 2012",Ojakgyo Brothers (2011) [kKnkj_4f].jpg,Ojakgyo Brothers (2011) [kKnkj_4f].jpg,matched,305488,900,1315,JPEG,daaa3d6ac4ef0e6086abd79c04742c956419742c5ddc9282633d452b1e4c8cf0
486,jr3Dzf,What's Wrong with Secretary Kim,"Jun 6, 2018 - Jul 26, 2018",What's Wrong with Secretary Kim (2018) [jr3Dzf].jpg,What's Wrong with Secretary Kim (2018) [jr3Dzf].jpg,matched,164846,800,1140,JPEG,4cbaa513e32713e45fcd57f55febea2a856ae6b7410952d937e0d2f77737f511
487,Y3LBKf,Mama Fairy and the Woodcutter,"Nov 5, 2018 - Dec 25, 2018",Mama Fairy and the Woodcutter (2018) [Y3LBKf].jpg,Mama Fairy and the Woodcutter (2018) [Y3LBKf].jpg,matched,131441,900,900,JPEG,e61bb52c3966ca4e7fc87720714ef04fa3526e321bdf0176d5343f00a98092a0
488,od3oOf,The Undateables,"May 23, 2018 - Jul 19, 2018",The Undateables (2018) [od3oOf].jpg,The Undateables (2018) [od3oOf].jpg,matched,74448,540,774,JPEG,bb4e71e0e6f57dfac05ddc3788d9059ce71f48c7a495365cba4e167772c3f228
489,enylef,My Absolute Boyfriend,"May 15, 2019 - Jul 11, 2019",My Absolute Boyfriend (2019) [enylef].jpg,My Absolute Boyfriend (2019) [enylef].jpg,matched,187462,800,1140,JPEG,e99fe77f2f028ce1de807ea6810ddcb962f03dac9e0c8042f6db558063482bb6
490,AYNW8f,Goodbye to Goodbye,"May 26, 2018 - Aug 4, 2018",Goodbye to Goodbye (2018) [AYNW8f].jpg,Goodbye to Goodbye (2018) [AYNW8f].jpg,matched,120434,600,900,JPEG,4a4ccb920cdf51ac8d3c16e8c885a9305da9d72f0bda8df22a074b77775cbcab
491,g2Jxrf,The Hymn of Death,"Nov 27, 2018 - Dec 4, 2018",The Hymn of Death (2018) [g2Jxrf].jpg,The Hymn of Death (2018) [g2Jxrf].jpg,matched,164545,900,1346,JPEG,02c1a740ea1ffbc4ef22da2c5198972d260ba6fc6d26f7db33ff841113562822
492,x2Pywf,Arthdal Chronicles Part 1: The Children of Prophecy,"Jun 1, 2019 - Jun 16, 2019",Arthdal Chronicles Part 1_ The Children of Prophecy (2019) [x2Pywf].jpg,Arthdal Chronicles Part 1_ The Children of Prophecy (2019) [x2Pywf].jpg,matched,114089,540,769,JPEG,61b8a7989134fef72d7bfd19fe83eb8593062ed0df7d1e0873a957d9de3be680
493,bwZ6wf,Memories of the Alhambra,"Dec 1, 2018 - Jan 20, 2019",Memories of the Alhambra (2018) [bwZ6wf].jpg,Memories of the Alhambra (2018) [bwZ6wf].jpg,matched,78240,600,867,JPEG,007907a9665e8e190847428b95c4a825c51498a09ef8c2c46c42e5ded7de0a7e
494,odDLxf,Your House Helper,"Jul 4, 2018 - Aug 29, 2018",Your House Helper (2018) [odDLxf].jpg,Your House Helper (2018) [odDLxf].jpg,matched,141042,900,1286,JPEG,9c3cfb7d0ba8d4f990acc1bed1cb7296df778e8a0f409b6833f7bbf2351d5799
495,AYxZ4f,The Best Moment to Quit Your Job,"Dec 9, 2017 - Jan 27, 2018",The Best Moment to Quit Your Job (2017) [AYxZ4f].jpg,The Best Moment to Quit Your Job (2017) [AYxZ4f].jpg,matched,40878,400,586,JPEG,5064c7acd31315c4a13497f4a10a86013c9c6f8891472402e0ccc60c08aa3ebe
496,wmz5nf,Wok of Love,"May 7, 2018 - Jul 17, 2018",Wok of Love (2018) [wmz5nf].jpg,Wok of Love (2018) [wmz5nf].jpg,matched,249463,880,1280,JPEG,524e8889674e9a2efa939a62f64ce096b864d6d1a44e739f18daf6e41c88bd02
497,GLox9f,New Tales of Gisaeng,"Jan 23, 2011 - Jul 17, 2011",New Tales of Gisaeng (2011) [GLox9f].jpg,New Tales of Gisaeng (2011) [GLox9f].jpg,matched,64382,400,600,JPEG,e07ba9507368441199b87ca931f928454f5d969e309931995dd614eb6ee94f8b
498,VbE1mf,You Drive Me Crazy,"May 7, 2018 - May 8, 2018",You Drive Me Crazy (2018) [VbE1mf].jpg,You Drive Me Crazy (2018) [VbE1mf].jpg,matched,232884,879,1304,JPEG,1732f2ee8ca0ae2834791eaa546169b7aa09c81f217631868dd2d0925a59f3ba
499,0vVX7f,Thirty but Seventeen,"Jul 23, 2018 - Sep 18, 2018",Thirty but Seventeen (2018) [0vVX7f].jpg,Thirty but Seventeen (2018) [0vVX7f].jpg,matched,101743,698,1000,JPEG,56a378919d26288196d1f2de9d67255693726124f9dddf47e10fc265f43c79b0
500,8pBZDf,Partners for Justice,"May 14, 2018 - Jul 17, 2018",Partners for Justice (2018) [8pBZDf].jpg,Partners for Justice (2018) [8pBZDf].jpg,matched,271151,900,1346,JPEG,3fab88bb3f405e42b43ed27f0a13358b7a40a717874388a570b4aadf72cb1a5c
501,8pX2bf,Room No. 9,"Oct 6, 2018 - Nov 25, 2018",Room No. 9 (2018) [8pX2bf].jpg,Room No. 9 (2018) [8pX2bf].jpg,matched,90597,500,722,JPEG,936f52720a151e8c8713a1e3eb99927a2155fdbb27bd6ed471fcd1d57b7cc4d4
502,nd2q2f,Sunny Again Tomorrow,"May 7, 2018 - Nov 2, 2018",Sunny Again Tomorrow (2018) [nd2q2f].jpg,Sunny Again Tomorrow (2018) [nd2q2f].jpg,matched,162006,800,1140,JPEG,1d577416e023b1d0abe74aafba9be1cb11de848dad046db9f915f4f0dbe1afbe
503,13LbKf,Miss Independent Ji Eun,"Mar 21, 2018 - May 9, 2018",Miss Independent Ji Eun (2018) [13LbKf].jpg,Miss Independent Ji Eun (2018) [13LbKf].jpg,matched,153154,900,1291,JPEG,425b17769b04a70c4647566da55ec0b2c77d191d2acb6158289c821e6a8f0bf4
504,ZgYg8f,Where Stars Land,"Oct 1, 2018 - Nov 26, 2018",Where Stars Land (2018) [ZgYg8f].jpg,Where Stars Land (2018) [ZgYg8f].jpg,matched,157815,800,1140,JPEG,f6c58d0c2c78fd925939b3c92071c6a6178794bbf6a5ade08553ef96d10ac406
505,q2e0Bf,The Ghost Detective,"Sep 5, 2018 - Oct 31, 2018",The Ghost Detective (2018) [q2e0Bf].jpg,The Ghost Detective (2018) [q2e0Bf].jpg,matched,65317,555,791,JPEG,14cf012957430ad7afd519b872d51e87455946b827a6e13c3bf8956e49a35c98
506,q2pD8f,Player,"Sep 29, 2018 - Nov 11, 2018",Player (2018) [q2pD8f].jpg,Player (2018) [q2pD8f].jpg,matched,112923,530,801,JPEG,3a15f1f35b6ab8fdf5bc5dfb6c96e33e2025cdbdd540b9720eed0c5abe75df11
507,Wb2pWf,The Guest,"Sep 12, 2018 - Nov 1, 2018",The Guest (2018) [Wb2pWf].jpg,The Guest (2018) [Wb2pWf].jpg,matched,207415,900,1289,JPEG,a99613a5fa98114496266ba37fa6176a26a359e2e5afd3d3e81387a543a061d5
508,Vbojyf,Love in Time,"Jul 25, 2018 - Jul 30, 2018",Love in Time (2018) [Vbojyf].jpg,Love in Time (2018) [Vbojyf].jpg,matched,64207,500,710,JPEG,9c79653736dc8bfd049a039276bd79d89ec7da1499e45a63ed241c4f9c4f7c3a
509,rNq32f,Royal Family,"Mar 2, 2011 - Apr 28, 2011",Royal Family (2011) [rNq32f].jpg,Royal Family (2011) [rNq32f].jpg,matched,85717,655,938,JPEG,e5d6fe098121b47055f74fb79072ef3d641c5f370346d78dfbd5e0f9b970fc6c
510,DXmrrf,Time,"Jul 25, 2018 - Sep 20, 2018",Time (2018) [DXmrrf].jpg,Time (2018) [DXmrrf].jpg,matched,106877,669,1000,JPEG,a9781b713105a0d4751e980c4c9304ffb6bfdae9df14b458af286fa416e88d3a
511,qboZPf,Vagabond,"Sep 20, 2019 - Nov 23, 2019",Vagabond (2019) [qboZPf].jpg,Vagabond (2019) [qboZPf].jpg,matched,240037,800,1140,JPEG,b78287837e1ae4a82fcdfedae682a80567034e327b59f338f7a3b1dc020dce1f
512,rYDxDf,Lovely Horribly,"Aug 13, 2018 - Oct 2, 2018",Lovely Horribly (2018) [rYDxDf].jpg,Lovely Horribly (2018) [rYDxDf].jpg,matched,112305,500,715,JPEG,a168f7d8bfbb95011437092ffe67bac5ccf62a67ec7cebe9b2a8020d926dc229
513,PWLw8f,Risky Romance,"Jul 23, 2018 - Sep 17, 2018",Risky Romance (2018) [PWLw8f].jpg,Risky Romance (2018) [PWLw8f].jpg,matched,156668,667,1000,JPEG,2b48309652098c94fd531dbae629c1261a8e23426a08f7a5ddd13b6ad79ef900
514,96Y2af,49 Days,"Mar 16, 2011 - May 19, 2011",49 Days (2011) [96Y2af].jpg,49 Days (2011) [96Y2af].jpg,matched,75990,500,750,JPEG,5b9e3e29a728dd33a28f09df3c7b02e4984514fdeeab205127389c4c7bdc0e94
515,Y3YXPf,Top Management,"Oct 31, 2018 - Nov 16, 2018",Top Management (2018) [Y3YXPf].jpg,Top Management (2018) [Y3YXPf].jpg,matched,101276,472,700,JPEG,7fe0bc2fa704875561e9468128fcddbefbc2a4ffca54742cdd4ff8633503d964
516,6nYyXf,The Secret Life of My Secretary,"May 6, 2019 - Jun 25, 2019",The Secret Life of My Secretary (2019) [6nYyXf].jpg,The Secret Life of My Secretary (2019) [6nYyXf].jpg,matched,172967,900,1283,JPEG,4c3e183eb067e32e7bdb1a7c4881edc6ecdb4e3b63d06e476b69fceed9c1f721
517,O5jzQf,Your Honor,"Jul 25, 2018 - Sep 20, 2018",Your Honor (2018) [O5jzQf].jpg,Your Honor (2018) [O5jzQf].jpg,matched,192308,800,1140,JPEG,f78cb7907823389777ce19b8d20fd9bb4194644771c82d299e875d82a9d7c923
518,Gq459f,I Am Legend,"Aug 2, 2010 - Sep 21, 2010",I Am Legend (2010) [Gq459f].jpg,I Am Legend (2010) [Gq459f].jpg,matched,35112,299,420,JPEG,5435f28f682027f07eedc2f400b9971a9b66ef26c1568d363100a92e7da09a43
519,Bd5kzf,Can't Lose,"Aug 24, 2011 - Oct 20, 2011",Can't Lose (2011) [Bd5kzf].jpg,Can't Lose (2011) [Bd5kzf].jpg,matched,56374,400,578,JPEG,655f1688f81465d52d3d5e16376a6b678c5c01869fbdbdaf321c8230c79bd8a1
520,bKEnwf,Secret Queen Makers,"Jun 4, 2018 - Jun 19, 2018",Secret Queen Makers (2018) [bKEnwf].jpg,Secret Queen Makers (2018) [bKEnwf].jpg,matched,173251,900,1292,JPEG,5da3a01fd4fd388700fec6ec805d49b92a95fff937eb54fd9ef4de470ff81cb7
521,anzWaf,Time Between Dog and Wolf,"Jul 18, 2007 - Sep 6, 2007",Time Between Dog and Wolf (2007) [anzWaf].jpg,Time Between Dog and Wolf (2007) [anzWaf].jpg,matched,66426,414,599,JPEG,ca5741edae2441ceb0d111af8cab869c810afabb787b3cadd4f68c4ee73a0d5c
522,mOxobf,Little Girl K,"Aug 27, 2011 - Sep 10, 2011",Little Girl K (2011) [mOxobf].jpg,Little Girl K (2011) [mOxobf].jpg,matched,145242,600,800,JPEG,3469428b6df9ccffa668c370a06b29161d08f7d2a1077395377a6228bc6d9e69
523,mVYm3f,Witch's Love,"Jul 25, 2018 - Aug 30, 2018",Witch's Love (2018) [mVYm3f].jpg,Witch's Love (2018) [mVYm3f].jpg,matched,105688,558,800,JPEG,43446d24401c56fca131c0fd60c9dcfe253fe284ed89922f518d83c094576c37
524,DXB6rf,My ID Is Gangnam Beauty,"Jul 27, 2018 - Sep 15, 2018",My ID Is Gangnam Beauty (2018) [DXB6rf].jpg,My ID Is Gangnam Beauty (2018) [DXB6rf].jpg,matched,206440,900,1283,JPEG,b058268b5b18b9eab3f2fc06b1eaeb8ca61328a41605ebae41686396a6d332bd
525,DXrxzf,Let Me Introduce Her,"Jul 14, 2018 - Sep 29, 2018",Let Me Introduce Her (2018) [DXrxzf].jpg,Let Me Introduce Her (2018) [DXrxzf].jpg,matched,176232,847,1200,JPEG,f5513d2042dc301daccc2d03cbba529272a27c1b035f535ef413a75ca15e007a
526,d2W7zf,The Musical,"Sep 2, 2011 - Dec 16, 2011",The Musical (2011) [d2W7zf].jpg,The Musical (2011) [d2W7zf].jpg,matched,189888,680,1000,JPEG,4e16123bd2e260c4f397235b1ad9dff44ed94f7ecd8d5c04674a9fc6337e8eb4
527,DXAEpf,Hide and Seek,"Aug 25, 2018 - Nov 17, 2018",Hide and Seek (2018) [DXAEpf].jpg,Hide and Seek (2018) [DXAEpf].jpg,matched,112944,846,1200,JPEG,e820429375c2bae2d663f7dc66d084baa5e27df826ffabaea789e3893b10cdae
528,10jnQf,Welcome to Waikiki Season 2,"Mar 25, 2019 - May 14, 2019",Welcome to Waikiki Season 2 (2019) [10jnQf].jpg,Welcome to Waikiki Season 2 (2019) [10jnQf].jpg,matched,140591,600,848,JPEG,497f7b218a6e3defcc837f50f2f67cc703e8d792146acd445707be2e73b03a15
529,JKzZlf,Haechi,"Feb 11, 2019 - Apr 30, 2019",Haechi (2019) [JKzZlf].jpg,Haechi (2019) [JKzZlf].jpg,matched,79174,489,700,JPEG,e5d8e39631a764ef5eff426ed89f42e1d5388f09d3e5cd31a2f79e0c4177dd53
530,O5Dk3f,My Only One,"Sep 15, 2018 - Mar 17, 2019",My Only One (2018) [O5Dk3f].jpg,My Only One (2018) [O5Dk3f].jpg,matched,112436,740,1107,JPEG,919730a598359ce3bafd932075d2e366d0bca986991bcec7dd85bfa65e1c16cd
531,3ox2Df,Padam Padam,"Dec 5, 2011 - Feb 7, 2012",Padam Padam (2011) [3ox2Df].jpg,Padam Padam (2011) [3ox2Df].jpg,matched,136903,657,1000,JPEG,f6e6dc3623ba04f8b2ed6b8194ea57c20bb3e25f746526d604b430bae5082c8d
532,Bq6Z6f,Twelve Nights,"Oct 12, 2018 - Dec 28, 2018",Twelve Nights (2018) [Bq6Z6f].jpg,Twelve Nights (2018) [Bq6Z6f].jpg,matched,47364,540,765,JPEG,bb9f9740e81f6c1f613c683be51fc186432b57bd322d309088f8dc407ba53605
533,7glRyf,Heart Surgeons,"Sep 27, 2018 - Nov 15, 2018",Heart Surgeons (2018) [7glRyf].jpg,Heart Surgeons (2018) [7glRyf].jpg,matched,79939,600,897,JPEG,63f423ecf73a261fc00de6d68971a655ea14a85156ffc750189f27ab786b21ce
534,33EKef,To. Jenny,"Jul 10, 2018 - Jul 17, 2018",To. Jenny (2018) [33EKef].jpg,To. Jenny (2018) [33EKef].jpg,matched,61596,567,782,JPEG,4c3ad7c58812dedd978a9d7d414972d9433315ba575f24ebfb7c465f8d851ba3
535,qqYj0f,God's Quiz: Reboot,"Nov 14, 2018 - Jan 10, 2019",God's Quiz_ Reboot (2018) [qqYj0f].jpg,God's Quiz_ Reboot (2018) [qqYj0f].jpg,matched,95425,540,817,JPEG,a44f9fbc70a82a9d9d2cd2cb797bc268f8e5bf59411c1db394ee7bd7c01009cf
536,x4gbrf,Sweet 18,"Jan 19, 2004 - Mar 9, 2004",Sweet 18 (2004) [x4gbrf].jpg,Sweet 18 (2004) [x4gbrf].jpg,matched,77432,655,963,JPEG,c95cc0ec658cb8be52f52765647056f5fd322f8b6b6a6debf808d943164871c6
537,X80Eqf,The Third Charm,"Sep 28, 2018 - Nov 17, 2018",The Third Charm (2018) [X80Eqf].jpg,The Third Charm (2018) [X80Eqf].jpg,matched,216361,900,1289,JPEG,5c1cb6663cbfdd9124ebf01d379f06fec6a67ee68dee17ab095d092c48a2d8d4
538,EJm55f,Bad Papa,"Oct 1, 2018 - Nov 27, 2018",Bad Papa (2018) [EJm55f].jpg,Bad Papa (2018) [EJm55f].jpg,matched,127604,800,1140,JPEG,9cc5f5ce07a37b77a3423903b57b584ce5296107a4ab97fca13d612876e13429
539,M5v84f,Noriko Goes To Seoul,"Sep 10, 2011",Noriko Goes To Seoul (2011) [M5v84f].jpg,Noriko Goes To Seoul (2011) [M5v84f].jpg,matched,36473,300,424,JPEG,22c9cc27785063d42a038828c920932886ef8cfd8448628574d3fd347749e7d7
540,KrpBnf,When Time Stopped,"Oct 24, 2018 - Nov 29, 2018",When Time Stopped (2018) [KrpBnf].jpg,When Time Stopped (2018) [KrpBnf].jpg,matched,88060,600,849,JPEG,b9237403b2952ddb1087ae462ea931152383b00fa97a9d022225e17d7dbf39b4
541,NvD1nf,A Thousand Days' Promise,"Oct 17, 2011 - Dec 20, 2011",A Thousand Days' Promise (2011) [NvD1nf].jpg,A Thousand Days' Promise (2011) [NvD1nf].jpg,matched,143839,800,1150,JPEG,f8d597ad645327ef30377de6abd085f899492462d8f75682e8df8642d28e8cad
542,evbZqf,The Fiery Priest,"Feb 15, 2019 - Apr 20, 2019",The Fiery Priest (2019) [evbZqf].jpg,The Fiery Priest (2019) [evbZqf].jpg,matched,116310,540,807,JPEG,0b7a8e28f0996da49807b2eb0131d8bd54415a815808a200c1c765fafd7751d0
543,9mOD3f,Vampire Prosecutor,"Oct 2, 2011 - Dec 18, 2011",Vampire Prosecutor (2011) [9mOD3f].jpg,Vampire Prosecutor (2011) [9mOD3f].jpg,matched,19763,250,353,JPEG,9993645e4e4692719785ce6f24bc2cfd95bdbeec7df55dc80b966c952220254b
544,O8nQkf,Flower Boy Ramen Shop,"Oct 31, 2011 - Dec 20, 2011",Flower Boy Ramen Shop (2011) [O8nQkf].jpg,Flower Boy Ramen Shop (2011) [O8nQkf].jpg,matched,218967,900,1324,JPEG,47074e5c94920256eafe49f26b21f4337a42be8fc1fd8d069d8c2c3cf4858b8a
545,jQY2zf,High Kick! The Revenge of the Short Legged,"Sep 19, 2011 - Mar 29, 2012",High Kick! The Revenge of the Short Legged (2011) [jQY2zf].jpg,High Kick! The Revenge of the Short Legged (2011) [jQY2zf].jpg,matched,153395,818,684,JPEG,c76bb514da7c46cc01af3c17b491ff4c218ce567cafcc1b2ee5881b6bfe6617a
546,Wlm4O_4f,Encounter,"Nov 28, 2018 - Jan 24, 2019",Encounter (2018) [Wlm4O_4f].jpg,Encounter (2018) [Wlm4O_4f].jpg,matched,182979,900,1287,JPEG,8e884cf453fc9b41c0b490e736209f0ddf822674bb07f5cd55420eb3d7682c12
547,NdXOkn_4f,Top Star Yoo Baek,"Nov 16, 2018 - Jan 25, 2019",Top Star Yoo Baek (2018) [NdXOkn_4f].jpg,Top Star Yoo Baek (2018) [NdXOkn_4f].jpg,matched,336908,900,1301,JPEG,56a8b54900b06fa6552c16d5b043e1df7474f3aadb7d7d35d30d8e24c402897d
548,Y0z4gf,A-Teen,"Jul 1, 2018 - Sep 16, 2018",A-Teen (2018) [Y0z4gf].jpg,A-Teen (2018) [Y0z4gf].jpg,matched,176102,860,1187,JPEG,8f8c54089586f357690cd73b846461f2a681e5ba7682283c93a59fbf595dc6e1
549,RJNZxf,Winter Sonata,"Jan 14, 2002 - Mar 19, 2002",Winter Sonata (2002) [RJNZxf].jpg,Winter Sonata (2002) [RJNZxf].jpg,matched,95325,640,906,JPEG,626d35f12a58382729116b4787db968c7c7e7607126a81b89e92fc59ae019ff4
550,LwBY3f,Coffee Prince,"Jul 2, 2007 - Aug 28, 2007",Coffee Prince (2007) [LwBY3f].jpg,Coffee Prince (2007) [LwBY3f].jpg,matched,147162,680,1000,JPEG,391837c7a44a97ba9443e01b3bd16997767585bb71516dd7aa75dbf4f11d444a
551,736znf,You're Beautiful,"Oct 7, 2009 - Nov 26, 2009",You're Beautiful (2009) [736znf].jpg,You're Beautiful (2009) [736znf].jpg,matched,192421,900,1275,JPEG,35e90db03c9cba589f709eb99bca22eed8ae9b2665388215c75485f472ae23ab
552,peoVE_4f,Boys over Flowers,"Jan 5, 2009 - Mar 31, 2009",Boys over Flowers (2009) [peoVE_4f].jpg,Boys over Flowers (2009) [peoVE_4f].jpg,matched,216984,900,1285,JPEG,fd33c844b9d2ab9937f3866f79cc645d3c55e9fab72205718c5e8b876919dea9
553,abOnYf,Fermentation Family,"Dec 7, 2011 - Feb 23, 2012",Fermentation Family (2011) [abOnYf].jpg,Fermentation Family (2011) [abOnYf].jpg,matched,29580,410,599,JPEG,f232785999044da16bb43d75b3eb7c5e9dc72f128a90a93caf9e119cddb5213b
554,Jx4LYf,Matrimonial Chaos,"Oct 8, 2018 - Nov 27, 2018",Matrimonial Chaos (2018) [Jx4LYf].jpg,Matrimonial Chaos (2018) [Jx4LYf].jpg,matched,139342,900,1276,JPEG,a8b8929721134d4b499376a2d6b8885df833894c162c3ddce5bd41cb397542a8
555,PWLk0f,My Woofy Poofy Love,"May 31, 2018 - Jul 19, 2018",My Woofy Poofy Love (2018) [PWLk0f].jpg,My Woofy Poofy Love (2018) [PWLk0f].jpg,matched,200131,900,1273,JPEG,e0cdfb424a67ec717f48ea102c876a610dc09f8ddf27beb7f28271aa0b251956
556,wJLbnf,Three Dads One Mom,"Apr 2, 2008 - May 22, 2008",Three Dads One Mom (2008) [wJLbnf].jpg,Three Dads One Mom (2008) [wJLbnf].jpg,matched,171090,700,1047,JPEG,9885d9b9f04bc290780d433a584c82a40a833e16bb301d29eb377c01983d3ab0
557,4em0Kf,Glory Jane,"Oct 12, 2011 - Dec 28, 2011",Glory Jane (2011) [4em0Kf].jpg,Glory Jane (2011) [4em0Kf].jpg,matched,112234,680,1000,JPEG,d7d6705a3b01b1f53e323945494de32a0eb4d6af3a126bf21c13fcd2283fe522
558,JjKqjf,"Me Too, Flower!","Nov 9, 2011 - Dec 28, 2011","Me Too, Flower! (2011) [JjKqjf].jpg","Me Too, Flower! (2011) [JjKqjf].jpg",matched,95519,460,697,JPEG,74e29e8f1ed984280bea940e610546e351e1ddfece730eaafafc253cf675d9af
559,jrkDyf,Dae Jang Geum Is Watching,"Oct 11, 2018 - Jan 24, 2019",Dae Jang Geum Is Watching (2018) [jrkDyf].jpg,Dae Jang Geum Is Watching (2018) [jrkDyf].jpg,matched,193365,800,1140,JPEG,d0dae36b1639bda82a3e0145a3e9f204b9464520094e29daad0089b80f95dc93
560,pnJByf,It's Okay to Be Sensitive,"Jul 12, 2018 - Aug 16, 2018",It's Okay to Be Sensitive (2018) [pnJByf].jpg,It's Okay to Be Sensitive (2018) [pnJByf].jpg,matched,86414,530,749,JPEG,da0b5df04eeb47f297ff64baa263d79340ddb576bc5a645961bbd36e300794bd
561,4JZkk_4f,The Crowned Clown,"Jan 7, 2019 - Mar 4, 2019",The Crowned Clown (2019) [4JZkk_4f].jpg,The Crowned Clown (2019) [4JZkk_4f].jpg,matched,178009,900,1286,JPEG,c4ea0ebb53c4f58bae6fe70b7e9a7501be6c1adf9bba9d08ab4cf166e426ccec
562,evrxpf,Item,"Feb 11, 2019 - Apr 2, 2019",Item (2019) [evrxpf].jpg,Item (2019) [evrxpf].jpg,matched,112710,800,1100,JPEG,65e6185c6d1bb734e61db8f8218b44547d54b830fdccc70d31066cb940d7f7bd
563,AvzQZf,Priest,"Nov 24, 2018 - Jan 20, 2019",Priest (2018) [AvzQZf].jpg,Priest (2018) [AvzQZf].jpg,matched,64803,527,750,JPEG,7200b46514c1d28ee30bf2dfc9d04097015d7474c8583cc3308cd0d2808f3c56
564,33d6mf,Just One Bite,"Jul 19, 2018 - Aug 11, 2018",Just One Bite (2018) [33d6mf].jpg,Just One Bite (2018) [33d6mf].jpg,matched,153122,696,960,JPEG,f6ff7d524efd097565c495cda8a6e211943951b7eb0302eaf81a37b6b9e39e9b
565,ABR884_4f,So I Married an Anti-Fan,"Apr 30, 2021 - Jun 19, 2021",So I Married an Anti-Fan (2021) [ABR884_4f].jpg,So I Married an Anti-Fan (2021) [ABR884_4f].jpg,matched,194261,900,1346,JPEG,67aeec6d8e6671f60740d76782180991ce2632aef68aa6cc32319c4aa17d4977
566,13BYzf,Sweet Revenge Season 2,"Aug 13, 2018 - Oct 9, 2018",Sweet Revenge Season 2 (2018) [13BYzf].jpg,Sweet Revenge Season 2 (2018) [13BYzf].jpg,matched,174544,837,1200,JPEG,cc05653862973d45fe3545ff4ed7c18120d52358bbecd677329a8774d6acff93
567,QKRW2f,Abyss,"May 6, 2019 - Jun 25, 2019",Abyss (2019) [QKRW2f].jpg,Abyss (2019) [QKRW2f].jpg,matched,77641,672,960,JPEG,d3719fc097bf1dce99724023ee50be1ed31268452aa193663896f7143ad3272e
568,ae6vYf,Love Rain,"Mar 26, 2012 - May 29, 2012",Love Rain (2012) [ae6vYf].jpg,Love Rain (2012) [ae6vYf].jpg,matched,109839,550,779,JPEG,afe5274ded6dd3bc63da6a170debe6634c9876aa1cf0f0e689a7b79421a0a5ca
569,AvnE4f,Best Chicken,"Jan 2, 2019 - Feb 7, 2019",Best Chicken (2019) [AvnE4f].jpg,Best Chicken (2019) [AvnE4f].jpg,matched,218030,900,1235,JPEG,e86b469278fc268d6002835feebbc47e5352b50bd499c9069796dc9b32233272
570,GJYYyf,Brain,"Nov 14, 2011 - Jan 17, 2012",Brain (2011) [GJYYyf].jpg,Brain (2011) [GJYYyf].jpg,matched,138930,800,1200,JPEG,2ac37e54cbd76b61d16d9e2a41aef493432abdfd2f1e4944bc1698edbf533644
571,Y33DKf,"Coffee, Do Me a Favor","Dec 1, 2018 - Dec 30, 2018","Coffee, Do Me a Favor (2018) [Y33DKf].jpg","Coffee, Do Me a Favor (2018) [Y33DKf].jpg",matched,106008,540,809,JPEG,64220c37c2ddedacfb40b0f21e9fd219025994753560e12b5db803dbd6dfb29d
572,2wndKO_4f,SKY Castle,"Nov 23, 2018 - Feb 1, 2019",SKY Castle (2018) [2wndKO_4f].jpg,SKY Castle (2018) [2wndKO_4f].jpg,matched,179831,900,1283,JPEG,d72017b7490067cf46656fb9d642946a7e74d5b2e14f3f4d4f297bea2712daa6
573,RWW6Rf,My Strange Hero,"Dec 10, 2018 - Feb 4, 2019",My Strange Hero (2018) [RWW6Rf].jpg,My Strange Hero (2018) [RWW6Rf].jpg,matched,71901,602,900,JPEG,0255b057fee62ef25069b38cd6637ba98cdf017b9d209ff129fff4a1c60e0108
574,WbxgPf,Love Playlist Season 3,"Sep 20, 2018 - Oct 27, 2018",Love Playlist Season 3 (2018) [WbxgPf].jpg,Love Playlist Season 3 (2018) [WbxgPf].jpg,matched,144494,696,960,JPEG,83e65bdb28c3266edebce5aab86f19fbd79c547e61e4f1529de473d0756bbe86
575,dY3kAf,Moon Embracing the Sun,"Jan 4, 2012 - Mar 15, 2012",Moon Embracing the Sun (2012) [dY3kAf].jpg,Moon Embracing the Sun (2012) [dY3kAf].jpg,matched,202803,900,1500,JPEG,fd0a41c5124fa77b4af2845bc59e97595654d0903e8f066f30095faadc798b6c
576,E5kEbf,Hello! Miss,"Mar 19, 2007 - May 8, 2007",Hello! Miss (2007) [E5kEbf].jpg,Hello! Miss (2007) [E5kEbf].jpg,matched,73612,400,570,JPEG,f3635ec09620e89e1426ce74f45894e2d1b79fb8d64c43c85d852006aee3cb3f
577,O5ZXxf,I Picked Up a Star on the Road,"Nov 1, 2018 - Dec 14, 2018",I Picked Up a Star on the Road (2018) [O5ZXxf].jpg,I Picked Up a Star on the Road (2018) [O5ZXxf].jpg,matched,146311,640,914,JPEG,acdd626d2e1e1f3d93c03d9f40f225be8cac8b057ae68fb5bfbf760e9f5dac9f
578,pWVlnf,Touch Your Heart,"Feb 6, 2019 - Mar 28, 2019",Touch Your Heart (2019) [pWVlnf].jpg,Touch Your Heart (2019) [pWVlnf].jpg,matched,71264,540,771,JPEG,f9a708fe53ea4a73186177fbb4b1f1beea79cd64d6b521772cc102481ec99246
579,6yY62f,"Go, Back Diary","Aug 30, 2018 - Sep 8, 2018","Go, Back Diary (2018) [6yY62f].jpg","Go, Back Diary (2018) [6yY62f].jpg",matched,100256,582,800,JPEG,6af98862dc7fd36c2d5fbbfc23304fc3bc634ec73556597496292ad9443b28ac
580,z708ef,Voice Season 3: City of Accomplices,"May 11, 2019 - Jun 30, 2019",Voice Season 3_ City of Accomplices (2019) [z708ef].jpg,Voice Season 3_ City of Accomplices (2019) [z708ef].jpg,matched,139141,800,1100,JPEG,938479f465968eef93555b1b53954ec40cfc74ea5c94fc976e1b828d9d3cc36a
581,2xzkRf,Romance Is a Bonus Book,"Jan 26, 2019 - Mar 17, 2019",Romance Is a Bonus Book (2019) [2xzkRf].jpg,Romance Is a Bonus Book (2019) [2xzkRf].jpg,matched,312753,900,1287,JPEG,8213e96820270cf8c570ca8bd522b050679e33ac06a5083c25caf8c255c8865b
582,jAYOrf,When the Camellia Blooms,"Sep 18, 2019 - Nov 21, 2019",When the Camellia Blooms (2019) [jAYOrf].jpg,When the Camellia Blooms (2019) [jAYOrf].jpg,matched,202647,740,1057,JPEG,5d09ba11c4a03f19b9acff8d1a1b73e45797e2b676c88cdb3804b2439a0abf2d
583,mjgmPf,The Light in Your Eyes,"Feb 11, 2019 - Mar 19, 2019",The Light in Your Eyes (2019) [mjgmPf].jpg,The Light in Your Eyes (2019) [mjgmPf].jpg,matched,83595,530,757,JPEG,e7c100d4b9484c110826e5f2a625e08c5090d4c028086f382aa1171d86b841a2
584,Lx1NDf,Trap,"Feb 9, 2019 - Mar 3, 2019",Trap (2019) [Lx1NDf].jpg,Trap (2019) [Lx1NDf].jpg,matched,246854,842,1200,JPEG,d1f0233fde13d9bcb0df18036cc674b7f79d1c3bb17006b232a6a7c9a7938c1f
585,Xe6Wwf,My First First Love,"Apr 18, 2019",My First First Love (2019) [Xe6Wwf].jpg,My First First Love (2019) [Xe6Wwf].jpg,matched,124987,729,1080,JPEG,4d331ae2d428d229be102563bddca1ae8d0e680b070265cc5397e8ed9d8aa573
586,JBvnRm_4f,Who Is She,"Dec 18, 2024 - Jan 23, 2025",Who Is She (2024) [JBvnRm_4f].jpg,Who Is She (2024) [JBvnRm_4f].jpg,matched,203782,900,1275,JPEG,72ab9fc75e3ca5cbf64dd0e78a5e36347e2772312316eb5521bba82946a00819
587,2OW0df,Children of Nobody,"Nov 21, 2018 - Jan 16, 2019",Children of Nobody (2018) [2OW0df].jpg,Children of Nobody (2018) [2OW0df].jpg,matched,167383,800,1140,JPEG,68ac7cbc54caea179d1fb21f180366fdea78ba8fe802d4bca422685298658bb0
588,wwW01f,Feel Good to Die,"Nov 7, 2018 - Dec 27, 2018",Feel Good to Die (2018) [wwW01f].jpg,Feel Good to Die (2018) [wwW01f].jpg,matched,215512,900,1346,JPEG,80ccfbb79d17ceed3b47cfc4ba5f66e46e7f371d0aa8ea4079cae5a30bb75c73
589,XEoKn_4f,My Girlfriend Is a Gumiho,"Aug 11, 2010 - Sep 30, 2010",My Girlfriend Is a Gumiho (2010) [XEoKn_4f].jpg,My Girlfriend Is a Gumiho (2010) [XEoKn_4f].jpg,matched,174803,800,1100,JPEG,aca3ed2abf94e2abf62f20e033b7e52ffce2e5176567304ed5727992316354c7
590,lJOevf,Just Dance,"Dec 3, 2018 - Dec 25, 2018",Just Dance (2018) [lJOevf].jpg,Just Dance (2018) [lJOevf].jpg,matched,85233,640,912,JPEG,9459b484f56aad0f2255a1902b0645635915fcd696525ee939d1509268982b7e
591,Xedoqf,Dear My Room,"Nov 6, 2018 - Jan 22, 2019",Dear My Room (2018) [Xedoqf].jpg,Dear My Room (2018) [Xedoqf].jpg,matched,113016,640,802,JPEG,2be37790bdede7c372c79508a93252d5c9d27bf07a06d78481577f4fec2854cc
592,vOOjgf,The Last Empress,"Nov 21, 2018 - Feb 21, 2019",The Last Empress (2018) [vOOjgf].jpg,The Last Empress (2018) [vOOjgf].jpg,matched,392404,900,1289,JPEG,17d8dd7fd2eb5307895b47b8d917b18c4d35137154cb6832986ca63914229a7b
593,WPXpXf,Bachelor's Vegetable Store,"Dec 21, 2011 - Mar 8, 2012",Bachelor's Vegetable Store (2011) [WPXpXf].jpg,Bachelor's Vegetable Store (2011) [WPXpXf].jpg,matched,233200,800,1200,JPEG,b9ebfaf757bd9f96d2c76ec14eda8babf3ec791f5f881c1d4e5a80ac0e0228de
594,QJ53r4_4f,Moon in the Day,"Nov 1, 2023 - Dec 14, 2023",Moon in the Day (2023) [QJ53r4_4f].jpg,Moon in the Day (2023) [QJ53r4_4f].jpg,matched,144851,900,1289,JPEG,5a4a6ef443cbbfdde8c575617cbaf26e25436ff41f4c15501306d0d309dbcbc3
595,96vwgf,The Color of a Woman,"Dec 5, 2011 - Feb 7, 2012",The Color of a Woman (2011) [96vwgf].jpg,The Color of a Woman (2011) [96vwgf].jpg,matched,57706,461,599,JPEG,1ca66a8bbfe20e4e838b0c112428503607b63dc417018339668eec9ced4c3f1e
596,kJPlrf,When the Devil Calls Your Name,"Jul 31, 2019 - Sep 19, 2019",When the Devil Calls Your Name (2019) [kJPlrf].jpg,When the Devil Calls Your Name (2019) [kJPlrf].jpg,matched,207626,900,1275,JPEG,a2794aa8399e26b0a5a7a8174fce7e0af2b2a46429fa0cee9f59c5baca7a8fca
597,oEW86f,Wind-Bell,"Jan 18, 2019 - Jan 27, 2019",Wind-Bell (2019) [oEW86f].jpg,Wind-Bell (2019) [oEW86f].jpg,matched,114700,497,740,JPEG,a55fb477d4168a766e11081aca780becf27bc0694bacf286fa7bce1e5e7dd7b0
598,vOzQ8f,Possessed,"Mar 6, 2019 - Apr 25, 2019",Possessed (2019) [vOzQ8f].jpg,Possessed (2019) [vOzQ8f].jpg,matched,164248,793,1200,JPEG,0f2da9a4cbae0eb73a2a0bfb34add491d442294e7144d514fba2040021263a96
599,RWnmof,Doctor Prisoner,"Mar 20, 2019 - May 15, 2019",Doctor Prisoner (2019) [RWnmof].jpg,Doctor Prisoner (2019) [RWnmof].jpg,matched,74327,540,810,JPEG,2e1bb3c836dfdeef5b11bcaacda6e6c59d9e8d3936358d8077b78a43bb60d4f3
600,B0gEqf,Tower of Babel,"Jan 27, 2019 - Mar 24, 2019",Tower of Babel (2019) [B0gEqf].jpg,Tower of Babel (2019) [B0gEqf].jpg,matched,122770,740,1110,JPEG,3d26fb5299936b2fbb80f6bc4174837d3049918d1b88b669fa8539aa7f83d25f
601,Xee1wf,A Pledge to God,"Nov 24, 2018 - Feb 16, 2019",A Pledge to God (2018) [Xee1wf].jpg,A Pledge to God (2018) [Xee1wf].jpg,matched,102755,639,957,JPEG,f6c7910117fef58f664fea97efe24e34b65b42e0c24b215252064890f6f9ea1b
602,zBLwzf,Shut Up: Flower Boy Band,"Jan 30, 2012 - Mar 20, 2012",Shut Up_ Flower Boy Band (2012) [zBLwzf].jpg,Shut Up_ Flower Boy Band (2012) [zBLwzf].jpg,matched,166605,740,1054,JPEG,91052c3d2155e954cfcd4b075df413007573e05ba441f278fb24c4bf0e3fd198
603,WNgPRf,My Country: The New Age,"Oct 4, 2019 - Nov 23, 2019",My Country_ The New Age (2019) [WNgPRf].jpg,My Country_ The New Age (2019) [WNgPRf].jpg,matched,74252,530,750,JPEG,140e911a45b3239287859ce379c0078ad38f0401fceddfeef54edf0defc4e605
604,qqPxdf,He Is Psychometric,"Mar 11, 2019 - Apr 30, 2019",He Is Psychometric (2019) [qqPxdf].jpg,He Is Psychometric (2019) [qqPxdf].jpg,matched,131992,640,904,JPEG,0769c50acb13552d8eb1d76545a936873bd2553f07fea72d43e1d13a16674b68
605,M7vwNf,Wild Romance,"Jan 4, 2012 - Feb 23, 2012",Wild Romance (2012) [M7vwNf].jpg,Wild Romance (2012) [M7vwNf].jpg,matched,108329,500,728,JPEG,58e8aa0eed4d1988fbf5f5db9e167e33ca7a38a43dd8916b6aa4453438109f3c
606,B0dO6f,Taste of Cat,"Jul 26, 2018 - Aug 4, 2018",Taste of Cat (2018) [B0dO6f].jpg,Taste of Cat (2018) [B0dO6f].jpg,matched,219911,900,1125,JPEG,4fbc78aa44b20ab681855bc1eb161188a7ff3303250f0dc1c280f838f3acd6c4
607,peoOE_4f,The World That They Live In,"Oct 27, 2008 - Dec 16, 2008",The World That They Live In (2008) [peoOE_4f].jpg,The World That They Live In (2008) [peoOE_4f].jpg,matched,148241,900,1283,JPEG,6495f24b35e6f436166a062bc8595eb400c6689dbf9302fb1de46db451e847d2
608,3Lbodf,"I Hate You, Juliet!","Feb 14, 2019 - May 1, 2019","I Hate You, Juliet! (2019) [3Lbodf].jpg","I Hate You, Juliet! (2019) [3Lbodf].jpg",matched,159374,740,1044,JPEG,6ae8373e1ce4e0fb61e001fb95e6ed3d361ae048a42dcb9b9a796a18588e2a10
609,ww3NJf,Legal High,"Feb 8, 2019 - Mar 30, 2019",Legal High (2019) [ww3NJf].jpg,Legal High (2019) [ww3NJf].jpg,matched,224635,900,1361,JPEG,b1be37c3eb020ce97b2a37ae53086a9770b20e0f01e07ff457d0cf1a8efe51fd
610,AB61Ef,Full House Take 2,"Oct 22, 2012 - Dec 13, 2012",Full House Take 2 (2012) [AB61Ef].jpg,Full House Take 2 (2012) [AB61Ef].jpg,matched,95063,480,684,JPEG,5bc501aa90f503a11e0c8246d05c823a3a8c08b81cc38b5d1d58c44cfdef555e
611,qYVNQf,Operation Proposal,"Feb 8, 2012 - Mar 29, 2012",Operation Proposal (2012) [qYVNQf].jpg,Operation Proposal (2012) [qYVNQf].jpg,matched,106292,655,958,JPEG,59f5b102bcff3382cc8ca76eed842cfc0fad0c49fffdcbeef302798400e532c5
612,XeNmxf,Love in Sadness,"Feb 23, 2019 - Apr 27, 2019",Love in Sadness (2019) [XeNmxf].jpg,Love in Sadness (2019) [XeNmxf].jpg,matched,123918,804,1200,JPEG,081b71af2a5d727ae2526c2ed3621395f9d2eefc91085477bae816e9f65339e7
613,Oxnqkf,Spring Turns to Spring,"Jan 23, 2019 - Mar 21, 2019",Spring Turns to Spring (2019) [Oxnqkf].jpg,Spring Turns to Spring (2019) [Oxnqkf].jpg,matched,154131,530,792,JPEG,000c585aa8c6aab1b16f21d208c6bb02d50f3c4931fda9a9e45c0d21e3b36b9c
614,nEAWBf,Want More 19,"Oct 24, 2018 - Nov 14, 2018",Want More 19 (2018) [nEAWBf].jpg,Want More 19 (2018) [nEAWBf].jpg,matched,136528,530,731,JPEG,3e86a5c9a540e1127f9ebafe2731fd93b155d9f2c675491979d08ea04dca1e06
615,KrmrJf,Liver or Die,"Jan 9, 2019 - Mar 14, 2019",Liver or Die (2019) [KrmrJf].jpg,Liver or Die (2019) [KrmrJf].jpg,matched,76472,540,765,JPEG,4b4ddbb478c06bb1b44384fb6a91d156e9f8a5bb3bbb347cb2fd957d3009b609
616,ArmK3f,History of the Salaryman,"Jan 2, 2012 - Mar 13, 2012",History of the Salaryman (2012) [ArmK3f].jpg,History of the Salaryman (2012) [ArmK3f].jpg,matched,162652,900,1227,JPEG,9e4f6d7ee9592edbbf0b30b146b8c2cd888f23d6de7d6b16486bb59850536729
617,5vNlef,Life Is Beautiful,"Mar 20, 2010 - Nov 7, 2010",Life Is Beautiful (2010) [5vNlef].jpg,Life Is Beautiful (2010) [5vNlef].jpg,matched,213016,725,1087,JPEG,8951bf84441e88f9efd55db44bc2272f1f30ba42ada29bab62d0b058541177f4
618,GJmY9f,Dr. Champ,"Sep 27, 2010 - Nov 16, 2010",Dr. Champ (2010) [GJmY9f].jpg,Dr. Champ (2010) [GJmY9f].jpg,matched,57909,400,600,JPEG,da649c8e2edf7b62bf9b9f8cead339ab8d72e7836c53c3b45bafe7d780aed938
619,wwN6Af,Confession,"Mar 23, 2019 - May 12, 2019",Confession (2019) [wwN6Af].jpg,Confession (2019) [wwN6Af].jpg,matched,146510,691,1000,JPEG,064185fb352bdc0456757f1f360dd6497ab1838269e777efad1cd9b83be163a5
620,D8xjzf,W.H.Y.,"Nov 10, 2018 - Dec 13, 2018",W.H.Y. (2018) [D8xjzf].jpg,W.H.Y. (2018) [D8xjzf].jpg,matched,145184,696,960,JPEG,605707756f87d77f6f01c92eaa4e6699c92b2dc37607d15be4a0b63cc0c1f642
621,XwBpqf,Moment at Eighteen,"Jul 22, 2019 - Sep 10, 2019",Moment at Eighteen (2019) [XwBpqf].jpg,Moment at Eighteen (2019) [XwBpqf].jpg,matched,49226,540,772,JPEG,2b8631fde699503d7a2252a91562ee44f9c502e13487041ce810ecf89280119c
622,KrrEnf,Gangnam Scandal,"Nov 26, 2018 - May 17, 2019",Gangnam Scandal (2018) [KrrEnf].jpg,Gangnam Scandal (2018) [KrrEnf].jpg,matched,119877,662,960,JPEG,a6376d05b44817b57c946669c204ebf7cacc7758363db10d0ff647a4038cd979
623,6peeWf,Search: WWW,"Jun 5, 2019 - Jul 25, 2019",Search_ WWW (2019) [6peeWf].jpg,Search_ WWW (2019) [6peeWf].jpg,matched,60395,540,765,JPEG,7635651cb27660d7b284289f07ab3a91a448d006034acf45412c7559b4012fe5
624,Z0rAkf,Am I the Only One with Butterflies?,"Aug 30, 2018",Am I the Only One with Butterflies_ (2018) [Z0rAkf].jpg,Am I the Only One with Butterflies_ (2018) [Z0rAkf].jpg,matched,46606,600,485,JPEG,05057341bb67dc94b19478dfaad9b1c23bb7e0a70199c08f116546dcd860d318
625,yWQE4f,Wonderful Life,"Mar 7, 2005 - Apr 26, 2005",Wonderful Life (2005) [yWQE4f].jpg,Wonderful Life (2005) [yWQE4f].jpg,matched,87851,500,688,JPEG,df0d3e0e77af9ed0f5b99ae3850a31f7e4ba7cec23d6072b9303673fde322555
626,kXL5bf,The Nokdu Flower,"Apr 26, 2019 - Jul 13, 2019",The Nokdu Flower (2019) [kXL5bf].jpg,The Nokdu Flower (2019) [kXL5bf].jpg,matched,208407,800,1100,JPEG,0356c5c483654c92a7a9ed1ca9a559339c32f7a862432cd80354ebcbc8da6537
627,Z0q4Of,Big Issue,"Mar 6, 2019 - May 2, 2019",Big Issue (2019) [Z0q4Of].jpg,Big Issue (2019) [Z0q4Of].jpg,matched,394609,900,1350,JPEG,29268fc451ab5b8dd6e71883869a199c34186890d95cba249968a8d107679f53
628,XeQDdf,My Fellow Citizens!,"Apr 1, 2019 - May 28, 2019",My Fellow Citizens! (2019) [XeQDdf].jpg,My Fellow Citizens! (2019) [XeQDdf].jpg,matched,173781,640,915,JPEG,b8a670eb814d318d438a7ad13a02b017995d6f2f5b77a8e6f9e99d6bbb1707a3
629,mOnjAk_4f,Kingdom Season 2,"Mar 13, 2020",Kingdom Season 2 (2020) [mOnjAk_4f].jpg,Kingdom Season 2 (2020) [mOnjAk_4f].jpg,matched,73006,540,800,JPEG,86a4584b30539fe76620e41785966a2114ca97c35815bf688ee24c74f5a8135f
630,Wmq1Rf,Designated Survivor: 60 Days,"Jul 1, 2019 - Aug 20, 2019",Designated Survivor_ 60 Days (2019) [Wmq1Rf].jpg,Designated Survivor_ 60 Days (2019) [Wmq1Rf].jpg,matched,258529,900,1275,JPEG,63c125066a7d8428cb27e32bc6832a41d936d264ca592a5d41e2f8953b6ba1ca
631,Y3wNef,When You Love Yourself,"Nov 28, 2018 - Dec 14, 2018",When You Love Yourself (2018) [Y3wNef].jpg,When You Love Yourself (2018) [Y3wNef].jpg,matched,52558,394,568,JPEG,2d3929e402d0b0e08f54f34891c277164a7c74825f212cb95699e3e7ffa693f9
632,72bALf,Mother of Mine,"Mar 23, 2019 - Sep 22, 2019",Mother of Mine (2019) [72bALf].jpg,Mother of Mine (2019) [72bALf].jpg,matched,115460,540,807,JPEG,19e645c76ab3f70ba084a8ca6d846717288340b412292089e36924eee946b491
633,6n2Ejf,Left-Handed Wife,"Jan 2, 2019 - May 31, 2019",Left-Handed Wife (2019) [6n2Ejf].jpg,Left-Handed Wife (2019) [6n2Ejf].jpg,matched,219816,900,1346,JPEG,8d164b9aa7d54073ad2c449b20fb81fa457e4c954b3547a139dcad708ce980da
634,nOROWf,Fashion King,"Mar 19, 2012 - May 22, 2012",Fashion King (2012) [nOROWf].jpg,Fashion King (2012) [nOROWf].jpg,matched,51421,467,662,JPEG,7bd1a693f982a8115a61913607ff89b8c5c38e3112a199a04bec1850384c8cfa
635,AvL7vf,Her Private Life,"Apr 10, 2019 - May 30, 2019",Her Private Life (2019) [AvL7vf].jpg,Her Private Life (2019) [AvL7vf].jpg,matched,170315,900,1282,JPEG,0d9ca0c703f396aff4ab0ab618ec142eb0797fc530cd60e46b593dfa2464c54c
636,RWnjxf,Kill It,"Mar 23, 2019 - Apr 28, 2019",Kill It (2019) [RWnjxf].jpg,Kill It (2019) [RWnjxf].jpg,matched,109727,632,900,JPEG,e8a5a47f1f9305c712fac0d3dfd7412dbbe9807843345127348b09583883b31a
637,qqwp0f,Drunk in Good Taste,"Dec 24, 2018",Drunk in Good Taste (2018) [qqwp0f].jpg,Drunk in Good Taste (2018) [qqwp0f].jpg,matched,120175,674,960,JPEG,fb48e76c87fee65e01206410108658712c3304a7ad75f5788f835ee7cb01da77
638,z7goef,The Sound of Your Heart: Reboot Season 2,"Dec 3, 2018",The Sound of Your Heart_ Reboot Season 2 (2018) [z7goef].jpg,The Sound of Your Heart_ Reboot Season 2 (2018) [z7goef].jpg,matched,192355,740,1060,JPEG,6bdec49e7e0e1c1d99cb6db301f86847440a97fe54206465a436e40390c3eb3b
639,10Y8yf,Angel's Last Mission: Love,"May 22, 2019 - Jul 11, 2019",Angel's Last Mission_ Love (2019) [10Y8yf].jpg,Angel's Last Mission_ Love (2019) [10Y8yf].jpg,matched,75669,640,960,JPEG,f844f51c939a349106e32859668ad56cc5ee026a01ff7406f0130749b371bb4c
640,qoq5Kf,My Holo Love,"Feb 7, 2020",My Holo Love (2020) [qoq5Kf].jpg,My Holo Love (2020) [qoq5Kf].jpg,matched,89876,600,888,JPEG,bb05568e2c8a124557b2323b513289b5448a4e9c74cbf7b7d4dcde29b9f52822
641,ErXmQf,Beautiful World,"Apr 5, 2019 - May 25, 2019",Beautiful World (2019) [ErXmQf].jpg,Beautiful World (2019) [ErXmQf].jpg,matched,74809,540,816,JPEG,0fbcecf332d4fba2a26cb28d4b481af8f7a442a3980b5857172dcad37296aa7f
642,wVqObf,"Meow, the Secret Boy","Mar 25, 2020 - Apr 30, 2020","Meow, the Secret Boy (2020) [wVqObf].jpg","Meow, the Secret Boy (2020) [wVqObf].jpg",matched,84544,430,640,JPEG,fa74a5ad751b64eb117c7e84fc8735552e3ea7ff1576b9b0cd4562e6ea58d976
643,XO1yd_4f,The School Nurse Files,"Sep 25, 2020",The School Nurse Files (2020) [XO1yd_4f].jpg,The School Nurse Files (2020) [XO1yd_4f].jpg,matched,227213,900,1334,JPEG,78395e3f4e4364ec4f5277e8ad474204af698a3e3a06f5124d1c4f6d86568947
644,p84Jef,Chocolate,"Nov 29, 2019 - Jan 18, 2020",Chocolate (2019) [p84Jef].jpg,Chocolate (2019) [p84Jef].jpg,matched,39030,540,771,JPEG,a964b1ef5d92f053578a83275e4f0d0a60cb47126ebcb75513a11fbe8ec59fa2
645,enw3ef,Partners for Justice Season 2,"Jun 3, 2019 - Jul 29, 2019",Partners for Justice Season 2 (2019) [enw3ef].jpg,Partners for Justice Season 2 (2019) [enw3ef].jpg,matched,149749,642,960,JPEG,31b567d7583ba5082852002a7debb3eb83784d22f77517e0dffc1d0109868614
646,RApq6f,Hotel del Luna,"Jul 13, 2019 - Sep 1, 2019",Hotel del Luna (2019) [RApq6f].jpg,Hotel del Luna (2019) [RApq6f].jpg,matched,240389,900,1271,JPEG,102408b38f239a15c6348df2585cc31329b0c1edf49c944ede22735d42d3494c
647,jXmvbf,Doctor John,"Jul 19, 2019 - Sep 7, 2019",Doctor John (2019) [jXmvbf].jpg,Doctor John (2019) [jXmvbf].jpg,matched,119058,800,1140,JPEG,a38a733bdc944eab246e4af2145d0201ced56ca177c3a11d742daeb6017aa4ec
648,0lAZO_4f,One Spring Night,"May 22, 2019 - Jul 11, 2019",One Spring Night (2019) [0lAZO_4f].jpg,One Spring Night (2019) [0lAZO_4f].jpg,matched,106154,900,1214,JPEG,e442827f1634437492c0715d7b254768841fb869aed9834f54d692a44ec6f9b7
649,MAJz4f,Dangerous Love,"Mar 12, 2006",Dangerous Love (2006) [MAJz4f].jpg,Dangerous Love (2006) [MAJz4f].jpg,matched,17765,576,365,JPEG,af521f252a6387bb3d16b5d4ea9d08794aa15e6902dfaba827257f3de096dc74
650,kEJRjf,Secret Boutique,"Sep 18, 2019 - Nov 28, 2019",Secret Boutique (2019) [kEJRjf].jpg,Secret Boutique (2019) [kEJRjf].jpg,matched,109391,684,1024,JPEG,ada26d373a93aa187a2242ba4f821a09591db0c31b9556415f469759deeaae23
651,E21Jbf,V.I.P,"Oct 28, 2019 - Dec 24, 2019",V.I.P (2019) [E21Jbf].jpg,V.I.P (2019) [E21Jbf].jpg,matched,81614,540,773,JPEG,b8aa9c66a479b33d528d4f4cd89966e43418c04d488e97999d7e3eb784379af7
652,RJP8gf,Chief of Staff,"Jun 14, 2019 - Jul 13, 2019",Chief of Staff (2019) [RJP8gf].jpg,Chief of Staff (2019) [RJP8gf].jpg,matched,175786,869,1600,JPEG,9e285344c4e11f387ad031f720b9e8856543396cbbf0c3366498c312ab19eb4b
653,y7yYKf,Save Me Season 2,"May 8, 2019 - Jun 27, 2019",Save Me Season 2 (2019) [y7yYKf].jpg,Save Me Season 2 (2019) [y7yYKf].jpg,matched,183141,900,1283,JPEG,49dfe24f574c54f0ac4df5a0de7b43e7810d0cd1d71813a75e617e2f05a058fb
654,4p2vdf,Strangers from Hell,"Aug 31, 2019 - Oct 6, 2019",Strangers from Hell (2019) [4p2vdf].jpg,Strangers from Hell (2019) [4p2vdf].jpg,matched,90553,540,769,JPEG,1f498e51fc038a8dd8b064e7ea3f2b97bf56f172d2a5d967beb709ed27abb634
655,10XjQf,Ghostderella,"Feb 14, 2019 - Mar 7, 2019",Ghostderella (2019) [10XjQf].jpg,Ghostderella (2019) [10XjQf].jpg,matched,85351,680,960,JPEG,069fa63724121e4b2aaa87738eef9b400d32744cf348dfc8ca7570ab54ee8c4c
656,xQEdXf,Flower Crew: Joseon Marriage Agency,"Sep 16, 2019 - Nov 5, 2019",Flower Crew_ Joseon Marriage Agency (2019) [xQEdXf].jpg,Flower Crew_ Joseon Marriage Agency (2019) [xQEdXf].jpg,matched,242287,900,1245,JPEG,eed29cdde428d77c41fc758ef969884a8dc243dad76a2c46f09737fa8dbb1057
657,enwzqf,Perfume,"Jun 3, 2019 - Jul 23, 2019",Perfume (2019) [enwzqf].jpg,Perfume (2019) [enwzqf].jpg,matched,117408,640,960,JPEG,d2c4184928799cb561b3f20e2f7c3f2017b84425a6c652d920cdf713e5503d1e
658,qoQK2f,Forest,"Jan 29, 2020 - Mar 19, 2020",Forest (2020) [qoQK2f].jpg,Forest (2020) [qoQK2f].jpg,matched,62671,530,748,JPEG,50e05d040cd18d108ed757c3eeeec4d28ad5254695bbf98639c373b82c41827f
659,jXbgrf,Watcher,"Jul 6, 2019 - Aug 25, 2019",Watcher (2019) [jXbgrf].jpg,Watcher (2019) [jXbgrf].jpg,matched,67168,540,769,JPEG,01e5fef19471d77e9f55e4d294363dfdd856bddf897e5108e393dbf88e7686db
660,rmv27f,Doctor Detective,"Jul 17, 2019 - Sep 5, 2019",Doctor Detective (2019) [rmv27f].jpg,Doctor Detective (2019) [rmv27f].jpg,matched,173758,800,1140,JPEG,a91065444b156e82c0a8606733edf5a0aa3fd618cb19fb4ed368c5836ab88df6
661,BbKo6f,It's Okay to Be Sensitive Season 2,"Feb 1, 2019 - Mar 5, 2019",It's Okay to Be Sensitive Season 2 (2019) [BbKo6f].jpg,It's Okay to Be Sensitive Season 2 (2019) [BbKo6f].jpg,matched,158024,900,1213,JPEG,f941ad77ef137730ce374622eb9b3a009cf4f67b7f07add307c83684819df24e
662,dd1Ezf,Rookie Historian Goo Hae Ryung,"Jul 17, 2019 - Sep 26, 2019",Rookie Historian Goo Hae Ryung (2019) [dd1Ezf].jpg,Rookie Historian Goo Hae Ryung (2019) [dd1Ezf].jpg,matched,88171,800,1140,JPEG,fd7b8b77a782a71cdb7d1fec78d05f14664d97240c6c26bab6f9594ba9564b0a
663,XwOzqf,Level Up,"Jul 10, 2019 - Aug 15, 2019",Level Up (2019) [XwOzqf].jpg,Level Up (2019) [XwOzqf].jpg,matched,84937,560,837,JPEG,326f733f0863b7bf39085f1623fe7cfdc66f693c6687a28c25a53babb8793489
664,VQRALf,Discipline,"Dec 19, 2018 - Apr 11, 2019",Discipline (2018) [VQRALf].jpg,Discipline (2018) [VQRALf].jpg,matched,55550,620,465,JPEG,30195b8165bbf55563158f1323a2be3964704864a721e69eb804f17ded35a375
665,ElxBWf,The Wind Blows,"May 27, 2019 - Jul 16, 2019",The Wind Blows (2019) [ElxBWf].jpg,The Wind Blows (2019) [ElxBWf].jpg,matched,139239,755,1080,JPEG,e5d07eae747a434b32855e359a0f2a9caab1ea7c47d1bbcc998caa29366cc3c6
666,jlBjOf,A-Teen Season 2,"Apr 21, 2019 - Jun 27, 2019",A-Teen Season 2 (2019) [jlBjOf].jpg,A-Teen Season 2 (2019) [jlBjOf].jpg,matched,98685,568,709,JPEG,3237f230093200292f698a545bfc0e99a7d3c4b7cd17648ddd1feaebeafeacff
667,XKdzpf,The Great Show,"Aug 26, 2019 - Oct 15, 2019",The Great Show (2019) [XKdzpf].jpg,The Great Show (2019) [XKdzpf].jpg,matched,138829,635,900,JPEG,befaa0058f651d917251ce45adf206b6e42489d8d26f94282ddd5c30e33a35fa
668,N75Yof,Just One Bite Season 2,"Mar 8, 2019",Just One Bite Season 2 (2019) [N75Yof].jpg,Just One Bite Season 2 (2019) [N75Yof].jpg,matched,119149,696,960,JPEG,63d86dad7c5e0197485c44ed5486893734a20971a846c2bf81d028bbba76be0a
669,WmXwXf,Love Affairs in the Afternoon,"Jul 5, 2019 - Aug 24, 2019",Love Affairs in the Afternoon (2019) [WmXwXf].jpg,Love Affairs in the Afternoon (2019) [WmXwXf].jpg,matched,124418,800,1140,JPEG,2de15826f5382a34c56621f0824c03e7a525c6ba500c1410c695e4022741630c
670,qvEV8_4f,Justice,"Jul 17, 2019 - Sep 5, 2019",Justice (2019) [qvEV8_4f].jpg,Justice (2019) [qvEV8_4f].jpg,matched,167983,900,1290,JPEG,a8415538926f6410073902711816f985d39be6074fb874df39adc79dcb7e58c6
671,2xvrEf,How to Hate You,"Apr 1, 2019 - Apr 2, 2019",How to Hate You (2019) [2xvrEf].jpg,How to Hate You (2019) [2xvrEf].jpg,matched,148298,900,1125,JPEG,d934e4d1dee3e8fe8ad60eff97df8fb80221cc86ecdeb95aa7dd35b9925d8d60
672,0brEKf,Catch the Ghost,"Oct 21, 2019 - Dec 10, 2019",Catch the Ghost (2019) [0brEKf].jpg,Catch the Ghost (2019) [0brEKf].jpg,matched,200538,900,1286,JPEG,6b7e76ddff4fc6f2a2394a1dcf0250308b67291038fe54ca5db412f1926cfb02
673,dvv3Kf,Diary of a Prosecutor,"Dec 16, 2019 - Feb 11, 2020",Diary of a Prosecutor (2019) [dvv3Kf].jpg,Diary of a Prosecutor (2019) [dvv3Kf].jpg,matched,72347,540,770,JPEG,624c8e893d65245bbcfcbf817de663dc9e135500ebbe8c79e75d2ca6f954d8df
674,0pkwNf,Welcome 2 Life,"Aug 5, 2019 - Sep 24, 2019",Welcome 2 Life (2019) [0pkwNf].jpg,Welcome 2 Life (2019) [0pkwNf].jpg,matched,108621,540,762,JPEG,144c2da94ba0a2fd046eb7a5b034e4796612f234d2607e405ec83c24e4f7c800
675,jl6Wrf,Persona,"Apr 11, 2019",Persona (2019) [jl6Wrf].jpg,Persona (2019) [jl6Wrf].jpg,matched,100476,600,865,JPEG,46ce3236f6eb45e58709c1e5c278d900b0251d87741cb10e35f18b74bc17e8ef
676,qOk3Df,Joseon Survival,"Jun 8, 2019 - Aug 17, 2019",Joseon Survival (2019) [qOk3Df].jpg,Joseon Survival (2019) [qOk3Df].jpg,matched,329976,900,1350,JPEG,b4347088854c6b5fad14d7226aa79a717d3ffc3960930dcf2148c7e4e1818926
677,E24zpf,Extraordinary You,"Oct 2, 2019 - Nov 21, 2019",Extraordinary You (2019) [E24zpf].jpg,Extraordinary You (2019) [E24zpf].jpg,matched,117603,740,1059,JPEG,2f28af1c9f1b1b10a065828a735b5f17bff7b021a0361802d9d18ec67b6fe0e2
678,NdAzWf,God's Quiz,"Oct 8, 2010 - Dec 10, 2010",God's Quiz (2010) [NdAzWf].jpg,God's Quiz (2010) [NdAzWf].jpg,matched,211379,740,1042,JPEG,6ad589b0c68884d79d4dad665e39f70c757dc6e164e2e978ec0bcba8ceefcbeb
679,kbQdr_4f,Rooftop Prince,"Mar 21, 2012 - May 24, 2012",Rooftop Prince (2012) [kbQdr_4f].jpg,Rooftop Prince (2012) [kbQdr_4f].jpg,matched,234802,900,1343,JPEG,948b16d157f69af977c55e5ca6d4104b0e2ae7593814ea5fd6b4b81748095304
680,j8EJzf,The Lies Within,"Oct 12, 2019 - Dec 1, 2019",The Lies Within (2019) [j8EJzf].jpg,The Lies Within (2019) [j8EJzf].jpg,matched,40559,640,912,JPEG,bacb913f760f33f1a774f71cb992e3b4e2007f951072dde0dae43c36c6d81835
681,1qvQyf,Class of Lies,"Jul 17, 2019 - Sep 5, 2019",Class of Lies (2019) [1qvQyf].jpg,Class of Lies (2019) [1qvQyf].jpg,matched,355355,900,1360,JPEG,73b4c82ebd9af7a461571f33bc2a140e095553a5462a8f5f09aa8167acc0a90a
682,b3nWEf,King2Hearts,"Mar 21, 2012 - May 24, 2012",King2Hearts (2012) [b3nWEf].jpg,King2Hearts (2012) [b3nWEf].jpg,matched,147543,760,1086,JPEG,9b5cc82abf95758a4b353f6a3230dedf02468edc6366898c15aa54af5dea0e7e
683,kOpKmf,Itaewon Class,"Jan 31, 2020 - Mar 21, 2020",Itaewon Class (2020) [kOpKmf].jpg,Itaewon Class (2020) [kOpKmf].jpg,matched,291546,800,1140,JPEG,a9a4af7dc420dc543e416cea2836dc859d5514d0c8b1046ad8a45956aa6945e8
684,X4Q3qf,My Husband Got a Family,"Feb 25, 2012 - Sep 9, 2012",My Husband Got a Family (2012) [X4Q3qf].jpg,My Husband Got a Family (2012) [X4Q3qf].jpg,matched,335076,800,1150,JPEG,0ffbace0aee247541761bb9c784b4265d7d440d129383ae9f2267905eb1fdf1f
685,r5kLy_4f,The Bridal Mask,"May 30, 2012 - Sep 6, 2012",The Bridal Mask (2012) [r5kLy_4f].jpg,The Bridal Mask (2012) [r5kLy_4f].jpg,matched,328591,900,1310,JPEG,f68aa03e37afc59750cb6712d5a5845c4be78b55c1d8eae56e1f36ae356d1a07
686,6pDbOf,I Wanna Hear Your Song,"Aug 5, 2019 - Sep 24, 2019",I Wanna Hear Your Song (2019) [6pDbOf].jpg,I Wanna Hear Your Song (2019) [6pDbOf].jpg,matched,84999,474,679,JPEG,30e25ac6c450cacfba5518c7c7fae7a708473483fda6b519862b66c8180c2df3
687,BxZxbf,Miss Lee,"Sep 25, 2019 - Nov 14, 2019",Miss Lee (2019) [BxZxbf].jpg,Miss Lee (2019) [BxZxbf].jpg,matched,290222,800,1140,JPEG,94a3d1ce959e0f20d731a4e709fcc2b9e5f2edec0156ccd9432f5482c5da03ab
688,23k3Of,The Tale of Nokdu,"Sep 30, 2019 - Nov 25, 2019",The Tale of Nokdu (2019) [23k3Of].jpg,The Tale of Nokdu (2019) [23k3Of].jpg,matched,114760,768,1097,JPEG,fb602373dce9e010dbc19059486dd175430d2fcbbe3a5e6bcc3ea2fbbc69f637
689,RNoko_4f,Chimera,"Oct 30, 2021 - Dec 19, 2021",Chimera (2021) [RNoko_4f].jpg,Chimera (2021) [RNoko_4f].jpg,matched,273711,900,1283,JPEG,4223c11bd7a351e5850be21dd97a371c98fb29c23b1078c6e4570e1c2f583480
690,QNqYgf,Melting Me Softly,"Sep 28, 2019 - Nov 17, 2019",Melting Me Softly (2019) [QNqYgf].jpg,Melting Me Softly (2019) [QNqYgf].jpg,matched,141145,900,1350,JPEG,248763698d724beb6843ca762466af2abfc018656a7e169dfeb6863b193ce043
691,xy8oq_4f,Sweet Home,"Dec 18, 2020",Sweet Home (2020) [xy8oq_4f].jpg,Sweet Home (2020) [xy8oq_4f].jpg,matched,169003,750,1334,JPEG,3c3491a1c7e8c995571956bb4189eb37c46d6a6b213d2034f379f47f52a2c557
692,8Y4q2f,Freshman,"Mar 23, 2019 - Apr 28, 2019",Freshman (2019) [8Y4q2f].jpg,Freshman (2019) [8Y4q2f].jpg,matched,131022,679,960,JPEG,a1e935cd187392cd2ecb78d6f29e72b0b094fa0b942466ecb55b85af882cb03e
693,XwLgwf,Graceful Family,"Aug 21, 2019 - Oct 17, 2019",Graceful Family (2019) [XwLgwf].jpg,Graceful Family (2019) [XwLgwf].jpg,matched,76371,540,762,JPEG,f04fecf3d153be08acce67ca89f5a6b6dfe93a34799df4a4750ca143857c286a
694,1LOk5f,Money Game,"Jan 15, 2020 - Mar 5, 2020",Money Game (2020) [1LOk5f].jpg,Money Game (2020) [1LOk5f].jpg,matched,173362,849,1199,JPEG,4246f265bd99f3c8e1c38463509ae40298e6ce9c6b18528a1e96b1284959da3e
695,1pp55f,Love Playlist Season 4,"Jun 19, 2019 - Aug 10, 2019",Love Playlist Season 4 (2019) [1pp55f].jpg,Love Playlist Season 4 (2019) [1pp55f].jpg,matched,155983,696,960,JPEG,ce912fcb563a369a5b2c321a74b570100f4ae5f093b5f2a9100fb67e33e00525
696,pkYVbf,Triple,"Jun 11, 2009 - Jul 30, 2009",Triple (2009) [pkYVbf].jpg,Triple (2009) [pkYVbf].jpg,matched,189410,737,945,JPEG,0c10a84857620e919933c0df5ea4046ef9e6978909c725dbc7c9ae00a8511eea
697,27Ry2f,Extracurricular,"Apr 29, 2020",Extracurricular (2020) [27Ry2f].jpg,Extracurricular (2020) [27Ry2f].jpg,matched,44938,430,636,JPEG,57918dea5c6de97c35e6af93042f5c2f6fa08cd267379f6ef8661def5fbaec72
698,wl01kf,Love with Flaws,"Nov 27, 2019 - Jan 16, 2020",Love with Flaws (2019) [wl01kf].jpg,Love with Flaws (2019) [wl01kf].jpg,matched,224780,900,1286,JPEG,3acf4d2b157a14f9540b191eedac72869eff39f0b1f3af3f840e38cbf462e952
699,Bb1RRf,Black Dog,"Dec 16, 2019 - Feb 4, 2020",Black Dog (2019) [Bb1RRf].jpg,Black Dog (2019) [Bb1RRf].jpg,matched,105515,540,763,JPEG,e92c5f82691ca5d72269fc8990ac241b849834fed17290f11f6d86d0d6817038
700,kJKvkf,Golden Garden,"Jul 20, 2019 - Oct 26, 2019",Golden Garden (2019) [kJKvkf].jpg,Golden Garden (2019) [kJKvkf].jpg,matched,98888,540,760,JPEG,5035117eb122b50c01c14d665c673d129009cefe98cc3865384068ef460bbdbf
701,Bx3NAf,Triple Fling,"Mar 14, 2019 - May 2, 2019",Triple Fling (2019) [Bx3NAf].jpg,Triple Fling (2019) [Bx3NAf].jpg,matched,119130,778,1080,JPEG,9d39ea818e2ce30e1c216bda144574ba6894b590c3f3efd1594e88f7885bdf24
702,aDvOpf,Salamander Guru and the Gang,"Jan 27, 2012 - Mar 30, 2012",Salamander Guru and the Gang (2012) [aDvOpf].jpg,Salamander Guru and the Gang (2012) [aDvOpf].jpg,matched,83028,400,600,JPEG,9b84cb8e5c33cf301015689e81c734e8821d7335423c0d96bb6c367b3887fb75
703,eEkppf,Mystic Pop-Up Bar,"May 20, 2020 - Jun 25, 2020",Mystic Pop-Up Bar (2020) [eEkppf].jpg,Mystic Pop-Up Bar (2020) [eEkppf].jpg,matched,69595,430,613,JPEG,08dd17b38817fb40a53f1be8d56d77443d21cd2ce9cfa9349ba575868ee7d9f2
704,1pdJ7f,A Place in the Sun,"Jun 3, 2019 - Nov 1, 2019",A Place in the Sun (2019) [1pdJ7f].jpg,A Place in the Sun (2019) [1pdJ7f].jpg,matched,81847,740,1107,JPEG,48fe521dd51df908f72edb8be4f845950308fda61ec232d8b3f4dd490c7da657
705,4D56rf,Chief of Staff Season 2,"Nov 11, 2019 - Dec 10, 2019",Chief of Staff Season 2 (2019) [4D56rf].jpg,Chief of Staff Season 2 (2019) [4D56rf].jpg,matched,162756,900,1271,JPEG,7bf932da8379cf56e5473dd71050f826722caded1be35d02d426ab2a63168a12
706,wwpb1f,"Maybe, Maybe Not","Mar 12, 2019 - May 7, 2019","Maybe, Maybe Not (2019) [wwpb1f].jpg","Maybe, Maybe Not (2019) [wwpb1f].jpg",matched,67279,709,1024,JPEG,eb5d3e91641eb2ae1d8936eb53a2ddc977ef1710139de4588b5bfbf514b7a42a
707,6o4N2f,"Arthdal Chronicles Part 2: The Sky Turning Inside Out, Rising Land","Jun 22, 2019 - Jul 7, 2019","Arthdal Chronicles Part 2_ The Sky Turning Inside Out, Rising Land (2019) [6o4N2f].jpg","Arthdal Chronicles Part 2_ The Sky Turning Inside Out, Rising Land (2019) [6o4N2f].jpg",matched,165310,800,1140,JPEG,2b2f94b9841e2e06316a2bdc1067b9ff66e80cbf0470723a4e778b3f0c1e0979
708,23m6wf,Arthdal Chronicles Part 3: The Prelude to All Legends,"Sep 7, 2019 - Sep 22, 2019",Arthdal Chronicles Part 3_ The Prelude to All Legends (2019) [23m6wf].jpg,Arthdal Chronicles Part 3_ The Prelude to All Legends (2019) [23m6wf].jpg,matched,256548,900,1286,JPEG,dc24eb485c7d009ea4d23b559688a46e51635f46fe50db43ee5fbef144ace351
709,pWmJBf,The Best Ending,"May 3, 2019",The Best Ending (2019) [pWmJBf].jpg,The Best Ending (2019) [pWmJBf].jpg,matched,169263,740,1021,JPEG,e6f63d34e2323c687b92a0f14a0e29df2b75ce6d3ce35d27e06fa12b5141f126
710,GQny6f,Twelve Men in a Year,"Feb 15, 2012 - Apr 5, 2012",Twelve Men in a Year (2012) [GQny6f].jpg,Twelve Men in a Year (2012) [GQny6f].jpg,matched,65985,400,600,JPEG,ce2c191f94c33ac7ff0b521731b62f654ed9f5727e1af3243f593089ef541cc3
711,9m4kaf,Loving You a Thousand Times,"Aug 29, 2009 - Mar 7, 2010",Loving You a Thousand Times (2009) [9m4kaf].jpg,Loving You a Thousand Times (2009) [9m4kaf].jpg,matched,44230,354,500,JPEG,f6324e0427e678d4f8aa3c842c44abcabd842453d9775bc7bc3798fa8dfdf397
712,eoD8Wf,The King: Eternal Monarch,"Apr 17, 2020 - Jun 12, 2020",The King_ Eternal Monarch (2020) [eoD8Wf].jpg,The King_ Eternal Monarch (2020) [eoD8Wf].jpg,matched,192417,800,1200,JPEG,fcc46d8a461f3c93e60ab44715ffef1430a81bc48edeca2079cf541dbe7fb583
713,vOkvgf,Dating Class,"May 10, 2019 - Jun 29, 2019",Dating Class (2019) [vOkvgf].jpg,Dating Class (2019) [vOkvgf].jpg,matched,250765,848,1199,JPEG,38d54b9761f71af97238c603aabfdf5f3b98d1c3a6d1d190f73a00d3af9982c7
714,RXo6E_4f,Alice,"Aug 28, 2020 - Oct 24, 2020",Alice (2020) [RXo6E_4f].jpg,Alice (2020) [RXo6E_4f].jpg,matched,175921,900,1346,JPEG,199ca138268a626e2bd05dafd6ed80171668bb7aa4e423717b72663df23168c8
715,B3yVzf,Nobody Knows,"Mar 2, 2020 - Apr 21, 2020",Nobody Knows (2020) [B3yVzf].jpg,Nobody Knows (2020) [B3yVzf].jpg,matched,335811,900,1350,JPEG,c6b9d270f038f704001f65bab00f42731621134ca211fd3cc5567ce8eea3db45
716,qbkg0f,Pegasus Market,"Sep 20, 2019 - Dec 6, 2019",Pegasus Market (2019) [qbkg0f].jpg,Pegasus Market (2019) [qbkg0f].jpg,matched,129966,677,960,JPEG,5dff65f23a92cc56ae9b3d68b320ef3988c5e7cf08e3132af9c2d4ec48101ff6
717,1q1ORf,Not a Robot,"May 27, 2019 - Jul 3, 2019",Not a Robot (2019) [1q1ORf].jpg,Not a Robot (2019) [1q1ORf].jpg,matched,115771,700,971,JPEG,baeaebb30196da17e40dae2bfe57c9bd946eabde2553d89004c636c0dbbdfa3f
718,GNvlEf,The Equator Man,"Mar 21, 2012 - May 24, 2012",The Equator Man (2012) [GNvlEf].jpg,The Equator Man (2012) [GNvlEf].jpg,matched,46476,400,582,JPEG,364fc5e2d9a281ac4e8f166f456078fb56c14fb1b3cfd3e0b730f4d6d1aa69c0
719,qY5jDf,A Gentleman's Dignity,"May 26, 2012 - Aug 12, 2012",A Gentleman's Dignity (2012) [qY5jDf].jpg,A Gentleman's Dignity (2012) [qY5jDf].jpg,matched,99912,550,778,JPEG,a39953845d99ca2f40dcee9878a5db27e53e0a237b4798f316b975170b1433fe
720,g0wylo_4f,Crash Landing on You,"Dec 14, 2019 - Feb 16, 2020",Crash Landing on You (2019) [g0wylo_4f].jpg,Crash Landing on You (2019) [g0wylo_4f].jpg,matched,220260,900,1286,JPEG,cd6b81a6c3d128a0f2af9628fc3c8e15bfbea2366194a28aaaf966a84a579022
721,6zoDX_4f,Graceful Friends,"Jul 10, 2020 - Sep 5, 2020",Graceful Friends (2020) [6zoDX_4f].jpg,Graceful Friends (2020) [6zoDX_4f].jpg,matched,138014,650,926,JPEG,711602a9ea659a8309031b5603296d10b982ec6debdc737f82f9e45b3ceb27cb
722,WPB3lf,Cruel Love,"Dec 3, 2007 - Feb 12, 2008",Cruel Love (2007) [WPB3lf].jpg,Cruel Love (2007) [WPB3lf].jpg,matched,125609,740,1061,JPEG,73bc1b3acffd98a3e2f7dbb19f3a014165c3a604b2d73d4dc3bb0600b90f7f32
723,RXXL6_4f,Hospital Playlist,"Mar 12, 2020 - May 28, 2020",Hospital Playlist (2020) [RXXL6_4f].jpg,Hospital Playlist (2020) [RXXL6_4f].jpg,matched,154139,798,1161,JPEG,34ece445d68329c0339177c530dcd87548259733ee43b3b6a717a8a104006001
724,rOQA2f,Hyena,"Feb 21, 2020 - Apr 11, 2020",Hyena (2020) [rOQA2f].jpg,Hyena (2020) [rOQA2f].jpg,matched,182698,740,1045,JPEG,55856b6e23d82fad513db63fa10b94a5b97f52731d11abea1a6126727d6437ec
725,EVJB5_4f,Dr. Brain,"Nov 4, 2021 - Dec 10, 2021",Dr. Brain (2021) [EVJB5_4f].jpg,Dr. Brain (2021) [EVJB5_4f].jpg,matched,163028,900,1350,JPEG,72f98ec7be44445919eb73b6911dde60561738d59075c637323e721e43fd7a58
726,2wgzdf,The Snow Queen,"Nov 13, 2006 - Jan 8, 2007",The Snow Queen (2006) [2wgzdf].jpg,The Snow Queen (2006) [2wgzdf].jpg,matched,95526,699,1000,JPEG,400b6725a37cf162e6b6f8c3c6c1b7769cc6c05182362da176dd3db0b3a61480
727,0Ak7Yf,Good Casting,"Apr 27, 2020 - Jun 16, 2020",Good Casting (2020) [0Ak7Yf].jpg,Good Casting (2020) [0Ak7Yf].jpg,matched,87545,430,643,JPEG,e41a2592c34ee784e833db5996a9b827985b213974998d36f6abeaf00d432c81
728,zNbw7f,Giant,"May 10, 2010 - Dec 7, 2010",Giant (2010) [zNbw7f].jpg,Giant (2010) [zNbw7f].jpg,matched,216852,900,1245,JPEG,297518b72138032b247d1fe5a70d91d26296c69adbc213596ea97e97bf6de63f
729,GwlBAf,Can Love Become Money,"Mar 3, 2012 - May 6, 2012",Can Love Become Money (2012) [GwlBAf].jpg,Can Love Become Money (2012) [GwlBAf].jpg,matched,61905,399,599,JPEG,37df390717446c7fd0e9f5cf95586ac3d5926ee4fa5c26025ec898229cf6ad71
730,ab07Vf,Time Slip Dr. Jin,"May 26, 2012 - Aug 12, 2012",Time Slip Dr. Jin (2012) [ab07Vf].jpg,Time Slip Dr. Jin (2012) [ab07Vf].jpg,matched,57411,402,600,JPEG,c0d4db551daacc5d7e27c5a1b71d9ffc6a195eb55bcbc04c7cb16ac0b49fa955
731,kWkAgf,Yellow Boots,"Feb 27, 2012 - Aug 30, 2012",Yellow Boots (2012) [kWkAgf].jpg,Yellow Boots (2012) [kWkAgf].jpg,matched,222118,900,1282,JPEG,0171c757339070de6d9d10becb6769043f274eb6b3c9309d6630f62e488da29b
732,GPR38f,Arang and the Magistrate,"Aug 15, 2012 - Oct 18, 2012",Arang and the Magistrate (2012) [GPR38f].jpg,Arang and the Magistrate (2012) [GPR38f].jpg,matched,112684,550,820,JPEG,d2894c28a1f43312be11d4cd1ad35ffda7a105d7e5428ac13b3e7a0bd663e7a4
733,M36eGf,That Fool,"Apr 29, 2009 - Jun 18, 2009",That Fool (2009) [M36eGf].jpg,That Fool (2009) [M36eGf].jpg,matched,50347,400,600,JPEG,ef76b0af49195d866d64e1846b5ef23ceecce72cb374ebca4df37d98c8717189
734,2g4yWf,Psychopath Diary,"Nov 20, 2019 - Jan 9, 2020",Psychopath Diary (2019) [2g4yWf].jpg,Psychopath Diary (2019) [2g4yWf].jpg,matched,116254,600,850,JPEG,84212297f51650a401f0dfe7c9317ed153f831016582862ca86a6d6db895917d
735,2OEvwf,My First First Love Season 2,"Jul 26, 2019",My First First Love Season 2 (2019) [2OEvwf].jpg,My First First Love Season 2 (2019) [2OEvwf].jpg,matched,91304,540,781,JPEG,66f502c5e9134865bf5264199de903b6bfa5cb1c2d3f5de31f528665b2c43200
736,b30NEf,Goong,"Jan 11, 2006 - Mar 30, 2006",Goong (2006) [b30NEf].jpg,Goong (2006) [b30NEf].jpg,matched,277958,900,1287,JPEG,a8f78c5f64a3bb565f5684830cee8ded9c71fec2fdb95d414b5d8015d7f70f4c
737,6oYpXf,Never Twice,"Nov 2, 2019 - Mar 7, 2020",Never Twice (2019) [6oYpXf].jpg,Never Twice (2019) [6oYpXf].jpg,matched,114752,500,748,JPEG,a7d834211a73b15f8739ef39ac4a599a626c796c62e785a9360a889c19be61f9
738,966P9f,Call of the Country,"May 10, 2010 - Jun 29, 2010",Call of the Country (2010) [966P9f].jpg,Call of the Country (2010) [966P9f].jpg,matched,71579,412,600,JPEG,536f5c8904cc2741f9d3e40a6f8ed1e3aeeb80698c2c8cca91a285f8783fd516
739,927qdf,I Need Romance Season 2,"Jun 20, 2012 - Aug 9, 2012",I Need Romance Season 2 (2012) [927qdf].jpg,I Need Romance Season 2 (2012) [927qdf].jpg,matched,66430,400,566,JPEG,ca3db35e2e30fea5f440ca1dc76acab89b47bf82d23351669005a6f0beee0499
740,Rr7DEf,Dr. Romantic Season 2,"Jan 6, 2020 - Feb 25, 2020",Dr. Romantic Season 2 (2020) [Rr7DEf].jpg,Dr. Romantic Season 2 (2020) [Rr7DEf].jpg,matched,250017,900,1363,JPEG,f9ef897fa586171f947eb31a2e1decf25eb4c7db10346c597200d0bda07df98d
741,QN30Af,"Beautiful Love, Wonderful Life","Sep 28, 2019 - Mar 22, 2020","Beautiful Love, Wonderful Life (2019) [QN30Af].jpg","Beautiful Love, Wonderful Life (2019) [QN30Af].jpg",matched,93400,700,1047,JPEG,a922fb1fb7b461cee2024dbf9e6f5544252caed500c529f602719e3701b74ff6
742,p4PDef,A Piece of Your Mind,"Mar 23, 2020 - Apr 28, 2020",A Piece of Your Mind (2020) [p4PDef].jpg,A Piece of Your Mind (2020) [p4PDef].jpg,matched,39594,430,608,JPEG,18db2c69bbc4b06c4996291b1e19541fa14be0d73b0c464ef401a435bcb96a3b
743,vWAkpf,I Have Three Boyfriends,"Jul 3, 2019 - Aug 3, 2019",I Have Three Boyfriends (2019) [vWAkpf].jpg,I Have Three Boyfriends (2019) [vWAkpf].jpg,matched,201842,848,1200,JPEG,565ed3fd809c67092ee4dad735b0b8d18e8c17836692a1d8800229036db198ae
744,QJAO7f,"I  Do, I Do","May 30, 2012 - Jul 19, 2012","I Do, I Do (2012) [QJAO7f].jpg","I Do, I Do (2012) [QJAO7f].jpg",matched,105606,700,1050,JPEG,01ff0b419fb04c0e86ccdc2c450c48dbd891190322396f6b3d9725d8be5ee120
745,qP2kK_4f,True Beauty,"Dec 9, 2020 - Feb 4, 2021",True Beauty (2020) [qP2kK_4f].jpg,True Beauty (2020) [qP2kK_4f].jpg,matched,115014,650,920,JPEG,12037fe30d4ba1e550ca453ce572e4fa00e0a3fb7b8b974777452f19506144fb
746,Kp5wRf,High Kick through the Roof!,"Sep 7, 2009 - Mar 19, 2010",High Kick through the Roof! (2009) [Kp5wRf].jpg,High Kick through the Roof! (2009) [Kp5wRf].jpg,matched,97434,479,675,JPEG,3547974a410bc7b9a8b5c08c87b9ade4e85e25902e88e96c270ff6934d83e70f
747,jVyBbf,The Game: Towards Zero,"Jan 22, 2020 - Mar 12, 2020",The Game_ Towards Zero (2020) [jVyBbf].jpg,The Game_ Towards Zero (2020) [jVyBbf].jpg,matched,105114,900,1349,JPEG,fca8a569870fe1790dd50b4e5e58f088dced3a5d66fc58bac0c8d25127d7051b
748,doR8zf,Leverage,"Oct 13, 2019 - Dec 8, 2019",Leverage (2019) [doR8zf].jpg,Leverage (2019) [doR8zf].jpg,matched,48942,424,560,JPEG,075f758db5227aa5edd0ad6cd042c4c93f90f19944b90320aba63d8c51acaf50
749,VXw5mf,Partner,"Jun 24, 2009 - Aug 13, 2009",Partner (2009) [VXw5mf].jpg,Partner (2009) [VXw5mf].jpg,matched,193899,900,1257,JPEG,7bfc12da01239fc869d1b4c6d4b33bb60f9100104a5c4541dd978c1d7e34f85a
750,WvvXOf,The Cursed,"Feb 10, 2020 - Mar 17, 2020",The Cursed (2020) [WvvXOf].jpg,The Cursed (2020) [WvvXOf].jpg,matched,92076,540,771,JPEG,38a2ae231b177c05dd92cb7c68721870418e177f222b7fc5f4030c89044267d1
751,jXBvOf,Miss Independent Ji Eun Season 2,"Jul 16, 2019 - Sep 6, 2019",Miss Independent Ji Eun Season 2 (2019) [jXBvOf].jpg,Miss Independent Ji Eun Season 2 (2019) [jXBvOf].jpg,matched,135453,550,793,JPEG,85d795794ff290236471e2728e7816a0f48e47c3b90ac2bfe651de06c089c984
752,xqVw3_4f,Sungkyunkwan Scandal,"Aug 30, 2010 - Nov 2, 2010",Sungkyunkwan Scandal (2010) [xqVw3_4f].jpg,Sungkyunkwan Scandal (2010) [xqVw3_4f].jpg,matched,192179,900,1350,JPEG,a1913e18436131fba39eb90580288c44c178f64220d225e3cb255ce54ede17b9
753,vRDYXf,Tell Me What You Saw,"Feb 1, 2020 - Mar 22, 2020",Tell Me What You Saw (2020) [vRDYXf].jpg,Tell Me What You Saw (2020) [vRDYXf].jpg,matched,101874,900,1274,JPEG,d059905760bf5e800f3ec520d3b48eef05dcc540ad4953bcf2d48b7ce191eee2
754,64zg0f,Queen: Love and War,"Dec 14, 2019 - Feb 9, 2020",Queen_ Love and War (2019) [64zg0f].jpg,Queen_ Love and War (2019) [64zg0f].jpg,matched,162986,667,1000,JPEG,7bd52dad8642a9faea95c836cb296d09f2d44a03d350461563819afdc1ced465
755,enDv8f,Everything and Nothing,"Aug 5, 2019 - Aug 6, 2019",Everything and Nothing (2019) [enDv8f].jpg,Everything and Nothing (2019) [enDv8f].jpg,matched,88740,800,1140,JPEG,d3cfc6dd4e4d5ec0eaefebf428f27c5eae5e76db3bfc53a0bf59bffa142b2bd4
756,eoNQKf,IN-SEOUL,"Jul 29, 2019 - Sep 16, 2019",IN-SEOUL (2019) [eoNQKf].jpg,IN-SEOUL (2019) [eoNQKf].jpg,matched,116684,696,960,JPEG,0c4a7b74c17829c50d42db66114ed1c9f59dc912e07d18d428826454c30ba6a0
757,XPg0w_4f,Woo Ri the Virgin,"May 9, 2022 - Jun 21, 2022",Woo Ri the Virgin (2022) [XPg0w_4f].jpg,Woo Ri the Virgin (2022) [XPg0w_4f].jpg,matched,220079,900,1349,JPEG,e6ef4ca39293cee73385357fd791e35ca5a4c9ccf32b36fe1c1ece3e2af0b74e
758,ZrX3Of,Hot Stove League,"Dec 13, 2019 - Feb 14, 2020",Hot Stove League (2019) [ZrX3Of].jpg,Hot Stove League (2019) [ZrX3Of].jpg,matched,195045,900,1289,JPEG,e32b22dbb28502d79507e059325da11bddd57fd9c0dd4e17a83d6f4d76c90bb3
759,9Z48kf,K-POP - The Ultimate Audition,"Mar 19, 2012 - May 1, 2012",K-POP - The Ultimate Audition (2012) [9Z48kf].jpg,K-POP - The Ultimate Audition (2012) [9Z48kf].jpg,matched,67211,407,600,JPEG,38b3b9d7601f5ff33742e3437f09fb081654f9c2280866840d5fe1ede95cce60
760,wJK5bf,The Wedding Scheme,"Apr 2, 2012 - May 22, 2012",The Wedding Scheme (2012) [wJK5bf].jpg,The Wedding Scheme (2012) [wJK5bf].jpg,matched,60023,400,567,JPEG,ed0c22f1bf3c97d211a3b7e2d030f12b109510ea0744f7dd830059d51c7aa659
761,vWVoBf,Best Mistake,"Jul 25, 2019 - Sep 12, 2019",Best Mistake (2019) [vWVoBf].jpg,Best Mistake (2019) [vWVoBf].jpg,matched,238036,669,960,JPEG,ebf5995dd52ec33752c894ee4b048d980a4d59d09590cfcf89346899c7ab8579
762,Ee3KQ_4f,She Is Nineteen,"Jul 28, 2004 - Sep 23, 2004",She Is Nineteen (2004) [Ee3KQ_4f].jpg,She Is Nineteen (2004) [Ee3KQ_4f].jpg,matched,35900,300,424,JPEG,9d80c42f09d55c71b535ee21c8d84232f7b431d9024a76c5bbc1437253d8ee14
763,2ebvW_4f,When the Weather Is Fine,"Feb 24, 2020 - Apr 21, 2020",When the Weather Is Fine (2020) [2ebvW_4f].jpg,When the Weather Is Fine (2020) [2ebvW_4f].jpg,matched,224754,900,1274,JPEG,0b730cc02c541151060c12e1425196d2d4ea0cd41a82ef901444942d2ca1fe68
764,Wp4LW_4f,Anna,"Jun 24, 2022 - Jul 8, 2022",Anna (2022) [Wp4LW_4f].jpg,Anna (2022) [Wp4LW_4f].jpg,matched,123200,713,1022,JPEG,a6cb460e2f4fefb24cf27234dff122a2656d5bd06a33bf848bdfbfe16751bbd0
765,ZrwAjf,Touch,"Jan 3, 2020 - Feb 22, 2020",Touch (2020) [ZrwAjf].jpg,Touch (2020) [ZrwAjf].jpg,matched,150766,640,956,JPEG,be25827d02e5526f5da774592fe55c142d58df6b2c014ac56695bd9524901e55
766,9oVZEf,Queen and I,"Apr 18, 2012 - Jun 7, 2012",Queen and I (2012) [9oVZEf].jpg,Queen and I (2012) [9oVZEf].jpg,matched,79556,423,600,JPEG,ec5ff25f771d5ce60da9e22bf835b9655feff34b2ac3e808b11ca579d5362af1
767,q88bdf,Woman of 9.9 Billion,"Dec 4, 2019 - Jan 23, 2020",Woman of 9.9 Billion (2019) [q88bdf].jpg,Woman of 9.9 Billion (2019) [q88bdf].jpg,matched,189296,811,1164,JPEG,e1c815fac4d6eede3c41e6641da46b180e459fe1c8bed74ddc670d68087c9387
768,JBw0wf,Golden Time,"Jul 9, 2012 - Sep 25, 2012",Golden Time (2012) [JBw0wf].jpg,Golden Time (2012) [JBw0wf].jpg,matched,132589,655,977,JPEG,73193157c9fd11629e7b487486fae5c6b9f3f829394536ba486f6eec74098fb6
769,9rO0mf,Ghost,"May 30, 2012 - Aug 9, 2012",Ghost (2012) [9rO0mf].jpg,Ghost (2012) [9rO0mf].jpg,matched,60127,400,601,JPEG,a4a582e2f2fa812dd706ea0d2a7becc95a35da7759088211176c351e9807d2f8
770,O8vyxf,Faith,"Aug 13, 2012 - Oct 30, 2012",Faith (2012) [O8vyxf].jpg,Faith (2012) [O8vyxf].jpg,matched,206324,878,1242,JPEG,0da6a0b8d509c94945a97537c7bcb8f3fef8ef959fb416c08cb1b903de674abb
771,W3gKXf,The World of the Married,"Mar 27, 2020 - May 16, 2020",The World of the Married (2020) [W3gKXf].jpg,The World of the Married (2020) [W3gKXf].jpg,matched,189412,900,1287,JPEG,7c0067cdd45e0080ea3b47b351f7b28a133e7bfdca14cff56d16222d0eff8c56
772,BxqWRf,The Guilty Secret,"Sep 8, 2019 - Oct 17, 2019",The Guilty Secret (2019) [BxqWRf].jpg,The Guilty Secret (2019) [BxqWRf].jpg,matched,140989,696,960,JPEG,1c276d36d83672c27d5927cb044aedc1cfad437cbd566ec1debadecc1aa33781
773,eYEPPE_4f,Rugal,"Mar 28, 2020 - May 17, 2020",Rugal (2020) [eYEPPE_4f].jpg,Rugal (2020) [eYEPPE_4f].jpg,matched,170628,900,1268,JPEG,0bfac11e74aa80e3b723f52de8271c38abf45839a5f7a50733506ad225e1ae13
774,GQdRAf,Holy Land,"Apr 28, 2012 - May 19, 2012",Holy Land (2012) [GQdRAf].jpg,Holy Land (2012) [GQdRAf].jpg,matched,28591,314,448,JPEG,afb41f062247b0896bbcec259652e723dcc77333d8495e1bb4a2e90a0ee9284a
775,67ooX_4f,How to Be Thirty,"Feb 23, 2021 - Apr 13, 2021",How to Be Thirty (2021) [67ooX_4f].jpg,How to Be Thirty (2021) [67ooX_4f].jpg,matched,103537,740,1061,JPEG,1fee32611b442695154093aebff43648e29ff07ea33aa7a2df5c1528b012ae24
776,X6vkX_4f,Squid Game,"Sep 17, 2021",Squid Game (2021) [X6vkX_4f].jpg,Squid Game (2021) [X6vkX_4f].jpg,matched,178035,690,1022,JPEG,30a4f9d1a08eaf135d863fce6f2aef5a45b85927988ea6894dbef71808cc4fd6
777,0bNY4f,The Witch Store,"Sep 10, 2019 - Oct 17, 2019",The Witch Store (2019) [0bNY4f].jpg,The Witch Store (2019) [0bNY4f].jpg,matched,111688,768,1087,JPEG,82227e71405c220068b9a277e8afd0983c0ab120115aad5e8badb7e2438e0d25
778,0w1l7f,The Vineyard Man,"Jul 24, 2006 - Sep 12, 2006",The Vineyard Man (2006) [0w1l7f].jpg,The Vineyard Man (2006) [0w1l7f].jpg,matched,124372,600,900,JPEG,38a7e8cdc81438b1c99018f36402ed656258f2a24a97987531035bee9fdad319
779,QW3XQ_4f,I Love Lee Tae Ri,"May 28, 2012 - Jul 17, 2012",I Love Lee Tae Ri (2012) [QW3XQ_4f].jpg,I Love Lee Tae Ri (2012) [QW3XQ_4f].jpg,matched,159831,900,1274,JPEG,7896050c05df9b85d7b0ace606204bc4f79cac1d173dc03d7fb1c010e5c41804
780,Jj5wpf,Secret Campus,"May 10, 2006 - Jul 27, 2006",Secret Campus (2006) [Jj5wpf].jpg,Secret Campus (2006) [Jj5wpf].jpg,matched,46785,426,616,JPEG,b80be7c29293e8ace27e790f53bf3147f30afafaac814680fe72a8820b48b857
781,zBzwOf,Mackerel Run,"May 12, 2007 - Jun 30, 2007",Mackerel Run (2007) [zBzwOf].jpg,Mackerel Run (2007) [zBzwOf].jpg,matched,197257,900,1223,JPEG,472a8ce8d0bf29b039b7229316698410406ba778bcc099362f6612a703845266
782,wVWznf,XX,"Jan 24, 2020 - Feb 21, 2020",XX (2020) [wVWznf].jpg,XX (2020) [wVWznf].jpg,matched,77836,640,883,JPEG,648e4fde44d92e15374a157bf4a0e73424a03e75d0ad40a584dff8bcba911246
783,9ozEaf,The Painter of the Wind,"Sep 24, 2008 - Dec 4, 2008",The Painter of the Wind (2008) [9ozEaf].jpg,The Painter of the Wind (2008) [9ozEaf].jpg,matched,67782,400,550,JPEG,356d90fb8cbe112fd5cb495ea238763cc3fd160c6e9e733f9722291627f13da9
784,9r4mMf,Last Scandal,"Mar 8, 2008 - Apr 27, 2008",Last Scandal (2008) [9r4mMf].jpg,Last Scandal (2008) [9r4mMf].jpg,matched,62803,640,499,JPEG,fa8cd817492557aeea3a2164034a6123e7f2ae17021be2c6e04fbdd8778a0546
785,4QXDJ_4f,Big,"Jun 4, 2012 - Jul 24, 2012",Big (2012) [4QXDJ_4f].jpg,Big (2012) [4QXDJ_4f].jpg,matched,194201,900,1350,JPEG,d08d0b3b8bb7f557f9cd70380a2681cf294455cf3c27beac270c218fc9e7be83
786,9yD4af,Obstetrics and Gynecology Doctors,"Feb 3, 2010 - Mar 25, 2010",Obstetrics and Gynecology Doctors (2010) [9yD4af].jpg,Obstetrics and Gynecology Doctors (2010) [9yD4af].jpg,matched,37683,423,599,JPEG,270019c8195f9c936d5f8d6ab4435aeb295a261cc7a0f3b3a932510e77e21fb4
787,qkoKBf,The Chaser,"May 28, 2012 - Jul 17, 2012",The Chaser (2012) [qkoKBf].jpg,The Chaser (2012) [qkoKBf].jpg,matched,240881,900,1345,JPEG,f28b566ecf5791e19cf7c476c09287b1d4acbc96033bf9c6be1b28ce99747c81
788,M5nEBf,God's Quiz Season 3,"May 20, 2012 - Aug 5, 2012",God's Quiz Season 3 (2012) [M5nEBf].jpg,God's Quiz Season 3 (2012) [M5nEBf].jpg,matched,71142,400,566,JPEG,ce95474b1a0b573d9535d41a2f49d8b9f5c2cf3991ca09ec69758b85bc968d92
789,9Ozmgf,The Innocent Man,"Sep 12, 2012 - Nov 15, 2012",The Innocent Man (2012) [9Ozmgf].jpg,The Innocent Man (2012) [9Ozmgf].jpg,matched,191544,900,1286,JPEG,50747329fb63b2d687e2778a87730d892026ae01242d68b6fd67858dc8045aa2
790,LwkQrf,Que Sera Sera,"Mar 17, 2007 - May 14, 2007",Que Sera Sera (2007) [LwkQrf].jpg,Que Sera Sera (2007) [LwkQrf].jpg,matched,151490,900,770,JPEG,710f853a9a82cd38149319ec9f1a9f4c7145732ac74db58459daebce4337b5d5
791,eYr8ln_4f,Sisyphus: The Myth,"Feb 17, 2021 - Apr 8, 2021",Sisyphus_ The Myth (2021) [eYr8ln_4f].jpg,Sisyphus_ The Myth (2021) [eYr8ln_4f].jpg,matched,161190,900,1282,JPEG,d6c6e75b6e05d99bb16bf383a8b4a29d3ab81d8626857fabd7067d3438a2f29f
792,eYbL8f,East of Eden,"Aug 25, 2008 - Mar 10, 2009",East of Eden (2008) [eYbL8f].jpg,East of Eden (2008) [eYbL8f].jpg,matched,91377,560,898,JPEG,1748d74353db12daf081818708886e9d9a6e0213cf4c5716a3f5cb269323b2b3
793,rNg6yf,"Tamra, the Island","Aug 8, 2009 - Sep 27, 2009","Tamra, the Island (2009) [rNg6yf].jpg","Tamra, the Island (2009) [rNg6yf].jpg",matched,294832,900,1287,JPEG,545bb92b26ff874f54ba611c59e27f974e4c6b6c2cc41eaf9911c4e45e086d1c
794,kWPprf,Once Again,"Mar 28, 2020 - Sep 13, 2020",Once Again (2020) [kWPprf].jpg,Once Again (2020) [kWPprf].jpg,matched,332348,900,1319,JPEG,47e13e745254327595b571c7e7b5ca13648d866683ca92e18f47d4ac6accccf7
795,jWZxrf,You Are My Destiny,"May 5, 2008 - Jan 9, 2009",You Are My Destiny (2008) [jWZxrf].jpg,You Are My Destiny (2008) [jWZxrf].jpg,matched,170912,864,1152,JPEG,fad31ef39f166ae6d9282a9c7afd79309aed41f6508049fa88a5f9697d877466
796,vX2zXf,Panda and Hedgehog,"Aug 18, 2012 - Oct 7, 2012",Panda and Hedgehog (2012) [vX2zXf].jpg,Panda and Hedgehog (2012) [vX2zXf].jpg,matched,40171,320,450,JPEG,64a73a7f7e75fdf789991efb0344c78566b4c4276d9bb127fe821704c3091ef3
797,pLJ8E_4f,School 2021,"Nov 24, 2021 - Jan 13, 2022",School 2021 (2021) [pLJ8E_4f].jpg,School 2021 (2021) [pLJ8E_4f].jpg,matched,211942,900,1283,JPEG,615644ac6629e61a06c7d4400ed9435d657856c03cae8d42b051832d1471551c
798,9YqKof,Five Fingers,"Aug 18, 2012 - Nov 25, 2012",Five Fingers (2012) [9YqKof].jpg,Five Fingers (2012) [9YqKof].jpg,matched,58947,430,643,JPEG,5772a07309afd60849275628d922900359ebb4af86cd49418f46d43be65d50e8
799,MdQ2ef,The Thousandth Man,"Aug 17, 2012 - Oct 12, 2012",The Thousandth Man (2012) [MdQ2ef].jpg,The Thousandth Man (2012) [MdQ2ef].jpg,matched,85547,450,671,JPEG,5f69da745e1b6dda633a0d23227f64924da1bac2f3ecde5e1b51b8488decb57a
800,qbXgPf,One Fine Week,"Oct 8, 2019 - Nov 7, 2019",One Fine Week (2019) [qbXgPf].jpg,One Fine Week (2019) [qbXgPf].jpg,matched,141449,800,1135,JPEG,62594fd76eca6c29516f757b56e18495201f44dd3acb5f8dab8737808b8b8dd2
801,60vxXf,Pasta,"Jan 4, 2010 - Mar 9, 2010",Pasta (2010) [60vxXf].jpg,Pasta (2010) [60vxXf].jpg,matched,133454,680,1000,JPEG,895b6d7b916d417fdcacaf5cdb34edea22ff5fc054ddfc6b90dc1c269085c23a
802,M7KQyf,Haeundae Lovers,"Aug 6, 2012 - Sep 25, 2012",Haeundae Lovers (2012) [M7KQyf].jpg,Haeundae Lovers (2012) [M7KQyf].jpg,matched,117373,550,824,JPEG,4b6f1a71ccb26bef9cc02b3427844205c9c7afe766486b586009ff2d34b83aeb
803,O81Abf,May Queen,"Aug 18, 2012 - Dec 23, 2012",May Queen (2012) [O81Abf].jpg,May Queen (2012) [O81Abf].jpg,matched,229959,792,1181,JPEG,ea97bb460b2d2a6bf6383ae37c28f3debb8613d312439d6ab0dc933d7f429f34
804,QNDrYf,Dear My Name,"Nov 2, 2019 - Nov 20, 2019",Dear My Name (2019) [QNDrYf].jpg,Dear My Name (2019) [QNDrYf].jpg,matched,161316,696,960,JPEG,e5549ffc0171609f560c27f96a72636b9494defef77980ede0613d4cfb68af30
805,qAvY2f,Team Bulldog: Off-Duty Investigation,"May 23, 2020 - Jun 28, 2020",Team Bulldog_ Off-Duty Investigation (2020) [qAvY2f].jpg,Team Bulldog_ Off-Duty Investigation (2020) [qAvY2f].jpg,matched,258378,900,1276,JPEG,83f87a51b7404a582def3063f7ebd8e8af85003528af53fcee15bd1d0ae4d9f0
806,2DNbwf,Reply 1997,"Jul 24, 2012 - Sep 18, 2012",Reply 1997 (2012) [2DNbwf].jpg,Reply 1997 (2012) [2DNbwf].jpg,matched,143603,900,1278,JPEG,1a167793850f1c0f7bf3a9c489030ba0abe8ba46a6bc5e7b29fbb2ad9e1d1aef
807,816kQf,Iris,"Oct 14, 2009 - Dec 17, 2009",Iris (2009) [816kQf].jpg,Iris (2009) [816kQf].jpg,matched,203433,900,1293,JPEG,016844732a896e142a8ec8e73d5eacf6e6aa5f6da0ad0f09709fa0be8ef73eea
808,O8mxbf,9 End 2 Outs,"Jul 14, 2007 - Sep 9, 2007",9 End 2 Outs (2007) [O8mxbf].jpg,9 End 2 Outs (2007) [O8mxbf].jpg,matched,130175,590,855,JPEG,c3c55dffb93dd29d5f72a099bab67b56d5c8a457053f2588b3a7f5fd9ec5cf43
809,yW54Nf,Horse Doctor,"Oct 1, 2012 - Mar 25, 2013",Horse Doctor (2012) [yW54Nf].jpg,Horse Doctor (2012) [yW54Nf].jpg,matched,116857,540,805,JPEG,3a32840ba87318ca828b52971aa15d22a93a8682d1ccfbd386a3374189c6fbc6
810,GllVJf,The Great Seer,"Oct 10, 2012 - Feb 7, 2013",The Great Seer (2012) [GllVJf].jpg,The Great Seer (2012) [GllVJf].jpg,matched,83833,442,626,JPEG,3c2f1506f365ae42d4f65180de933c5034c18584225f128f86c904c1b3893816
811,dAwB5f,Eccentric! Chef Moon,"Mar 27, 2020 - May 16, 2020",Eccentric! Chef Moon (2020) [dAwB5f].jpg,Eccentric! Chef Moon (2020) [dAwB5f].jpg,matched,67398,430,645,JPEG,3582dc9572a5aa0f0bba850caa9330e17ea67bc72593936fb6b5a5b86c5af403
812,E5rp5f,My Girl,"Dec 14, 2005 - Feb 2, 2006",My Girl (2005) [E5rp5f].jpg,My Girl (2005) [E5rp5f].jpg,matched,90237,524,745,JPEG,489c6bb11e3d1bd9cb1b4ab4eff651864c878aaf6f1eb4a42b6c18ac6cec5c89
813,73vobf,18 vs. 29,"Mar 7, 2005 - Apr 26, 2005",18 vs. 29 (2005) [73vobf].jpg,18 vs. 29 (2005) [73vobf].jpg,matched,72222,490,671,JPEG,659a954786b06e89a82e1337e27a4d628214a1449d6ab8bba34305b20e6d0869
814,3oqLRf,The Legend,"Sep 11, 2007 - Dec 5, 2007",The Legend (2007) [3oqLRf].jpg,The Legend (2007) [3oqLRf].jpg,matched,101057,500,713,JPEG,c2b5cdc64bd13e97ba4ca289f4baf626ec274bbdbbf4b9beed483c091cfb8818
815,AB71Lf,Vampire Prosecutor Season 2,"Sep 9, 2012 - Nov 18, 2012",Vampire Prosecutor Season 2 (2012) [AB71Lf].jpg,Vampire Prosecutor Season 2 (2012) [AB71Lf].jpg,matched,45331,400,572,JPEG,940f66ce4860912d18ee7a9fa0bd6707541d3ba1b2acedcb58be7ba3fcbf1281
816,Rle36_4f,Move to Heaven,"May 14, 2021",Move to Heaven (2021) [Rle36_4f].jpg,Move to Heaven (2021) [Rle36_4f].jpg,matched,182526,900,1350,JPEG,79cc05a89bc23498c5b1cfbbae4be4d2f39605bc79711346935242acaa0c36bf
817,1Qlxdf,Kiss Scene in Yeonnamdong,"Nov 29, 2019 - Feb 14, 2020",Kiss Scene in Yeonnamdong (2019) [1Qlxdf].jpg,Kiss Scene in Yeonnamdong (2019) [1Qlxdf].jpg,matched,75450,477,688,JPEG,d5ec6e60071043844a6386ff5f5d250b795a03f45818c57cc98614989df82a49
818,E5o5Of,Who Are You?,"Mar 5, 2008 - May 1, 2008",Who Are You_ (2008) [E5o5Of].jpg,Who Are You_ (2008) [E5o5Of].jpg,matched,127753,780,737,JPEG,9625157411a91effc88e92e3c5a23386a51bfad5b3dac0a89e8a630dda857a55
819,9mw3Mf,Lucifer,"Mar 21, 2007 - May 24, 2007",Lucifer (2007) [9mw3Mf].jpg,Lucifer (2007) [9mw3Mf].jpg,matched,73935,420,599,JPEG,6723f83b568a6d6ee071263c4b302087bdf5a8422d335ee258349180ebe9663c
820,1wzVKf,"Sang Doo, Let's Go To School","Sep 15, 2003 - Nov 4, 2003","Sang Doo, Let's Go To School (2003) [1wzVKf].jpg","Sang Doo, Let's Go To School (2003) [1wzVKf].jpg",matched,94677,655,906,JPEG,a2f7980c8d4f2239b462814251ece60e399426066a1804c25628b61492cb53cc
821,QYZZg_4f,Backstreet Rookie,"Jun 19, 2020 - Aug 8, 2020",Backstreet Rookie (2020) [QYZZg_4f].jpg,Backstreet Rookie (2020) [QYZZg_4f].jpg,matched,256523,900,1286,JPEG,92caaf06e1ca90151b08d8da668d89e9b61b87ed3218141a04465b6beb0f9365
822,kWPbjf,Was It Love?,"Jul 8, 2020 - Sep 2, 2020",Was It Love_ (2020) [kWPbjf].jpg,Was It Love_ (2020) [kWPbjf].jpg,matched,357183,900,1301,JPEG,99835a096542d2304d6e1a43c29e98fe494fc91cf9e8c011886ef92d1067f8cb
823,43y1Jf,"Hi Bye, Mama!","Feb 22, 2020 - Apr 19, 2020","Hi Bye, Mama! (2020) [43y1Jf].jpg","Hi Bye, Mama! (2020) [43y1Jf].jpg",matched,156682,900,1274,JPEG,2fd1dec463b2f7e987e5516154e5bafe275cea7d408544a22b11172507b0e231
824,xw3xX_4f,It's Okay to Not Be Okay,"Jun 20, 2020 - Aug 9, 2020",It's Okay to Not Be Okay (2020) [xw3xX_4f].jpg,It's Okay to Not Be Okay (2020) [xw3xX_4f].jpg,matched,89252,676,960,JPEG,062e2f1bc0a832a5df86a959ad4919a3e675b74f0963a70a40523c2148cb6ac7
825,1vlzRf,The King of Dramas,"Nov 5, 2012 - Jan 7, 2013",The King of Dramas (2012) [1vlzRf].jpg,The King of Dramas (2012) [1vlzRf].jpg,matched,217515,673,1000,JPEG,31df847b8020661cde5686daf0f1e62d17c6d9bf967b88e3a227969c465f3e9e
826,MAmoXf,Queen of Ambition,"Jan 14, 2013 - Apr 2, 2013",Queen of Ambition (2013) [MAmoXf].jpg,Queen of Ambition (2013) [MAmoXf].jpg,matched,84315,500,746,JPEG,923b276758bc604466e23b257392ec58a29c1d5803c1cc3327d8e21964f36fc3
827,4ewNdd_4f,A Good Day to Be a Dog,"Oct 11, 2023 - Jan 10, 2024",A Good Day to Be a Dog (2023) [4ewNdd_4f].jpg,A Good Day to Be a Dog (2023) [4ewNdd_4f].jpg,matched,171620,900,1281,JPEG,4bc12b7a1f23383e5ea6a83235e4a873a4ba4f892ee25475c39acbd22c54f0d7
828,eEw3df,Memorist,"Mar 11, 2020 - Apr 30, 2020",Memorist (2020) [eEw3df].jpg,Memorist (2020) [eEw3df].jpg,matched,150013,900,1286,JPEG,a46fea93c74a93f5e5d121d8140e37ca256b1571d72fdca00cd28054c2270b87
829,MR7Paf,Cinderella's Sister,"Mar 31, 2010 - Jun 3, 2010",Cinderella's Sister (2010) [MR7Paf].jpg,Cinderella's Sister (2010) [MR7Paf].jpg,matched,56590,412,599,JPEG,a7f67f1a3bb0e0e2bb9ee3d273ae839e35c6e7f13e43b3a310600097eee97d66
830,44npYf,Soul Plate,"Oct 25, 2019 - Nov 29, 2019",Soul Plate (2019) [44npYf].jpg,Soul Plate (2019) [44npYf].jpg,matched,103952,602,852,JPEG,25178a7af7f517bcdf01c6c6d0852616efadaef8f3915be57f5dde6688f0a4b0
831,kY6Wgf,365: Repeat the Year,"Mar 23, 2020 - Apr 28, 2020",365_ Repeat the Year (2020) [kY6Wgf].jpg,365_ Repeat the Year (2020) [kY6Wgf].jpg,matched,147155,800,1146,JPEG,19207b9cc9458e6ddc02c56d7402dd075bacebf2b5a2a06cd89ca3946b55ba0b
832,RZ16Pf,Failing in Love,"Oct 28, 2019 - Nov 26, 2019",Failing in Love (2019) [RZ16Pf].jpg,Failing in Love (2019) [RZ16Pf].jpg,matched,158783,679,960,JPEG,4c9921d77218055ee8ed458f4e584b1af20ce117a731ef6e2aebde3930ad3e7b
833,qo4Qzf,Find Me in Your Memory,"Mar 18, 2020 - May 13, 2020",Find Me in Your Memory (2020) [qo4Qzf].jpg,Find Me in Your Memory (2020) [qo4Qzf].jpg,matched,187132,900,1345,JPEG,654978d24bca77cf3557a42a1fdc6f3bfc2f11a0de0f1ebc95d41c16736151ed
834,0w8Jee_4f,Soul Mechanic,"May 6, 2020 - Jun 25, 2020",Soul Mechanic (2020) [0w8Jee_4f].jpg,Soul Mechanic (2020) [0w8Jee_4f].jpg,matched,164302,900,1273,JPEG,189fa310bd4c2fcde5f13e5571ff9b5c979cd052553274b20c72542fa3dcc2b8
835,6024gf,"Bread, Love and Dreams","Jun 9, 2010 - Sep 16, 2010","Bread, Love and Dreams (2010) [6024gf].jpg","Bread, Love and Dreams (2010) [6024gf].jpg",matched,170044,900,1285,JPEG,56e8ff88ae03db429f2859bfde39c7b701a392c13dad7a2ec304087592eb1fe4
836,E5PN7z_4f,Love Alarm Season 2,"Mar 12, 2021",Love Alarm Season 2 (2021) [E5PN7z_4f].jpg,Love Alarm Season 2 (2021) [E5PN7z_4f].jpg,matched,140292,740,1096,JPEG,7d5dc042d7c6118419f5efd053a2a125ef3711eef55ae3883b3175937cd11bae
837,bvrgNf,"Seo Yeong, My Daughter","Sep 15, 2012 - Mar 3, 2013","Seo Yeong, My Daughter (2012) [bvrgNf].jpg","Seo Yeong, My Daughter (2012) [bvrgNf].jpg",matched,177928,900,1344,JPEG,c16e1568c27d082da0b5f32be6f8646a3bc1033476914238d86567b1f1a97adb
838,aeWXKf,Ma Boy,"Aug 16, 2012 - Aug 30, 2012",Ma Boy (2012) [aeWXKf].jpg,Ma Boy (2012) [aeWXKf].jpg,matched,38117,353,500,JPEG,b31946f9205ef4b3ade4419609323108ff95b9af09775d5050f5691af82bd390
839,WBj3Rf,When My Love Blooms,"Apr 25, 2020 - Jun 14, 2020",When My Love Blooms (2020) [WBj3Rf].jpg,When My Love Blooms (2020) [WBj3Rf].jpg,matched,157377,900,1280,JPEG,ede4a3239540fbea0688df6e033f96ff9ca62ee23068be3926b80d4ab09db14d
840,ZWd6O_4f,Amanza,"Sep 1, 2020 - Nov 3, 2020",Amanza (2020) [ZWd6O_4f].jpg,Amanza (2020) [ZWd6O_4f].jpg,matched,55934,430,616,JPEG,bb4969dd8ce30e99437bc3ed2e144536faf37d10a7dfa4b85440447ca80ea7e6
841,BDKkV_4f,Search,"Oct 17, 2020 - Nov 15, 2020",Search (2020) [BDKkV_4f].jpg,Search (2020) [BDKkV_4f].jpg,matched,306626,900,1267,JPEG,fc89a8af2ffb25174e4279c80f645fb3877dc5c4fc5a1df356821a01643016fa
842,kl5N8_4f,Island,"Dec 30, 2022 - Jan 13, 2023",Island (2022) [kl5N8_4f].jpg,Island (2022) [kl5N8_4f].jpg,matched,143518,631,900,JPEG,9124d7de1b29d61630cbd7906d4c5ce89141a69356f2e967b1139f275a67b3d2
843,Ekvemf,Family,"Aug 13, 2012 - Feb 6, 2013",Family (2012) [Ekvemf].jpg,Family (2012) [Ekvemf].jpg,matched,211816,790,1118,JPEG,bfb4071b44e99a719719edd748e84884ec455b926b610e061771b88673ae9a97
844,4eVdYf,Cheongdamdong Alice,"Dec 1, 2012 - Jan 27, 2013",Cheongdamdong Alice (2012) [4eVdYf].jpg,Cheongdamdong Alice (2012) [4eVdYf].jpg,matched,283819,900,1350,JPEG,9e35568c924fc3fb52f3e534a12f95753fcc717132396ab7adbb64e147b5a647
845,RRz2E_4f,The Good Detective,"Jul 6, 2020 - Aug 25, 2020",The Good Detective (2020) [RRz2E_4f].jpg,The Good Detective (2020) [RRz2E_4f].jpg,matched,127942,600,848,JPEG,3c0e939f8cd11cdd51924923ad3a4f6191fb69a808e3b7af0cb0b973934e7a66
846,RQLeY_4f,Start-Up,"Oct 17, 2020 - Dec 6, 2020",Start-Up (2020) [RQLeY_4f].jpg,Start-Up (2020) [RQLeY_4f].jpg,matched,141632,900,1287,JPEG,8503b8296547c876dfb490742d27349ad5382160d752225f48a768bc66c7753d
847,Bdgzqf,"That Winter, the Wind Blows","Feb 13, 2013 - Apr 4, 2013","That Winter, the Wind Blows (2013) [Bdgzqf].jpg","That Winter, the Wind Blows (2013) [Bdgzqf].jpg",matched,169776,760,1084,JPEG,e97fafbb390efddf5b04e88905bdaf33dc3ce6c2a930d9c166678ce689fad12f
848,BgnKz_4f,Record of Youth,"Sep 7, 2020 - Oct 27, 2020",Record of Youth (2020) [BgnKz_4f].jpg,Record of Youth (2020) [BgnKz_4f].jpg,matched,275784,900,1275,JPEG,5c5e9960a51cfa6a7bf929bc5ebc718f72771043a678ac1ee595f46eeddea756
849,p8woVf,Drama Stage Season 3: Everyone Is There,"Jan 15, 2020",Drama Stage Season 3_ Everyone Is There (2020) [p8woVf].jpg,Drama Stage Season 3_ Everyone Is There (2020) [p8woVf].jpg,matched,93479,640,912,JPEG,00408e49bc193409fef34d50f5a4298e24da0db8b9e25eca04f2f18c70c79f5f
850,4xzKK_4f,L.U.C.A.: The Beginning,"Feb 1, 2021 - Mar 9, 2021",L.U.C.A._ The Beginning (2021) [4xzKK_4f].jpg,L.U.C.A._ The Beginning (2021) [4xzKK_4f].jpg,matched,142366,650,925,JPEG,dbb3a43a546b574367dd83d3d931af4d9952a5ca911328b39b7a5d8df59eff0e
851,kdEBO_4f,Train,"Jul 11, 2020 - Aug 16, 2020",Train (2020) [kdEBO_4f].jpg,Train (2020) [kdEBO_4f].jpg,matched,233911,900,1266,JPEG,a4edf975780e6c92036ab3502098de17f4035bee68713c8c71598c5003178005
852,15wRd_4f,Let Me Be Your Knight,"Nov 7, 2021 - Jan 24, 2022",Let Me Be Your Knight (2021) [15wRd_4f].jpg,Let Me Be Your Knight (2021) [15wRd_4f].jpg,matched,213298,850,1211,JPEG,c29f6f7234881b4b7de9e57a5bb8c6b13b840397a3cce862ab144b72a9396a66
853,G1YRGf,The Return of Iljimae,"Jan 21, 2009 - Apr 9, 2009",The Return of Iljimae (2009) [G1YRGf].jpg,The Return of Iljimae (2009) [G1YRGf].jpg,matched,58937,404,600,JPEG,0de647a5f20a1fea76bfcca514ad72181fae743dfd045598d34085ba84fcf9fc
854,QpB4Qf,The Temperature of Language: Our Nineteen,"Feb 13, 2020 - Apr 4, 2020",The Temperature of Language_ Our Nineteen (2020) [QpB4Qf].jpg,The Temperature of Language_ Our Nineteen (2020) [QpB4Qf].jpg,matched,155228,679,960,JPEG,2ad37ae80a258fe4c30e84cec3a98a47c1c8117807d0a76b0ba16d6343806f4c
855,4D5VKf,Oh My Baby,"May 13, 2020 - Jul 2, 2020",Oh My Baby (2020) [4D5VKf].jpg,Oh My Baby (2020) [4D5VKf].jpg,matched,175226,900,1271,JPEG,9f6a6c56d3d3a328116c5881ab168137e1e85005f485f1e3a3b9f2541b53dec0
856,d2ZV5f,Cain and Abel,"Feb 18, 2009 - Apr 23, 2009",Cain and Abel (2009) [d2ZV5f].jpg,Cain and Abel (2009) [d2ZV5f].jpg,matched,136978,725,1027,JPEG,cfa5cb15fda374f7171690a03bd8817643d4529be9d1d06d7e8d4cb0048db24e
857,2Bkww_4f,Taxi Driver,"Apr 9, 2021 - May 29, 2021",Taxi Driver (2021) [2Bkww_4f].jpg,Taxi Driver (2021) [2Bkww_4f].jpg,matched,253621,900,1273,JPEG,82cd9cdac76b27de2d77ac75b1b6c3f54b8b85409ce20c22b7159a4a870c41a6
858,Beg4z_4f,Alchemy of Souls,"Jun 18, 2022 - Aug 28, 2022",Alchemy of Souls (2022) [Beg4z_4f].jpg,Alchemy of Souls (2022) [Beg4z_4f].jpg,matched,96820,640,922,JPEG,bf4af130a06ba51d4e77ed1efb931c241db5f90e052ddfe77c54777b2e50b13a
859,xnNnq_4f,18 Again,"Sep 21, 2020 - Nov 10, 2020",18 Again (2020) [xnNnq_4f].jpg,18 Again (2020) [xnNnq_4f].jpg,matched,127429,650,958,JPEG,2537a650464b6e40c2945f17e48ef8ca412fd371e712a0782e12f7e23f7e8520
860,BbZY7f,Out of Breath,"Aug 4, 2019 - Aug 18, 2019",Out of Breath (2019) [BbZY7f].jpg,Out of Breath (2019) [BbZY7f].jpg,matched,122210,848,1200,JPEG,98338e7ee64ee99abc1e61540a57e73f0006918509129fa823e4a79ed6f6cc86
861,2kjdk_4f,Tale of the Nine-Tailed,"Oct 7, 2020 - Dec 3, 2020",Tale of the Nine-Tailed (2020) [2kjdk_4f].jpg,Tale of the Nine-Tailed (2020) [2kjdk_4f].jpg,matched,93814,600,847,JPEG,8d8a8d909934f6772eafcb5e5513822f4410ec823fbb680b6227e873f8afdfa2
862,v7jBp_4f,Crime Puzzle,"Oct 29, 2021 - Nov 26, 2021",Crime Puzzle (2021) [v7jBp_4f].jpg,Crime Puzzle (2021) [v7jBp_4f].jpg,matched,78916,489,700,JPEG,fbadbd2e49d2875fe267f640d2e81f2cdd573a0738c36961017e4b8d54763dc8
863,xJv2N_4f,Dark Hole,"Apr 30, 2021 - Jun 5, 2021",Dark Hole (2021) [xJv2N_4f].jpg,Dark Hole (2021) [xJv2N_4f].jpg,matched,191397,852,1200,JPEG,2bc65150619c6021de94e49494ffea8838013b79a7ac418086089fa1be3ce946
864,wzXQN_4f,Missing: The Other Side,"Aug 29, 2020 - Oct 11, 2020",Missing_ The Other Side (2020) [wzXQN_4f].jpg,Missing_ The Other Side (2020) [wzXQN_4f].jpg,matched,285739,900,1267,JPEG,9c3b53508451f24a8d43c6b58419de44ce3c0a14544f16d3f662068b171754be
865,ZrqbLf,Wish Woosh Season 2,"Dec 24, 2019 - Jan 23, 2020",Wish Woosh Season 2 (2019) [ZrqbLf].jpg,Wish Woosh Season 2 (2019) [ZrqbLf].jpg,matched,107948,669,960,JPEG,08b2af05381580a82eb32288161acd0ad63016ece6dbd4aabf89e3d9dece159f
866,Ej5XO_4f,Dramaworld Season 2,"Apr 2, 2021 - May 14, 2021",Dramaworld Season 2 (2021) [Ej5XO_4f].jpg,Dramaworld Season 2 (2021) [Ej5XO_4f].jpg,matched,231072,900,1275,JPEG,64b3b26f8d68e4d8db76886dd7da554e1e1609ed3716f40047d3283bcd15f821
867,4klPZf,≥75℃,"Dec 10, 2019 - Jan 11, 2020",≥75℃ (2019) [4klPZf].jpg,≥75℃ (2019) [4klPZf].jpg,matched,41999,422,596,JPEG,63289cbad33c896eeb311d96a8b681be6d818d3609a424b144c76248e16b1cff
868,wLdVN_4f,The Silent Sea,"Dec 24, 2021",The Silent Sea (2021) [wLdVN_4f].jpg,The Silent Sea (2021) [wLdVN_4f].jpg,matched,163487,900,1333,JPEG,4777463120b5ad8deb87ba9a194216dde69af845a0dd710b59ebc2b1204e8d88
869,QyBA2_4f,The Penthouse: War in Life,"Oct 26, 2020 - Jan 5, 2021",The Penthouse_ War in Life (2020) [QyBA2_4f].jpg,The Penthouse_ War in Life (2020) [QyBA2_4f].jpg,matched,233255,900,1283,JPEG,c356b86a55c6bcd175384cd54a7f97370c70b6b1c39a31bbf1d59a7b991d8bfb
870,QpzY6f,Best Mistake Season 2,"Mar 31, 2020 - May 21, 2020",Best Mistake Season 2 (2020) [QpzY6f].jpg,Best Mistake Season 2 (2020) [QpzY6f].jpg,matched,111215,600,848,JPEG,c618caa9403c3563f169f725ba1c54e2d08a0addc9abd02f73eae4b39a9496e6
871,6pLePf,Missing You,"Nov 7, 2012 - Jan 17, 2013",Missing You (2012) [6pLePf].jpg,Missing You (2012) [6pLePf].jpg,matched,139855,800,1025,JPEG,e020c9bd4a6172049ec7127e2cd602f2dc920a051f408b42803edcb3e75e1e55
872,0ex5E_4f,Awaken,"Nov 30, 2020 - Jan 19, 2021",Awaken (2020) [0ex5E_4f].jpg,Awaken (2020) [0ex5E_4f].jpg,matched,51921,540,762,JPEG,05935ca14181d83ebbf849d876cbbd660086c4feda1608468c0de07ff52995c9
873,Mjepyf,Ohlala Couple,"Oct 1, 2012 - Nov 27, 2012",Ohlala Couple (2012) [Mjepyf].jpg,Ohlala Couple (2012) [Mjepyf].jpg,matched,101461,550,796,JPEG,f401aa373e058ef2d3da5f5cae53855b71d5cb5c51f6b7ee395637d3b2a5a277
874,YANDof,Jeon Woo Chi,"Nov 21, 2012 - Feb 7, 2013",Jeon Woo Chi (2012) [YANDof].jpg,Jeon Woo Chi (2012) [YANDof].jpg,matched,121745,515,744,JPEG,635e9514327b160dec6cc811e0fe2f63672c72e509ef35a3e7de77a96f3477d5
875,BgXjl_4f,When I Was the Most Beautiful,"Aug 19, 2020 - Oct 15, 2020",When I Was the Most Beautiful (2020) [BgXjl_4f].jpg,When I Was the Most Beautiful (2020) [BgXjl_4f].jpg,matched,123924,720,1020,JPEG,a0236d51bc5ab09b7881c9b2b476c2e6a307a37f582f399c6b2b4612183fc619
876,kAq4Of,Bad Family,"Mar 22, 2006 - May 11, 2006",Bad Family (2006) [kAq4Of].jpg,Bad Family (2006) [kAq4Of].jpg,matched,121142,608,856,JPEG,9eaf5e3aa49205d9613bec0cfe3b6cb383757e7398e3aa8e47a4f6285796278a
877,Jpexmf,Yi San,"Sep 17, 2007 - Jun 16, 2008",Yi San (2007) [Jpexmf].jpg,Yi San (2007) [Jpexmf].jpg,matched,76368,500,662,JPEG,cc5e9b390b626b5b0a8f21092de82716aa82f4e4444830ba1ca9fe3b5befa379
878,WAEAp_4f,Flower of Evil,"Jul 29, 2020 - Sep 23, 2020",Flower of Evil (2020) [WAEAp_4f].jpg,Flower of Evil (2020) [WAEAp_4f].jpg,matched,145969,900,1275,JPEG,bb45f1593a09774488144976fe2bca829c13698fb11c68121bd84d928fd6bf86
879,M7EkLf,7th Grade Civil Servant,"Jan 23, 2013 - Mar 28, 2013",7th Grade Civil Servant (2013) [M7EkLf].jpg,7th Grade Civil Servant (2013) [M7EkLf].jpg,matched,98053,640,960,JPEG,e45df17df00959c26224ac1a77f58fcff7f500e3d61ee30a862a7c6db15f86d7
880,xxJEy_4f,Kkondae  Intern,"May 20, 2020 - Jul 1, 2020",Kkondae Intern (2020) [xxJEy_4f].jpg,Kkondae Intern (2020) [xxJEy_4f].jpg,matched,174950,800,1100,JPEG,3c9e44699911cee0b18fcd57e20e3526e298bb716aef49aa5865249ccc972a49
881,735qBe_4f,The Trauma Code: Heroes on Call,"Jan 24, 2025",The Trauma Code_ Heroes on Call (2025) [735qBe_4f].jpg,The Trauma Code_ Heroes on Call (2025) [735qBe_4f].jpg,matched,193333,900,1333,JPEG,6b9de6859b53a39feaa642a89cd68a5c1b6c371fb1af7b3447e0f92a4f271839
882,kxDvw_4f,Lie after Lie,"Sep 4, 2020 - Oct 24, 2020",Lie after Lie (2020) [kxDvw_4f].jpg,Lie after Lie (2020) [kxDvw_4f].jpg,matched,60736,634,897,JPEG,5ea39396def8ed5edd19acf0c372f10e4a0a5ea00cce466babb9f1cbf83edc9a
883,v0J5e_4f,Narco-Saints,"Sep 9, 2022",Narco-Saints (2022) [v0J5e_4f].jpg,Narco-Saints (2022) [v0J5e_4f].jpg,matched,175194,658,974,JPEG,afaaf5c8310af3f046eb1b89758aa70f62d7445443c57bfd64351124ee3c2175
884,p4Kl8f,True Ending,"Nov 21, 2019 - Jan 23, 2020",True Ending (2019) [p4Kl8f].jpg,True Ending (2019) [p4Kl8f].jpg,matched,135310,714,1007,JPEG,45d0fd4557c502d2f98874405c4281dd5aa94f3c3851a3729c97eed8624277ea
885,EpOqOf,Born Again,"Apr 20, 2020 - Jun 9, 2020",Born Again (2020) [EpOqOf].jpg,Born Again (2020) [EpOqOf].jpg,matched,95185,650,928,JPEG,7af03d6859810e49001b7725dffacbf66e45f5e68577f0a70a879cf5fd3faf57
886,qAJkBf,The World of My 17,"Apr 22, 2020 - May 29, 2020",The World of My 17 (2020) [qAJkBf].jpg,The World of My 17 (2020) [qAJkBf].jpg,matched,302501,838,1200,JPEG,ce35cbf4f8c25c17a219d106c22c941c401e61076102e88b4ace9866b38b27b9
887,Xv8vZf,Ending Again,"Feb 8, 2020 - Mar 15, 2020",Ending Again (2020) [Xv8vZf].jpg,Ending Again (2020) [Xv8vZf].jpg,matched,91096,696,960,JPEG,97497616069eb526046d4f037b2f14e4646f884ae5661dd74a0ebf3f03d88bc3
888,Ex3rQf,Master of Study,"Jan 4, 2010 - Feb 23, 2010",Master of Study (2010) [Ex3rQf].jpg,Master of Study (2010) [Ex3rQf].jpg,matched,171722,740,1057,JPEG,20d971c44542ccf9b4e243972ecdb30e27fc718e5dbec6b4fca37c0653b253c8
889,woN2J_4f,My Unfamiliar Family,"Jun 1, 2020 - Jul 21, 2020",My Unfamiliar Family (2020) [woN2J_4f].jpg,My Unfamiliar Family (2020) [woN2J_4f].jpg,matched,99615,725,1024,JPEG,b83c31e53ae2156df5fac150279b74be2dfd77872563763ecd3abb9a774fe1a5
890,W3J1pf,How to Buy a Friend,"Apr 6, 2020 - Apr 14, 2020",How to Buy a Friend (2020) [W3J1pf].jpg,How to Buy a Friend (2020) [W3J1pf].jpg,matched,109861,672,840,JPEG,4dea5bcb41adeab2488ef9b5eef2e84163225e9d706a74f67878169cb10ba4b1
891,9Yg5gf,Can We Get Married?,"Oct 29, 2012 - Jan 1, 2013",Can We Get Married_ (2012) [9Yg5gf].jpg,Can We Get Married_ (2012) [9Yg5gf].jpg,matched,104099,550,792,JPEG,19ef4176d40d8cb38da3ba304c21c0ca197e6f471133bb19b1b9cee4443bbd22
892,EgNWW_4f,Into the Ring,"Jul 1, 2020 - Aug 20, 2020",Into the Ring (2020) [EgNWW_4f].jpg,Into the Ring (2020) [EgNWW_4f].jpg,matched,132134,800,1100,JPEG,bb3f269e68da6161b73739894f9eecbd7ceaae957c08a3933416ec47e591c86b
893,r5YL2_4f,Jang Ok Jung,"Apr 8, 2013 - Jun 25, 2013",Jang Ok Jung (2013) [r5YL2_4f].jpg,Jang Ok Jung (2013) [r5YL2_4f].jpg,matched,210999,800,1100,JPEG,a1d2e7edcc1085fce0c644c75a0d08f6bf2f30c8ac34593eeeb50efa5e18c198
894,x48Ryf,School 2013,"Dec 3, 2012 - Jan 28, 2013",School 2013 (2012) [x48Ryf].jpg,School 2013 (2012) [x48Ryf].jpg,matched,119121,553,800,JPEG,4bc1361917eb80d7c981a5cd80e6c4c34fdba0c668be5b3ab8b45ee1fa26f69d
895,doREzf,Gu Family Book,"Apr 8, 2013 - Jun 25, 2013",Gu Family Book (2013) [doREzf].jpg,Gu Family Book (2013) [doREzf].jpg,matched,124056,799,1024,JPEG,6ddf6c54e8dbd7bdc9b1a43726e7dc526a3fd5b3669e3c44815984bf5efe34ca
896,Z82l1f,Flower Boy Next Door,"Jan 7, 2013 - Feb 26, 2013",Flower Boy Next Door (2013) [Z82l1f].jpg,Flower Boy Next Door (2013) [Z82l1f].jpg,matched,284401,900,1276,JPEG,67021fe8c78ca4ae3674db897b0eab13750cb60b5eefc798158fde4efcab273d
897,4e5YE6_4f,Arthdal Chronicles: The Sword of Aramun,"Sep 9, 2023 - Oct 22, 2023",Arthdal Chronicles_ The Sword of Aramun (2023) [4e5YE6_4f].jpg,Arthdal Chronicles_ The Sword of Aramun (2023) [4e5YE6_4f].jpg,matched,228174,900,1275,JPEG,d5b94255a1a37b19dcb7989b962e3fe5b6d687513c42ad39860f575dd13f127f
898,qxodD_4f,Chip In,"Jul 22, 2020 - Aug 13, 2020",Chip In (2020) [qxodD_4f].jpg,Chip In (2020) [qxodD_4f].jpg,matched,167843,800,1100,JPEG,7e3e50b8de2d63dc444a4bd1182c3d5c380de5e93d38762787552132faf2b2e4
899,del50_4f,Do Do Sol Sol La La Sol,"Oct 7, 2020 - Nov 26, 2020",Do Do Sol Sol La La Sol (2020) [del50_4f].jpg,Do Do Sol Sol La La Sol (2020) [del50_4f].jpg,matched,163199,718,1024,JPEG,4d47c076a39056a7cd502ed64be9bfd4183cb569075015858fc87f2df7335c10
900,rOnj7f,Real:Time:Love,"Aug 26, 2019 - Sep 27, 2019",Real_Time_Love (2019) [rOnj7f].jpg,Real_Time_Love (2019) [rOnj7f].jpg,matched,81514,640,800,JPEG,179f6892e1cad98d06baf3be747855c8c4e6c98f6eb04990c930b757e0953753
901,dWyEW_4f,Do You Like Brahms?,"Aug 31, 2020 - Oct 20, 2020",Do You Like Brahms_ (2020) [dWyEW_4f].jpg,Do You Like Brahms_ (2020) [dWyEW_4f].jpg,matched,65332,600,847,JPEG,dbaabb6d4d10d5c875e950edfd13d256f8a6cba66c68582cf4cf97dc8fdff1c7
902,RB2Bgf,Oh! My Lady,"Mar 22, 2010 - May 11, 2010",Oh! My Lady (2010) [RB2Bgf].jpg,Oh! My Lady (2010) [RB2Bgf].jpg,matched,129837,680,1000,JPEG,7426cba4b782dfdd6e1296c38831a53d633df3effc13fc6e67ad2f9d0f4401df
903,GWqBpf,Playful Kiss Seung Jo's Diary,"Nov 4, 2010 - Nov 18, 2010",Playful Kiss Seung Jo's Diary (2010) [GWqBpf].jpg,Playful Kiss Seung Jo's Diary (2010) [GWqBpf].jpg,matched,58142,518,395,JPEG,808bf7ca5dd09f35e087516a3e26190aeb32661f082e04cd73a3c945f19aae15
904,0dD7e_4f,More Than Friends,"Sep 25, 2020 - Nov 28, 2020",More Than Friends (2020) [0dD7e_4f].jpg,More Than Friends (2020) [0dD7e_4f].jpg,matched,167875,900,1301,JPEG,1269d3f06057882f39a7346c9825cfb6f2610a129ef1330f2ccacaf3b727ab61
905,6K5dp_4f,Private Lives,"Oct 7, 2020 - Nov 26, 2020",Private Lives (2020) [6K5dp_4f].jpg,Private Lives (2020) [6K5dp_4f].jpg,matched,184015,900,1273,JPEG,d48ddb5d2fdac3fd2395ba6dec155d7238f380a9647ea302a164bfe721542ba1
906,B1YWl_4f,To All the Guys Who Loved Me,"Jul 6, 2020 - Sep 1, 2020",To All the Guys Who Loved Me (2020) [B1YWl_4f].jpg,To All the Guys Who Loved Me (2020) [B1YWl_4f].jpg,matched,62563,430,616,JPEG,f6329928437fa491902fb5f02004d688cf3de80114203d9c0762b7ecc58a14bd
907,dKY0d_4f,Hospital Playlist Season 2,"Jun 17, 2021 - Sep 16, 2021",Hospital Playlist Season 2 (2021) [dKY0d_4f].jpg,Hospital Playlist Season 2 (2021) [dKY0d_4f].jpg,matched,120738,600,849,JPEG,bf81736e40cd34611e63e0ba7aa9975388ab1a2145177baadd4b2f8b622904c2
908,jvwnB_4f,Hush,"Dec 11, 2020 - Feb 6, 2021",Hush (2020) [jvwnB_4f].jpg,Hush (2020) [jvwnB_4f].jpg,matched,100765,500,706,JPEG,2522546119b2d4fed2b414dd2622be1d9cbf481b79634076994e75525a610fb3
909,6weyW_4f,Hellbound,"Nov 19, 2021",Hellbound (2021) [6weyW_4f].jpg,Hellbound (2021) [6weyW_4f].jpg,matched,140215,650,964,JPEG,f54b651751453565c1818d3948c8cbcefdcab07f1192dc9f52cdb88133467d05
910,Jjx4wf,A Hundred Year's Inheritance,"Jan 5, 2013 - Jun 23, 2013",A Hundred Year's Inheritance (2013) [Jjx4wf].jpg,A Hundred Year's Inheritance (2013) [Jjx4wf].jpg,matched,69990,524,768,JPEG,e482c935c69900ead05b866490f5668ca824d66e1eaddc80cb72d0283f409c23
911,EwpK7_4f,Jirisan,"Oct 23, 2021 - Dec 12, 2021",Jirisan (2021) [EwpK7_4f].jpg,Jirisan (2021) [EwpK7_4f].jpg,matched,222441,900,1271,JPEG,0f3a3f804768812458cc594b24ec55b6af26fd07ce17783da407fbb3093551be
912,XdmVpf,The Incarnation of Money,"Feb 2, 2013 - Apr 21, 2013",The Incarnation of Money (2013) [XdmVpf].jpg,The Incarnation of Money (2013) [XdmVpf].jpg,matched,229980,650,975,JPEG,6a79bf891e04954a2463afd1523e5e0b3af0a3d3f0d4fbce84753de810a1842f
913,1lAw5_4f,Twenty-Twenty,"Aug 15, 2020 - Oct 21, 2020",Twenty-Twenty (2020) [1lAw5_4f].jpg,Twenty-Twenty (2020) [1lAw5_4f].jpg,matched,191631,862,1228,JPEG,233df9f6c5d1d48c23e7453d3f28aa7b0c11b3501e349e044a7bebab717b73ca
914,Lw7jrL_4f,Cringy Romance,"Feb 26, 2025 - Mar 19, 2025",Cringy Romance (2025) [Lw7jrL_4f].jpg,Cringy Romance (2025) [Lw7jrL_4f].jpg,matched,188889,900,1125,JPEG,24e1109eabc8ce9ad448e942c8e0fe612a1cfadddd995e2aa77f8c6babf17516
915,eEKrKf,Mermaid Prince,"Apr 24, 2020 - May 29, 2020",Mermaid Prince (2020) [eEKrKf].jpg,Mermaid Prince (2020) [eEKrKf].jpg,matched,210635,900,1298,JPEG,522de371c02bb967c8db06bb34d0dc49e75c1bdab06e5937883bb982bad95a65
916,pgDDV_4f,Homemade Love Story,"Sep 19, 2020 - Mar 7, 2021",Homemade Love Story (2020) [pgDDV_4f].jpg,Homemade Love Story (2020) [pgDDV_4f].jpg,matched,293813,800,1286,JPEG,a2437156afd88f1071203f125799c80d7ad53dd095544fbe5ca86d7e4d2484ff
917,EN4Wz_4f,Kairos,"Oct 26, 2020 - Dec 22, 2020",Kairos (2020) [EN4Wz_4f].jpg,Kairos (2020) [EN4Wz_4f].jpg,matched,202694,900,1271,JPEG,7cf30d14af8a8244108929fd6554872ab740446a04c71753e2f1ad480e469eba
918,b3RmlV_4f,Mr. Queen,"Dec 12, 2020 - Feb 14, 2021",Mr. Queen (2020) [b3RmlV_4f].jpg,Mr. Queen (2020) [b3RmlV_4f].jpg,matched,305326,900,1275,JPEG,856953f6b3e903f56f6464ceaaa03eb9e9a4e827a6dcbebc06994cbf13bbc961
919,XOYRZ_4f,Birthcare Center,"Nov 2, 2020 - Nov 24, 2020",Birthcare Center (2020) [XOYRZ_4f].jpg,Birthcare Center (2020) [XOYRZ_4f].jpg,matched,144004,650,920,JPEG,1ddaf301346484076392d496e3923e5854147f5f684c106758057ec371ea25d1
920,2zNr7_4f,Pop Out Boy!,"Jun 25, 2020 - Jul 26, 2020",Pop Out Boy! (2020) [2zNr7_4f].jpg,Pop Out Boy! (2020) [2zNr7_4f].jpg,matched,182201,671,960,JPEG,9b1a2396f2dc8b2946899bfe294e04499598a87cf47b181d7e03f9f76f7e8d70
921,kY1jgf,"Romance, Talking","Mar 24, 2020 - Apr 22, 2020","Romance, Talking (2020) [kY1jgf].jpg","Romance, Talking (2020) [kY1jgf].jpg",matched,109479,780,1103,JPEG,db24008496686a3d97106f1f205a18e8a4d5a15b15b0b6c3560af87f756ccead
922,EDgJzf,Ga Doo Ri’s Sushi Restaurant,"Jun 9, 2020 - Jul 16, 2020",Ga Doo Ri’s Sushi Restaurant (2020) [EDgJzf].jpg,Ga Doo Ri’s Sushi Restaurant (2020) [EDgJzf].jpg,matched,166477,900,1125,JPEG,14e8956cb7b534476476b246d5089aa3e8fd6364d4dbd072b85ec0515b6a7532
923,81Z3jW_4f,She Would Never Know,"Jan 18, 2021 - Mar 9, 2021",She Would Never Know (2021) [81Z3jW_4f].jpg,She Would Never Know (2021) [81Z3jW_4f].jpg,matched,165409,900,1350,JPEG,b260a7ff9a2fd8ac438b44798b3b5ebce3693e688664f014b7f899bf6726c2be
924,4DxeJf,IN-SEOUL Season 2,"Jun 12, 2020 - Jul 21, 2020",IN-SEOUL Season 2 (2020) [4DxeJf].jpg,IN-SEOUL Season 2 (2020) [4DxeJf].jpg,matched,134918,671,960,JPEG,0efec3a16ac865b5aaad94579fe56ec11d39b4e35dd30ca27e72051d716fbcf5
925,1882z_4f,My Dangerous Wife,"Oct 5, 2020 - Nov 24, 2020",My Dangerous Wife (2020) [1882z_4f].jpg,My Dangerous Wife (2020) [1882z_4f].jpg,matched,46265,430,634,JPEG,8ff827ab9c1949457904242ac10f701700d920733cab69b409ad49b0e857fa3c
926,BNk5b_4f,"Cheat On Me, if You Can","Dec 2, 2020 - Jan 28, 2021","Cheat On Me, if You Can (2020) [BNk5b_4f].jpg","Cheat On Me, if You Can (2020) [BNk5b_4f].jpg",matched,116920,650,928,JPEG,6167a157ad236eede8b32c49a47fcfe5db0e86ca4cf45b32df3a488faa27dda2
927,B5OKq_4f,Run On,"Dec 16, 2020 - Feb 4, 2021",Run On (2020) [B5OKq_4f].jpg,Run On (2020) [B5OKq_4f].jpg,matched,99868,540,774,JPEG,86a516dd0ef18ffa4f88b5e8b9a086645c8afb8d169856df4486b8f2b9947534
928,r5zJE_4f,She Knows Everything,"Jul 8, 2020 - Jul 16, 2020",She Knows Everything (2020) [r5zJE_4f].jpg,She Knows Everything (2020) [r5zJE_4f].jpg,matched,60829,430,609,JPEG,fbd11c56e54677a16b7c0af14170e735411337dc2068e63d0982738a71320eef
929,QlKB6_4f,Kiss Goblin,"Jul 28, 2020 - Sep 3, 2020",Kiss Goblin (2020) [QlKB6_4f].jpg,Kiss Goblin (2020) [QlKB6_4f].jpg,matched,41846,430,608,JPEG,240e1d4583c9f84147a3f1c957722eb430fc10556b3765d225e36b6bc49ee097
930,ZQ8KL_4f,The Spies Who Loved Me,"Oct 21, 2020 - Dec 17, 2020",The Spies Who Loved Me (2020) [ZQ8KL_4f].jpg,The Spies Who Loved Me (2020) [ZQ8KL_4f].jpg,matched,154213,900,1271,JPEG,153386642a84c9e029d9dbbedb07748603a982ce1795d0fdc976000602369ea6
931,RX2og_4f,SF8: Joan's Galaxy,"Aug 28, 2020",SF8_ Joan's Galaxy (2020) [RX2og_4f].jpg,SF8_ Joan's Galaxy (2020) [RX2og_4f].jpg,matched,54905,600,847,JPEG,479da4bccda33b161b3e4a57d9a77d26cdbc52b145b0c13bdda863afa55bcc62
932,XNeKO_4f,Mouse,"Mar 3, 2021 - May 19, 2021",Mouse (2021) [XNeKO_4f].jpg,Mouse (2021) [XNeKO_4f].jpg,matched,248056,900,1275,JPEG,e59859ec482fe39a722a9eac3e9257ef53c5cb0aa0b52bc3ca9185234b9e67bb
933,XkYln_4f,D.P.,"Aug 27, 2021",D.P. (2021) [XkYln_4f].jpg,D.P. (2021) [XkYln_4f].jpg,matched,158306,650,962,JPEG,d246ad2407eab47fcce1c33059c810a3a37b6883f2f8fa2c1e80f995b7075ec1
934,4dd4d_4f,Undercover,"Apr 23, 2021 - Jun 12, 2021",Undercover (2021) [4dd4d_4f].jpg,Undercover (2021) [4dd4d_4f].jpg,matched,125649,747,1066,JPEG,ddb63d635fb4702e5229e2f8dadae3793099f989225af3f86d3a061862565948
935,wE3AA_4f,Navillera,"Mar 22, 2021 - Apr 27, 2021",Navillera (2021) [wE3AA_4f].jpg,Navillera (2021) [wE3AA_4f].jpg,matched,242591,900,1275,JPEG,3c6c2f173bb4818f58d224138d11fcc847425b119ea3eefe5ba7664ab7a003c0
936,WRQmX_4f,All of Us Are Dead,"Jan 28, 2022",All of Us Are Dead (2022) [WRQmX_4f].jpg,All of Us Are Dead (2022) [WRQmX_4f].jpg,matched,89711,540,800,JPEG,0b8c6568f30110e474ec6d993251772825e179a4f311faf4d1bd0c069d41d29a
937,8Q5BKf,All about My Romance,"Apr 4, 2013 - May 29, 2013",All about My Romance (2013) [8Q5BKf].jpg,All about My Romance (2013) [8Q5BKf].jpg,matched,215731,900,1346,JPEG,01e4f87e2279acbc74651543f34513fb2d6d6e22f861907f4b0f6e05c639e298
938,w8LAJf,Where Your Eyes Linger,"May 22, 2020 - Jun 12, 2020",Where Your Eyes Linger (2020) [w8LAJf].jpg,Where Your Eyes Linger (2020) [w8LAJf].jpg,matched,39944,500,707,JPEG,265470aedce42b9b54971568c92f3cf04fc8b3c784ac2260d44d7d51f7ba3d00
939,GNL2Ef,Advertising Genius Lee Tae Baek,"Feb 4, 2013 - Mar 26, 2013",Advertising Genius Lee Tae Baek (2013) [GNL2Ef].jpg,Advertising Genius Lee Tae Baek (2013) [GNL2Ef].jpg,matched,122573,640,929,JPEG,0297bbf50618642b5174c225acddce4c48b2378f779982519ee6bc7261d8de42
940,QkVy4_4f,Monthly Magazine Home,"Jun 16, 2021 - Aug 5, 2021",Monthly Magazine Home (2021) [QkVy4_4f].jpg,Monthly Magazine Home (2021) [QkVy4_4f].jpg,matched,222106,900,1289,JPEG,6d723766a7290c8b07ba33ec12bb7c1d4468ebcffa6a690f3ab1cefcbb50158b
941,rz4LD_4f,Love Revolution,"Sep 1, 2020 - Dec 27, 2020",Love Revolution (2020) [rz4LD_4f].jpg,Love Revolution (2020) [rz4LD_4f].jpg,matched,92083,650,926,JPEG,50903e8c4e829344e93b0ff3d9592f249ba815579a08e73c3e36b5375232be1a
942,pzymr_4f,Lonely Enough to Love,"Aug 11, 2020 - Oct 13, 2020",Lonely Enough to Love (2020) [pzymr_4f].jpg,Lonely Enough to Love (2020) [pzymr_4f].jpg,matched,94300,800,1140,JPEG,76b4a338ec18e710de8b4b74cc224f5b4ce5031e169462dbe995ee3c7fefbe0b
943,jZz4J_4f,Joseon Exorcist,"Mar 22, 2021 - Mar 23, 2021",Joseon Exorcist (2021) [jZz4J_4f].jpg,Joseon Exorcist (2021) [jZz4J_4f].jpg,matched,180057,900,1282,JPEG,ea2afce33f0a9ca77aa19f14b5502fc5848381bd97c342ec9ff5d046c0a70df4
944,EX1Pp_4f,Uncle,"Dec 11, 2021 - Jan 30, 2022",Uncle (2021) [EX1Pp_4f].jpg,Uncle (2021) [EX1Pp_4f].jpg,matched,189788,900,1290,JPEG,22f2134cbd0009d9ccd830cc5361343f8513e9d8ceaff8691c1b42311d835fab
945,4JzlJ_4f,Yumi's Cells,"Sep 17, 2021 - Oct 30, 2021",Yumi's Cells (2021) [4JzlJ_4f].jpg,Yumi's Cells (2021) [4JzlJ_4f].jpg,matched,187962,900,1287,JPEG,1208e6b4ea84656be94cffca16237095d08f912d4d00b570621687ba73e9e4d3
946,KpJ8y8_4f,When a Man's in Love,"Apr 3, 2013 - Jun 6, 2013",When a Man's in Love (2013) [KpJ8y8_4f].jpg,When a Man's in Love (2013) [KpJ8y8_4f].jpg,matched,89864,640,954,JPEG,e77a669534a6f5ae20f16f1a8f05206c5666a634e7314eec10a39be7636dfb10
947,JBEZmf,You Are the Best!,"Mar 9, 2013 - Aug 25, 2013",You Are the Best! (2013) [JBEZmf].jpg,You Are the Best! (2013) [JBEZmf].jpg,matched,166736,680,1000,JPEG,e49c64b31ebceb77532b9fe1ac9c9f76fd4ee97bad50ec2deed1b8181283afd1
948,BddB47_4f,Island Part 2,"Feb 24, 2023 - Mar 10, 2023",Island Part 2 (2023) [BddB47_4f].jpg,Island Part 2 (2023) [BddB47_4f].jpg,matched,197029,900,1283,JPEG,39f86ccba141f3437a1d807e67a2f445752514d2eab84aab0015d7714c1eb99a
949,KpPWJf,Nine: Nine Times Time Travel,"Mar 11, 2013 - May 14, 2013",Nine_ Nine Times Time Travel (2013) [KpPWJf].jpg,Nine_ Nine Times Time Travel (2013) [KpPWJf].jpg,matched,197268,900,1275,JPEG,6d8f71d7de2d9a27352ee63679d3a0121a36adc0eca8c6a06bb6fbbbe376811c
950,v3DLp_4f,The Goddess of Revenge,"Nov 21, 2020 - Jan 17, 2021",The Goddess of Revenge (2020) [v3DLp_4f].jpg,The Goddess of Revenge (2020) [v3DLp_4f].jpg,matched,72348,600,824,JPEG,0bd138555459436f8086d06356fc0ed679b3190dd0ec7ca1bdf94939fe2cc1d2
951,0l4wY_4f,Beyond Evil,"Feb 19, 2021 - Apr 10, 2021",Beyond Evil (2021) [0l4wY_4f].jpg,Beyond Evil (2021) [0l4wY_4f].jpg,matched,134697,900,1287,JPEG,5bde11fc88cdf94944653a0230c4895d4505c9e1c7591259e2a4d1e02a12bd75
952,wz4R1_4f,Zombie Detective,"Sep 21, 2020 - Oct 27, 2020",Zombie Detective (2020) [wz4R1_4f].jpg,Zombie Detective (2020) [wz4R1_4f].jpg,matched,164800,650,928,JPEG,f45f172d7f56b7e2210f64638f129d71e4af6de3ffd7263640ae33aa0035653d
953,v8g0D_4f,"Hello, Me!","Feb 17, 2021 - Apr 8, 2021","Hello, Me! (2021) [v8g0D_4f].jpg","Hello, Me! (2021) [v8g0D_4f].jpg",matched,194951,900,1324,JPEG,6cff26be408f3c405883408eb4931821bd47d38002871b8930e6877a104aae37
954,j3olB_4f,Delayed Justice,"Oct 30, 2020 - Jan 23, 2021",Delayed Justice (2020) [j3olB_4f].jpg,Delayed Justice (2020) [j3olB_4f].jpg,matched,135823,650,958,JPEG,c04bf780cb17fd20a070492ed4a967e29c4690350f7a3f2bad7b1b2643244d78
955,vAnBe_4f,Vincenzo,"Feb 20, 2021 - May 2, 2021",Vincenzo (2021) [vAnBe_4f].jpg,Vincenzo (2021) [vAnBe_4f].jpg,matched,168811,900,1289,JPEG,0ce176a992d17b3189d9ad3253edb896753bd8a667f90ad8683891fe3d6217cd
956,x46blz_4f,Salon De Nabi,"Aug 1, 2022",Salon De Nabi (2022) [x46blz_4f].jpg,Salon De Nabi (2022) [x46blz_4f].jpg,matched,218346,900,1283,JPEG,87b926b76636ac3282ae01fea4fce000bf38aebfb75e15a55bef883bb12ec43d
957,2WpKk_4f,The Red Sleeve,"Nov 12, 2021 - Jan 1, 2022",The Red Sleeve (2021) [2WpKk_4f].jpg,The Red Sleeve (2021) [2WpKk_4f].jpg,matched,82430,650,931,JPEG,158727c720fa63bf14813ef4b182668af334f3be6975ecebed06a96b444c5b63
958,vlNOX_4f,Doom at Your Service,"May 10, 2021 - Jun 29, 2021",Doom at Your Service (2021) [vlNOX_4f].jpg,Doom at Your Service (2021) [vlNOX_4f].jpg,matched,155896,900,1275,JPEG,3184e613db022b25d10edc09d8ab497b4398961d465326affd2f46d430416010
959,w6wqn_4f,The Witch's Diner,"Jul 16, 2021 - Aug 13, 2021",The Witch's Diner (2021) [w6wqn_4f].jpg,The Witch's Diner (2021) [w6wqn_4f].jpg,matched,142486,702,1000,JPEG,319818ca09658f57cb39fb74d563fc1879bc17c31b92c4f09e6b9ff8142266b1
960,6L6x2f,Mute,"Apr 19, 2020 - Apr 26, 2020",Mute (2020) [6L6x2f].jpg,Mute (2020) [6L6x2f].jpg,matched,28156,340,487,JPEG,9a32f28656f3a2aa369275d37b234931162d586a47e8b436faeaf3163404bf3a
961,RJ6wgf,Timing,"Apr 19, 2020 - Apr 26, 2020",Timing (2020) [RJ6wgf].jpg,Timing (2020) [RJ6wgf].jpg,matched,45151,445,644,JPEG,4c82db434ff067f251314eb32a4da749acb5c4375990e9159683e344deb8db2e
962,jQlgBf,The Virus,"Mar 1, 2013 - May 3, 2013",The Virus (2013) [jQlgBf].jpg,The Virus (2013) [jQlgBf].jpg,matched,120876,800,1144,JPEG,625fa52ffa26b4b875a888b759640d3d892682a457a26d93c351b386409874dc
963,v3032_4f,The Uncanny Counter,"Nov 28, 2020 - Jan 24, 2021",The Uncanny Counter (2020) [v3032_4f].jpg,The Uncanny Counter (2020) [v3032_4f].jpg,matched,278757,900,1282,JPEG,2bfce26b586a6c83c1546fac00776765a7de9069b8e2fcc807c77fc8a859dbbc
964,XJL7Z_4f,The Devil Judge,"Jul 3, 2021 - Aug 22, 2021",The Devil Judge (2021) [XJL7Z_4f].jpg,The Devil Judge (2021) [XJL7Z_4f].jpg,matched,348957,900,1283,JPEG,56bcc0a05fbe314b77044cfdc8f0a57730c460e7a6bbb7eb09ea36cc19391428
965,vKrp8_4f,Lost,"Sep 4, 2021 - Oct 24, 2021",Lost (2021) [vKrp8_4f].jpg,Lost (2021) [vKrp8_4f].jpg,matched,74875,742,1073,JPEG,e10d4843e5a93c928795a50e38ca1e139408beda878896e01f212239ccaea185
966,xJdOy_4f,My Roommate Is a Gumiho,"May 26, 2021 - Jul 15, 2021",My Roommate Is a Gumiho (2021) [xJdOy_4f].jpg,My Roommate Is a Gumiho (2021) [xJdOy_4f].jpg,matched,227554,900,1283,JPEG,b552bc969b39a5c8a02131c9b04e84764cee89414711709a68690aa0884cb796
967,X1nRX_4f,Secret Royal Inspector,"Dec 21, 2020 - Feb 9, 2021",Secret Royal Inspector (2020) [X1nRX_4f].jpg,Secret Royal Inspector (2020) [X1nRX_4f].jpg,matched,131733,650,958,JPEG,a3f1aa897a2a358ffbaf3db55eae0ac54b4cdaf3dd139273fa0ca67eca469592
968,0jj4e_4f,Times,"Feb 20, 2021 - Mar 28, 2021",Times (2021) [0jj4e_4f].jpg,Times (2021) [0jj4e_4f].jpg,matched,163420,900,1282,JPEG,8b045b94c98008fd311396268c9db140c8a2933f0bf7ffe06b5d912962a9fefb
969,GLl5Lf,Heaven's Order,"Apr 24, 2013 - Jun 27, 2013",Heaven's Order (2013) [GLl5Lf].jpg,Heaven's Order (2013) [GLl5Lf].jpg,matched,57220,400,600,JPEG,e81700b36b2d383a2b13aa7cf7f746f6a241c8df959bc0152f432fc8f38e8df5
970,xW1vX_4f,Live On,"Nov 17, 2020 - Jan 12, 2021",Live On (2020) [xW1vX_4f].jpg,Live On (2020) [xW1vX_4f].jpg,matched,166230,700,1000,JPEG,a816a8a965b42e108c1d3f6094e81eed886a1b31b4eae6f58d77668ed6f5b900
971,256YO_4f,Please Don't Date Him,"Nov 10, 2020 - Jan 12, 2021",Please Don't Date Him (2020) [256YO_4f].jpg,Please Don't Date Him (2020) [256YO_4f].jpg,matched,133432,680,1020,JPEG,4ef2e84079e38be23c4adf0f4a70588d22310d977eb073db832a8880ed7d1db6
972,EzEB5_4f,Money Heist: Korea - Joint Economic Area - Part 1,"Jun 24, 2022",Money Heist_ Korea - Joint Economic Area - Part 1 (2022) [EzEB5_4f].jpg,Money Heist_ Korea - Joint Economic Area - Part 1 (2022) [EzEB5_4f].jpg,matched,207064,900,1333,JPEG,31709c6ede28ced3d45b0b051788aba3a610b762dc382a1af69a42532de57c47
973,jQ4Pzz_4f,Begins Youth,"Apr 30, 2024 - May 14, 2024",Begins Youth (2024) [jQ4Pzz_4f].jpg,Begins Youth (2024) [jQ4Pzz_4f].jpg,matched,191264,900,1273,JPEG,8e315254ade056b9b454a4294906896015b01e1c59b5c3a891163d42c748ee9f
974,RKBWE_4f,Snowdrop,"Dec 18, 2021 - Jan 30, 2022",Snowdrop (2021) [RKBWE_4f].jpg,Snowdrop (2021) [RKBWE_4f].jpg,matched,136807,900,1291,JPEG,c372e9a4857a7e727aa9306785eecd8abb34a7a806446cbeaa49bb0c85dd100d
975,Xk2Dg_4f,Law School,"Apr 14, 2021 - Jun 9, 2021",Law School (2021) [Xk2Dg_4f].jpg,Law School (2021) [Xk2Dg_4f].jpg,matched,168096,699,1000,JPEG,edde1f986f4e2e8dd7362e777d066f0977c6f15f6f6ec07d9b3e8f64114522c1
976,BKZ4z_4f,"Now, We Are Breaking Up","Nov 12, 2021 - Jan 8, 2022","Now, We Are Breaking Up (2021) [BKZ4z_4f].jpg","Now, We Are Breaking Up (2021) [BKZ4z_4f].jpg",matched,137198,900,1287,JPEG,433e4eb6a1a7d6157db22df79c2b4c128acd98eea5bf9b2f98c8dc7a9b236881
977,2XRgR_4f,Dok Go Bin Is Updating,"Aug 28, 2020 - Oct 4, 2020",Dok Go Bin Is Updating (2020) [2XRgR_4f].jpg,Dok Go Bin Is Updating (2020) [2XRgR_4f].jpg,matched,147603,900,1270,JPEG,74679806f47a13da67a41186b629e64457a548cf764dad738bf341630b5484f9
978,v6dlB_4f,Trap,"Jul 15, 2020 - Sep 30, 2020",Trap (2020) [v6dlB_4f].jpg,Trap (2020) [v6dlB_4f].jpg,matched,60352,540,780,JPEG,b510744d731911777849573c57ea2516eee5213f6a439ccd7fd0d63554fd4d4e
979,rzp4D_4f,Mr. Heart,"Sep 18, 2020 - Oct 2, 2020",Mr. Heart (2020) [rzp4D_4f].jpg,Mr. Heart (2020) [rzp4D_4f].jpg,matched,52365,504,680,JPEG,bb528e6652bcabfebaca219b91d82a8feb87d45fb0673716a014573d77ac396d
980,dkVP0_4f,Bossam: Steal the Fate,"May 1, 2021 - Jul 4, 2021",Bossam_ Steal the Fate (2021) [dkVP0_4f].jpg,Bossam_ Steal the Fate (2021) [dkVP0_4f].jpg,matched,145763,650,972,JPEG,4a6fb1e06d04cd9236eb417eff938da1048a7483d0b599a4975f42b5bda46d53
981,YYzB0e_4f,Dear.M,"Jun 29, 2022 - Jul 6, 2022",Dear.M (2022) [YYzB0e_4f].jpg,Dear.M (2022) [YYzB0e_4f].jpg,matched,152862,900,1282,JPEG,3667930fe1296388f10607cd2c39868504ec40770927b88f50f12d8d71b45da9
982,GJODXf,The Queen of Office,"Apr 1, 2013 - May 21, 2013",The Queen of Office (2013) [GJODXf].jpg,The Queen of Office (2013) [GJODXf].jpg,matched,106611,558,800,JPEG,d24c4d2751027bc3e0b54a509497d177c9e52109b88de6d5dff23ec9a3b806fc
983,vEzgB_4f,A Love So Beautiful,"Dec 28, 2020 - Feb 20, 2021",A Love So Beautiful (2020) [vEzgB_4f].jpg,A Love So Beautiful (2020) [vEzgB_4f].jpg,matched,109526,640,853,JPEG,4c2ca8f8772f650acb928eeccd9ba8fb0a6212fe3da061caca6a02c343c3ba11
984,6NopK_4f,Single & Ready to Mingle,"Oct 13, 2020 - Nov 4, 2020",Single & Ready to Mingle (2020) [6NopK_4f].jpg,Single & Ready to Mingle (2020) [6NopK_4f].jpg,matched,138807,679,960,JPEG,58765401cae0034f5b678f01285726462713f59a2170fa6c23607a51793ef897
985,djDkW_4f,The Sound of Magic,"May 6, 2022",The Sound of Magic (2022) [djDkW_4f].jpg,The Sound of Magic (2022) [djDkW_4f].jpg,matched,309978,900,1333,JPEG,f0fd81ac57a3b899c184211ac0a9540d0ff462d54292d603aa13defe897446d7
986,e18Pq_4f,Kingdom: Ashin of the North,"Jul 23, 2021",Kingdom_ Ashin of the North (2021) [e18Pq_4f].jpg,Kingdom_ Ashin of the North (2021) [e18Pq_4f].jpg,matched,116170,900,900,JPEG,d9ec83ccd2f54669d61d811f0533430cafd3d5b7117edb0c0f2aaeeacd7cc616
987,4eNyZf,Bad Couple,"Jun 2, 2007 - Jul 22, 2007",Bad Couple (2007) [4eNyZf].jpg,Bad Couple (2007) [4eNyZf].jpg,matched,66809,450,493,JPEG,e9ac0cbeb83ae29580f07ef89b295acc5b0151c90233c7089bd9c2a03674daa7
988,2wmwkf,Monstar,"May 17, 2013 - Aug 2, 2013",Monstar (2013) [2wmwkf].jpg,Monstar (2013) [2wmwkf].jpg,matched,170643,800,1130,JPEG,4cd272deb5c34c706b51a9bc0380312b85f23faff13da31f3dbd05eba46046f7
989,MRxr9f,Thorn Birds,"Mar 2, 2011 - May 5, 2011",Thorn Birds (2011) [MRxr9f].jpg,Thorn Birds (2011) [MRxr9f].jpg,matched,43835,400,600,JPEG,760e16bd96393715a9eaf2afdf9e4b84fd12348936349b7b77f29d062e5a9987
990,1wEBJK_4f,Lovestruck in the City,"Dec 22, 2020 - Feb 16, 2021",Lovestruck in the City (2020) [1wEBJK_4f].jpg,Lovestruck in the City (2020) [1wEBJK_4f].jpg,matched,159696,900,1289,JPEG,3292e020c4bbce2c424dcd54f0d6019d338eba7cde8d661db5e644eee7f6585d
991,jD3br_4f,My Name,"Oct 15, 2021",My Name (2021) [jD3br_4f].jpg,My Name (2021) [jD3br_4f].jpg,matched,146275,640,948,JPEG,5564f47b2f92bc34a323e02fc2ca77b5569cd4dafeaed7b299c557bf7fb82c79
992,1ljod_4f,Real:Time:Love Season 3,"Aug 14, 2020 - Oct 2, 2020",Real_Time_Love Season 3 (2020) [1ljod_4f].jpg,Real_Time_Love Season 3 (2020) [1ljod_4f].jpg,matched,248765,900,1291,JPEG,f91766dda024cfd9c0dd55acde6ad60aa0f6a2dfcbb19e347302985689ea83d5
993,mO4J2f,Kim Soo Ro,"May 29, 2010 - Sep 18, 2010",Kim Soo Ro (2010) [mO4J2f].jpg,Kim Soo Ro (2010) [mO4J2f].jpg,matched,220127,900,1283,JPEG,d18845638f913a5b01d3cb6e0988069d4f3a99fad7f081824dbb6bd233b807e4
994,0wv3Nf,Jumong,"May 15, 2006 - Mar 6, 2007",Jumong (2006) [0wv3Nf].jpg,Jumong (2006) [0wv3Nf].jpg,matched,78668,539,768,JPEG,eecf974669611d5a618a3f6880c12a5cc1c31b7d7f9ebb6065eaa8b482746a24
995,81LKdf,"I Summon You, Gold!","Apr 6, 2013 - Sep 22, 2013","I Summon You, Gold! (2013) [81LKdf].jpg","I Summon You, Gold! (2013) [81LKdf].jpg",matched,111845,520,775,JPEG,b871b5a55845d55d3ce86e2943815573aad11a3782ea9fd4765af03f48dde57d
996,Bd7Ybf,Nail Shop Paris,"May 3, 2013 - Jun 28, 2013",Nail Shop Paris (2013) [Bd7Ybf].jpg,Nail Shop Paris (2013) [Bd7Ybf].jpg,matched,148042,680,1000,JPEG,578f3a2c72b96af03b784ead43abc2c859deca64d0677f9425a157b533cf975b
997,qYVY5f,All About Eve,"Apr 26, 2000 - Jul 6, 2000",All About Eve (2000) [qYVY5f].jpg,All About Eve (2000) [qYVY5f].jpg,matched,47608,383,550,JPEG,aee08a1e7d79f66c5ca98259e9fb10916c721bec8fca699554e28a00e963e7b5
998,qWb15f,The Heirs,"Oct 9, 2013 - Dec 12, 2013",The Heirs (2013) [qWb15f].jpg,The Heirs (2013) [qWb15f].jpg,matched,184631,900,1254,JPEG,88d6657782a97d6c4dcf7b081c41d4abf44e04ed4036cdfd07a7338f5e0b8a1c
999,j3RBr_4f,The Mermaid Prince: The Beginning,"Nov 11, 2020 - Dec 10, 2020",The Mermaid Prince_ The Beginning (2020) [j3RBr_4f].jpg,The Mermaid Prince_ The Beginning (2020) [j3RBr_4f].jpg,matched,198714,900,1298,JPEG,103f05156c46b1501eb7b00624361d8ab34bd4ae54b4e11fabe2ad91fbc7a488
1000,aboE9f,Road Number One,"Jun 23, 2010 - Aug 26, 2010",Road Number One (2010) [aboE9f].jpg,Road Number One (2010) [aboE9f].jpg,matched,73339,421,600,JPEG,0519c589a7f20eff5cd8fc6edec0129385328ecede7d4b07e83b8637b21ff986
1001,x78Ar_4f,Revolutionary Sisters,"Mar 13, 2021 - Sep 18, 2021",Revolutionary Sisters (2021) [x78Ar_4f].jpg,Revolutionary Sisters (2021) [x78Ar_4f].jpg,matched,128353,650,926,JPEG,5afbdb61b07ae5df9b43d9e50fe2e836493c819c394e63e4f95c18ac7180c62f
1002,abbQxf,The Queen's Classroom,"Jun 12, 2013 - Aug 1, 2013",The Queen's Classroom (2013) [abbQxf].jpg,The Queen's Classroom (2013) [abbQxf].jpg,matched,80011,520,775,JPEG,8addf1446b98e9693e9e0b123e7a5b54ee6d39bf571505ddfd5f0ebbaa35fbde
1003,GLodBf,Shark,"May 27, 2013 - Jul 30, 2013",Shark (2013) [GLodBf].jpg,Shark (2013) [GLodBf].jpg,matched,106311,655,950,JPEG,4d3a0a23e7bbea41f6c8721b190f93867c52e7abe557ed1ca0d7bfb59b851b9c
1004,rNrYj2_4f,Goedam,"Aug 20, 2020",Goedam (2020) [rNrYj2_4f].jpg,Goedam (2020) [rNrYj2_4f].jpg,matched,67297,440,660,JPEG,11d12519c9d4c99fc4cfd3ecdbe417f2ef8615857cbb6c8d5abe2274bbdd11eb
1005,l0zq4f,Dating Agency: Cyrano,"May 27, 2013 - Jul 16, 2013",Dating Agency_ Cyrano (2013) [l0zq4f].jpg,Dating Agency_ Cyrano (2013) [l0zq4f].jpg,matched,274051,900,1277,JPEG,b194d8ad3ea6e8ee6e51bf51433410530f47a7b36b6aa72fabea430140bae19c
1006,WPlBXf,Dong Yi,"Mar 22, 2010 - Oct 12, 2010",Dong Yi (2010) [WPlBXf].jpg,Dong Yi (2010) [WPlBXf].jpg,matched,134997,700,990,JPEG,a1a06f6e15f82ae8ae6eaf361e1fd8c06b5892acedbbb5d98a8af3ce7bd427c6
1007,GJ58pf,Birth Secret,"Apr 27, 2013 - Jun 23, 2013",Birth Secret (2013) [GJ58pf].jpg,Birth Secret (2013) [GJ58pf].jpg,matched,51875,500,333,JPEG,59f5d22dec498f7247cd5294c4333fa24c2fbb8bbe17a60b2f60789deb73a757
1008,RLd8R_4f,Cruel City,"May 27, 2013 - Jul 30, 2013",Cruel City (2013) [RLd8R_4f].jpg,Cruel City (2013) [RLd8R_4f].jpg,matched,170921,900,1324,JPEG,85881ae72d9633866514ab4f9ed9f204c57b48544073e809a1f3cb8d40cfbf66
1009,XJVEO_4f,On the Verge of Insanity,"Jun 23, 2021 - Aug 26, 2021",On the Verge of Insanity (2021) [XJVEO_4f].jpg,On the Verge of Insanity (2021) [XJVEO_4f].jpg,matched,124250,720,1080,JPEG,5ef3b1a80fc563371f28b6e8bd4bda47fa14a93a71f1bc554cc80d2a32ab103b
1010,Bd7mAf,Reply 1994,"Oct 18, 2013 - Dec 28, 2013",Reply 1994 (2013) [Bd7mAf].jpg,Reply 1994 (2013) [Bd7mAf].jpg,matched,96923,500,707,JPEG,9cd6c9025286b193d7ce9021492cc478225c622877e8e016d314a99c254f7ed9
1011,rNRymf,The Master's Sun,"Aug 7, 2013 - Oct 3, 2013",The Master's Sun (2013) [rNRymf].jpg,The Master's Sun (2013) [rNRymf].jpg,matched,105396,455,680,JPEG,67e89f9cb042d4b3fe940d7a507391bcb5465b1a69d2aa26a8f677cf361ec13c
1012,9YegKf,She Is Wow!,"Apr 18, 2013 - Jul 4, 2013",She Is Wow! (2013) [9YegKf].jpg,She Is Wow! (2013) [9YegKf].jpg,matched,64825,400,571,JPEG,48867af5d949cfbde6e4596534e806a8a94d1ee9f24d528cf6413f7168acc66d
1013,aDw2Df,Golden Empire,"Jul 1, 2013 - Sep 17, 2013",Golden Empire (2013) [aDw2Df].jpg,Golden Empire (2013) [aDw2Df].jpg,matched,413854,655,979,JPEG,57b16e5150cd3003d3cd60d0c93e7e18edd456f13f4b1310b2bf6ad1b40c31d3
1014,d0Q0gf,Hwang Jin Yi,"Oct 11, 2006 - Dec 28, 2006",Hwang Jin Yi (2006) [d0Q0gf].jpg,Hwang Jin Yi (2006) [d0Q0gf].jpg,matched,113890,629,900,JPEG,31a56eb229c9326dab6384c0eb13fc80c905c916f590bb906ccd4d3b0d22967f
1015,Xkn8n_4f,The Veil,"Sep 17, 2021 - Oct 23, 2021",The Veil (2021) [Xkn8n_4f].jpg,The Veil (2021) [Xkn8n_4f].jpg,matched,103517,647,924,JPEG,33555b4b4ba085b9d2bb05e8d3af92d6b61b32576a1f471743e90c26ec7b9ec9
1016,wEZ01_4f,River Where the Moon Rises,"Feb 15, 2021 - Apr 20, 2021",River Where the Moon Rises (2021) [wEZ01_4f].jpg,River Where the Moon Rises (2021) [wEZ01_4f].jpg,matched,82408,900,1200,JPEG,7aab3a23a36a6a3e9a2ff859374ac89097bbb656c4de86252e1b7bc8189abea2
1017,v8xwp_4f,Color Rush,"Dec 30, 2020 - Jan 21, 2021",Color Rush (2020) [v8xwp_4f].jpg,Color Rush (2020) [v8xwp_4f].jpg,matched,170216,900,1273,JPEG,160521e7b4651a7463b700bfec623609bfc910cd2e737070dc22640e49bad4a0
1018,pA3w8_4f,To My Star,"Jan 22, 2021 - Feb 5, 2021",To My Star (2021) [pA3w8_4f].jpg,To My Star (2021) [pA3w8_4f].jpg,matched,101449,900,1200,JPEG,6ad0f88aa37b04281e413024ad8c7fd42cf622a144290afd09f837d811f78f15
1019,B5wVA_4f,Tale of the Nine Tailed: An Unfinished Story,"Nov 18, 2020 - Dec 4, 2020",Tale of the Nine Tailed_ An Unfinished Story (2020) [B5wVA_4f].jpg,Tale of the Nine Tailed_ An Unfinished Story (2020) [B5wVA_4f].jpg,matched,55619,544,680,JPEG,9fe786ea287a0b8f0f34826cd7c09313c1bf58fe9e17b8dda8465668f413aa7b
1020,670YW_4f,The Penthouse Season 2: War in Life,"Feb 19, 2021 - Apr 2, 2021",The Penthouse Season 2_ War in Life (2021) [670YW_4f].jpg,The Penthouse Season 2_ War in Life (2021) [670YW_4f].jpg,matched,239532,900,1283,JPEG,769446e5bf8511dbe600637058c74cb5175561b23bbf409f2243fd6d5a35bae6
1021,QAVe7_4f,High Class,"Sep 6, 2021 - Nov 1, 2021",High Class (2021) [QAVe7_4f].jpg,High Class (2021) [QAVe7_4f].jpg,matched,214134,900,1275,JPEG,d55ae5b9968e0dbd21c31619cb6a940af123b7c2ec54361d0c0f64ea3d0e5ee1
1022,W6yo5_4f,The Penthouse Season 3: War in Life,"Jun 4, 2021 - Sep 10, 2021",The Penthouse Season 3_ War in Life (2021) [W6yo5_4f].jpg,The Penthouse Season 3_ War in Life (2021) [W6yo5_4f].jpg,matched,191803,800,1140,JPEG,d05561355ec59c3b97f2cfaa60851d2eb50a7717e05c24a61dd072da73bc6da0
1023,B5zdR_4f,Growing Season,"Dec 10, 2020 - Jan 15, 2021",Growing Season (2020) [B5zdR_4f].jpg,Growing Season (2020) [B5zdR_4f].jpg,matched,171119,672,960,JPEG,2b5ed7201c8333557e1bb8a53c6f999c7e0ec42f53e196dcf96ae532d16e62dd
1024,0eo77_4f,Handmade Love,"Dec 11, 2020 - Jan 5, 2021",Handmade Love (2020) [0eo77_4f].jpg,Handmade Love (2020) [0eo77_4f].jpg,matched,161393,672,960,JPEG,345c380bb2287622c454fe80e6f1dfce81267a9603334e6800cb9f02ba391dbf
1025,kL2Vr_4f,Artificial City,"Dec 8, 2021 - Feb 10, 2022",Artificial City (2021) [kL2Vr_4f].jpg,Artificial City (2021) [kL2Vr_4f].jpg,matched,150858,900,1283,JPEG,9105d2110b777f929dc8b8dae2655c75505ec93a0ac4c5dfd70432d925d955ae
1026,WWr5p_4f,"Legally, Dad","Aug 27, 2020 - Oct 1, 2020","Legally, Dad (2020) [WWr5p_4f].jpg","Legally, Dad (2020) [WWr5p_4f].jpg",matched,178931,900,1273,JPEG,ae2c7c67bcd9ec56111192b4022e4c46d6f0c28ee8b05e570647ae4d81b36c08
1027,M3n5vf,Goddess of Fire,"Jul 1, 2013 - Oct 22, 2013",Goddess of Fire (2013) [M3n5vf].jpg,Goddess of Fire (2013) [M3n5vf].jpg,matched,101261,640,954,JPEG,1bf68748f7897a6aa5e3a59d9f4cc166891b6461d2a6b667bf03f1a15a4ec8cb
1028,akwJdf,Ugly Alert,"May 20, 2013 - Nov 29, 2013",Ugly Alert (2013) [akwJdf].jpg,Ugly Alert (2013) [akwJdf].jpg,matched,131846,580,885,JPEG,475788d6a0e8a0d9201ef99fd7ba985ba03cc6b87778e01584ce41302fe91bb5
1029,6dbVP_4f,You Make Me Dance,"Feb 26, 2021 - Mar 19, 2021",You Make Me Dance (2021) [6dbVP_4f].jpg,You Make Me Dance (2021) [6dbVP_4f].jpg,matched,67635,599,900,JPEG,8772cff6076138f30171afd60c4ac8579a29deb162d4cf1063ad1c00f5c0d682
1030,vALxD_4f,Be My Boyfriend,"Feb 25, 2021 - Apr 15, 2021",Be My Boyfriend (2021) [vALxD_4f].jpg,Be My Boyfriend (2021) [vALxD_4f].jpg,matched,225012,828,1166,JPEG,cee0ac10bc95f9dc895bac03cef3f2e6c9088d9bfff517e9139028ebf54c0a17
1031,ByXXV_4f,"Breakup Probation, A Week","Feb 22, 2021 - Feb 26, 2021","Breakup Probation, A Week (2021) [ByXXV_4f].jpg","Breakup Probation, A Week (2021) [ByXXV_4f].jpg",matched,199319,900,1286,JPEG,4229cb5deeb26bb1bf41bcfd5cdff634c73aeba65aae5e60a10e044d1010e590
1032,1rynK_4f,Why Her?,"Jun 3, 2022 - Jul 23, 2022",Why Her_ (2022) [1rynK_4f].jpg,Why Her_ (2022) [1rynK_4f].jpg,matched,134730,900,1271,JPEG,fbdc542f93037656be3b0e32cbdc80376275dab856e38979aaa182c9868c0fbe
1033,0jERk_4f,Summer Guys,"Mar 30, 2021 - Apr 28, 2021",Summer Guys (2021) [0jERk_4f].jpg,Summer Guys (2021) [0jERk_4f].jpg,matched,174746,750,1046,JPEG,97b2d9a6b5b63cac76884f3e09a4c48cd767677494b2df0aa7c2fff73ccd90d9
1034,XVVjx_4f,The King's Affection,"Oct 11, 2021 - Dec 14, 2021",The King's Affection (2021) [XVVjx_4f].jpg,The King's Affection (2021) [XVVjx_4f].jpg,matched,237590,898,1280,JPEG,93d50bdce28a0515235d0b0868e070ff25445d2f0ac133d95311b0b73e56ead0
1035,W4krO_4f,Bulgasal: Immortal Souls,"Dec 18, 2021 - Feb 6, 2022",Bulgasal_ Immortal Souls (2021) [W4krO_4f].jpg,Bulgasal_ Immortal Souls (2021) [W4krO_4f].jpg,matched,213523,900,1275,JPEG,86be94ffff0d73b1c2050de5d158968ea28a49e5a7a7045654e078434d06a34f
1036,42jwd_4f,Can I Step In?,"Dec 23, 2020 - Jan 21, 2021",Can I Step In_ (2020) [42jwd_4f].jpg,Can I Step In_ (2020) [42jwd_4f].jpg,matched,75666,720,1080,JPEG,d95a0864c6a901477e6d70a98fd1bd181ba62f3f2551b9456c153c4a4d972819
1037,XRdJp_4f,Be My Dream Family,"Mar 29, 2021 - Oct 1, 2021",Be My Dream Family (2021) [XRdJp_4f].jpg,Be My Dream Family (2021) [XRdJp_4f].jpg,matched,201461,900,1290,JPEG,961441a210d5fd462965198d8506ab1e3b68a10c85fe6cc15d3a9acc71c4ab88
1038,knvmv_4f,One the Woman,"Sep 17, 2021 - Nov 6, 2021",One the Woman (2021) [knvmv_4f].jpg,One the Woman (2021) [knvmv_4f].jpg,matched,249067,900,1273,JPEG,1340628cf1f1340e325809913a88b4f9b199e68a8a915926b031a0760c517877
1039,ZeKv1_4f,Hometown Cha-Cha-Cha,"Aug 28, 2021 - Oct 17, 2021",Hometown Cha-Cha-Cha (2021) [ZeKv1_4f].jpg,Hometown Cha-Cha-Cha (2021) [ZeKv1_4f].jpg,matched,139936,751,1069,JPEG,ad27160f35780ed6d80110a40746d9bf04056af4304b6026a3e912a2590a435a
1040,p65gE_4f,The Road: The Tragedy of One,"Aug 4, 2021 - Sep 9, 2021",The Road_ The Tragedy of One (2021) [p65gE_4f].jpg,The Road_ The Tragedy of One (2021) [p65gE_4f].jpg,matched,143585,900,1282,JPEG,1f3bd31bf4f1301c0261ef1c4e71ce423ea500aabdfcb5a10699aabc980155ee
1041,jQ05Vz_4f,The Uncanny Counter Season 2: Counter Punch,"Jul 29, 2023 - Sep 3, 2023",The Uncanny Counter Season 2_ Counter Punch (2023) [jQ05Vz_4f].jpg,The Uncanny Counter Season 2_ Counter Punch (2023) [jQ05Vz_4f].jpg,matched,259798,900,1275,JPEG,c7ac76641bd31e39daf0e5beac0f615e0eec3ad4098f685c6f54023f9c8a11b4
1042,QDEYg_4f,Glitch,"Oct 7, 2022",Glitch (2022) [QDEYg_4f].jpg,Glitch (2022) [QDEYg_4f].jpg,matched,224739,810,1200,JPEG,76d2aa2a19d8b0e933f0177fe9593c55e4b71187c92098999d7d459042f489b8
1043,rj2DN_4f,Police University,"Aug 9, 2021 - Oct 5, 2021",Police University (2021) [rj2DN_4f].jpg,Police University (2021) [rj2DN_4f].jpg,matched,140495,900,1275,JPEG,ec00355bb21c5c7fdf2b4f4c539ba7bf186aa0fb2227359f333f971b957f21a2
1044,dkrdD_4f,Scripting Your Destiny,"Mar 26, 2021",Scripting Your Destiny (2021) [dkrdD_4f].jpg,Scripting Your Destiny (2021) [dkrdD_4f].jpg,matched,66444,650,926,JPEG,b2bdaf340d3b6b92752feb388eb0f542ad4dfc17eb074ce0116fbbc3d1c83103
1045,rXLE7_4f,Star With a Secret,"Dec 27, 2020 - Dec 31, 2020",Star With a Secret (2020) [rXLE7_4f].jpg,Star With a Secret (2020) [rXLE7_4f].jpg,matched,97630,670,948,JPEG,65665bec116e33e77df411c8913da3f5286965b4a642dd2ea09d44b353cd2e65
1046,jP5Vd_4f,One Ordinary Day,"Nov 27, 2021 - Dec 19, 2021",One Ordinary Day (2021) [jP5Vd_4f].jpg,One Ordinary Day (2021) [jP5Vd_4f].jpg,matched,90605,540,772,JPEG,8976e4ffbbc7b89a863e9465d5d6ce99d885b7b14d1ab25a9bc798afd5cc5025
1047,4v6zJ_4f,The Glory,"Dec 30, 2022",The Glory (2022) [4v6zJ_4f].jpg,The Glory (2022) [4v6zJ_4f].jpg,matched,160657,750,1110,JPEG,6b0b7cd86e9e600bf4148001fa7be43f075126986946d7de4ec8afd49c942f59
1048,d5KBz_4f,Semantic Error,"Feb 16, 2022 - Mar 10, 2022",Semantic Error (2022) [d5KBz_4f].jpg,Semantic Error (2022) [d5KBz_4f].jpg,matched,179852,900,1290,JPEG,a970fa7941d49fa0c352ca0da9b3c65e6bb87ca284b97720b7ad6ef0680945fc
1049,EyqL5_4f,100% Era,"Jan 7, 2021 - Feb 25, 2021",100% Era (2021) [EyqL5_4f].jpg,100% Era (2021) [EyqL5_4f].jpg,matched,71836,542,770,JPEG,7b49af749eb794d9f26af9cea4a183768e6b56a539942eb6d30c552c69ec4fb7
1050,jd5jw_4f,My Liberation Notes,"Apr 9, 2022 - May 29, 2022",My Liberation Notes (2022) [jd5jw_4f].jpg,My Liberation Notes (2022) [jd5jw_4f].jpg,matched,87102,500,716,JPEG,54f011d9a172555379fe37ab8212698ef258679b7ce67bafbd0aedb4a934bba6
1051,Ee5EO_4f,Big Mouth,"Jul 29, 2022 - Sep 17, 2022",Big Mouth (2022) [Ee5EO_4f].jpg,Big Mouth (2022) [Ee5EO_4f].jpg,matched,101740,650,917,JPEG,b7bcaded89f2fa83a76fcc86ab71e4f1a074180b5c7b8cad6d0dd6bbb7d12625
1052,WDQ3O_4f,The Penthouse: Hidden Room - Hidden Story,"Jan 12, 2021",The Penthouse_ Hidden Room - Hidden Story (2021) [WDQ3O_4f].jpg,The Penthouse_ Hidden Room - Hidden Story (2021) [WDQ3O_4f].jpg,matched,82667,788,1439,JPEG,78940c8807837dde554b3a772666624d24c69666e7f3e05bf05c1c3cca04a654
1053,RNVVV_4f,Secret Royal Inspector & Joy,"Nov 8, 2021 - Dec 28, 2021",Secret Royal Inspector & Joy (2021) [RNVVV_4f].jpg,Secret Royal Inspector & Joy (2021) [RNVVV_4f].jpg,matched,199497,722,1024,JPEG,c42d21b3eb62f2053ad49f94e5ec970e8f127ad0e8cf57344bf4b2de7ceb4e8b
1054,RK73P_4f,Young Lady and Gentleman,"Sep 25, 2021 - Mar 27, 2022",Young Lady and Gentleman (2021) [RK73P_4f].jpg,Young Lady and Gentleman (2021) [RK73P_4f].jpg,matched,207075,900,1397,JPEG,8b7fd14f2209e1bbf3a03203fb4ea4a3f82f5b453056d48277900465ccade5b8
1055,R6YzP_4f,A Model Family,"Aug 12, 2022",A Model Family (2022) [R6YzP_4f].jpg,A Model Family (2022) [R6YzP_4f].jpg,matched,70173,658,974,JPEG,98c056c581f1f7155a74f455be18b502843d738e983b88a5899aba4e11319474
1056,JBoEXJ_4f,When the Stars Gossip,"Jan 4, 2025 - Feb 23, 2025",When the Stars Gossip (2025) [JBoEXJ_4f].jpg,When the Stars Gossip (2025) [JBoEXJ_4f].jpg,matched,168532,900,1275,JPEG,074ce3722d73a028338293c68146251d8aa3ffdb1bfdaee65a21edc15e610f07
1057,BYP31_4f,The One and Only,"Dec 20, 2021 - Feb 8, 2022",The One and Only (2021) [BYP31_4f].jpg,The One and Only (2021) [BYP31_4f].jpg,matched,138098,900,1271,JPEG,68a3b560631c32fbba6f965698bbb26ed5766353360528dc532a6726514e88f1
1058,4zolZ_4f,Inspector Koo,"Oct 30, 2021 - Dec 12, 2021",Inspector Koo (2021) [4zolZ_4f].jpg,Inspector Koo (2021) [4zolZ_4f].jpg,matched,143253,745,1080,JPEG,5676520c450a53c97fbf0e64377a15b4253db2a356b4486b1b748d5346ed8228
1059,v8dB2_4f,Convenience Store Fling,"Jan 23, 2021 - Feb 27, 2021",Convenience Store Fling (2021) [v8dB2_4f].jpg,Convenience Store Fling (2021) [v8dB2_4f].jpg,matched,62529,430,506,JPEG,269daab4e8898adbbe08461a976179edd4848ad36b09b7138fea60d1e3ef0b34
1060,BnjE1_4f,Here's My Plan,"May 19, 2021 - May 27, 2021",Here's My Plan (2021) [BnjE1_4f].jpg,Here's My Plan (2021) [BnjE1_4f].jpg,matched,333990,900,1343,JPEG,da112e98d9208172b30eedbfeede29d2fe939d789cd8786be9e79ef58dc1f94f
1061,Z6oP7_4f,Dali and the Cocky Prince,"Sep 22, 2021 - Nov 11, 2021",Dali and the Cocky Prince (2021) [Z6oP7_4f].jpg,Dali and the Cocky Prince (2021) [Z6oP7_4f].jpg,matched,232272,900,1272,JPEG,49e80ce9df1bb3c6ade10df7316e76398c5238aa27261e18bacf4a0ad912b73d
1062,XVg6d_4f,Moonshine,"Dec 20, 2021 - Feb 22, 2022",Moonshine (2021) [XVg6d_4f].jpg,Moonshine (2021) [XVg6d_4f].jpg,matched,203480,900,1283,JPEG,a1ec697619ef5cee3fa3d99c114a6acac1ee699c63b768f923db013efc34e65b
1063,vLV6B_4f,Rookie Cops,"Jan 26, 2022 - Mar 16, 2022",Rookie Cops (2022) [vLV6B_4f].jpg,Rookie Cops (2022) [vLV6B_4f].jpg,matched,176247,900,1125,JPEG,211cb6ec38f2ba9fa7fe8569707562de8692dd21db6e9a2e5432b502f18dbd74
1064,MB34Af,Temptation of an Angel,"Oct 12, 2009 - Dec 22, 2009",Temptation of an Angel (2009) [MB34Af].jpg,Temptation of an Angel (2009) [MB34Af].jpg,matched,37622,400,567,JPEG,917292cb588eb69d42ce7e7b73e60cdd8b85292321da103ab4d0501b0b40e71d
1065,pNEYn_4f,Love (ft. Marriage and Divorce) Season 2,"Jun 12, 2021 - Aug 8, 2021",Love ft. Marriage and Divorce Season 2 (2021) [pNEYn_4f].jpg,Love ft. Marriage and Divorce Season 2 (2021) [pNEYn_4f].jpg,matched,182724,900,1271,JPEG,02be2e2a23c11e94d93d655873b6d1c369a6980e95b29f35267e41085869a29d
1066,eKONq_4f,I  Can See Your MBTI,"Feb 13, 2021 - Feb 20, 2021",I Can See Your MBTI (2021) [eKONq_4f].jpg,I Can See Your MBTI (2021) [eKONq_4f].jpg,matched,63668,608,612,JPEG,4797b2b4a180f61a5075e6babacecb8d9508a0a5856c66c8097f33bf718896f7
1067,67dZ0_4f,Nickname Pine Leaf,"Feb 27, 2021 - Mar 13, 2021",Nickname Pine Leaf (2021) [67dZ0_4f].jpg,Nickname Pine Leaf (2021) [67dZ0_4f].jpg,matched,206001,900,900,JPEG,3fe0e33f09a46b1ed7c06a262bb7855977bb9b48fb28bbc1f7677bcab9891788
1068,R4O6z_4f,Mr. Queen: The Bamboo Forest,"Feb 13, 2021 - Feb 14, 2021",Mr. Queen_ The Bamboo Forest (2021) [R4O6z_4f].jpg,Mr. Queen_ The Bamboo Forest (2021) [R4O6z_4f].jpg,matched,49629,430,613,JPEG,3741bb68eb413f04f284d657e3868ccfb288be43f194616aa8528e370824ff23
1069,peyDr_4f,Ghost Doctor,"Jan 3, 2022 - Feb 22, 2022",Ghost Doctor (2022) [peyDr_4f].jpg,Ghost Doctor (2022) [peyDr_4f].jpg,matched,131632,762,1080,JPEG,bff2ed4c5f187c82957ce39b53d65783da959c1fb58dde55daadb4f47e5e6a08
1070,XJWdX_4f,Light on Me,"Jun 29, 2021 - Aug 19, 2021",Light on Me (2021) [XJWdX_4f].jpg,Light on Me (2021) [XJWdX_4f].jpg,matched,122336,700,990,JPEG,10c463eec222c4c0f040d940ebfa801649d39c95c3163de520ab348101cb2424
1071,de810_4f,To My Star: Making Film,"Feb 6, 2021",To My Star_ Making Film (2021) [de810_4f].jpg,To My Star_ Making Film (2021) [de810_4f].jpg,matched,18034,300,422,JPEG,6c33c5e8961918fa7d1d8870fa54e25545354c4bb0198a3653249898f0ad975e
1072,kB1nm_4f,Insider,"Jun 8, 2022 - Jul 28, 2022",Insider (2022) [kB1nm_4f].jpg,Insider (2022) [kB1nm_4f].jpg,matched,258588,900,1282,JPEG,56140090acb380ad86c69b343b3ce8b396c639bbcffbb5e806651cfa0d1d2415
1073,r6Y42_4f,Hometown,"Sep 22, 2021 - Oct 28, 2021",Hometown (2021) [r6Y42_4f].jpg,Hometown (2021) [r6Y42_4f].jpg,matched,122461,900,1275,JPEG,7cbfb997a3caf326b753ea0f74a1b5bd86e18ee0094cab60b5b165c9e9ed7061
1074,2Vxqw_4f,I Have Not Done My Best Yet,"Feb 18, 2022 - Mar 25, 2022",I Have Not Done My Best Yet (2022) [2Vxqw_4f].jpg,I Have Not Done My Best Yet (2022) [2Vxqw_4f].jpg,matched,116724,600,859,JPEG,49e60904d1e9998507fcb0d7c0001225fbdb31a7e7c1e22257f6791f5fdd28be
1075,YY5Zee_4f,Good Boy,"May 31, 2025 - Jul 20, 2025",Good Boy (2025) [YY5Zee_4f].jpg,Good Boy (2025) [YY5Zee_4f].jpg,matched,290707,900,1289,JPEG,95eca71d8361592cb22e04086aa2590a30e9a259ca7b5c318864faf6a5167e4e
1076,Xde5md_4f,Tell Me That You Love Me,"Nov 27, 2023 - Jan 16, 2024",Tell Me That You Love Me (2023) [Xde5md_4f].jpg,Tell Me That You Love Me (2023) [Xde5md_4f].jpg,matched,135756,900,1275,JPEG,5598bcb4272a4fa9843e4ae3c0902dd88729e6cb59d27113df29c38415d64803
1077,rQ82j_4f,Her Bucket List,"Dec 31, 2021",Her Bucket List (2021) [rQ82j_4f].jpg,Her Bucket List (2021) [rQ82j_4f].jpg,matched,81474,607,917,JPEG,2a25859c1e4b04c89e077c5ce10bb0a1a1e1e3773be0d01dde72717b4b9a1868
1078,BdpgYz_4f,A Time Called You,"Sep 8, 2023",A Time Called You (2023) [BdpgYz_4f].jpg,A Time Called You (2023) [BdpgYz_4f].jpg,matched,226735,900,1333,JPEG,f6bbf873b4df00f8f9d2c5598fee196796972eca9a25cdf0c82cde107a400d3b
1079,d5J35_4f,Grid,"Feb 16, 2022 - Apr 20, 2022",Grid (2022) [d5J35_4f].jpg,Grid (2022) [d5J35_4f].jpg,matched,104580,600,844,JPEG,a490bd450e8667ec70f127840ab0b2952cac1fdf5eab026a33924afd3b33c2cc
1080,BWXjV_4f,Happiness,"Nov 5, 2021 - Dec 11, 2021",Happiness (2021) [BWXjV_4f].jpg,Happiness (2021) [BWXjV_4f].jpg,matched,135286,900,1125,JPEG,25ae433997aec1f3d8ffec387bb5f316ca962130813bf306847bc41b5844e94b
1081,xOwqq_4f,Let Me Off the Earth,"Sep 11, 2020 - Aug 6, 2021",Let Me Off the Earth (2020) [xOwqq_4f].jpg,Let Me Off the Earth (2020) [xOwqq_4f].jpg,matched,197444,900,1286,JPEG,f6992c92aff02865a7ac98b0e5179c9501a0915fc65c1b3faf5d64781ae6a952
1082,j1DWb_4f,Peach of Time,"Aug 30, 2021 - Sep 27, 2021",Peach of Time (2021) [j1DWb_4f].jpg,Peach of Time (2021) [j1DWb_4f].jpg,matched,126983,850,1200,JPEG,962e57e6e3abe375c183b50ab3dcf57000841b692021a2563f7d283589075fee
1083,Z803xO_4f,Vigilante,"Nov 8, 2023 - Nov 29, 2023",Vigilante (2023) [Z803xO_4f].jpg,Vigilante (2023) [Z803xO_4f].jpg,matched,198919,900,1287,JPEG,64640f41890eea5f46ea339a10ba278ac34d19659466f5efbcd35f76bfc51e2f
1084,Rpdng_4f,Recipe for Youth,"Mar 14, 2021",Recipe for Youth (2021) [Rpdng_4f].jpg,Recipe for Youth (2021) [Rpdng_4f].jpg,matched,55916,495,700,JPEG,04cd45503ed9250c38bd4f58aad2074f9e1232f4d0202b7999de96ee36af1f02
1085,XDKww_4f,Again My Life,"Apr 8, 2022 - May 28, 2022",Again My Life (2022) [XDKww_4f].jpg,Again My Life (2022) [XDKww_4f].jpg,matched,160187,900,1350,JPEG,dd7b970cf614fca10832b79da0b204ed04ea655876644b0c9177b1c3556fe9e4
1086,XWvlw_4f,The Golden Spoon,"Sep 23, 2022 - Nov 12, 2022",The Golden Spoon (2022) [XWvlw_4f].jpg,The Golden Spoon (2022) [XWvlw_4f].jpg,matched,173321,900,1271,JPEG,bff63e1eb4f3ef53f471f01cf66cb8aa57ed77efaa42bb7030a729f3c87a7050
1087,rl6Vp_4f,"It's Okay, That's Friendship","Mar 5, 2021","It's Okay, That's Friendship (2021) [rl6Vp_4f].jpg","It's Okay, That's Friendship (2021) [rl6Vp_4f].jpg",matched,221111,900,1273,JPEG,8f5356027cdc8acdf0cfc42540a0ea2eb58a6294314c5eec5580937b35ad2a59
1088,11XPQ_4f,Forecasting Love and Weather,"Feb 12, 2022 - Apr 3, 2022",Forecasting Love and Weather (2022) [11XPQ_4f].jpg,Forecasting Love and Weather (2022) [11XPQ_4f].jpg,matched,195847,900,1283,JPEG,7d9f24c7601c3e8a6b4fa6631b213e87a52bfa57b504f8db663ea6a25d115e69
1089,v2bEX_4f,Thirty-Nine,"Feb 16, 2022 - Mar 31, 2022",Thirty-Nine (2022) [v2bEX_4f].jpg,Thirty-Nine (2022) [v2bEX_4f].jpg,matched,193385,742,1063,JPEG,8040482da5326b1d4d3a51ace33a5faf2fee36c8b3c11e9829842d0cd202139e
1090,qgP2D_4f,Discipline Z: Vampire,"Oct 30, 2020 - Dec 18, 2020",Discipline Z_ Vampire (2020) [qgP2D_4f].jpg,Discipline Z_ Vampire (2020) [qgP2D_4f].jpg,matched,75977,640,1137,JPEG,46996baf591b90e6dfb67d51b34d62106762f58ee0a6d25d476ae083a445f951
1091,v24Pg_4f,Business Proposal,"Feb 28, 2022 - Apr 5, 2022",Business Proposal (2022) [v24Pg_4f].jpg,Business Proposal (2022) [v24Pg_4f].jpg,matched,174218,900,1350,JPEG,9faf169c390266599159256b9050458deda4a95580822397b756acb6024cc66e
1092,4QLgQ_4f,Our Beloved Summer,"Dec 6, 2021 - Jan 25, 2022",Our Beloved Summer (2021) [4QLgQ_4f].jpg,Our Beloved Summer (2021) [4QLgQ_4f].jpg,matched,312704,900,1287,JPEG,5c307a7f122ed84249e5ea61f0961699df43ecae3b08a8758b8539dd4ebe3d24
1093,kgQJb_4f,Our Blooming Youth,"Feb 6, 2023 - Apr 11, 2023",Our Blooming Youth (2023) [kgQJb_4f].jpg,Our Blooming Youth (2023) [kgQJb_4f].jpg,matched,195586,900,1283,JPEG,6a8f1636552f00fb7b1abd55e26bef2d9ee9d5f319dc8ad2ea70a5c4e53ffecb
1094,k8eW8_4f,Love All Play,"Apr 20, 2022 - Jun 9, 2022",Love All Play (2022) [k8eW8_4f].jpg,Love All Play (2022) [k8eW8_4f].jpg,matched,202496,900,1291,JPEG,740c4f7a87b884033bf2b888a4dc9712f0bd4d19e1e44b007e9f3063cadc7b11
1095,Rzrng_4f,Nobleman Ryu's Wedding,"Apr 15, 2021 - May 6, 2021",Nobleman Ryu's Wedding (2021) [Rzrng_4f].jpg,Nobleman Ryu's Wedding (2021) [Rzrng_4f].jpg,matched,201567,900,1350,JPEG,8c35802c5c28b25f7c21848ee76e806ca33bd3979f85e5fe883b46577d5a4a92
1096,jQQAly_4f,Oasis,"Mar 6, 2023 - Apr 25, 2023",Oasis (2023) [jQQAly_4f].jpg,Oasis (2023) [jQQAly_4f].jpg,matched,169224,900,1271,JPEG,5e994b88e809bb6d2e5716550c205f8551933146645aa20e4552fea2d240fc2d
1097,2e6OR_4f,Tracer,"Jan 7, 2022 - Jan 29, 2022",Tracer (2022) [2e6OR_4f].jpg,Tracer (2022) [2e6OR_4f].jpg,matched,266384,900,1282,JPEG,68392099174cd0b98084bbc2d35a37a10d9437226e24ced148ae642f581b11dd
1098,ROOPo_4f,Twenty-Five Twenty-One,"Feb 12, 2022 - Apr 3, 2022",Twenty-Five Twenty-One (2022) [ROOPo_4f].jpg,Twenty-Five Twenty-One (2022) [ROOPo_4f].jpg,matched,152687,900,1290,JPEG,301104c329ff2aaeffda24a48856ee163d37c3c3d6d63844c500b9a44e0fbdfa
1099,x1JYw_4f,Blue Birthday,"Jul 23, 2021 - Sep 11, 2021",Blue Birthday (2021) [x1JYw_4f].jpg,Blue Birthday (2021) [x1JYw_4f].jpg,matched,224660,900,1285,JPEG,c4b440973721462b57b9e3ef8176e1783a63c9de9f8e17d275ed72117e587d5b
1100,Rzlwx_4f,Mouse: Restart,"Apr 7, 2021",Mouse_ Restart (2021) [Rzlwx_4f].jpg,Mouse_ Restart (2021) [Rzlwx_4f].jpg,matched,174791,900,1275,JPEG,4868294fd9580edd7ee61325d8eae556965bbf29f26d686df19a62e5bae9f219
1101,RVbJz_4f,Bad and Crazy,"Dec 17, 2021 - Jan 28, 2022",Bad and Crazy (2021) [RVbJz_4f].jpg,Bad and Crazy (2021) [RVbJz_4f].jpg,matched,330346,900,1282,JPEG,c681cc4b62aa94fe3b4a510a4a316587835b04a3304f9a4e2fca7eeadefbe9d7
1102,kngDb_4f,Idol: The Coup,"Nov 8, 2021 - Dec 14, 2021",Idol_ The Coup (2021) [kngDb_4f].jpg,Idol_ The Coup (2021) [kngDb_4f].jpg,matched,202992,717,1020,JPEG,6ab5e30dc71bcc216ef02600e6a5c6714d046dd4c685ee0e59146ac50fc9f76c
1103,WDo4P_4f,Melancholia,"Nov 10, 2021 - Dec 30, 2021",Melancholia (2021) [WDo4P_4f].jpg,Melancholia (2021) [WDo4P_4f].jpg,matched,277949,900,1275,JPEG,ff34f2aa6dbfe7e019facb5da5d420995bfc39b1cf3cebea523b5a2fc80eebd3
1104,eqv3n_4f,The Penthouse 2: Hidden Room - An Unfinished Story,"Apr 3, 2021",The Penthouse 2_ Hidden Room - An Unfinished Story (2021) [eqv3n_4f].jpg,The Penthouse 2_ Hidden Room - An Unfinished Story (2021) [eqv3n_4f].jpg,matched,83804,718,1400,JPEG,421f75724cb3bc4559de430100ae7d8cde5d9c87a4c69013192cf6ba875cdb86
1105,66Zr2_4f,Today's Webtoon,"Jul 29, 2022 - Sep 17, 2022",Today's Webtoon (2022) [66Zr2_4f].jpg,Today's Webtoon (2022) [66Zr2_4f].jpg,matched,187674,720,1080,JPEG,3a750aa2edfb124c4fefdc68de037119a0b6d49cd0c393c1b3e198d86dc54af9
1106,qjBQ2_4f,Tomorrow,"Apr 1, 2022 - May 21, 2022",Tomorrow (2022) [qjBQ2_4f].jpg,Tomorrow (2022) [qjBQ2_4f].jpg,matched,225163,900,1283,JPEG,ebcd8c8162110904b72ce80ba5e26ed0e68d4f5cad0d88ce042ea1fdfc5cb6b0
1107,JBDzBj_4f,The Fiery Priest Season 2,"Nov 8, 2024 - Dec 27, 2024",The Fiery Priest Season 2 (2024) [JBDzBj_4f].jpg,The Fiery Priest Season 2 (2024) [JBDzBj_4f].jpg,matched,293129,900,1283,JPEG,c423ed618dc639426f4696e8cb9db7469395b8ed7259d4a1bc8f8e0e57665548
1108,QJ7eg7_4f,Show Window: The Queen's House,"Nov 29, 2021 - Jan 18, 2022",Show Window_ The Queen's House (2021) [QJ7eg7_4f].jpg,Show Window_ The Queen's House (2021) [QJ7eg7_4f].jpg,matched,172611,900,1274,JPEG,176654442d8acd778a0fba9076b8f044a033ed394a2517b0ec721e9351b03e21
1109,4vzxw_4f,Missing: The Other Side Season 2,"Dec 19, 2022 - Jan 31, 2023",Missing_ The Other Side Season 2 (2022) [4vzxw_4f].jpg,Missing_ The Other Side Season 2 (2022) [4vzxw_4f].jpg,matched,219599,900,1271,JPEG,e043dbfa5f840c89df98e344606f0a84f307704b91b7e84884d9d25bd363bf5e
1110,pmpxV_4f,The Good Detective Season 2,"Jul 30, 2022 - Sep 18, 2022",The Good Detective Season 2 (2022) [pmpxV_4f].jpg,The Good Detective Season 2 (2022) [pmpxV_4f].jpg,matched,120983,658,939,JPEG,c616c77b74f7fa6db5bdc70b94a3a827832fd055519b2cabbe57ae0928586f18
1111,wbn6g_4f,You Raise Me Up,"Aug 31, 2021",You Raise Me Up (2021) [wbn6g_4f].jpg,You Raise Me Up (2021) [wbn6g_4f].jpg,matched,153300,900,1275,JPEG,2d6a5addd33788148d75ef2213dfbe153966b954bd061716d9e4da0d12260a2a
1112,ZboPO_4f,Sponsor,"Feb 23, 2022 - Apr 6, 2022",Sponsor (2022) [ZboPO_4f].jpg,Sponsor (2022) [ZboPO_4f].jpg,matched,64228,647,924,JPEG,ac66072a7e3c9502661ae11d0305ed1b7805ec50fcda34b0818a33234214ef6b
1113,48LYQ_4f,Our Blues,"Apr 9, 2022 - Jun 12, 2022",Our Blues (2022) [48LYQ_4f].jpg,Our Blues (2022) [48LYQ_4f].jpg,matched,163583,637,900,JPEG,7a16fee0cf5c570435c93f533791588dba271effeb2c8624dd8d842bbb4191b4
1114,ppQV8_4f,Jinxed at First,"Jun 15, 2022 - Aug 4, 2022",Jinxed at First (2022) [ppQV8_4f].jpg,Jinxed at First (2022) [ppQV8_4f].jpg,matched,172363,750,1125,JPEG,7b578670bfe03a74e2b93bd86cb7fc40e03ee48944c8e075c262f669938a1f87
1115,2AjpV_4f,Mouse: The Predator,"Apr 28, 2021 - Apr 29, 2021",Mouse_ The Predator (2021) [2AjpV_4f].jpg,Mouse_ The Predator (2021) [2AjpV_4f].jpg,matched,104465,740,1054,JPEG,b4337e333b28f94ccc7244a83e7da3d795ad4f87c75d7dda4dd3d13571ec830a
1116,4JE4d_4f,Check Out the Event,"Aug 14, 2021 - Sep 4, 2021",Check Out the Event (2021) [4JE4d_4f].jpg,Check Out the Event (2021) [4JE4d_4f].jpg,matched,178877,900,1337,JPEG,fb0093564dbe1e56acef80b07b5499f1f9c6a01944efd156e696849a47341ebc
1117,BAwvb_4f,Sh**ting Stars,"Apr 22, 2022 - Jun 11, 2022",Sh__ting Stars (2022) [BAwvb_4f].jpg,Sh__ting Stars (2022) [BAwvb_4f].jpg,matched,96409,650,920,JPEG,19aa682bea455e4cf18cd2bb7623f29785f690ee23ce058d631c651ef9ffc68b
1118,Xk4dX_4f,The Great Shaman Ga Doo Shim,"Jul 30, 2021 - Oct 8, 2021",The Great Shaman Ga Doo Shim (2021) [Xk4dX_4f].jpg,The Great Shaman Ga Doo Shim (2021) [Xk4dX_4f].jpg,matched,219666,900,1365,JPEG,12bdaf3f594aaa0559d36b046df2c1c65062b52dddb6931a901e7912c76c5249
1119,qe1J2_4f,Yumi's Cells Season 2,"Jun 10, 2022 - Jul 22, 2022",Yumi's Cells Season 2 (2022) [qe1J2_4f].jpg,Yumi's Cells Season 2 (2022) [qe1J2_4f].jpg,matched,218692,900,1287,JPEG,9752f9e7800d6e3631358698f6dc5f83c53eacfc66ec2807a131ed4bc3a14f16
1120,4ZD46_4f,Green Mothers' Club,"Apr 6, 2022 - May 26, 2022",Green Mothers' Club (2022) [4ZD46_4f].jpg,Green Mothers' Club (2022) [4ZD46_4f].jpg,matched,186780,900,1290,JPEG,de5057eebf36f003add814e407b90545eec6d0b0e59f69e3010fbf63340287f6
1121,XkoZw_4f,Second Husband,"Aug 9, 2021 - Apr 5, 2022",Second Husband (2021) [XkoZw_4f].jpg,Second Husband (2021) [XkoZw_4f].jpg,matched,170642,900,1343,JPEG,3973fb33e9ca5334d3d2de879ea461d6e788b66259fad80dcd71797adcbff431
1122,Kpkj8f,Sword and Flower,"Jul 3, 2013 - Sep 5, 2013",Sword and Flower (2013) [Kpkj8f].jpg,Sword and Flower (2013) [Kpkj8f].jpg,matched,274511,900,1349,JPEG,f34a3af78edd9fad1a453ae7d79f45714084244b87fbedc531a365648eec9e3f
1123,BoPp5_4f,Oh My Ladylord,"Mar 24, 2021 - May 13, 2021",Oh My Ladylord (2021) [BoPp5_4f].jpg,Oh My Ladylord (2021) [BoPp5_4f].jpg,matched,98258,706,1024,JPEG,77a41b717926da0bae9c51a62d8355e41f0bb2e23e5033d9f991de0756439d21
1124,MK62Xf,I Hear Your Voice,"Jun 5, 2013 - Aug 1, 2013",I Hear Your Voice (2013) [MK62Xf].jpg,I Hear Your Voice (2013) [MK62Xf].jpg,matched,73907,536,800,JPEG,8f6fda5f7d90abc5eafa56edf92902e61a4fa9c10b7baf9ba74136a840279b2c
1125,k8W4r_4f,"From Now On, Showtime!","Apr 23, 2022 - Jun 12, 2022","From Now On, Showtime! (2022) [k8W4r_4f].jpg","From Now On, Showtime! (2022) [k8W4r_4f].jpg",matched,243941,900,1272,JPEG,e928ed2ddcc76f560b6e0ea4e1a6557550843ab0fb28b224677bdecd613f5a26
1126,RNw0z_4f,"Work Later, Drink Now","Oct 22, 2021 - Nov 26, 2021","Work Later, Drink Now (2021) [RNw0z_4f].jpg","Work Later, Drink Now (2021) [RNw0z_4f].jpg",matched,239504,900,1283,JPEG,2fe8c4174dbdc7bc75cbaacb1474d049fa27617ac1de75335fd35f987f4fcffd
1127,2K8BR_4f,Through the Darkness,"Jan 14, 2022 - Mar 12, 2022",Through the Darkness (2022) [2K8BR_4f].jpg,Through the Darkness (2022) [2K8BR_4f].jpg,matched,60987,781,1125,JPEG,35723d7a0e073387b43172fb4251cf80933a934987adc833e68a5f4b0bfde304
1128,2bO4w_4f,The King of Pigs,"Mar 18, 2022 - Apr 22, 2022",The King of Pigs (2022) [2bO4w_4f].jpg,The King of Pigs (2022) [2bO4w_4f].jpg,matched,252987,900,1289,JPEG,e0e6bf4136404f8504852ccaccf815daf3a28d5c32361fc4ce0df28dadf35033
1129,keWV8_4f,Remarriage and Desires,"Jul 15, 2022",Remarriage and Desires (2022) [keWV8_4f].jpg,Remarriage and Desires (2022) [keWV8_4f].jpg,matched,106965,658,974,JPEG,d4afc696fa07e0426a27b15aab06f77967c610cc24dcfbfa20d45e5d30512a50
1130,xQpBzf,Shining Inheritance,"Apr 25, 2009 - Jul 26, 2009",Shining Inheritance (2009) [xQpBzf].jpg,Shining Inheritance (2009) [xQpBzf].jpg,matched,108609,647,900,JPEG,86694325428978e4282a370de69726c8d4f146c3a7cc40c61bca217e7b8205d7
1131,QJJ4PW_4f,Duty after School: Part 1,"Mar 31, 2023",Duty after School_ Part 1 (2023) [QJJ4PW_4f].jpg,Duty after School_ Part 1 (2023) [QJJ4PW_4f].jpg,matched,252670,800,1142,JPEG,a9e3cdf623682d7b4b9c5911ebb3b5196760edc216c49d935a0baebeb9fa25ed
1132,EWwp0_4f,Would You Like a Cup of Coffee?,"Oct 24, 2021 - Dec 2, 2021",Would You Like a Cup of Coffee_ (2021) [EWwp0_4f].jpg,Would You Like a Cup of Coffee_ (2021) [EWwp0_4f].jpg,matched,146269,900,1286,JPEG,32f8951ab44a928d79454fa91bbaea6ddd5ed7f10f3acbe06bbd18ad12f761df
1133,EmQoW_4f,Behind Every Star,"Nov 7, 2022 - Dec 13, 2022",Behind Every Star (2022) [EmQoW_4f].jpg,Behind Every Star (2022) [EmQoW_4f].jpg,matched,54444,430,610,JPEG,15837c54674bc6c0e171736fb28a0bc4e3d40acb05d833ef4f93f12e3e74f4c5
1134,E5lok0_4f,Gyeongseong Creature,"Dec 22, 2023 - Jan 5, 2024",Gyeongseong Creature (2023) [E5lok0_4f].jpg,Gyeongseong Creature (2023) [E5lok0_4f].jpg,matched,301527,900,1333,JPEG,2f363d589c38e75390896b88718b5ed802b946105928ee6da6a5789c839449a1
1135,jdOOb_4f,Bloody Heart,"May 2, 2022 - Jun 21, 2022",Bloody Heart (2022) [jdOOb_4f].jpg,Bloody Heart (2022) [jdOOb_4f].jpg,matched,138272,900,1286,JPEG,bee6cda277551fe2e84dc62b81ecfb34f3a90025d9883594d3a4c34160e8d130
1136,BJ5d7_4f,Doctor Lawyer,"Jun 3, 2022 - Jul 23, 2022",Doctor Lawyer (2022) [BJ5d7_4f].jpg,Doctor Lawyer (2022) [BJ5d7_4f].jpg,matched,164945,800,1200,JPEG,fcc424e1eac31b06f4603e84af5bdd720b0a81d5243e3100d944b598b827e2de
1137,73bB8D_4f,Weak Hero Class 2,"Apr 25, 2025",Weak Hero Class 2 (2025) [73bB8D_4f].jpg,Weak Hero Class 2 (2025) [73bB8D_4f].jpg,matched,196552,900,1125,JPEG,7c149f6ac55ffdf42c24e5da6fa2ddad0502b0fa83ccc24272eaa992e068810a
1138,1DQX6_4f,Phantom School,"Nov 16, 2022 - Dec 7, 2022",Phantom School (2022) [1DQX6_4f].jpg,Phantom School (2022) [1DQX6_4f].jpg,matched,235626,900,1273,JPEG,efd76aec4dabe44cfb8e18ae94c7fb2b383fd42d013b4d2fcfcc38a69c2d7e79
1139,v4Kep_4f,Love & Wish,"Dec 24, 2021 - Dec 25, 2021",Love & Wish (2021) [v4Kep_4f].jpg,Love & Wish (2021) [v4Kep_4f].jpg,matched,69681,609,919,JPEG,d75128854c9fbb138147ab076f0f77513c855b2b1b1eaf33e445dc989ca2c799
1140,vXNd2g_4f,Bloodhounds,"Jun 9, 2023",Bloodhounds (2023) [vXNd2g_4f].jpg,Bloodhounds (2023) [vXNd2g_4f].jpg,matched,201725,900,1334,JPEG,78a10181db7d0c0049481a4347b40e2ecfdabc91a2e69807fa7fee5851aa6971
1141,pq2lr_4f,Weak Hero Class 1,"Nov 18, 2022",Weak Hero Class 1 (2022) [pq2lr_4f].jpg,Weak Hero Class 1 (2022) [pq2lr_4f].jpg,matched,304060,900,1278,JPEG,b9e85d4172efbde8261906b39173bf441c5e45c920d352aec90beaa966568cd6
1142,ZnjVY_4f,Café Minamdang,"Jun 27, 2022 - Aug 23, 2022",Café Minamdang (2022) [ZnjVY_4f].jpg,Café Minamdang (2022) [ZnjVY_4f].jpg,matched,267730,791,1450,JPEG,d92a331e23f6dd847fbb452f15f56c9bbf8771b7b44b5b65257dc8b3f607b001
1143,p5xRQ_4f,House of Lies,"May 13, 2022 - May 27, 2022",House of Lies (2022) [p5xRQ_4f].jpg,House of Lies (2022) [p5xRQ_4f].jpg,matched,140122,900,1125,JPEG,f2f9a2ff9428e6086f2134219dbf445f2271c5c9bb07fb6187b277b0c53c1158
1144,4VW4Q_4f,The Moment the Heart Shines,"Sep 28, 2021 - Dec 21, 2021",The Moment the Heart Shines (2021) [4VW4Q_4f].jpg,The Moment the Heart Shines (2021) [4VW4Q_4f].jpg,matched,56274,415,597,JPEG,93b06044a7fcaf1a837ed73a7bbc932359b939a9da93e69ba74e0992ac9baab7
1145,XDBgO_4f,Blueming,"Mar 31, 2022",Blueming (2022) [XDBgO_4f].jpg,Blueming (2022) [XDBgO_4f].jpg,matched,127417,700,998,JPEG,efa41c9eee79f46257b288a11acf6ca8d76fe255a243ca984c355bf18ffd32bf
1146,MBRLVf,Two Weeks,"Aug 7, 2013 - Sep 26, 2013",Two Weeks (2013) [MBRLVf].jpg,Two Weeks (2013) [MBRLVf].jpg,matched,135278,640,954,JPEG,4d3e7fe4cf6a2d34fb7c3d5bc280cf673e869a16ac54accbe7fe6598f7c47c93
1147,BLp2A_4f,The Tasty Florida,"Sep 24, 2021 - Oct 15, 2021",The Tasty Florida (2021) [BLp2A_4f].jpg,The Tasty Florida (2021) [BLp2A_4f].jpg,matched,93416,600,900,JPEG,88f49cc41e16875367ffc7e3695bc31f4fb5a2973ee421f8960a20d730c44aa5
1148,BLr41_4f,Love in Black Hole,"Sep 10, 2021 - Oct 16, 2021",Love in Black Hole (2021) [BLr41_4f].jpg,Love in Black Hole (2021) [BLr41_4f].jpg,matched,149367,900,1273,JPEG,62f3ac1647c6c6a018f3840f37f4e1bf417299700a137b5c277f74be706c8e0c
1149,v7xgZ_4f,"Fly, Again","Nov 13, 2021 - Dec 15, 2021","Fly, Again (2021) [v7xgZ_4f].jpg","Fly, Again (2021) [v7xgZ_4f].jpg",matched,196013,900,1351,JPEG,31c24b7d2b396e90b18949d3539b1f271d110d7050bab7203c4d82bd43497344
1150,d1Bw0_4f,Genesis,"Jun 18, 2021 - Jul 23, 2021",Genesis (2021) [d1Bw0_4f].jpg,Genesis (2021) [d1Bw0_4f].jpg,matched,157463,720,1080,JPEG,b413a0a747bbf082cc1b3a63058461de73489b7b8b74e16dd666a85aeba3fa67
1151,eOwPK_4f,Summer Strike,"Nov 21, 2022 - Dec 26, 2022",Summer Strike (2022) [eOwPK_4f].jpg,Summer Strike (2022) [eOwPK_4f].jpg,matched,168934,900,1271,JPEG,50b7054a1ca0464164997e369f0e7ed8e16598f3d5001f14c50fd6253a77cd3b
1152,RnxbP_4f,Romanced,"Jun 17, 2021 - Aug 6, 2021",Romanced (2021) [RnxbP_4f].jpg,Romanced (2021) [RnxbP_4f].jpg,matched,56117,537,751,JPEG,b5091dad936da63140d7d621b3465a28532bc36553b0a37a7371487c6143a343
1153,2wkJqw_4f,Black Out,"Aug 16, 2024 - Oct 4, 2024",Black Out (2024) [2wkJqw_4f].jpg,Black Out (2024) [2wkJqw_4f].jpg,matched,201312,829,1200,JPEG,30c32b969bd452b6bad369a28cee9dbe6ddab8d5a80dd71638947460d68efd3d
1154,pqj7D_4f,Connect,"Dec 7, 2022",Connect (2022) [pqj7D_4f].jpg,Connect (2022) [pqj7D_4f].jpg,matched,139500,705,1000,JPEG,4b753232e8ae17050687a43667cab8c1f7ff312ab89b16514696bf9ffb462798
1155,k8X1g_4f,The Killer's Shopping List,"Apr 27, 2022 - May 19, 2022",The Killer's Shopping List (2022) [k8X1g_4f].jpg,The Killer's Shopping List (2022) [k8X1g_4f].jpg,matched,289025,900,1282,JPEG,7632d3ae85e7e061035eb8ba79a58d57ab8bc6a48c8dbb58cde12438c868db3a
1156,R6Nkr_4f,Little Women,"Sep 3, 2022 - Oct 9, 2022",Little Women (2022) [R6Nkr_4f].jpg,Little Women (2022) [R6Nkr_4f].jpg,matched,139732,900,1287,JPEG,10be64b64306b642b4c486994f116735ba84efb46602c159647fa5a2c8f8a084
1157,rNzw8p_4f,Bad-Memory Eraser,"Aug 2, 2024 - Sep 21, 2024",Bad-Memory Eraser (2024) [rNzw8p_4f].jpg,Bad-Memory Eraser (2024) [rNzw8p_4f].jpg,matched,163186,900,1283,JPEG,0c89979185aa41f718e0af562f493a9ab49473c8b952ba5c933cf9bcb9e2316b
1158,d021dW_4f,Black Knight,"May 12, 2023",Black Knight (2023) [d021dW_4f].jpg,Black Knight (2023) [d021dW_4f].jpg,matched,287067,900,1333,JPEG,5e0822f19c313c1a5f62f495a259650057e74184af162b3337227c91ef79c2bf
1159,6W2l0_4f,Peng,"Oct 7, 2021 - Nov 5, 2021",Peng (2021) [6W2l0_4f].jpg,Peng (2021) [6W2l0_4f].jpg,matched,231297,900,1286,JPEG,71a8d72d2147138828ebd4ef0704b5106a816d488419e09ce7098633e2610015
1160,2wr8zR_4f,Taxi Driver Season 2,"Feb 17, 2023 - Apr 15, 2023",Taxi Driver Season 2 (2023) [2wr8zR_4f].jpg,Taxi Driver Season 2 (2023) [2wr8zR_4f].jpg,matched,209189,750,1068,JPEG,8064516803815c4fe90842de5569651181eb2687d4f52bef475ddc56db2d6ff8
1161,q4pyP_4f,If You Wish Upon Me,"Aug 10, 2022 - Sep 29, 2022",If You Wish Upon Me (2022) [q4pyP_4f].jpg,If You Wish Upon Me (2022) [q4pyP_4f].jpg,matched,97396,650,931,JPEG,ab19f7570dedf5195cbcf73fc3292aeb498b5b5102f9c20bf43134e446471ae4
1162,r6vLp_4f,Heartbeat Broadcasting Accident,"Oct 27, 2021 - Nov 25, 2021",Heartbeat Broadcasting Accident (2021) [r6vLp_4f].jpg,Heartbeat Broadcasting Accident (2021) [r6vLp_4f].jpg,matched,44659,424,601,JPEG,601b2f12129e2f848b8ad8c0253f1ade1d87a2d40e5571af88b524b8d00815f0
1163,0nrbO_4f,Shadow Beauty,"Nov 20, 2021 - Dec 29, 2021",Shadow Beauty (2021) [0nrbO_4f].jpg,Shadow Beauty (2021) [0nrbO_4f].jpg,matched,151973,900,1328,JPEG,a6c837dfbda979f82030cba80955ba8f866bae1137da82f3b22f1692b8ff81bd
1164,0w0rz7_4f,My Man Is Cupid,"Dec 1, 2023 - Jan 20, 2024",My Man Is Cupid (2023) [0w0rz7_4f].jpg,My Man Is Cupid (2023) [0w0rz7_4f].jpg,matched,105754,900,1125,JPEG,175604e3a3df30b1b5f639e7996a0133a301b9c311371fa9a3ab4ffe443707a3
1165,rPj2j_4f,Once Upon a Small Town,"Sep 5, 2022 - Sep 28, 2022",Once Upon a Small Town (2022) [rPj2j_4f].jpg,Once Upon a Small Town (2022) [rPj2j_4f].jpg,matched,354125,900,1281,JPEG,bbac41515c85d510052b72dc9112335fa9eec4215c80b80ae5da157fbe749e45
1166,QJKkR7_4f,Sweet Home Season 2,"Dec 1, 2023",Sweet Home Season 2 (2023) [QJKkR7_4f].jpg,Sweet Home Season 2 (2023) [QJKkR7_4f].jpg,matched,226748,900,1333,JPEG,f3efbeab23750a741dc6fbcfea8b1846a1e0a9348409e4664820be0ab965d1c6
1167,dgJJz_4f,Extraordinary Attorney Woo,"Jun 29, 2022 - Aug 18, 2022",Extraordinary Attorney Woo (2022) [dgJJz_4f].jpg,Extraordinary Attorney Woo (2022) [dgJJz_4f].jpg,matched,250676,900,1289,JPEG,7213763ec837f7c506033e88cc04f0e605888f8d396600d8b605de0ea0ea1c63
1168,Rop8R_4f,Monstrous,"Apr 29, 2022",Monstrous (2022) [Rop8R_4f].jpg,Monstrous (2022) [Rop8R_4f].jpg,matched,320742,900,1282,JPEG,b1445ac5d8db734693a04a658ad440e37f35a67ea7c5a15e0009a4822b942544
1169,xZNgy_4f,Under the Queen's Umbrella,"Oct 15, 2022 - Dec 4, 2022",Under the Queen's Umbrella (2022) [xZNgy_4f].jpg,Under the Queen's Umbrella (2022) [xZNgy_4f].jpg,matched,201224,900,1275,JPEG,ec1742071dc67549fd0e745aeee57b8555cc2c0c3ce5af0b0f4ecea07c02d41a
1170,0Lj0N_4f,Cleaning Up,"Jun 4, 2022 - Jul 24, 2022",Cleaning Up (2022) [0Lj0N_4f].jpg,Cleaning Up (2022) [0Lj0N_4f].jpg,matched,217542,900,1289,JPEG,e21a806d443f8231081cc4ed4228189552412f93e0a96d39e5b83a5d273e4786
1171,QDO55_4f,Yonder,"Oct 14, 2022 - Oct 21, 2022",Yonder (2022) [QDO55_4f].jpg,Yonder (2022) [QDO55_4f].jpg,matched,139913,900,1289,JPEG,6d590b7935e89fea928420ae0209c0e02004c99a8888d5499ac1419a4fad79fb
1172,WPnpLX_4f,Star Struck,"May 18, 2023 - Jun 8, 2023",Star Struck (2023) [WPnpLX_4f].jpg,Star Struck (2023) [WPnpLX_4f].jpg,matched,174699,900,1200,JPEG,325638598af533b99d3fdf43b610d5e7670baa45b73c36ed13cc75c9597880d1
1173,RN2qP_4f,Jinx,"Oct 6, 2021 - Nov 6, 2021",Jinx (2021) [RN2qP_4f].jpg,Jinx (2021) [RN2qP_4f].jpg,matched,189027,900,1275,JPEG,49aa9da9c22084460f5de250f575c265dda3db10032c272443cc962a948546c8
1174,xLg4w_4f,Color Rush Season 2,"Jan 21, 2022",Color Rush Season 2 (2022) [xLg4w_4f].jpg,Color Rush Season 2 (2022) [xLg4w_4f].jpg,matched,139340,900,1274,JPEG,9eaec9d24ad811c6543a181f66ecadc301c719407e976791e2119ffebb44ee0e
1175,xNv6j_4f,The Sweet Blood,"Mar 24, 2021 - May 12, 2021",The Sweet Blood (2021) [xNv6j_4f].jpg,The Sweet Blood (2021) [xNv6j_4f].jpg,matched,124963,724,1024,JPEG,3eae8c2bc338647685d55ccf9b07dfffb17bb14f55e1e60d7f73caf024ac5490
1176,xq8dq_4f,Best Mistake Season 3,"Dec 27, 2021 - Feb 17, 2022",Best Mistake Season 3 (2021) [xq8dq_4f].jpg,Best Mistake Season 3 (2021) [xq8dq_4f].jpg,matched,199492,900,1273,JPEG,8f21a8ae821fb5a19546a70482391b475ead6daba3ced6f66a7e9a0d2f7e9343
1177,nOlOjE_4f,The Price of Confession,"Dec 5, 2025",The Price of Confession (2025) [nOlOjE_4f].jpg,The Price of Confession (2025) [nOlOjE_4f].jpg,matched,171720,900,1125,JPEG,59509d27463cf3905624ec98b9929b224722477a614e8a4b84688aaf85119e93
1178,4848k_4f,Crazy Love,"Mar 7, 2022 - Apr 26, 2022",Crazy Love (2022) [4848k_4f].jpg,Crazy Love (2022) [4848k_4f].jpg,matched,169281,900,1314,JPEG,ee7a90da525e3293dc27d6affa41ce5ed575b71513687bbca7db2645f11e15d7
1179,wYL3A_4f,Military Prosecutor Doberman,"Feb 28, 2022 - Apr 26, 2022",Military Prosecutor Doberman (2022) [wYL3A_4f].jpg,Military Prosecutor Doberman (2022) [wYL3A_4f].jpg,matched,210892,759,1076,JPEG,eb7d6afcdeec2d51951e4169151e18dcbfeae520acc9b858696da3570a197184
1180,Ewn2p_4f,User Not Found,"Dec 3, 2021 - Feb 12, 2022",User Not Found (2021) [Ewn2p_4f].jpg,User Not Found (2021) [Ewn2p_4f].jpg,matched,161053,900,1315,JPEG,ca5d6b576929a1a9acf7deb48c63a3cbe61d9dc80aee5c88f352730d3d3871a5
1181,rKRyZ_4f,Miracle,"Jun 24, 2022 - Aug 6, 2022",Miracle (2022) [rKRyZ_4f].jpg,Miracle (2022) [rKRyZ_4f].jpg,matched,178438,900,1273,JPEG,54b438b16461d411b79d55d38dc6fc89f79c5fd3ecb435befad66279fa9c39ec
1182,QJpQB6_4f,Chicken Nugget,"Mar 15, 2024",Chicken Nugget (2024) [QJpQB6_4f].jpg,Chicken Nugget (2024) [QJpQB6_4f].jpg,matched,211796,900,1333,JPEG,82da2bf7e89b2d5e0b143ea14cf27db619e70870c0d1b119af9b7ab0fe129b37
1183,xeQgy_4f,Unlock My Boss,"Dec 7, 2022 - Jan 12, 2023",Unlock My Boss (2022) [xeQgy_4f].jpg,Unlock My Boss (2022) [xeQgy_4f].jpg,matched,108945,600,849,JPEG,264fe6b87af303aa5a419ff6036076930b1e5d15199ed1d6ba90f22c847ac109
1184,xoWvq_4f,Kiss Sixth Sense,"May 25, 2022 - Jun 29, 2022",Kiss Sixth Sense (2022) [xoWvq_4f].jpg,Kiss Sixth Sense (2022) [xoWvq_4f].jpg,matched,174009,900,1125,JPEG,21b6f8f1fe8d7d0a41590fd7aaf94ad9d4513825eb51d37a10a547effacbf774
1185,Z8ow0k_4f,The 8 Show,"May 17, 2024",The 8 Show (2024) [Z8ow0k_4f].jpg,The 8 Show (2024) [Z8ow0k_4f].jpg,matched,149074,900,1333,JPEG,c7c4611f041b6b395e6c890d4aead7554e073d84c37026db4a5be43c169aa877
1186,jQ3eeO_4f,Jeongnyeon: The Star Is Born,"Oct 12, 2024 - Nov 17, 2024",Jeongnyeon_ The Star Is Born (2024) [jQ3eeO_4f].jpg,Jeongnyeon_ The Star Is Born (2024) [jQ3eeO_4f].jpg,matched,200283,900,1275,JPEG,bef6552260a7b61e8bb96310b91b9e0d815b606b19b67d3d43ab39958747ee93
1187,XqmLn_4f,Love (ft. Marriage and Divorce) Season 3,"Feb 26, 2022 - May 1, 2022",Love ft. Marriage and Divorce Season 3 (2022) [XqmLn_4f].jpg,Love ft. Marriage and Divorce Season 3 (2022) [XqmLn_4f].jpg,matched,98405,650,918,JPEG,6e7376174d4723ac0a3af1700bd277203b22f37249896be7aa779e6502bbe9a8
1188,QJm7Af,Green Rose,"Mar 19, 2005 - May 29, 2005",Green Rose (2005) [QJm7Af].jpg,Green Rose (2005) [QJm7Af].jpg,matched,43834,360,505,JPEG,650de211bea766756b53801e686afd7b6c7e659df8fc79f068b11e4c5198451a
1189,BVoz1_4f,The World of My 17 Season 2,"Dec 15, 2021 - Jan 14, 2022",The World of My 17 Season 2 (2021) [BVoz1_4f].jpg,The World of My 17 Season 2 (2021) [BVoz1_4f].jpg,matched,182527,848,1321,JPEG,acbb46ddcae7697498d78bd82e2b90a4b7063fe13549bd9857e21506dba75a35
1190,Xnvxn_4f,Bad Prosecutor,"Oct 5, 2022 - Nov 10, 2022",Bad Prosecutor (2022) [Xnvxn_4f].jpg,Bad Prosecutor (2022) [Xnvxn_4f].jpg,matched,333958,900,1336,JPEG,9392bbb12a29a956f22c04454a7fd381265b2c1de6c287c5313dc11c8a30d63f
1191,XdZbjx_4f,Cold Blooded Intern,"Aug 11, 2023 - Sep 15, 2023",Cold Blooded Intern (2023) [XdZbjx_4f].jpg,Cold Blooded Intern (2023) [XdZbjx_4f].jpg,matched,212709,900,1283,JPEG,ca0e1d7bd3d7fa0d94f19266dbe57d5ebf5272f754c892b9d2e41c1252830e2d
1192,pdK07b_4f,Celebrity,"Jun 30, 2023",Celebrity (2023) [pdK07b_4f].jpg,Celebrity (2023) [pdK07b_4f].jpg,matched,230481,900,1333,JPEG,cb86899079607ce1e65f6817ed9427825acd2fe7b3385c64e6d7156b4f89f206
1193,6WVrd_4f,You Are My Spring,"Jul 5, 2021 - Aug 24, 2021",You Are My Spring (2021) [6WVrd_4f].jpg,You Are My Spring (2021) [6WVrd_4f].jpg,matched,213099,900,1274,JPEG,fe0605514cb9d5d6ab3e4870939f59e9c8f9543150959143e987fc22eb033717
1194,RqL2g_4f,The Witch Store Reopens,"Nov 8, 2022 - Dec 6, 2022",The Witch Store Reopens (2022) [RqL2g_4f].jpg,The Witch Store Reopens (2022) [RqL2g_4f].jpg,matched,150753,800,1131,JPEG,2cce3cba5298d4c8f3e4ed9ab936e9882fd3d447853aa2d7162e6c33239d9c44
1195,65Ak0_4f,Hope or Dope,"Mar 25, 2022",Hope or Dope (2022) [65Ak0_4f].jpg,Hope or Dope (2022) [65Ak0_4f].jpg,matched,312746,895,1280,JPEG,30f256209e21e7c39a6c3ef9373cf90a86daadadeb3385b7336f5ba13fd0c610
1196,wqdDA_4f,Hope or Dope 2,"May 31, 2022",Hope or Dope 2 (2022) [wqdDA_4f].jpg,Hope or Dope 2 (2022) [wqdDA_4f].jpg,matched,66050,650,929,JPEG,1430a76ae028f361d7e3403ae15dee3a75d7638d7b87158968d059dc324f1fc8
1197,wLYyA_4f,Kissable Lips,"Feb 3, 2022 - Feb 25, 2022",Kissable Lips (2022) [wLYyA_4f].jpg,Kissable Lips (2022) [wLYyA_4f].jpg,matched,69055,900,628,JPEG,1b6a2e5f6a9089bdbbdf2905c0e31848828daa07385e9908733e0455d8f24523
1198,wb83N_4f,A First Love Story,"Aug 27, 2021 - Sep 15, 2021",A First Love Story (2021) [wb83N_4f].jpg,A First Love Story (2021) [wb83N_4f].jpg,matched,146980,900,1333,JPEG,4c6e0d47075558cd89ac436156bf1b60cfd243b546803a97cead0dcc7866914f
1199,WDk13_4f,My Sweet Dear,"Oct 21, 2021 - Nov 11, 2021",My Sweet Dear (2021) [WDk13_4f].jpg,My Sweet Dear (2021) [WDk13_4f].jpg,matched,196398,900,1305,JPEG,74dd96c8517bae8170551955de0cfa35dab7de6a1fd3312b5693b80ceb58de55
1200,e48qd_4f,Adult Trainee,"Nov 12, 2021 - Nov 26, 2021",Adult Trainee (2021) [e48qd_4f].jpg,Adult Trainee (2021) [e48qd_4f].jpg,matched,161222,900,1125,JPEG,914bd4d1150ac5b9c2e00f56df9a192055d44e04ea20c88656c4602614b6a67c
1201,jLkdJ_4f,Cherry Blossoms after Winter,"Feb 24, 2022 - Apr 14, 2022",Cherry Blossoms after Winter (2022) [jLkdJ_4f].jpg,Cherry Blossoms after Winter (2022) [jLkdJ_4f].jpg,matched,164346,900,1273,JPEG,74082bbcf89b2380d1b961f1723c7dc24f9ec33e865ab2e4202550d8ebc26537
1202,k2lrO_4f,It's Beautiful Now,"Apr 2, 2022 - Sep 18, 2022",It's Beautiful Now (2022) [k2lrO_4f].jpg,It's Beautiful Now (2022) [k2lrO_4f].jpg,matched,83624,540,771,JPEG,8d722aca4066cb50d7d75bb65ca7d6f01f80652044ad0bb8f8eb9565e31fbc72
1203,WP3xKp_4f,Love (ft. Marriage and Divorce),"Jan 23, 2021 - Mar 14, 2021",Love ft. Marriage and Divorce (2021) [WP3xKp_4f].jpg,Love ft. Marriage and Divorce (2021) [WP3xKp_4f].jpg,matched,198071,900,1238,JPEG,019055e5a694ac4d9cdd53132221a002217213f72adc4a32881089b15fbfb29b
1204,BPBo7_4f,A Superior Day,"Mar 13, 2022 - May 1, 2022",A Superior Day (2022) [BPBo7_4f].jpg,A Superior Day (2022) [BPBo7_4f].jpg,matched,185134,900,1275,JPEG,78dad014e329e77f94dfc1001b324c065d73acc1d0cf29dc7e5f1e27b559da52
1205,qYxzP2_4f,My Military Valentine,"Jun 7, 2024 - Jul 12, 2024",My Military Valentine (2024) [qYxzP2_4f].jpg,My Military Valentine (2024) [qYxzP2_4f].jpg,matched,82558,600,900,JPEG,ad0cf6368fc4fb0b68e888ccc63e0debfd7128a6d46be27058adb44710890446
1206,eBdY8_4f,Eve,"Jun 1, 2022 - Jul 21, 2022",Eve (2022) [eBdY8_4f].jpg,Eve (2022) [eBdY8_4f].jpg,matched,140599,900,1271,JPEG,82eb4bb1175af7870c6a3ebb7a42d0696cfae9d56c628e1e5786d76515ecda53
1207,O8mQLY_4f,Crushology 101,"Apr 11, 2025 - May 17, 2025",Crushology 101 (2025) [O8mQLY_4f].jpg,Crushology 101 (2025) [O8mQLY_4f].jpg,matched,178864,900,1282,JPEG,bf2988fce185f37ea7de03c13b58b99239deb353d36813dc46a43d10d8379fba
1208,d02LlA_4f,Dr. Romantic Season 3,"Apr 28, 2023 - Jun 17, 2023",Dr. Romantic Season 3 (2023) [d02LlA_4f].jpg,Dr. Romantic Season 3 (2023) [d02LlA_4f].jpg,matched,155642,900,1271,JPEG,7c81624d057f9f76f320f15e7ed9100205715d2ae9ddfefdca628632c05f4942
1209,E5YnR7_4f,Song of the Bandits,"Sep 22, 2023",Song of the Bandits (2023) [E5YnR7_4f].jpg,Song of the Bandits (2023) [E5YnR7_4f].jpg,matched,233548,900,1333,JPEG,a513139b69e2d8202c291ffcee969d7d9411b6b7fca922be5520ae39d05b0bfa
1210,BQgvA_4f,Shadow Detective,"Oct 26, 2022 - Nov 16, 2022",Shadow Detective (2022) [BQgvA_4f].jpg,Shadow Detective (2022) [BQgvA_4f].jpg,matched,74046,600,859,JPEG,ffed2ad4f3d28251f674f5a6915ae2546bff3ad2b9031aa73791eab0f4f11013
1211,XnW5J_4f,The First Responders,"Nov 12, 2022 - Dec 30, 2022",The First Responders (2022) [XnW5J_4f].jpg,The First Responders (2022) [XnW5J_4f].jpg,matched,217181,900,1271,JPEG,2fc7468a5f8bf8a9a34b1393ccbcd10e613ea603152a89d93da5e06a43aefbd3
1212,JBpElf,Empress Ki,"Oct 28, 2013 - Apr 29, 2014",Empress Ki (2013) [JBpElf].jpg,Empress Ki (2013) [JBpElf].jpg,matched,121759,540,805,JPEG,88814c122f043efb912c9c3609fb516cc74849f1e67010f048a26a4a3f356e2b
1213,Bednb_4f,"Alice, the Final Weapon","Jun 24, 2022 - Jul 8, 2022","Alice, the Final Weapon (2022) [Bednb_4f].jpg","Alice, the Final Weapon (2022) [Bednb_4f].jpg",matched,89687,537,771,JPEG,cc8cc66120523be3fc12109ef5956784555dedd1c4dd2d3adcfb05a326112bc0
1214,O8jy5b_4f,Villains,"Dec 18, 2025 - Jan 8, 2026",Villains (2025) [O8jy5b_4f].jpg,Villains (2025) [O8jy5b_4f].jpg,matched,196250,900,1268,JPEG,d03147487bb86d9cccbe3bb74d2714d0b7fe63ac2b0c2ce74316bf02a1b41629
1215,eOqwE_4f,The Fabulous,"Dec 23, 2022",The Fabulous (2022) [eOqwE_4f].jpg,The Fabulous (2022) [eOqwE_4f].jpg,matched,229010,900,1333,JPEG,f0f4c4833ee97b48360d3b3e7f87bb2b2f969dd969b3652fab537684b8599906
1216,w13Xg_4f,Curtain Call,"Oct 31, 2022 - Dec 27, 2022",Curtain Call (2022) [w13Xg_4f].jpg,Curtain Call (2022) [w13Xg_4f].jpg,matched,120752,650,929,JPEG,dc219fc60dc6ad1d278d734fdbc1301bead890caef1842ae4b32219176e08700
1217,Z8o7Jq_4f,Goodbye Earth,"Apr 26, 2024",Goodbye Earth (2024) [Z8o7Jq_4f].jpg,Goodbye Earth (2024) [Z8o7Jq_4f].jpg,matched,208666,900,1333,JPEG,ed932c2ab90532ce1b7c71a1a8b91dadbb12ff81c3b235908cc463d2c61e06ab
1218,WPndVP_4f,Tale of the Nine-Tailed 1938,"May 6, 2023 - Jun 11, 2023",Tale of the Nine-Tailed 1938 (2023) [WPndVP_4f].jpg,Tale of the Nine-Tailed 1938 (2023) [WPndVP_4f].jpg,matched,268127,900,1275,JPEG,214d1b419a6758f415cfceb1d3b070cf449b4f74bb4d849a7f17da9597161744
1219,pXZAD_4f,The Raincoat Killer: Chasing a Predator in Korea,"Oct 22, 2021",The Raincoat Killer_ Chasing a Predator in Korea (2021) [pXZAD_4f].jpg,The Raincoat Killer_ Chasing a Predator in Korea (2021) [pXZAD_4f].jpg,matched,202391,730,1057,JPEG,6569f4fd8685f8bc018b99406ce1340e54a26ababff2eeb5ff179df78dde5f1b
1220,epvZQ_4f,To My Star Season 2: Our Untold Stories,"Jun 5, 2022 - Jul 3, 2022",To My Star Season 2_ Our Untold Stories (2022) [epvZQ_4f].jpg,To My Star Season 2_ Our Untold Stories (2022) [epvZQ_4f].jpg,matched,290635,900,1345,JPEG,239211f438268ec461b8575292d09e95d02bc714ec8157eb8844fd2ba077559f
1221,BW8Jb_4f,Bite Sisters,"Oct 19, 2021 - Nov 19, 2021",Bite Sisters (2021) [BW8Jb_4f].jpg,Bite Sisters (2021) [BW8Jb_4f].jpg,matched,128784,723,1024,JPEG,b60822e48dcafb470a7824d46e9913de75eca454dedce27cd24b2d3db51dfdfc
1222,knBKv_4f,Please Tell Me So,"Oct 8, 2021",Please Tell Me So (2021) [knBKv_4f].jpg,Please Tell Me So (2021) [knBKv_4f].jpg,matched,183794,900,1333,JPEG,3e46acea464050428fa3a78cbf95daad692de928d064882507acefbe982b854d
1223,XxW1p_4f,A Beauty of Revenge,"Oct 5, 2021 - Nov 2, 2021",A Beauty of Revenge (2021) [XxW1p_4f].jpg,A Beauty of Revenge (2021) [XxW1p_4f].jpg,matched,146155,720,1280,JPEG,4ca85be8f331c1006d92aefb8a5d539bcb603d193859ce634d49b25f310fcce7
1224,4R1lQ_4f,Becoming Witch,"Jun 25, 2022 - Sep 10, 2022",Becoming Witch (2022) [4R1lQ_4f].jpg,Becoming Witch (2022) [4R1lQ_4f].jpg,matched,219063,900,1124,JPEG,89e202c656e180dd3173f6689d63342606815a1b9b122512fd3a11f27a7968f5
1225,wB2X1_4f,Moebius: The Veil,"Oct 29, 2021 - Oct 30, 2021",Moebius_ The Veil (2021) [wB2X1_4f].jpg,Moebius_ The Veil (2021) [wB2X1_4f].jpg,matched,86993,540,805,JPEG,fb600d6a7ae22495fdd81870506e915f7692f9107b2d62d42727ea83cb793727
1226,QJ08d6_4f,D.P. Season 2,"Jul 28, 2023",D.P. Season 2 (2023) [QJ08d6_4f].jpg,D.P. Season 2 (2023) [QJ08d6_4f].jpg,matched,94077,650,962,JPEG,a003b3b9e3722d8f1a96f6acf07d081263a62af761e1d2606989847f91d46488
1227,ZlY8J_4f,Gaus Electronics,"Sep 30, 2022 - Nov 5, 2022",Gaus Electronics (2022) [ZlY8J_4f].jpg,Gaus Electronics (2022) [ZlY8J_4f].jpg,matched,115537,600,859,JPEG,e0cd49bb7a2ad9cfbb5ff9aab9ded1f524e910ed7b696bceae41e95d58099b39
1228,qYyqd5_4f,Love to Hate You,"Feb 10, 2023",Love to Hate You (2023) [qYyqd5_4f].jpg,Love to Hate You (2023) [qYyqd5_4f].jpg,matched,188614,750,1111,JPEG,571310669ee56437721148a3fea304144c015fdd2aed612597e01a4df6cc1393
1229,wd6xb_4f,Soundtrack #1,"Mar 23, 2022 - Apr 13, 2022",Soundtrack #1 (2022) [wd6xb_4f].jpg,Soundtrack #1 (2022) [wd6xb_4f].jpg,matched,206275,900,1125,JPEG,5f02623bd569805f4a7583a9619252ae9c9333ca8c7b014544481c3b29e37d52
1230,12XeQ_4f,Find Me if You Can,"Nov 9, 2021 - Dec 4, 2021",Find Me if You Can (2021) [12XeQ_4f].jpg,Find Me if You Can (2021) [12XeQ_4f].jpg,matched,192299,900,1273,JPEG,c3862f8f44f852de2d424bcbfc7ac26a932059893bc7eae3dfd17ae312e2f64e
1231,RlEAY_4f,The Mysterious Class,"Nov 12, 2021 - Dec 31, 2021",The Mysterious Class (2021) [RlEAY_4f].jpg,The Mysterious Class (2021) [RlEAY_4f].jpg,matched,221481,839,1200,JPEG,4ca7e55a1f2d05d1efe390ad15ea17673e7eac3465875d27a4b9beb39ca39427
1232,XqzEg_4f,Kill Heel,"Mar 9, 2022 - Apr 21, 2022",Kill Heel (2022) [XqzEg_4f].jpg,Kill Heel (2022) [XqzEg_4f].jpg,matched,162676,900,1275,JPEG,7e3536c6f7d33d3d106d9100c059a0aea5d4f9b375fa2b171d6e010a6b48b733
1233,0kEWr_4f,Tinted with You,"Dec 23, 2021 - Jan 14, 2022",Tinted with You (2021) [0kEWr_4f].jpg,Tinted with You (2021) [0kEWr_4f].jpg,matched,254532,900,1293,JPEG,c5452310aed3dd32a91b7c393ceb05edb3d986790e6e7c9605dbe6d5958fa1a5
1234,rA5Jm_4f,Blue of Winter,"Mar 15, 2022 - Mar 29, 2022",Blue of Winter (2022) [rA5Jm_4f].jpg,Blue of Winter (2022) [rA5Jm_4f].jpg,matched,85829,900,1273,JPEG,71233f6ff56c39df5c7ffaca69fa4c3475dc11a6652e4c8c8308c0ed85594edd
1235,3o7eqj_4f,Squid Game Season 2,"Dec 26, 2024",Squid Game Season 2 (2024) [3o7eqj_4f].jpg,Squid Game Season 2 (2024) [3o7eqj_4f].jpg,matched,243692,900,1125,JPEG,7d071730336a019f6e1f2c75a8540e67131ac5ab800c7f12a1eeded434233a5d
1236,QDnoY_4f,Seasons of Blossom,"Sep 21, 2022 - Nov 2, 2022",Seasons of Blossom (2022) [QDnoY_4f].jpg,Seasons of Blossom (2022) [QDnoY_4f].jpg,matched,190570,900,1271,JPEG,4ec1be091cac6af6fd1f52797248d22d367f7302d2d19c428b99e420492f2019
1237,XdZ8Dn_4f,Sing My Crush,"Aug 2, 2023",Sing My Crush (2023) [XdZ8Dn_4f].jpg,Sing My Crush (2023) [XdZ8Dn_4f].jpg,matched,153992,900,1291,JPEG,1b37dea7989371b045781122a731b1c754719d4cd5b9f49d6ed142cbb38ac2f4
1238,2wNygO_4f,Bon Appetit,"Sep 27, 2023",Bon Appetit (2023) [2wNygO_4f].jpg,Bon Appetit (2023) [2wNygO_4f].jpg,matched,57203,477,680,JPEG,3ed806bfbf922873dba61a1f9761da0b7e4658058f4b1df6cdcf538aa2f1cc0a
1239,RK4kV_4f,First Love Again,"Feb 10, 2022 - Mar 18, 2022",First Love Again (2022) [RK4kV_4f].jpg,First Love Again (2022) [RK4kV_4f].jpg,matched,93681,771,1080,JPEG,484c79598d27e19435a8f02af4f45f9727b6e510ca875d1d0e75b5aa71a33122
1240,xV47q_4f,Love in Spring,"May 18, 2022 - Jul 6, 2022",Love in Spring (2022) [xV47q_4f].jpg,Love in Spring (2022) [xV47q_4f].jpg,matched,234260,900,1291,JPEG,9e4f5240ca7cbeae0110d207f18dc75155f6c79d4c4cd22f7643841032b73168
1241,EenEO_4f,"Poong, the Joseon Psychiatrist","Aug 1, 2022 - Sep 6, 2022","Poong, the Joseon Psychiatrist (2022) [EenEO_4f].jpg","Poong, the Joseon Psychiatrist (2022) [EenEO_4f].jpg",matched,205868,900,1279,JPEG,afe762f6173b0db725b950b9ec5e6fa2737ce1d01654678994ba5cc112c8df64
1242,rB1dE_4f,The Director Who Buys Me Dinner,"Dec 15, 2022 - Jan 12, 2023",The Director Who Buys Me Dinner (2022) [rB1dE_4f].jpg,The Director Who Buys Me Dinner (2022) [rB1dE_4f].jpg,matched,73189,540,810,JPEG,d365324a15d815b90fd16a5800efba1ac63c75ff0d77df424c4b672da61cb8ab
1243,d5pV0_4f,Oh! Boarding House,"Feb 22, 2022 - Mar 16, 2022",Oh! Boarding House (2022) [d5pV0_4f].jpg,Oh! Boarding House (2022) [d5pV0_4f].jpg,matched,106517,724,1000,JPEG,2afd5337376569f138e59d48058a778b2e5b4b1f6202dc791d81f0099583c19b
1244,DkrqqD_4f,Shark 2: The Storm,"May 15, 2025",Shark 2_ The Storm (2025) [DkrqqD_4f].jpg,Shark 2_ The Storm (2025) [DkrqqD_4f].jpg,matched,211248,900,1125,JPEG,a9b35b4a316992562d161d6a236b6e311ce0a04101f06d39a1d3323bda43e8cc
1245,kAozJr_4f,Mask Girl,"Aug 18, 2023",Mask Girl (2023) [kAozJr_4f].jpg,Mask Girl (2023) [kAozJr_4f].jpg,matched,242642,900,1333,JPEG,da65a0ad190ed5c4fbb7577870aea07956d4690c13fef29dea460977544fcef5
1246,2p7KO_4f,Mental Coach Jegal,"Sep 12, 2022 - Nov 1, 2022",Mental Coach Jegal (2022) [2p7KO_4f].jpg,Mental Coach Jegal (2022) [2p7KO_4f].jpg,matched,182990,900,1282,JPEG,92324c680539f4a0d0c250641908a04dcd6396d53f43cfe10d89673ee54b1355
1247,x3qE0_4f,Blind,"Sep 16, 2022 - Nov 5, 2022",Blind (2022) [x3qE0_4f].jpg,Blind (2022) [x3qE0_4f].jpg,matched,169663,900,1276,JPEG,dd768a15fc44084a97c8aa5a8fec1fb265e544078074c03be3ff80aec2847fb8
1248,xVg8E_4f,Cheer Up,"Oct 3, 2022 - Dec 13, 2022",Cheer Up (2022) [xVg8E_4f].jpg,Cheer Up (2022) [xVg8E_4f].jpg,matched,278943,900,1515,JPEG,87c545944563763cd16b969e1fc1cf570eb6dab03f980b589d45805383cbe290
1249,X01EX_4f,"Work Later, Drink Now Season 2","Dec 9, 2022 - Jan 13, 2023","Work Later, Drink Now Season 2 (2022) [X01EX_4f].jpg","Work Later, Drink Now Season 2 (2022) [X01EX_4f].jpg",matched,365037,900,1283,JPEG,728a4fc2d86fb43fa54729ab10f9f41ca35fd259a8332a7ca951f8278e156ebd
1250,jkwdw_4f,May It Please the Court,"Sep 21, 2022 - Oct 26, 2022",May It Please the Court (2022) [jkwdw_4f].jpg,May It Please the Court (2022) [jkwdw_4f].jpg,matched,100756,550,784,JPEG,df1728120aaef0e29cad35ed0b927b589bdca3d92e3cbd48b56067dfa6d9379d
1251,42DRQ_4f,One Dollar Lawyer,"Sep 23, 2022 - Nov 11, 2022",One Dollar Lawyer (2022) [42DRQ_4f].jpg,One Dollar Lawyer (2022) [42DRQ_4f].jpg,matched,168135,650,925,JPEG,812519bdb1a0c8e56eaecce80a6c60a5cf779ad6c6cd54346344f63f599d6b22
1252,BX7AA_4f,Revenge of Others,"Nov 9, 2022 - Dec 14, 2022",Revenge of Others (2022) [BX7AA_4f].jpg,Revenge of Others (2022) [BX7AA_4f].jpg,matched,262183,900,1285,JPEG,5ca49b73347a1371f600366a474996d862510d9e29792e1cc3f88be19f51a32c
1253,dX5bW_4f,Behind Cut,"Dec 28, 2021 - Jan 19, 2022",Behind Cut (2021) [dX5bW_4f].jpg,Behind Cut (2021) [dX5bW_4f].jpg,matched,83635,550,774,JPEG,38d9d2edbd867e57cf0676720f9f22c547a50bf48ab0ed04dcd00b77fa181cf6
1254,vm51Z_4f,Welcome to Wedding Hell,"May 23, 2022 - Jun 15, 2022",Welcome to Wedding Hell (2022) [vm51Z_4f].jpg,Welcome to Wedding Hell (2022) [vm51Z_4f].jpg,matched,236395,900,1289,JPEG,de8f6f364b176f451c05864f43ce542d99c93c3386067a5785178e37d2a8d5e7
1255,ZlzzJ_4f,Adamas,"Jul 27, 2022 - Sep 15, 2022",Adamas (2022) [ZlzzJ_4f].jpg,Adamas (2022) [ZlzzJ_4f].jpg,matched,106786,900,1282,JPEG,6912a2e3c2b71c2f1515d2499cd41c338a82beaabf119c7d95ef46f038953eda
1256,1DPrK_4f,The Forbidden Marriage,"Dec 9, 2022 - Jan 21, 2023",The Forbidden Marriage (2022) [1DPrK_4f].jpg,The Forbidden Marriage (2022) [1DPrK_4f].jpg,matched,264651,900,1281,JPEG,6ed934b9555a56ea71b57fdfc00d58cb133c56ac59fb80411f92d3f1876b6554
1257,0wBjD4_4f,See You in My 19th Life,"Jun 17, 2023 - Jul 23, 2023",See You in My 19th Life (2023) [0wBjD4_4f].jpg,See You in My 19th Life (2023) [0wBjD4_4f].jpg,matched,167371,900,1274,JPEG,09a1de1e346f4cb23d1ef21cef21c6e106401c7e0b71d0e113b1ac639e24a692
1258,j5A2J_4f,Dear X Who Doesn't Love Me,"Jul 14, 2022 - Jul 28, 2022",Dear X Who Doesn't Love Me (2022) [j5A2J_4f].jpg,Dear X Who Doesn't Love Me (2022) [j5A2J_4f].jpg,matched,186175,838,1200,JPEG,d051a3128080f7be4433683330a4a3265fdcb189984e63d023174c5016977450
1259,QedgQ_4f,To.Two,"Dec 17, 2021",To.Two (2021) [QedgQ_4f].jpg,To.Two (2021) [QedgQ_4f].jpg,matched,57762,658,938,JPEG,d0acab9ce3fa956d8212c25cf071e74995cf1267c6c5f9afa8c01848f7007868
1260,vV3OX_4f,Stock Struck,"Aug 12, 2022 - Sep 16, 2022",Stock Struck (2022) [vV3OX_4f].jpg,Stock Struck (2022) [vV3OX_4f].jpg,matched,140190,750,1068,JPEG,a326d8031ce4bfb6582d0246d487af90a9682c90962af479830a6b8a38eb6d5f
1261,1e7jd_4f,Reincarnation Love,"Jan 3, 2022",Reincarnation Love (2022) [1e7jd_4f].jpg,Reincarnation Love (2022) [1e7jd_4f].jpg,matched,99843,900,1016,JPEG,c4abd8065a4a6addfd46e0bd252a4c0314a14f51c828a22f4e0a7477bc8a63d1
1262,qzRb5_4f,Ocean Likes Me,"Apr 26, 2022 - May 18, 2022",Ocean Likes Me (2022) [qzRb5_4f].jpg,Ocean Likes Me (2022) [qzRb5_4f].jpg,matched,178352,900,1308,JPEG,8883f8d51d9d2163dfce1994d2a4b3fecb7bb56ef02cd2e472c6801e2bcd919a
1263,2wm4rd_4f,Revenant,"Jun 23, 2023 - Jul 29, 2023",Revenant (2023) [2wm4rd_4f].jpg,Revenant (2023) [2wm4rd_4f].jpg,matched,175852,900,1289,JPEG,c4232cfd479c2814d01987be6a19268e2d95df87c1d938533d95327e36627922
1264,BdrXdl_4f,The First Responders Season 2,"Aug 4, 2023 - Sep 9, 2023",The First Responders Season 2 (2023) [BdrXdl_4f].jpg,The First Responders Season 2 (2023) [BdrXdl_4f].jpg,matched,251947,900,1271,JPEG,e5b5b56dffa43512aa2ac91c2490c0baea961aa4416b52bde26cff2e88599af9
1265,eYzmNE_4f,Doctor Cha,"Apr 15, 2023 - Jun 4, 2023",Doctor Cha (2023) [eYzmNE_4f].jpg,Doctor Cha (2023) [eYzmNE_4f].jpg,matched,162980,900,1280,JPEG,ac85421d06e9f13fa83e77463ea2e6aaed0904c9001d6a13af38c36eb328df32
1266,0wymE7_4f,The Kidnapping Day,"Sep 13, 2023 - Oct 25, 2023",The Kidnapping Day (2023) [0wymE7_4f].jpg,The Kidnapping Day (2023) [0wymE7_4f].jpg,matched,109368,746,1079,JPEG,318345dec31a6b55e7e100e2e25f286eff93de2f4c0dcd8e9c503c746a6cfbc3
1267,2w7L8R_4f,Crash,"May 13, 2024 - Jun 18, 2024",Crash (2024) [2w7L8R_4f].jpg,Crash (2024) [2w7L8R_4f].jpg,matched,128063,600,849,JPEG,9a74b0dee1f3b11e47ccf3d492b48ab3d119940573573690991395fdb186317e
1268,Mg3k1f,Good Doctor,"Aug 5, 2013 - Oct 8, 2013",Good Doctor (2013) [Mg3k1f].jpg,Good Doctor (2013) [Mg3k1f].jpg,matched,106351,549,800,JPEG,25ab5939d69e2d7f8d96dc1acafe66ace9457b4023d3e9f3e4b7577ee6c420cf
1269,eYVe1Q_4f,Chief Detective 1958,"Apr 19, 2024 - May 18, 2024",Chief Detective 1958 (2024) [eYVe1Q_4f].jpg,Chief Detective 1958 (2024) [eYVe1Q_4f].jpg,matched,210391,900,1286,JPEG,457012b21c71fafb8a052bfc88dd080064cac6fada0b956a8980ecf31f3575b6
1270,Z8Rw71_4f,My Perfect Stranger,"May 1, 2023 - Jun 20, 2023",My Perfect Stranger (2023) [Z8Rw71_4f].jpg,My Perfect Stranger (2023) [Z8Rw71_4f].jpg,matched,114374,650,918,JPEG,b6b36bcd5e49fd658dbacef142c54afaf000441b51e63d70d1066c1e1d12bd65
1271,x33By_4f,The Law Cafe,"Sep 5, 2022 - Oct 25, 2022",The Law Cafe (2022) [x33By_4f].jpg,The Law Cafe (2022) [x33By_4f].jpg,matched,124401,725,1024,JPEG,3bfcca9f16441bf9e1ee9a279109096654eeeb7b60828aef12808e30cb90cf76
1272,XWxNq_4f,Love Is for Suckers,"Oct 5, 2022 - Dec 1, 2022",Love Is for Suckers (2022) [XWxNq_4f].jpg,Love Is for Suckers (2022) [XWxNq_4f].jpg,matched,182947,702,1000,JPEG,5febadd69d3beadaaa97a593b8b96a2505000c2a87f3fda667dab8c7e12e5df6
1273,xRgQ0_4f,Our Beloved Summer: The Movie,"Jan 27, 2022",Our Beloved Summer_ The Movie (2022) [xRgQ0_4f].jpg,Our Beloved Summer_ The Movie (2022) [xRgQ0_4f].jpg,matched,312704,900,1287,JPEG,5c307a7f122ed84249e5ea61f0961699df43ecae3b08a8758b8539dd4ebe3d24
1274,v6LQB_4f,Sell Your Haunted House,"Apr 14, 2021 - Jun 9, 2021",Sell Your Haunted House (2021) [v6LQB_4f].jpg,Sell Your Haunted House (2021) [v6LQB_4f].jpg,matched,148364,896,1280,JPEG,cb2cdedca7488be052eb505e934036e5cc0b934a3817fe0190c30dcafc96631c
1275,0D5Ne_4f,Tracer Season 2,"Feb 18, 2022",Tracer Season 2 (2022) [0D5Ne_4f].jpg,Tracer Season 2 (2022) [0D5Ne_4f].jpg,matched,202305,900,1283,JPEG,244b9a174a06a1d9a2d83cc5c4c495f9c8d0ba5b15f286e8d5c413347259a021
1276,QJXj4f,My Princess,"Jan 5, 2011 - Feb 24, 2011",My Princess (2011) [QJXj4f].jpg,My Princess (2011) [QJXj4f].jpg,matched,156920,633,945,JPEG,a71a8ac5da677048ec9af5043defe5162586c0d7526d5b91d4b7602cf35f1b86
1277,rNrNzp_4f,Queen Woo,"Aug 29, 2024 - Sep 12, 2024",Queen Woo (2024) [rNrNzp_4f].jpg,Queen Woo (2024) [rNrNzp_4f].jpg,matched,211161,900,1287,JPEG,445171a0db23c32c493d308befc5f2eb5dc081473a1f6e2bd245a81eee80e2bf
1278,ZZ7WW_4f,Happy Ending Romance,"Nov 24, 2022 - Dec 15, 2022",Happy Ending Romance (2022) [ZZ7WW_4f].jpg,Happy Ending Romance (2022) [ZZ7WW_4f].jpg,matched,143912,900,1268,JPEG,7ac4419ee1b49eedeb847157eea1c4a0eae672c8f882eb87a32e905291d625ce
1279,QJKJP7_4f,Daily Dose of Sunshine,"Nov 3, 2023",Daily Dose of Sunshine (2023) [QJKJP7_4f].jpg,Daily Dose of Sunshine (2023) [QJKJP7_4f].jpg,matched,251548,900,1333,JPEG,ec0f98bce872f14d33fb81f86d7a6518cf066dfef399febb8a0bf7bad37f2a2a
1280,2wrWE2_4f,Divorce Attorney Shin,"Mar 4, 2023 - Apr 9, 2023",Divorce Attorney Shin (2023) [2wrWE2_4f].jpg,Divorce Attorney Shin (2023) [2wrWE2_4f].jpg,matched,108049,900,1287,JPEG,1abc105efa6fc72a062f5441b1aafeded47e1cc2c1b38821f6df526c03cadf7a
1281,jdeBJ_4f,"Bravo, My Life","Apr 11, 2022 - Sep 30, 2022","Bravo, My Life (2022) [jdeBJ_4f].jpg","Bravo, My Life (2022) [jdeBJ_4f].jpg",matched,174030,900,1125,JPEG,a7dda40651fe814bbb12b2d3c818599a1cddb22d2925c119a37576ce656e582d
1282,vXX13Z_4f,The Eighth Sense,"Mar 29, 2023 - Apr 26, 2023",The Eighth Sense (2023) [vXX13Z_4f].jpg,The Eighth Sense (2023) [vXX13Z_4f].jpg,matched,138842,900,1257,JPEG,5b26be27e35f3a10e950fab08ce7cf5936a5c34500c01173559eda8d7e703b16
1283,0w4pnr_4f,Delightfully Deceitful,"May 29, 2023 - Jul 18, 2023",Delightfully Deceitful (2023) [0w4pnr_4f].jpg,Delightfully Deceitful (2023) [0w4pnr_4f].jpg,matched,255151,900,1289,JPEG,5142539346e2c215c18416dd0e67858ed90d0d6159fc6fea4468db46251d5040
1284,wvZlp_4f,Love in Contract,"Sep 21, 2022 - Nov 10, 2022",Love in Contract (2022) [wvZlp_4f].jpg,Love in Contract (2022) [wvZlp_4f].jpg,matched,295752,900,1289,JPEG,cef5368c94146e1e68045cb746680c21f982a96dc3de2ea405d8fdb868262bdd
1285,E55KAm_4f,Pale Moon,"Apr 10, 2023 - May 9, 2023",Pale Moon (2023) [E55KAm_4f].jpg,Pale Moon (2023) [E55KAm_4f].jpg,matched,117732,900,1289,JPEG,b6f487001d141872b66c954b28af8bcf9b9db49effbc3b4f15202d2ce3bcc353
1286,0wxDpN_4f,My Lovely Liar,"Jul 31, 2023 - Sep 19, 2023",My Lovely Liar (2023) [0wxDpN_4f].jpg,My Lovely Liar (2023) [0wxDpN_4f].jpg,matched,235644,900,1290,JPEG,7d80d96adc08902ba227f8fc3b753f7baeabf1c781e5aceb1060ac2dcd40a26f
1287,4KDmQ_4f,Strangers Again,"Jan 18, 2023 - Feb 23, 2023",Strangers Again (2023) [4KDmQ_4f].jpg,Strangers Again (2023) [4KDmQ_4f].jpg,matched,168577,900,1272,JPEG,1b6b51d470a87daff9f398ab5fc08208178c66a4cf76697179904efe2db5a8ba
1288,XWgdq_4f,Bargain,"Oct 28, 2022 - Nov 4, 2022",Bargain (2022) [XWgdq_4f].jpg,Bargain (2022) [XWgdq_4f].jpg,matched,291423,842,1200,JPEG,8f0309e805d559d75a9f75fb9cda36fd3f42941f19237d678d315b522d30d4d2
1289,5vl1eA_4f,My Unstoppable Gaydar!,"Feb 4, 2026",My Unstoppable Gaydar! (2026) [5vl1eA_4f].jpg,My Unstoppable Gaydar! (2026) [5vl1eA_4f].jpg,matched,125509,900,1350,JPEG,0538943fd8c7950c6f7aaea15cf97ee6105dfbdb8d69d488e0351a6767b10baf
1290,4veBZ_4f,"Fanletter, Please","Nov 18, 2022 - Nov 26, 2022","Fanletter, Please (2022) [4veBZ_4f].jpg","Fanletter, Please (2022) [4veBZ_4f].jpg",matched,210539,843,1258,JPEG,b2d31a759eb2f564e69ea72aa8607c88d60c8d7c4cca3c70560707113ca0ab18
1291,E5kX4l_4f,Love Tractor,"Jun 7, 2023 - Jun 21, 2023",Love Tractor (2023) [E5kX4l_4f].jpg,Love Tractor (2023) [E5kX4l_4f].jpg,matched,267494,842,1200,JPEG,d5122f0513405a33b1d4c0422e8c1dd4f631cc020e8bbae8825ac6e6acb96abd
1292,R17lx_4f,Roommates of Poongduck 304,"Oct 13, 2022 - Nov 3, 2022",Roommates of Poongduck 304 (2022) [R17lx_4f].jpg,Roommates of Poongduck 304 (2022) [R17lx_4f].jpg,matched,204887,837,1200,JPEG,8cd6349082efc9b470710af8aef644382d529cfcb0c2ee72a97307c3de49dfd3
1293,d0O3r5_4f,Jun & Jun,"Jul 20, 2023 - Sep 7, 2023",Jun & Jun (2023) [d0O3r5_4f].jpg,Jun & Jun (2023) [d0O3r5_4f].jpg,matched,164256,900,1350,JPEG,f680ac217c9b657c38c4651f85411e465ba3e421d98fd12a68b95bed0da4834e
1294,qY2doQ_4f,Doona!,"Oct 20, 2023",Doona! (2023) [qY2doQ_4f].jpg,Doona! (2023) [qY2doQ_4f].jpg,matched,162491,900,1333,JPEG,032120cf2a097444ab0c432f2a198873251c6da940f63b22f06b70013d8276a9
1295,KpE6vR_4f,Business as Usual,"Apr 3, 2025 - May 8, 2025",Business as Usual (2025) [KpE6vR_4f].jpg,Business as Usual (2025) [KpE6vR_4f].jpg,matched,151589,900,1349,JPEG,a16a96a605e8dfb128e72e1c1b8906afe31e0cfaa77f400840e553bc2b7739b9
1296,21eBV_4f,The New Employee,"Dec 21, 2022 - Feb 1, 2023",The New Employee (2022) [21eBV_4f].jpg,The New Employee (2022) [21eBV_4f].jpg,matched,168405,900,1288,JPEG,e087c6800c6e636bf4f7f8f4d6008f38ec3e8f9420f130d6981b504f864ec92f
1297,5vBevy_4f,Secret Relationships,"Feb 27, 2025 - Mar 20, 2025",Secret Relationships (2025) [5vBevy_4f].jpg,Secret Relationships (2025) [5vBevy_4f].jpg,matched,141427,900,1350,JPEG,5f2072e039e0807321ebc3f1541ea49a3df3dc5df11af785ee9482aba5003f9b
1298,pEK1y_4f,Agency,"Jan 7, 2023 - Feb 26, 2023",Agency (2023) [pEK1y_4f].jpg,Agency (2023) [pEK1y_4f].jpg,matched,67062,630,900,JPEG,ef22cd46ba37c4ab4015b25704f8df807a4fd3aa057afff8316bc723592985be
1299,wJxjlY_4f,Crash Course in Romance,"Jan 14, 2023 - Mar 5, 2023",Crash Course in Romance (2023) [wJxjlY_4f].jpg,Crash Course in Romance (2023) [wJxjlY_4f].jpg,matched,301077,900,1286,JPEG,00eaca84e6e0304bb5d0761a23b078c85c66cf4246c1797a85afb70ed93de0df
1300,6RqNX_4f,May I Help You,"Oct 19, 2022 - Dec 22, 2022",May I Help You (2022) [6RqNX_4f].jpg,May I Help You (2022) [6RqNX_4f].jpg,matched,225905,843,1190,JPEG,03ff00b3e4907923fa946511638a3033ae0b5dd86babd07f19db10016df0496a
1301,BdpXkz_4f,The Worst of Evil,"Sep 27, 2023 - Oct 25, 2023",The Worst of Evil (2023) [BdpXkz_4f].jpg,The Worst of Evil (2023) [BdpXkz_4f].jpg,matched,155468,724,1024,JPEG,181caddb9f4d56b98ad86eb42096810fb911a85e61f0ea1091c17270f80b5410
1302,6644W_4f,Good Job,"Aug 24, 2022 - Sep 29, 2022",Good Job (2022) [6644W_4f].jpg,Good Job (2022) [6644W_4f].jpg,matched,116837,600,860,JPEG,8455db22dbc52b30a075263a067c4a71a69dcbc3591288cef139d48148dea76d
1303,66pVp_4f,Unicorn,"Aug 26, 2022 - Sep 30, 2022",Unicorn (2022) [66pVp_4f].jpg,Unicorn (2022) [66pVp_4f].jpg,matched,257551,900,1283,JPEG,ab55034e9c8bcbd21618b13a2644e81bd1766562057749af8a8203f3f4f2edd9
1304,BXmn7_4f,Recipe for Farewell,"Dec 1, 2022 - Jan 5, 2023",Recipe for Farewell (2022) [BXmn7_4f].jpg,Recipe for Farewell (2022) [BXmn7_4f].jpg,matched,126427,639,900,JPEG,c216efafd9508a34f67f205d3da348a2638e7cd7386fc022e44f518f45146a31
1305,kg4Ob_4f,The Interest of Love,"Dec 21, 2022 - Feb 9, 2023",The Interest of Love (2022) [kg4Ob_4f].jpg,The Interest of Love (2022) [kg4Ob_4f].jpg,matched,271155,900,1287,JPEG,25c2e3e2b8b061eaed9f2ff248442af40461da93a42194dc8fff89744709c572
1306,vXo3eX_4f,All That We Loved,"May 5, 2023 - May 26, 2023",All That We Loved (2023) [vXo3eX_4f].jpg,All That We Loved (2023) [vXo3eX_4f].jpg,matched,137238,900,1283,JPEG,51fa4c63971d903a6ec8a9af4bf371f3a557501a34be90d2c14193d38db63622
1307,73Jvme_4f,Unfollow,"Feb 19, 2026 - Mar 5, 2026",Unfollow (2026) [73Jvme_4f].jpg,Unfollow (2026) [73Jvme_4f].jpg,matched,89578,720,1280,JPEG,58ebd5843e53f24da1d69d20317a00439a5da1c60d59d928070be39dca765b7b
1308,60nK0K_4f,Secret Playlist,"Nov 18, 2023 - Dec 9, 2023",Secret Playlist (2023) [60nK0K_4f].jpg,Secret Playlist (2023) [60nK0K_4f].jpg,matched,62211,900,1290,JPEG,45b3a0f3976553dd13a0c445b479f50b33bdc6d4917b72a0e3b1b744a9db608c
1309,2wNLPV_4f,The Deal,"Oct 6, 2023 - Oct 27, 2023",The Deal (2023) [2wNLPV_4f].jpg,The Deal (2023) [2wNLPV_4f].jpg,matched,220165,900,1283,JPEG,a14f6cac1471cc2af0b2632bcfc388097e99bd9dc52e63e4a8ad3b0ad93ea5dd
1310,WxdkO_4f,Mimicus,"Jul 22, 2022 - Sep 14, 2022",Mimicus (2022) [WxdkO_4f].jpg,Mimicus (2022) [WxdkO_4f].jpg,matched,249459,900,1286,JPEG,eac30ac6b490f0901422c572d89d7d8b831737f5fd3f14abc465ff3532efe647
1311,klARj_4f,New Love Playlist,"Nov 18, 2022 - Dec 28, 2022",New Love Playlist (2022) [klARj_4f].jpg,New Love Playlist (2022) [klARj_4f].jpg,matched,331877,900,1286,JPEG,ea4b4bfe0cb86c5a0818651cc8333236b292dcbfcceb0776aafd4cf340ba52c3
1312,Ro3Ao_4f,Pachinko,"Mar 25, 2022 - Apr 29, 2022",Pachinko (2022) [Ro3Ao_4f].jpg,Pachinko (2022) [Ro3Ao_4f].jpg,matched,197265,900,1350,JPEG,1838eda3632d858cfab7e62838008c215450d126cbe2ce5f451a4a8379f55913
1313,jkqQB_4f,A Shoulder to Cry On,"Mar 15, 2023 - Mar 29, 2023",A Shoulder to Cry On (2023) [jkqQB_4f].jpg,A Shoulder to Cry On (2023) [jkqQB_4f].jpg,matched,131288,900,1282,JPEG,f6e0254368e8ed0bd7206e264e6c9b2bcdea304ae4a319c5feab284e3d6f07d0
1314,jRw6r_4f,Trolley,"Dec 19, 2022 - Feb 14, 2023",Trolley (2022) [jRw6r_4f].jpg,Trolley (2022) [jRw6r_4f].jpg,matched,131609,900,1271,JPEG,02ad1493fc9eda2f9a92ddd425cd4054fe258cc55b525f0ddd9828887d80ca16
1315,O8YNQf,Soul,"Aug 5, 2009 - Sep 3, 2009",Soul (2009) [O8YNQf].jpg,Soul (2009) [O8YNQf].jpg,matched,105857,655,953,JPEG,744d5bb41d0efc0e5743231a301be47c8488ceda17fcdc3faf44c81998a8bd1d
1316,BdvWqq_4f,Delivery Man,"Mar 1, 2023 - Apr 6, 2023",Delivery Man (2023) [BdvWqq_4f].jpg,Delivery Man (2023) [BdvWqq_4f].jpg,matched,192959,900,1286,JPEG,139d78a4c6c8846e7bf0a90734d234d4ecbed26bfaa0243ddd62b247209aada0
1317,pd4DkE_4f,Queen of Tears,"Mar 9, 2024 - Apr 28, 2024",Queen of Tears (2024) [pd4DkE_4f].jpg,Queen of Tears (2024) [pd4DkE_4f].jpg,matched,140956,900,1289,JPEG,032aee13848b65e4285f77d1f40ba61baa67ab6ada05ffa9fa6bfbdc6a78b344
1318,x4EmK0_4f,Evilive,"Oct 14, 2023 - Nov 13, 2023",Evilive (2023) [x4EmK0_4f].jpg,Evilive (2023) [x4EmK0_4f].jpg,matched,187596,900,1290,JPEG,2e20c499e54c71df0b0430bbe3fdd27e722a3f1442fd6808be3141683281d7ce
1319,Ar3vDq_4f,The Ordinary Jackpot,"Sep 10, 2026 - Oct 8, 2026",The Ordinary Jackpot (2026) [Ar3vDq_4f].jpg,The Ordinary Jackpot (2026) [Ar3vDq_4f].jpg,matched,186187,796,1200,JPEG,4869df7205d232032340143a92edb4d61ffffa8088bfd332bb22eb026ef41f95
1320,0wmeZk_4f,True to Love,"Apr 12, 2023 - May 25, 2023",True to Love (2023) [0wmeZk_4f].jpg,True to Love (2023) [0wmeZk_4f].jpg,matched,154209,900,1286,JPEG,20584457c9f32bf1df22f01fc2c06f4d97b54eaa72c3f3ab27510e0a36a47ec5
1321,BZ8KR_4f,Replay: The Moment When It Starts Again,"Jan 26, 2021 - Feb 26, 2021",Replay_ The Moment When It Starts Again (2021) [BZ8KR_4f].jpg,Replay_ The Moment When It Starts Again (2021) [BZ8KR_4f].jpg,matched,118742,650,866,JPEG,42ad9f853f8c2c85dac71da16121c548af20f984e101721dadc1db317dcb726c
1322,1rpeK_4f,Love Class,"May 13, 2022 - May 18, 2022",Love Class (2022) [1rpeK_4f].jpg,Love Class (2022) [1rpeK_4f].jpg,matched,170786,762,1079,JPEG,133b8baa47d6aa049dcbc2054f41750aaa98ca99849bcb49fe70332442def158
1323,4ejKqQ_4f,Love Andante,"Aug 7, 2024 - Aug 29, 2024",Love Andante (2024) [4ejKqQ_4f].jpg,Love Andante (2024) [4ejKqQ_4f].jpg,matched,112536,755,1080,JPEG,b5a452244736be6a949303215be542e16f5b129cab03482846154a0cc031c7c0
1324,wJAkqn_4f,King the Land,"Jun 17, 2023 - Aug 6, 2023",King the Land (2023) [wJAkqn_4f].jpg,King the Land (2023) [wJAkqn_4f].jpg,matched,137322,750,1079,JPEG,bb4f6d4276418949c8a6025ab35b653df2e2e5b8ebaa60146dfb39572f5a6a88
1325,1wm5R5_4f,Call It Love,"Feb 22, 2023 - Apr 12, 2023",Call It Love (2023) [1wm5R5_4f].jpg,Call It Love (2023) [1wm5R5_4f].jpg,matched,84427,719,1024,JPEG,0378434e3baf6be423cb7f9a6749c1a876fdcb24bb88d95a9e35c6ab34ce7839
1326,d00j80_4f,Stealer: The Treasure Keeper,"Apr 12, 2023 - May 18, 2023",Stealer_ The Treasure Keeper (2023) [d00j80_4f].jpg,Stealer_ The Treasure Keeper (2023) [d00j80_4f].jpg,matched,304106,900,1283,JPEG,8b117ede7a84f0a7872e83af16c92a198d652244451facbc91e012c10df86eab
1327,eYlLlY_4f,The Escape of the Seven: War for Survival,"Sep 15, 2023 - Nov 17, 2023",The Escape of the Seven_ War for Survival (2023) [eYlLlY_4f].jpg,The Escape of the Seven_ War for Survival (2023) [eYlLlY_4f].jpg,matched,270064,900,1283,JPEG,0516aa9de92ae1163da34a3cbfcff65770ada008ee6292da17da901d970b80a8
1328,O8d8WY_4f,The Witch,"Feb 15, 2025 - Mar 16, 2025",The Witch (2025) [O8d8WY_4f].jpg,The Witch (2025) [O8d8WY_4f].jpg,matched,186402,900,1125,JPEG,b7256aa380f1dc1f847f4541e36e585b7d1e30adbb10a3591f21a650a7fabe6d
1329,E5QXJb_4f,Your Honor,"Aug 12, 2024 - Sep 10, 2024",Your Honor (2024) [E5QXJb_4f].jpg,Your Honor (2024) [E5QXJb_4f].jpg,matched,192920,840,1200,JPEG,f71ef0ee5d1d44ad6f60f66c0e136c70663b94e8dec17d4af01af390ec6d6f6c
1330,jQ32OJ_4f,Pachinko Season 2,"Aug 23, 2024 - Oct 11, 2024",Pachinko Season 2 (2024) [jQ32OJ_4f].jpg,Pachinko Season 2 (2024) [jQ32OJ_4f].jpg,matched,173954,900,1125,JPEG,8dcf8fddd031c10f72ab23876dad40bc4c404bdd998c145e1e6eafbc18f84303
1331,r1Roy_4f,So Not Worth it,"Jun 18, 2021",So Not Worth it (2021) [r1Roy_4f].jpg,So Not Worth it (2021) [r1Roy_4f].jpg,matched,355856,900,1303,JPEG,24d483191c3883613497e206b1940b1d51634156fb1a2e0bb53e3a69a137b49a
1332,JByBKj_4f,The Nice Guy,"Jul 18, 2025 - Aug 29, 2025",The Nice Guy (2025) [JByBKj_4f].jpg,The Nice Guy (2025) [JByBKj_4f].jpg,matched,182474,900,1271,JPEG,0b9bbe647e68deac844220147cd997ee8183148bea7b8b526ee03e22d9553782
1333,wJJlwp_4f,Joseon Attorney: A Morality,"Mar 31, 2023 - May 20, 2023",Joseon Attorney_ A Morality (2023) [wJJlwp_4f].jpg,Joseon Attorney_ A Morality (2023) [wJJlwp_4f].jpg,matched,161030,900,1271,JPEG,115143251bb44fce95d651e714c2bca7db39038aa35e8e3ccb42906832a00dd4
1334,jOqjd_4f,Brain Works,"Jan 2, 2023 - Feb 28, 2023",Brain Works (2023) [jOqjd_4f].jpg,Brain Works (2023) [jOqjd_4f].jpg,matched,150891,628,900,JPEG,fb8ed886358cda48d117838622f09bc50ddf1ac068090b7132164afa5d5fbb6d
1335,BRZK7_4f,Kokdu: Season of Deity,"Jan 27, 2023 - Mar 24, 2023",Kokdu_ Season of Deity (2023) [BRZK7_4f].jpg,Kokdu_ Season of Deity (2023) [BRZK7_4f].jpg,matched,222963,850,1200,JPEG,f857a6e4abe752097bb03e90ad8e38fef5e78a2fb1aa33536c879193c1c9363f
1336,w6jkA_4f,"Nevertheless,","Jun 19, 2021 - Aug 21, 2021","Nevertheless, (2021) [w6jkA_4f].jpg","Nevertheless, (2021) [w6jkA_4f].jpg",matched,88934,638,919,JPEG,b0ce52e4d1701a37906d73a6af1bdc369b287cb0c2fa74ea1603002366ddea2f
1337,0wmry6_4f,Race,"May 10, 2023 - Jun 14, 2023",Race (2023) [0wmry6_4f].jpg,Race (2023) [0wmry6_4f].jpg,matched,83615,550,786,JPEG,ebc2c3f606bce29c686c814953649295e1c50037bc913ad875542a7f798d74b5
1338,6dKxK_4f,Love Scene Number,"Feb 1, 2021",Love Scene Number (2021) [6dKxK_4f].jpg,Love Scene Number (2021) [6dKxK_4f].jpg,matched,145889,900,1272,JPEG,63b07530318e012a17201b6af663d59299bdf8548d880603e0cb108401065be9
1339,d0O44b_4f,Miraculous Brothers,"Jun 28, 2023 - Aug 17, 2023",Miraculous Brothers (2023) [d0O44b_4f].jpg,Miraculous Brothers (2023) [d0O44b_4f].jpg,matched,204342,754,1080,JPEG,16fb8f678317946bbdaf9d0a9b90826389b93d7e1318382209cd7091feb1fed4
1340,2wrOkE_4f,The Heavenly Idol,"Feb 15, 2023 - Mar 23, 2023",The Heavenly Idol (2023) [2wrOkE_4f].jpg,The Heavenly Idol (2023) [2wrOkE_4f].jpg,matched,136484,628,900,JPEG,007092ea62cb9aeae3485e7676d3bd79aeb4075ddc3cb52319be9e917fd599df
1341,WPrA7W_4f,A Killer Paradox,"Feb 9, 2024",A Killer Paradox (2024) [WPrA7W_4f].jpg,A Killer Paradox (2024) [WPrA7W_4f].jpg,matched,263728,900,1333,JPEG,090b500e36053e57add88afd561dc2f711497538e1150607830498f3c37dd66a
1342,2w4rZP_4f,Strong Girl Namsoon,"Oct 7, 2023 - Nov 26, 2023",Strong Girl Namsoon (2023) [2w4rZP_4f].jpg,Strong Girl Namsoon (2023) [2w4rZP_4f].jpg,matched,265422,900,1285,JPEG,9a33f34a013d3534c4900edaf159c0a74ff671c91c567b04d25cd009e0754833
1343,Lw7Qvy_4f,Heesu in Class 2,"Mar 28, 2025 - Apr 26, 2025",Heesu in Class 2 (2025) [Lw7Qvy_4f].jpg,Heesu in Class 2 (2025) [Lw7Qvy_4f].jpg,matched,225184,900,1272,JPEG,826127ce129e738a8dac8906a5ae8450fb90b1e7ae53470b7d8688fdab231cc4
1344,GJBPwf,Secret Investigation Record,"Aug 20, 2010 - Oct 29, 2010",Secret Investigation Record (2010) [GJBPwf].jpg,Secret Investigation Record (2010) [GJBPwf].jpg,matched,59632,413,599,JPEG,dc8bd92018f391d69b2305419267130c7896481216d3c632ef50956b45f11c5a
1345,2Rnwk_4f,Fall for You,"Oct 20, 2022 - Dec 23, 2022",Fall for You (2022) [2Rnwk_4f].jpg,Fall for You (2022) [2Rnwk_4f].jpg,matched,112726,717,1024,JPEG,1828c861fb5d8385fd978c76904706e9e16fbd59753261bcf551942a92d6c0d1
1346,nOrNNL_4f,Eccentric Romance,"Oct 10, 2024 - Nov 14, 2024",Eccentric Romance (2024) [nOrNNL_4f].jpg,Eccentric Romance (2024) [nOrNNL_4f].jpg,matched,182053,900,1273,JPEG,33cea6ff218799f44e68bf3727f985c7235302c670655b828d2e939c9f885de4
1347,4e4Z4Q_4f,Love Is Like a Cat,"Apr 1, 2024 - May 6, 2024",Love Is Like a Cat (2024) [4e4Z4Q_4f].jpg,Love Is Like a Cat (2024) [4e4Z4Q_4f].jpg,matched,73300,640,800,JPEG,973ad497a19b215d6037926fb5642f8346be7afd61295af7e09eb62234955363
1348,QvNJ2_4f,Payback: Money and Power,"Jan 6, 2023 - Feb 11, 2023",Payback_ Money and Power (2023) [QvNJ2_4f].jpg,Payback_ Money and Power (2023) [QvNJ2_4f].jpg,matched,197027,637,900,JPEG,e73bb818480c4ab74d5d3914149e152fa7e609447da4b3b10d99e40d86f87d78
1349,2wr6v7_4f,Pandora: Beneath the Paradise,"Mar 11, 2023 - Apr 30, 2023",Pandora_ Beneath the Paradise (2023) [2wr6v7_4f].jpg,Pandora_ Beneath the Paradise (2023) [2wr6v7_4f].jpg,matched,145799,900,1276,JPEG,1190bbb41f64e3d503b6f59103e6c1afa022aaa84dbda89bfc0b2906230d0df7
1350,PxNq13_4f,Hellbound Season 2,"Oct 25, 2024",Hellbound Season 2 (2024) [PxNq13_4f].jpg,Hellbound Season 2 (2024) [PxNq13_4f].jpg,matched,129553,700,1036,JPEG,72568778ebd780263f1b55a08793c69fc2ba3178c759eca189fa10224efb1e3e
1351,2wwb6P_4f,Family: The Unbreakable Bond,"Apr 17, 2023 - May 23, 2023",Family_ The Unbreakable Bond (2023) [2wwb6P_4f].jpg,Family_ The Unbreakable Bond (2023) [2wwb6P_4f].jpg,matched,181343,900,1275,JPEG,74045dfe3f4f82be22c138c4aa0ae75f4d93359a6e31f8e17f083c6c25ca0b98
1352,4ROEJ_4f,Bad Girlfriend,"Jul 5, 2022 - Aug 11, 2022",Bad Girlfriend (2022) [4ROEJ_4f].jpg,Bad Girlfriend (2022) [4ROEJ_4f].jpg,matched,105463,720,1018,JPEG,7beb448a76a6e9243ce089f1bc9f1ceb587b355c282641b888988ab3b2a27db5
1353,X8gqnf,Her Legend,"Aug 5, 2013 - Oct 8, 2013",Her Legend (2013) [X8gqnf].jpg,Her Legend (2013) [X8gqnf].jpg,matched,110554,550,825,JPEG,06cb6398999f18298f37f7ac40c8ac8d1c5aa52e0a3e213f6bd72ac8fe323342
1354,E55le0_4f,The Secret Romantic Guesthouse,"Mar 20, 2023 - May 16, 2023",The Secret Romantic Guesthouse (2023) [E55le0_4f].jpg,The Secret Romantic Guesthouse (2023) [E55le0_4f].jpg,matched,270406,900,1349,JPEG,45f827536a0d576d1407afdd0676a5df59788ac6247b16679f6bf8e1d308442a
1355,WP7ZXp_4f,Sweet Home Season 3,"Jul 19, 2024",Sweet Home Season 3 (2024) [WP7ZXp_4f].jpg,Sweet Home Season 3 (2024) [WP7ZXp_4f].jpg,matched,281688,900,1333,JPEG,2d8587e158f8a195100881614563e03bf441b446d8a2eb322a181044f482679c
1356,qrqEK_4f,Choco Milk Shake,"Oct 25, 2022 - Dec 20, 2022",Choco Milk Shake (2022) [qrqEK_4f].jpg,Choco Milk Shake (2022) [qrqEK_4f].jpg,matched,271139,900,1269,JPEG,bf6b24ec6b0ac875622f4a4a704a5b22a29182ba712f9f8584087972fa64edad
1357,E5l4pf,Wang's Family,"Aug 31, 2013 - Feb 16, 2014",Wang's Family (2013) [E5l4pf].jpg,Wang's Family (2013) [E5l4pf].jpg,matched,265035,900,1350,JPEG,2ab217dac6f9c5e75c210b8a733465dd875601b87bf5790f6973ea1737a69d21
1358,XdgOLq_4f,Under the Gun,"Apr 12, 2024 - Apr 26, 2024",Under the Gun (2024) [XdgOLq_4f].jpg,Under the Gun (2024) [XdgOLq_4f].jpg,matched,165537,900,1278,JPEG,a916db998f65398e8aa0448591ee37ff39b030a7387075cc15df5f2ed4b62e52
1359,kgnZw_4f,Decoy: Part 1,"Jan 27, 2023 - Feb 10, 2023",Decoy_ Part 1 (2023) [kgnZw_4f].jpg,Decoy_ Part 1 (2023) [kgnZw_4f].jpg,matched,102533,650,928,JPEG,b6b9aa7f5d751e22c986a6de50097b94a3c1ec6e25ba195b8672cb34657dd3e1
1360,Xd3qEg_4f,Not Others,"Jul 17, 2023 - Aug 22, 2023",Not Others (2023) [Xd3qEg_4f].jpg,Not Others (2023) [Xd3qEg_4f].jpg,matched,147217,900,1286,JPEG,5df3e3b70e1ec080c772fa562298b3b63b73f5bf95c77f46ee31d1ddb973bac7
1361,jQ2v7z_4f,Blood Free,"Apr 10, 2024 - May 8, 2024",Blood Free (2024) [jQ2v7z_4f].jpg,Blood Free (2024) [jQ2v7z_4f].jpg,matched,219514,900,1287,JPEG,6952c0d286febe56c6924267dd8cd2604f485d32ea8d4dbc4f04998ccda64a33
1362,1w3KP3_4f,Korea-Khitan War,"Nov 11, 2023 - Mar 10, 2024",Korea-Khitan War (2023) [1w3KP3_4f].jpg,Korea-Khitan War (2023) [1w3KP3_4f].jpg,matched,134808,580,871,JPEG,a186cc34cf2cd15635bf3b880903e3a1de6a5c5e081fd62ae7f0d20a7b846ac2
1363,X08VZ_4f,Money Heist: Korea - Joint Economic Area - Part 2,"Dec 9, 2022",Money Heist_ Korea - Joint Economic Area - Part 2 (2022) [X08VZ_4f].jpg,Money Heist_ Korea - Joint Economic Area - Part 2 (2022) [X08VZ_4f].jpg,matched,220942,900,900,JPEG,eb8fee117189fab7812fe561edc40312c736c8e92bea766bb99f22a277610df5
1364,RBBJ46_4f,Unintentional Love Story,"Mar 17, 2023 - Apr 14, 2023",Unintentional Love Story (2023) [RBBJ46_4f].jpg,Unintentional Love Story (2023) [RBBJ46_4f].jpg,matched,165768,900,1272,JPEG,16c238ac339e4b1d83314a2abfade3770591b550a03f208443861bd62409fd19
1365,Xdgwjp_4f,Parasyte: The Grey,"Apr 5, 2024",Parasyte_ The Grey (2024) [Xdgwjp_4f].jpg,Parasyte_ The Grey (2024) [Xdgwjp_4f].jpg,matched,239079,900,1333,JPEG,5becd34f794b0fbd4d4ea08e8d4a3bfd7322d30e908730a72ecb525ba0399e49
1366,jRAQv_4f,Oh! My Assistant,"Dec 1, 2022 - Dec 23, 2022",Oh! My Assistant (2022) [jRAQv_4f].jpg,Oh! My Assistant (2022) [jRAQv_4f].jpg,matched,158952,719,1024,JPEG,98846b334f715f54bf2589795107b7b735cd3eda901a41cf1747312528e044a9
1367,E5YR7p_4f,Han River Police,"Sep 13, 2023 - Sep 27, 2023",Han River Police (2023) [E5YR7p_4f].jpg,Han River Police (2023) [E5YR7p_4f].jpg,matched,281035,900,1283,JPEG,3418266361382eea4e8581ac11406d7f15fe68abeb54f4d621b24fa1280ad800
1368,abW1ef,Who Are You,"Jul 29, 2013 - Sep 17, 2013",Who Are You (2013) [abW1ef].jpg,Who Are You (2013) [abW1ef].jpg,matched,66666,500,708,JPEG,d840c3d053cc215fb368765e9ac07f5bdd650fcd18281c01d9435a8eb08e5a28
1369,jQAvWw_4f,The Bequeathed,"Jan 19, 2024",The Bequeathed (2024) [jQAvWw_4f].jpg,The Bequeathed (2024) [jQAvWw_4f].jpg,matched,201561,900,1333,JPEG,18da48fd1e30aad355a4db0a8c1881dbf976c6321db523894042701310481128
1370,E5x540_4f,The Good Bad Mother,"Apr 26, 2023 - Jun 8, 2023",The Good Bad Mother (2023) [E5x540_4f].jpg,The Good Bad Mother (2023) [E5x540_4f].jpg,matched,309143,900,1290,JPEG,c7ef208c4d8cef228751d6121a2e854a839c3eaf8cef3b2b87d4f8d52d98040d
1371,X06Rd_4f,Alchemy of Souls Season 2: Light and Shadow,"Dec 10, 2022 - Jan 8, 2023",Alchemy of Souls Season 2_ Light and Shadow (2022) [X06Rd_4f].jpg,Alchemy of Souls Season 2_ Light and Shadow (2022) [X06Rd_4f].jpg,matched,87620,750,1078,JPEG,84dac6d319afde2c934d5d3700fba71689b136df3e2c3583b4fba4923dd80fd0
1372,1wg1JR_4f,The Player 2: Master of Swindlers,"Jun 3, 2024 - Jul 9, 2024",The Player 2_ Master of Swindlers (2024) [1wg1JR_4f].jpg,The Player 2_ Master of Swindlers (2024) [1wg1JR_4f].jpg,matched,334915,900,1283,JPEG,0d6431e38dfc11dcbf15ba4335b3ae686e875c06b8a748e8426e12f9d51fe94d
1373,d02VOb_4f,Happy Merry Ending,"Apr 27, 2023 - May 19, 2023",Happy Merry Ending (2023) [d02VOb_4f].jpg,Happy Merry Ending (2023) [d02VOb_4f].jpg,matched,164862,900,1286,JPEG,feb25dc83c0eb5b3d3cdfca5d305ab2989621a8b9df8a92ebfd0a974d97f7473
1374,wvXJp_4f,Anna: Extended Version,"Aug 12, 2022",Anna_ Extended Version (2022) [wvXJp_4f].jpg,Anna_ Extended Version (2022) [wvXJp_4f].jpg,matched,86487,900,1284,JPEG,f75a453e9c2592bdf7780808764d5d702cf38bd539060185a2f48c2eafcf4014
1375,QJ8zQv_4f,All the Liquors,"Mar 2, 2023 - Mar 23, 2023",All the Liquors (2023) [QJ8zQv_4f].jpg,All the Liquors (2023) [QJ8zQv_4f].jpg,matched,193471,842,1200,JPEG,f7efadca9ee8f0a962bad38d14465dcb8979df93ba4dcc3b408f7c44a899acbb
1376,QJKVK7_4f,Death's Game,"Dec 15, 2023",Death's Game (2023) [QJKVK7_4f].jpg,Death's Game (2023) [QJKVK7_4f].jpg,matched,189307,842,1200,JPEG,d90e0b4042f84b5ae35fc1a1ca66f39f90730e7ad53f951eac6ce5837a479c0b
1377,0wxDAr_4f,My Dearest,"Aug 4, 2023 - Sep 2, 2023",My Dearest (2023) [0wxDAr_4f].jpg,My Dearest (2023) [0wxDAr_4f].jpg,matched,72928,900,1282,JPEG,de105ee9d4c037e5ca5184d95522f07cb3119dbce08d890533e3395af4765b80
1378,Xdbe3g_4f,Behind Your Touch,"Aug 12, 2023 - Oct 1, 2023",Behind Your Touch (2023) [Xdbe3g_4f].jpg,Behind Your Touch (2023) [Xdbe3g_4f].jpg,matched,234904,900,1282,JPEG,a15f78e9f13e9bd4dd824df08e34c68055ac1a4134f5a2f9b27843c5784c222d
1379,X0EKn_4f,Red Balloon,"Dec 17, 2022 - Feb 26, 2023",Red Balloon (2022) [X0EKn_4f].jpg,Red Balloon (2022) [X0EKn_4f].jpg,matched,197171,900,1272,JPEG,b2449771a1d94910f1b025498c52ea98909c6c36685ede9226fd992990701910
1380,eY8Q0Y_4f,Destined with You,"Aug 23, 2023 - Oct 12, 2023",Destined with You (2023) [eY8Q0Y_4f].jpg,Destined with You (2023) [eY8Q0Y_4f].jpg,matched,245663,900,1290,JPEG,feb8178955b52ed8d0dead02470911256cb2fc8c232f555f8c0381098ddb5b51
1381,2wwjwW_4f,Love Class Season 2,"Aug 11, 2023 - Sep 8, 2023",Love Class Season 2 (2023) [2wwjwW_4f].jpg,Love Class Season 2 (2023) [2wwjwW_4f].jpg,matched,178447,900,1291,JPEG,bebee5d1d57ad8c7b0a5a07be14402249ed04c537fc8f005b4939e3cae61e87e
1382,QJ0brv_4f,Why R U?,"Aug 24, 2023 - Sep 14, 2023",Why R U_ (2023) [QJ0brv_4f].jpg,Why R U_ (2023) [QJ0brv_4f].jpg,matched,144458,740,1045,JPEG,52bb98a444144f7e948f32b67df06573896c55cee610b36b508d68f5da5e6c72
1383,5v8b2y_4f,When Life Gives You Tangerines,"Mar 7, 2025 - Mar 28, 2025",When Life Gives You Tangerines (2025) [5v8b2y_4f].jpg,When Life Gives You Tangerines (2025) [5v8b2y_4f].jpg,matched,217049,900,1334,JPEG,8d49ab9221ea449bc817557e307c703e70cec0d736958fb1aca2cc7e9b94cadb
1384,81wLQf,Bel Ami,"Nov 20, 2013 - Jan 9, 2014",Bel Ami (2013) [81wLQf].jpg,Bel Ami (2013) [81wLQf].jpg,matched,182042,655,953,JPEG,1670ca212518bee5c73897a38a2f91a8202dd4e374cb8129eee25d448c7fa8e4
1385,QJlO12_4f,Serendipity's Embrace,"Jul 22, 2024 - Aug 13, 2024",Serendipity's Embrace (2024) [QJlO12_4f].jpg,Serendipity's Embrace (2024) [QJlO12_4f].jpg,matched,187123,900,1275,JPEG,61487752a874a3ebe8a9ea6cebeee34a1746992b05e5bbfc7724364333b9e2f3
1386,1657R_4f,Once Again,"Sep 15, 2022 - Oct 6, 2022",Once Again (2022) [1657R_4f].jpg,Once Again (2022) [1657R_4f].jpg,matched,170647,900,1291,JPEG,df1385047fa8b84fb652639765f0ed4a9479511c0d185f9c4070942f4ba01890
1387,0Z3WK_4f,Hit the Spot,"Dec 23, 2022 - Jan 13, 2023",Hit the Spot (2022) [0Z3WK_4f].jpg,Hit the Spot (2022) [0Z3WK_4f].jpg,matched,159351,900,1280,JPEG,0ebc39c05ae0d850388bc7496d2d4f9eb26f188de29f0b2777656fcccf40e5f5
1388,qYq4j8_4f,Girlfriend Project Day 1,"Aug 19, 2022 - Sep 2, 2022",Girlfriend Project Day 1 (2022) [qYq4j8_4f].jpg,Girlfriend Project Day 1 (2022) [qYq4j8_4f].jpg,matched,158294,900,1273,JPEG,87ee5e36c45c389d5f9fa9a3f1bc1e51c082a7106e556a3841101c294e258089
1389,kAXnyd_4f,A Bloody Lucky Day,"Nov 20, 2023 - Dec 8, 2023",A Bloody Lucky Day (2023) [kAXnyd_4f].jpg,A Bloody Lucky Day (2023) [kAXnyd_4f].jpg,matched,61232,530,759,JPEG,4aa433566bee56479344ee7e2e3631cc52dd13a6bcf6d32219e4e0dcd03101c7
1390,2woy12_4f,Oh! Youngsim,"May 15, 2023 - Jun 13, 2023",Oh! Youngsim (2023) [2woy12_4f].jpg,Oh! Youngsim (2023) [2woy12_4f].jpg,matched,149665,700,990,JPEG,27320f41083212037f12fc8b16d1dc628b4de2cc6a6a18248fcad347f3f39a48
1391,JB8jRy_4f,Bloody Flower,"Feb 4, 2026 - Feb 25, 2026",Bloody Flower (2026) [JB8jRy_4f].jpg,Bloody Flower (2026) [JB8jRy_4f].jpg,matched,145683,900,1287,JPEG,64a367c8dd685f65deccd748242dc649feeba87915724ff1ee1c602145a97010
1392,O8LPEb_4f,Head over Heels,"Jun 23, 2025 - Jul 29, 2025",Head over Heels (2025) [O8LPEb_4f].jpg,Head over Heels (2025) [O8LPEb_4f].jpg,matched,147239,900,1275,JPEG,93439170730b63c369af4e2b458a1a629959de70166f357abb777975d3494c6b
1393,E53720_4f,Uncle Samsik,"May 15, 2024 - Jun 19, 2024",Uncle Samsik (2024) [E53720_4f].jpg,Uncle Samsik (2024) [E53720_4f].jpg,matched,182774,900,1287,JPEG,369eb3034b6c0e5bcc313b7567bd1be88eb28298340e67fc4f51862baada0ab9
1394,1wlvv5_4f,The Whirlwind,"Jun 28, 2024",The Whirlwind (2024) [1wlvv5_4f].jpg,The Whirlwind (2024) [1wlvv5_4f].jpg,matched,266568,900,1334,JPEG,2508a9f7b19b82e771e10f032937dbe7edee2539302d8413a266b93d4f8ea395
1395,RBWq7P_4f,Night Has Come,"Dec 4, 2023 - Dec 21, 2023",Night Has Come (2023) [RBWq7P_4f].jpg,Night Has Come (2023) [RBWq7P_4f].jpg,matched,205070,900,1282,JPEG,df4760b90395b097dfc774e38416e3cfb512ed7d5c3048c1e8f0eb0a459c70be
1396,pqmpV_4f,"Poong, the Joseon Psychiatrist Season 2","Jan 11, 2023 - Feb 9, 2023","Poong, the Joseon Psychiatrist Season 2 (2023) [pqmpV_4f].jpg","Poong, the Joseon Psychiatrist Season 2 (2023) [pqmpV_4f].jpg",matched,315018,900,1294,JPEG,545571730af81309fecb58bb898895a124f76ea15cb7d9cba4a7cb640e7fbc17
1397,x4jKzq_4f,Battle for Happiness,"May 31, 2023 - Jul 20, 2023",Battle for Happiness (2023) [x4jKzq_4f].jpg,Battle for Happiness (2023) [x4jKzq_4f].jpg,matched,63053,540,774,JPEG,919b557728599939735f336bf65d97886454b956c472c3534e952b64ca887f41
1398,qYAz2K_4f,Vengeance of the Bride,"Oct 10, 2022 - Mar 9, 2023",Vengeance of the Bride (2022) [qYAz2K_4f].jpg,Vengeance of the Bride (2022) [qYAz2K_4f].jpg,matched,203117,900,1272,JPEG,3cf85aad5c9ac9f1186480d6b4aafd20c39cdc5c3b3005ce37be9a67f58256f7
1399,x4k80w_4f,Boss-dol Mart,"Sep 15, 2023 - Oct 13, 2023",Boss-dol Mart (2023) [x4k80w_4f].jpg,Boss-dol Mart (2023) [x4k80w_4f].jpg,matched,390851,900,1287,JPEG,7675851036addf4caa41a7c89ef82f28d9dfd48973ae8771115dc4a4f3f67107
1400,pdBK8n_4f,One Day Off,"May 24, 2023 - May 31, 2023",One Day Off (2023) [pdBK8n_4f].jpg,One Day Off (2023) [pdBK8n_4f].jpg,matched,253196,900,1285,JPEG,64b20e5ff2364783e493dec02f4e24308ceffda1525e577a21d2de3ce8c84a8c
1401,Z8RjDq_4f,My 20th Twenty,"Apr 21, 2023 - May 27, 2023",My 20th Twenty (2023) [Z8RjDq_4f].jpg,My 20th Twenty (2023) [Z8RjDq_4f].jpg,matched,167028,900,1278,JPEG,87ab1bf31630712e03dc3fcf3001950b11fea071dfe9c94bf602d285e707abf8
1402,QJXBqQ_4f,Frankly Speaking,"May 1, 2024 - Jun 6, 2024",Frankly Speaking (2024) [QJXBqQ_4f].jpg,Frankly Speaking (2024) [QJXBqQ_4f].jpg,matched,215956,900,1286,JPEG,5047f148ced0bee6d7a471dd1914bf17b8cd915f8583937dfdf404d17d7455ce
1403,E57DpQ_4f,My Lovely Boxer,"Aug 21, 2023 - Oct 2, 2023",My Lovely Boxer (2023) [E57DpQ_4f].jpg,My Lovely Boxer (2023) [E57DpQ_4f].jpg,matched,283418,900,1286,JPEG,24c9b5782e25ace8b4de992cd0042633d8807382d73ec48bbdf4494384baf879
1404,x4vZ6E_4f,Longing for You,"Jul 26, 2023 - Sep 7, 2023",Longing for You (2023) [x4vZ6E_4f].jpg,Longing for You (2023) [x4vZ6E_4f].jpg,matched,199840,900,1286,JPEG,0975e50dbe8ee3058ede235f15c9172bc39897a26247eac734975d65b96b3489
1405,2won0w_4f,Finland Papa,"Apr 29, 2023 - May 14, 2023",Finland Papa (2023) [2won0w_4f].jpg,Finland Papa (2023) [2won0w_4f].jpg,matched,129047,740,1055,JPEG,5650c523e288b67a975ac437f6d9867babf9649d273bbf79513681b053c67d06
1406,2w44jE_4f,Twinkling Watermelon,"Sep 25, 2023 - Nov 14, 2023",Twinkling Watermelon (2023) [2w44jE_4f].jpg,Twinkling Watermelon (2023) [2w44jE_4f].jpg,matched,329773,900,1271,JPEG,e2cf897d695a8cecce671c485a38d3326bc7524ef148ab2f5534481cc79af016
1407,d0dQAf,My Love from the Star,"Dec 18, 2013 - Feb 27, 2014",My Love from the Star (2013) [d0dQAf].jpg,My Love from the Star (2013) [d0dQAf].jpg,matched,168788,855,1280,JPEG,7f840ecf2ac6e8b8e4649d833bfd06674029be6903d714ecbae5aa00bfc7b71c
1408,2wQKwf,Swallow the Sun,"Jul 9, 2009 - Oct 1, 2009",Swallow the Sun (2009) [2wQKwf].jpg,Swallow the Sun (2009) [2wQKwf].jpg,matched,109802,600,892,JPEG,21b8ffbf708beb94bcdb3d5186a0519b8d907057d6bc0fb68c4d609d0560da44
1409,Bdvn3l_4f,Individual Circumstances,"Jan 19, 2023 - Feb 9, 2023",Individual Circumstances (2023) [Bdvn3l_4f].jpg,Individual Circumstances (2023) [Bdvn3l_4f].jpg,matched,201542,900,1283,JPEG,b18b0a59c8f54ab3981b151938985c8dcca0e47acf2308df8c9535c20fea5a16
1410,60Qkq0_4f,Lies Hidden in My Garden,"Jun 19, 2023 - Jul 11, 2023",Lies Hidden in My Garden (2023) [60Qkq0_4f].jpg,Lies Hidden in My Garden (2023) [60Qkq0_4f].jpg,matched,96437,632,900,JPEG,f25c5519e87319e3a97c72be39f03a0d93c9f8b7ac5d1877ac76373f633ba07f
1411,BdqYxl_4f,High Cookie,"Oct 23, 2023 - Nov 23, 2023",High Cookie (2023) [BdqYxl_4f].jpg,High Cookie (2023) [BdqYxl_4f].jpg,matched,227828,900,1292,JPEG,8c1d3f6d0ad9cfe549e2e89ee13b23e69c8a05c85421faa87e88de1d42de17f8
1412,1YXkd_4f,She Makes My Heart Flutter,"Oct 20, 2022 - Nov 6, 2022",She Makes My Heart Flutter (2022) [1YXkd_4f].jpg,She Makes My Heart Flutter (2022) [1YXkd_4f].jpg,matched,194563,900,1273,JPEG,a50a37a3fe7b9e9e660f79b2d8fa17239a28dd77564cfed3b27344daf3c89b83
1413,WPWygl_4f,The Tyrant,"Aug 14, 2024",The Tyrant (2024) [WPWygl_4f].jpg,The Tyrant (2024) [WPWygl_4f].jpg,matched,262355,900,1287,JPEG,9b7cbed603a519e9329e633c735b848edec4848d3e08a7217f067af8f13fc292
1414,2wmq1V_4f,Shadow Detective Season 2,"Jul 5, 2023 - Jul 26, 2023",Shadow Detective Season 2 (2023) [2wmq1V_4f].jpg,Shadow Detective Season 2 (2023) [2wmq1V_4f].jpg,matched,221489,900,1283,JPEG,7ac5078a31dd402210e9ecb50c2a0c2f64f42bcc313eb0d9dbbd4295489fd816
1415,eY3dnQ_4f,The Impossible Heir,"Feb 28, 2024 - Apr 3, 2024",The Impossible Heir (2024) [eY3dnQ_4f].jpg,The Impossible Heir (2024) [eY3dnQ_4f].jpg,matched,83187,559,799,JPEG,d61fca18a35678af7668bea53f4bb84a6ce9941af3151202911ebb72b9a1d195
1416,60zJ2O_4f,My Sweet Mobster,"Jun 12, 2024 - Aug 1, 2024",My Sweet Mobster (2024) [60zJ2O_4f].jpg,My Sweet Mobster (2024) [60zJ2O_4f].jpg,matched,188491,900,1283,JPEG,b141c7f7707eeef01b2ecc4673f5f402a2921f6ed8228049045601ec1d1b033a
1417,QJKyzA_4f,Maestra: Strings of Truth,"Dec 9, 2023 - Jan 14, 2024",Maestra_ Strings of Truth (2023) [QJKyzA_4f].jpg,Maestra_ Strings of Truth (2023) [QJKyzA_4f].jpg,matched,125403,900,1274,JPEG,8564cfe8c417a08ad593b4aa150c832eac0c6aac156262ca86a7b42aa843a39b
1418,d0zgYK_4f,The Killing Vote,"Aug 10, 2023 - Nov 16, 2023",The Killing Vote (2023) [d0zgYK_4f].jpg,The Killing Vote (2023) [d0zgYK_4f].jpg,matched,228709,900,1273,JPEG,13b91d370089ed050698e3cbcd8013e1499ac97201892bf505b51a152c527cf7
1419,Z8voOO_4f,Queen of Divorce,"Jan 31, 2024 - Mar 7, 2024",Queen of Divorce (2024) [Z8voOO_4f].jpg,Queen of Divorce (2024) [Z8voOO_4f].jpg,matched,248156,900,1289,JPEG,4e03945c0ade0c1308fa089fee22238e443c315968ff9a792c93dd0ae09655d6
1420,E5Ndl7_4f,The Frog,"Aug 23, 2024",The Frog (2024) [E5Ndl7_4f].jpg,The Frog (2024) [E5Ndl7_4f].jpg,matched,183503,900,1332,JPEG,57cb64c4edab99d2afc1382f2480c9220944f78dc190448f426bc37f27645be2
1421,rNrOeZ_4f,Gyeongseong Creature Season 2,"Sep 27, 2024",Gyeongseong Creature Season 2 (2024) [rNrOeZ_4f].jpg,Gyeongseong Creature Season 2 (2024) [rNrOeZ_4f].jpg,matched,199296,900,1333,JPEG,e7fe451874cb42a4797ed7a104d2df3bc0b255d6bad150d0a00b7cfba8a3fe64
1422,dNO1d_4f,Youth of May,"May 3, 2021 - Jun 8, 2021",Youth of May (2021) [dNO1d_4f].jpg,Youth of May (2021) [dNO1d_4f].jpg,matched,182579,900,1350,JPEG,e8b958582ef022eaa812394b5d9c5304fb6a65c86bc5299d62cdba2819c141a1
1423,q3oo5_4f,My Fuxxxxx Romance,"Oct 11, 2020 - Oct 29, 2020",My Fuxxxxx Romance (2020) [q3oo5_4f].jpg,My Fuxxxxx Romance (2020) [q3oo5_4f].jpg,matched,73154,672,960,JPEG,d5a20bbe120af867e15b01864621dd6e5a92e74182ebc2b91f335ed96c9c0c2f
1424,pddbzb_4f,The Real Has Come!,"Mar 25, 2023 - Sep 10, 2023",The Real Has Come! (2023) [pddbzb_4f].jpg,The Real Has Come! (2023) [pddbzb_4f].jpg,matched,236783,900,1271,JPEG,873918eab5503ba7b7aaaf0221a0ed2997a369a4189afb683e77442d4eaf1a7c
1425,eYw6QK_4f,Bump Up Business,"Oct 20, 2023",Bump Up Business (2023) [eYw6QK_4f].jpg,Bump Up Business (2023) [eYw6QK_4f].jpg,matched,109487,900,1272,JPEG,d841d3f2e8552cebd49249d9bca833ca15664aa9b07348006e21935a291a752e
1426,wJwdQ1_4f,Welcome to Samdal-ri,"Dec 2, 2023 - Jan 21, 2024",Welcome to Samdal-ri (2023) [wJwdQ1_4f].jpg,Welcome to Samdal-ri (2023) [wJwdQ1_4f].jpg,matched,169765,900,1289,JPEG,e4c3b3ef3fbeb416e9c0e485796333a1a52d7358a14ec250849bd363fe7efa59
1427,60pKAO_4f,Knight Flower,"Jan 12, 2024 - Feb 17, 2024",Knight Flower (2024) [60pKAO_4f].jpg,Knight Flower (2024) [60pKAO_4f].jpg,matched,204990,900,1290,JPEG,86fdb1178fbff12887dbb6f5f3467f699816b6402fc9c541a466f9f394ad8955
1428,QJ1Vw6_4f,Bitch X Rich,"May 31, 2023 - Jun 28, 2023",Bitch X Rich (2023) [QJ1Vw6_4f].jpg,Bitch X Rich (2023) [QJ1Vw6_4f].jpg,matched,298371,900,1286,JPEG,ec17886f7c3ee705badcdbf9116c9ced9485214b3c0bbb7029b17e7f93d06885
1429,eQrVd_4f,Next Door Witch J,"Jun 4, 2021",Next Door Witch J (2021) [eQrVd_4f].jpg,Next Door Witch J (2021) [eQrVd_4f].jpg,matched,113690,650,927,JPEG,d563d37b41aca476e8d9188908b603f130916aab9094c750eed926b3f239b74b
1430,wJVDkn_4f,Hide,"Mar 23, 2024 - Apr 28, 2024",Hide (2024) [wJVDkn_4f].jpg,Hide (2024) [wJVDkn_4f].jpg,matched,142078,900,1286,JPEG,12d6f0ae251fda79d382f5ced3a3960c2c831a8d51717e0305862e025d83bb8c
1431,QJNjwg_4f,A Shop for Killers,"Jan 17, 2024 - Feb 7, 2024",A Shop for Killers (2024) [QJNjwg_4f].jpg,A Shop for Killers (2024) [QJNjwg_4f].jpg,matched,270475,900,1287,JPEG,7ce3b666a8a5767a941f04c8f9915bade7f942dbba49a6741ae172c06a2f0d54
1432,XdAWyp_4f,Numbers,"Jun 23, 2023 - Jul 29, 2023",Numbers (2023) [XdAWyp_4f].jpg,Numbers (2023) [XdAWyp_4f].jpg,matched,189444,900,1280,JPEG,536ffd4603842b2e3bdc9c7e920c3640286676d1e92cf5572d58763e4c64b6f4
1433,d0YzR5_4f,Doctor Slump,"Jan 27, 2024 - Mar 17, 2024",Doctor Slump (2024) [d0YzR5_4f].jpg,Doctor Slump (2024) [d0YzR5_4f].jpg,matched,261247,900,1286,JPEG,066f337bc54d073cc65156e2586dd423c639c26095a9df01de0571faab8abe2a
1434,0wpyqO_4f,Soundtrack #2,"Dec 6, 2023 - Dec 20, 2023",Soundtrack #2 (2023) [0wpyqO_4f].jpg,Soundtrack #2 (2023) [0wpyqO_4f].jpg,matched,192496,900,1125,JPEG,1671c87ee6ef34d59b0b6ca3f23b4b3c58134b2c2f6f941aaf6cb8a13682325f
1435,BdvnL5_4f,Big Bet Season 2,"Feb 15, 2023 - Mar 22, 2023",Big Bet Season 2 (2023) [BdvnL5_4f].jpg,Big Bet Season 2 (2023) [BdvnL5_4f].jpg,matched,141506,900,1278,JPEG,d007cbfd955a102a195909b86c1e465fa1418893f02d0111fe09648f2025faf1
1436,wJlQ5N_4f,Wedding Impossible,"Feb 26, 2024 - Apr 2, 2024",Wedding Impossible (2024) [wJlQ5N_4f].jpg,Wedding Impossible (2024) [wJlQ5N_4f].jpg,matched,172822,847,1200,JPEG,4f916fc33f30c961a56d7e5b5bcaa62c67ed28184bf1df78f524266c8e32d418
1437,O8jdyf,Inspiring Generation,"Jan 15, 2014 - Apr 3, 2014",Inspiring Generation (2014) [O8jdyf].jpg,Inspiring Generation (2014) [O8jdyf].jpg,matched,317858,900,1311,JPEG,ceb00784cfb3a12d348693d1eb028737eb8211bd7d49810d6e6e69652365fda3
1438,2wDxoR_4f,Castaway Diva,"Oct 28, 2023 - Dec 3, 2023",Castaway Diva (2023) [2wDxoR_4f].jpg,Castaway Diva (2023) [2wDxoR_4f].jpg,matched,103364,900,1275,JPEG,47baf2a7ed2faa711bfa0996276a8342735911a5060684f98a204f94d45f2344
1439,2X1XW_4f,Medical Top Team,"Oct 9, 2013 - Dec 12, 2013",Medical Top Team (2013) [2X1XW_4f].jpg,Medical Top Team (2013) [2X1XW_4f].jpg,matched,33089,250,350,JPEG,d04549bb40220369048677c38a0bc8efefbd40df2c1e51a199a2ce704804f8ae
1440,vXjLPq_4f,The Glory Part 2,"Mar 10, 2023",The Glory Part 2 (2023) [vXjLPq_4f].jpg,The Glory Part 2 (2023) [vXjLPq_4f].jpg,matched,53729,520,770,JPEG,434fa71f8d27169a473debf91815448c503eec9e0381469ede2dc924dd433f43
1441,Bd2Vjl_4f,Captivating the King,"Jan 21, 2024 - Mar 3, 2024",Captivating the King (2024) [Bd2Vjl_4f].jpg,Captivating the King (2024) [Bd2Vjl_4f].jpg,matched,169129,900,1275,JPEG,02e2c035af0749b1c1978c8e4b9fe506e741688847d598f0acc48d3d05736fcf
1442,eYjqDQ_4f,Red Swan,"Jul 3, 2024 - Jul 31, 2024",Red Swan (2024) [eYjqDQ_4f].jpg,Red Swan (2024) [eYjqDQ_4f].jpg,matched,189167,900,1125,JPEG,45affdbfce3d1ddc0f3ddd32546e7bef0cfb57be5bcc026d76b5500f8cb9bae5
1443,rN8nEf,Successful Story of a Bright Girl,"Mar 13, 2002 - May 2, 2002",Successful Story of a Bright Girl (2002) [rN8nEf].jpg,Successful Story of a Bright Girl (2002) [rN8nEf].jpg,matched,182899,900,1308,JPEG,68012d2215c082a5eb75d71370afc0f519fac86f03782d0aa5cd3d2dda87734c
1444,mOnN2k_4f,Face Me,"Nov 6, 2024 - Dec 12, 2024",Face Me (2024) [mOnN2k_4f].jpg,Face Me (2024) [mOnN2k_4f].jpg,matched,168456,900,1283,JPEG,bb735f9c438de2790c3e9e5e6b3f08fa9e266207ca5558f42dac7b74cfb9cde3
1445,WPjO4P_4f,Our Dating Sim,"Mar 9, 2023 - Mar 30, 2023",Our Dating Sim (2023) [WPjO4P_4f].jpg,Our Dating Sim (2023) [WPjO4P_4f].jpg,matched,162402,900,1273,JPEG,29423346ee464a75211761a49623c21c32a5a03ad56f5685ffddb111a58f22c6
1446,mO6OPm_4f,I Am a Running Mate,"Jun 19, 2025",I Am a Running Mate (2025) [mO6OPm_4f].jpg,I Am a Running Mate (2025) [mO6OPm_4f].jpg,matched,164512,900,1287,JPEG,17ed12b0298a7568261480da07a0fe2cc8d70dc86e753c19142339887d306806
1447,qYbz7B_4f,Flex X Cop,"Jan 26, 2024 - Mar 23, 2024",Flex X Cop (2024) [qYbz7B_4f].jpg,Flex X Cop (2024) [qYbz7B_4f].jpg,matched,218847,700,1000,JPEG,dc8ce19509f551f6b120071f13c59771a47a4263adc35375dd69245721f4ca16
1448,vXXmNZ_4f,Decoy: Part 2,"Apr 7, 2023 - Apr 21, 2023",Decoy_ Part 2 (2023) [vXXmNZ_4f].jpg,Decoy_ Part 2 (2023) [vXXmNZ_4f].jpg,matched,132763,600,855,JPEG,929daf7ecc216454005efbd24456006c3feaa70de8c52ab4ef1e3a24339db9d2
1449,1wd2zb_4f,Heartbeat,"Jun 26, 2023 - Aug 15, 2023",Heartbeat (2023) [1wd2zb_4f].jpg,Heartbeat (2023) [1wd2zb_4f].jpg,matched,278196,900,1286,JPEG,15044ee4910450cbcea2f859c7bfa7a47bbf8b7f35048c9643a7ca229b0796c7
1450,0w0mZ6_4f,My Demon,"Nov 24, 2023 - Jan 20, 2024",My Demon (2023) [0w0mZ6_4f].jpg,My Demon (2023) [0w0mZ6_4f].jpg,matched,207260,900,1282,JPEG,60dcee055f73cf90f0048df45d7d89d9df47e2f86c54579a3484ef5ec503fd43
1451,3oNXoR_4f,Trigger,"Jul 25, 2025",Trigger (2025) [3oNXoR_4f].jpg,Trigger (2025) [3oNXoR_4f].jpg,matched,307620,900,1125,JPEG,dcae6a243fb124b4d4c842beb79410379ca4f2c4cfbf58054048157ca001d6fb
1452,0wpD0r_4f,My Happy Ending,"Dec 30, 2023 - Feb 25, 2024",My Happy Ending (2023) [0wpD0r_4f].jpg,My Happy Ending (2023) [0wpD0r_4f].jpg,matched,118917,900,1289,JPEG,519f791ade8321f944df12d3391c9940c71f4690c9154d2d8f56f107d3aa3195
1453,oQ50Xz_4f,The Murky Stream,"Sep 26, 2025 - Oct 17, 2025",The Murky Stream (2025) [oQ50Xz_4f].jpg,The Murky Stream (2025) [oQ50Xz_4f].jpg,matched,304595,900,1286,JPEG,efd587de72d6f0db6f130cb827fd0b76d37063595f92abe8d97610b43bcf0052
1454,O8y12y_4f,Gangnam B-Side,"Nov 6, 2024 - Nov 27, 2024",Gangnam B-Side (2024) [O8y12y_4f].jpg,Gangnam B-Side (2024) [O8y12y_4f].jpg,matched,172557,900,1283,JPEG,6e53319d054c82076939ac395258405a856069155f646c2655edf7970c39c3f7
1455,kAWxqr_4f,Bitter Sweet Hell,"May 24, 2024 - Jun 29, 2024",Bitter Sweet Hell (2024) [kAWxqr_4f].jpg,Bitter Sweet Hell (2024) [kAWxqr_4f].jpg,matched,172314,900,1272,JPEG,9e1c7e2dc176a3aed9184ae8de59e82f8e2e7369c1db884b0bf93c13d0433874
1456,wJw8zN_4f,The Matchmakers,"Oct 30, 2023 - Dec 25, 2023",The Matchmakers (2023) [wJw8zN_4f].jpg,The Matchmakers (2023) [wJw8zN_4f].jpg,matched,229053,900,1289,JPEG,3de590bf945acdc8d24cc1d6dc62b92a939c6e0046032c5fdfb19a017736ad36
1457,RBPwLg_4f,The Story of Park's Marriage Contract,"Nov 24, 2023 - Jan 6, 2024",The Story of Park's Marriage Contract (2023) [RBPwLg_4f].jpg,The Story of Park's Marriage Contract (2023) [RBPwLg_4f].jpg,matched,174995,900,1290,JPEG,f708e212b3ee86e31c23b12bd9c5edeacfec9d16cc128c688cac3fb22dc7e2e6
1458,Bd2Dz7_4f,Marry My Husband,"Jan 1, 2024 - Feb 20, 2024",Marry My Husband (2024) [Bd2Dz7_4f].jpg,Marry My Husband (2024) [Bd2Dz7_4f].jpg,matched,134642,900,1275,JPEG,e23cb9514e2aff1d282406e9f2aab0169ce6501d7e82e25b8fe57c0c3572f83c
1459,mOE4Eb_4f,Mercy for None,"Jun 6, 2025",Mercy for None (2025) [mOE4Eb_4f].jpg,Mercy for None (2025) [mOE4Eb_4f].jpg,matched,163432,900,1125,JPEG,f71478260e84b2b69a55d05ec4fd761f8f3036c4df9ed459b030f4aced00e1f4
1460,l0QLZQ_4f,"Dong Jae, the Good or the Bastard","Oct 10, 2024 - Nov 7, 2024","Dong Jae, the Good or the Bastard (2024) [l0QLZQ_4f].jpg","Dong Jae, the Good or the Bastard (2024) [l0QLZQ_4f].jpg",matched,259595,900,1275,JPEG,2a202f9defef085e3621bd9737a74b9d4d980bd58a61dee2abf3c5e46a534679
1461,BdBgXb_4f,Love Mate,"May 4, 2023 - May 25, 2023",Love Mate (2023) [BdBgXb_4f].jpg,Love Mate (2023) [BdBgXb_4f].jpg,matched,273058,900,1273,JPEG,6cc518a7e20b655a346c8bbe321a70f3eabe03343095dcb7dcc65f6c1bd16434
1462,kAWyDd_4f,The Atypical Family,"May 4, 2024 - Jun 9, 2024",The Atypical Family (2024) [kAWyDd_4f].jpg,The Atypical Family (2024) [kAWyDd_4f].jpg,matched,166737,900,1287,JPEG,c2e64ab14f6d108196ef5a75ddbc935115a4b0232cd15c307a83fdf590aa9580
1463,ABZ6wE_4f,The Trunk,"Nov 29, 2024",The Trunk (2024) [ABZ6wE_4f].jpg,The Trunk (2024) [ABZ6wE_4f].jpg,matched,124839,900,1334,JPEG,b679bdfbeba5c725e965cb37f0dbe8fd0c78dff7142259c0202771c93d79066d
1464,2wn5n7_4f,Perfect Family,"Aug 14, 2024 - Sep 19, 2024",Perfect Family (2024) [2wn5n7_4f].jpg,Perfect Family (2024) [2wn5n7_4f].jpg,matched,218433,900,1283,JPEG,cd88e960d6b25eb574f4c5cf91d28b12ee95c5f73f08f41c81de238736e2f5a9
1465,qYOOKQ_4f,Like Flowers in Sand,"Dec 20, 2023 - Jan 31, 2024",Like Flowers in Sand (2023) [qYOOKQ_4f].jpg,Like Flowers in Sand (2023) [qYOOKQ_4f].jpg,matched,230419,900,1290,JPEG,6e9e118cfffc76d72602dcd7a4e424a1e7279edce77ec25e4e240e603e671995
1466,eYnJPQ_4f,Love Song for Illusion,"Jan 2, 2024 - Feb 27, 2024",Love Song for Illusion (2024) [eYnJPQ_4f].jpg,Love Song for Illusion (2024) [eYnJPQ_4f].jpg,matched,196989,900,1286,JPEG,78c155d3322382dfd3aec4a265234cdcfd7ab61ea5f64d689973a989b17d3d9a
1467,rN53dj_4f,Hierarchy,"Jun 7, 2024",Hierarchy (2024) [rN53dj_4f].jpg,Hierarchy (2024) [rN53dj_4f].jpg,matched,180849,900,1333,JPEG,bd7fabd937db2da220da047fe6ecda928f77c3c2d3e143324b272ca87490200e
1468,60olQO_4f,LTNS,"Jan 19, 2024 - Feb 1, 2024",LTNS (2024) [60olQO_4f].jpg,LTNS (2024) [60olQO_4f].jpg,matched,189851,900,1289,JPEG,53afb00064384cd9cf190bf4b8697d1df802444159ddca552548c93064b4d8dd
1469,WPble5_4f,Live Your Own Life,"Sep 16, 2023 - Mar 17, 2024",Live Your Own Life (2023) [WPble5_4f].jpg,Live Your Own Life (2023) [WPble5_4f].jpg,matched,176408,900,1285,JPEG,7b07d54cd4f2b794c3c336cda4eda4535004df36d3c61b35a613edc3e45e47a1
1470,E5PpJW_4f,The Midnight Studio,"Mar 11, 2024 - May 6, 2024",The Midnight Studio (2024) [E5PpJW_4f].jpg,The Midnight Studio (2024) [E5PpJW_4f].jpg,matched,200009,900,1283,JPEG,9c11ddf3487bd7856184cae5db8e5f896499d42cff6615cfe28f1e3d4779b292
1471,wJlbEY_4f,Wonderful World,"Mar 1, 2024 - Apr 13, 2024",Wonderful World (2024) [wJlbEY_4f].jpg,Wonderful World (2024) [wJlbEY_4f].jpg,matched,209626,900,1290,JPEG,226140a3ae1845d10088dc01e99b3fc617a4f63c7a651aade16acf0eb71a9755
1472,XdeOxf,Potato Star 2013QR3,"Sep 23, 2013 - May 15, 2014",Potato Star 2013QR3 (2013) [XdeOxf].jpg,Potato Star 2013QR3 (2013) [XdeOxf].jpg,matched,183187,844,1195,JPEG,a0bb3c33fdbc6b4ba24c043ebacbff45802876e01e632fa93f84ec7e3d299b1f
1473,0wbmRK_4f,Between Him and Her,"Dec 26, 2023 - Mar 15, 2024",Between Him and Her (2023) [0wbmRK_4f].jpg,Between Him and Her (2023) [0wbmRK_4f].jpg,matched,181854,900,1274,JPEG,f167a6263caa3ff1e7d3fd0a1c6cbf12f9605d43a5eeee367f5229bf91776855
1474,VXOmlJ_4f,Check in Hanyang,"Dec 21, 2024 - Feb 9, 2025",Check in Hanyang (2024) [VXOmlJ_4f].jpg,Check in Hanyang (2024) [VXOmlJ_4f].jpg,matched,225005,900,1274,JPEG,53b01cbc65c2c366470fc96d8cce154113d51225fe133f907e7d4e1db313fd6a
1475,Z8Bmj1_4f,High School Return of a Gangster,"May 29, 2024 - Jun 19, 2024",High School Return of a Gangster (2024) [Z8Bmj1_4f].jpg,High School Return of a Gangster (2024) [Z8Bmj1_4f].jpg,matched,199021,900,1286,JPEG,8451519bb7e92a20f0618650a975f3c4293534faccc1b328b912671d9c1b6eeb
1476,QJ7qQv_4f,Pyramid Game,"Feb 29, 2024 - Mar 21, 2024",Pyramid Game (2024) [QJ7qQv_4f].jpg,Pyramid Game (2024) [QJ7qQv_4f].jpg,matched,204546,842,1200,JPEG,fab5d8c8f89667ae3046f7bc07daf472253dba4f153e5caf57ec3944f1e76540
1477,LwP8rb_4f,My Lovely Journey,"Aug 2, 2025 - Aug 31, 2025",My Lovely Journey (2025) [LwP8rb_4f].jpg,My Lovely Journey (2025) [LwP8rb_4f].jpg,matched,168041,900,1289,JPEG,d24f347535e873e5286d69fdd23def85439926a3bbcd94d2e73ea75e6c1b9eb3
1478,YYVyZQ_4f,Tempest,"Sep 10, 2025 - Oct 1, 2025",Tempest (2025) [YYVyZQ_4f].jpg,Tempest (2025) [YYVyZQ_4f].jpg,matched,206604,900,1286,JPEG,603f007a3e7d0b8d2ec640f3356c39ef0f261dc83a0e58ebabb688b81f2c4840
1479,x4K4VE_4f,Lovely Runner,"Apr 8, 2024 - May 28, 2024",Lovely Runner (2024) [x4K4VE_4f].jpg,Lovely Runner (2024) [x4K4VE_4f].jpg,matched,151081,900,1282,JPEG,6ceaf699395330dec901321ec143ea24e6dbf4fa0de8429110ef23a2f7be72de
1480,Bd3KQb_4f,The Escape of the Seven: Resurrection,"Mar 29, 2024 - May 18, 2024",The Escape of the Seven_ Resurrection (2024) [Bd3KQb_4f].jpg,The Escape of the Seven_ Resurrection (2024) [Bd3KQb_4f].jpg,matched,245964,900,1282,JPEG,7ba985012d3f40cd9cbf48d28c9d99406f21c1e16381ffaa93e393642a778c5b
1481,Z8RkV8_4f,Duty after School: Part 2,"Apr 21, 2023",Duty after School_ Part 2 (2023) [Z8RkV8_4f].jpg,Duty after School_ Part 2 (2023) [Z8RkV8_4f].jpg,matched,161780,629,900,JPEG,f03e3d26f48641fb7fc868321550f9eaf006fbc70ac2a6c09e387d48763e6d73
1482,jQXjAb_4f,Boyhood,"Nov 24, 2023 - Dec 22, 2023",Boyhood (2023) [jQXjAb_4f].jpg,Boyhood (2023) [jQXjAb_4f].jpg,matched,225334,900,1285,JPEG,c07e06d1b0dcc01bd9279b0c3b585fb7831e7b361dddc7ef85fe39b1d3426143
1483,oQYpKY_4f,Light Shop,"Dec 4, 2024 - Dec 18, 2024",Light Shop (2024) [oQYpKY_4f].jpg,Light Shop (2024) [oQYpKY_4f].jpg,matched,224764,900,1287,JPEG,1f01cd9ce242c5176cd326dd5e4a29d52fe30ac87d43f21b0ddd668ae9b0714f
1484,O8pn3Y_4f,You and Everything Else,"Sep 12, 2025",You and Everything Else (2025) [O8pn3Y_4f].jpg,You and Everything Else (2025) [O8pn3Y_4f].jpg,matched,181932,900,1125,JPEG,0cdc309747e2bbc6716158b45a95aaf115835ad8a655a3cfc62e6af77e06c60f
1485,l0QRLe_4f,Mr. Plankton,"Nov 8, 2024",Mr. Plankton (2024) [l0QRLe_4f].jpg,Mr. Plankton (2024) [l0QRLe_4f].jpg,matched,209830,900,1334,JPEG,20277171eb5c75859852626f19dc9781a47eed0b55b4d866d53b73ab7d285633
1486,3obERj_4f,The Scandal of Chun Hwa,"Feb 6, 2025 - Mar 6, 2025",The Scandal of Chun Hwa (2025) [3obERj_4f].jpg,The Scandal of Chun Hwa (2025) [3obERj_4f].jpg,matched,274736,900,1286,JPEG,4fe253a056de28a003d78eee42ead42bd3fe047ddfd39ed7b2bd285d6bc2e6cc
1487,g06z6W_4f,Salon De Holmes,"Jun 16, 2025 - Jul 15, 2025",Salon De Holmes (2025) [g06z6W_4f].jpg,Salon De Holmes (2025) [g06z6W_4f].jpg,matched,150319,687,1000,JPEG,552ed2c34ab8e6caadf3b530872322d1a7c2f621c0ddce1c55915373b4a9d2fd
1488,LwRdyr_4f,Dear Hongrang,"May 16, 2025",Dear Hongrang (2025) [LwRdyr_4f].jpg,Dear Hongrang (2025) [LwRdyr_4f].jpg,matched,146775,900,1125,JPEG,92cfae4e09e9eb0a6543cfb12ed96e7a39a87f9d1687219650e11175db442105
1489,1wKdRb_4f,Family by Choice,"Oct 9, 2024 - Nov 27, 2024",Family by Choice (2024) [1wKdRb_4f].jpg,Family by Choice (2024) [1wKdRb_4f].jpg,matched,187308,900,1291,JPEG,7ab010c9c0eeb0f04c15b43419872c26460a3bf37b94f82ba9efeb591aaa5a3e
1490,x4KP3j_4f,Nothing Uncovered,"Mar 18, 2024 - May 7, 2024",Nothing Uncovered (2024) [x4KP3j_4f].jpg,Nothing Uncovered (2024) [x4KP3j_4f].jpg,matched,155881,900,1282,JPEG,70fdecbb9b808a5b7da96eb79ee904e47eb163d4898e41b5b7efe8af153df0cf
1491,5vLEnL_4f,Parole Examiner Lee,"Nov 18, 2024 - Dec 24, 2024",Parole Examiner Lee (2024) [5vLEnL_4f].jpg,Parole Examiner Lee (2024) [5vLEnL_4f].jpg,matched,174305,847,1200,JPEG,c741b381c55235e616d039410546b66b986a33549edb965e75d34cfe4382b3d6
1492,JBoRJX_4f,The Queen Who Crowns,"Jan 6, 2025 - Feb 10, 2025",The Queen Who Crowns (2025) [JBoRJX_4f].jpg,The Queen Who Crowns (2025) [JBoRJX_4f].jpg,matched,139364,900,1275,JPEG,432ff6b5f55b8f28fa88c89723b829a46688cf22c16ea62539858007eb7263fe
1493,b3Rk2Y_4f,The Tale of Lady Ok,"Nov 30, 2024 - Jan 26, 2025",The Tale of Lady Ok (2024) [b3Rk2Y_4f].jpg,The Tale of Lady Ok (2024) [b3Rk2Y_4f].jpg,matched,293011,900,1286,JPEG,8f5377d9e496160f6b8494968598a70ad1729c18ed9421449d2645ca7bda343a
1494,ABRNyg_4f,Study Group,"Jan 23, 2025 - Feb 20, 2025",Study Group (2025) [ABRNyg_4f].jpg,Study Group (2025) [ABRNyg_4f].jpg,matched,197960,900,1290,JPEG,e6c6ae2c3f3c5ea2c3fd6d9070e8414c35add8f45aa47c696539fb15dc6ecd5f
1495,oQ6DJY_4f,Fresh Romance,"Jun 12, 2025 - Jul 3, 2025",Fresh Romance (2025) [oQ6DJY_4f].jpg,Fresh Romance (2025) [oQ6DJY_4f].jpg,matched,137295,828,1211,JPEG,60e3a448aaf11885a8573ffce532b0737546ffca22ce3120d2178a164fcacd22
1496,73EN0L_4f,Nine Puzzles,"May 21, 2025 - Jun 4, 2025",Nine Puzzles (2025) [73EN0L_4f].jpg,Nine Puzzles (2025) [73EN0L_4f].jpg,matched,228730,842,1200,JPEG,069850c40e130c096ac9b9753006b23114a447b4738d43be64440f699d2ce2ba
1497,kAE4pk_4f,Love for Love's Sake,"Jan 24, 2024 - Feb 1, 2024",Love for Love's Sake (2024) [kAE4pk_4f].jpg,Love for Love's Sake (2024) [kAE4pk_4f].jpg,matched,149114,900,1273,JPEG,baf483d4dd3d6b87fb1233675a01b09178433f681486114b3f4fcd3be81628b4
1498,l0LbAN_4f,"Genie, Make a Wish","Oct 3, 2025","Genie, Make a Wish (2025) [l0LbAN_4f].jpg","Genie, Make a Wish (2025) [l0LbAN_4f].jpg",matched,317117,900,1333,JPEG,6c777ccbdb964dc7f1b7ff8de2c01c5d4d83fc962bbc4a2cb46410aa515b825b
1499,kAdzVb_4f,Dreaming of a Freaking Fairytale,"May 31, 2024 - Jun 28, 2024",Dreaming of a Freaking Fairytale (2024) [kAdzVb_4f].jpg,Dreaming of a Freaking Fairytale (2024) [kAdzVb_4f].jpg,matched,272540,900,1283,JPEG,8f3ecde92f85c53528c6aafef3a25bb17f7d574cb19f3299a9cf8f1a9fd3dec9
1500,Pxoqm3_4f,Unmasked,"Jan 15, 2025 - Feb 19, 2025",Unmasked (2025) [Pxoqm3_4f].jpg,Unmasked (2025) [Pxoqm3_4f].jpg,matched,220646,900,1275,JPEG,a7bac84d4d0847a6b0bdbe3244a200af3b7989dd92121b1a14d4bcc92ea8ab81
1501,wJw3ZY_4f,A Breeze of Love,"Nov 10, 2023",A Breeze of Love (2023) [wJw3ZY_4f].jpg,A Breeze of Love (2023) [wJw3ZY_4f].jpg,matched,267897,900,1287,JPEG,15a3f46de585b26941dfb3e0e75aca64a1b9c334d6a3bbc19e15ac884baf149c
1502,jQg7JO_4f,Romance in the House,"Aug 10, 2024 - Sep 15, 2024",Romance in the House (2024) [jQg7JO_4f].jpg,Romance in the House (2024) [jQg7JO_4f].jpg,matched,175011,900,1286,JPEG,a99b19f157be72e74989f1dda9a8fed4de053d1be561c2489d22511e5fb4e22c
1503,QARr2_4f,Racket Boys,"May 31, 2021 - Aug 9, 2021",Racket Boys (2021) [QARr2_4f].jpg,Racket Boys (2021) [QARr2_4f].jpg,matched,223231,900,1270,JPEG,eb8f60713eb8d37e57819d2b4295ad672d728e99df7670e943cecf0054096a14
1504,602ewO_4f,Beauty and Mr. Romantic,"Mar 23, 2024 - Sep 22, 2024",Beauty and Mr. Romantic (2024) [602ewO_4f].jpg,Beauty and Mr. Romantic (2024) [602ewO_4f].jpg,matched,251477,900,1286,JPEG,51059067dd10310e00defbea11aa418f9236992943475db880953c05da405da0
1505,Nd87lY_4f,I Kill U,"Aug 22, 2025",I Kill U (2025) [Nd87lY_4f].jpg,I Kill U (2025) [Nd87lY_4f].jpg,matched,217036,900,1125,JPEG,83dc52f9cd8139df71cc92872709c737ffd469b19c69925054fa211d43d54cf5
1506,qYbdp2_4f,Branding in Seongsu,"Feb 5, 2024 - Mar 14, 2024",Branding in Seongsu (2024) [qYbdp2_4f].jpg,Branding in Seongsu (2024) [qYbdp2_4f].jpg,matched,205785,900,1291,JPEG,d1ed9ac03f0c6b36e7e6dd96515b1a4f065c8dba4e6fe051889417c5782a4849
1507,RB311x_4f,Jazz for Two,"Mar 26, 2024 - Mar 29, 2024",Jazz for Two (2024) [RB311x_4f].jpg,Jazz for Two (2024) [RB311x_4f].jpg,matched,267428,900,1271,JPEG,f04b70b92b1889c939b1f2c8c545f192d20e0960c104ce5d75ed7d7f4b6ec555
1508,pd3WYr_4f,"No Gain, No Love","Aug 26, 2024 - Oct 1, 2024","No Gain, No Love (2024) [pd3WYr_4f].jpg","No Gain, No Love (2024) [pd3WYr_4f].jpg",matched,192148,900,1275,JPEG,643c70bf8f2775ffe78cd2d5b90eacf09417d86b7b4b6ccbee53fb2063995a24
1509,kAkAZr_4f,My Dearest Part 2,"Oct 13, 2023 - Nov 18, 2023",My Dearest Part 2 (2023) [kAkAZr_4f].jpg,My Dearest Part 2 (2023) [kAkAZr_4f].jpg,matched,267691,900,1283,JPEG,e5aaca62e57368212c7546fcafbb878c1786573bc992ea4934e56db77ad06873
1510,d0wgj0_4f,Perfect Marriage Revenge,"Oct 28, 2023 - Dec 3, 2023",Perfect Marriage Revenge (2023) [d0wgj0_4f].jpg,Perfect Marriage Revenge (2023) [d0wgj0_4f].jpg,matched,140763,600,900,JPEG,5672c920953adfbf1fa58db50aff188491ae7f112401d8a37cb3e8aac3766c8f
1511,6032eK_4f,Unpredictable Family,"Sep 18, 2023 - Mar 22, 2024",Unpredictable Family (2023) [6032eK_4f].jpg,Unpredictable Family (2023) [6032eK_4f].jpg,matched,191289,900,1285,JPEG,9e67623f155732e0269b9b1ec74d8ea3e2b629aa86874a216e515c1c730d7c7a
1512,Z8dVqL_4f,No Way Out: The Roulette,"Jul 31, 2024 - Aug 21, 2024",No Way Out_ The Roulette (2024) [Z8dVqL_4f].jpg,No Way Out_ The Roulette (2024) [Z8dVqL_4f].jpg,matched,186259,900,1282,JPEG,f7fe1c4a6452be81fba947ce5a85a34d2e5a9d27dc235f52366a9e6f0a7a0348
1513,QJXek6_4f,The Midnight Romance in Hagwon,"May 11, 2024 - Jun 30, 2024",The Midnight Romance in Hagwon (2024) [QJXek6_4f].jpg,The Midnight Romance in Hagwon (2024) [QJXek6_4f].jpg,matched,147173,900,1275,JPEG,96d433b10c8272c2367c4a6e81209da5cb677f44d90554c0fe02b437607c8580
1514,QJg1kv_4f,What Comes after Love,"Sep 27, 2024 - Oct 25, 2024",What Comes after Love (2024) [QJg1kv_4f].jpg,What Comes after Love (2024) [QJg1kv_4f].jpg,matched,171762,900,1287,JPEG,d6fa987a6fb7781a07dfd66549a850341d93dbfde9ad7cafda23051f8a3b1e3d
1515,oQXWnx_4f,Love Me,"Dec 19, 2025 - Jan 23, 2026",Love Me (2025) [oQXWnx_4f].jpg,Love Me (2025) [oQXWnx_4f].jpg,matched,197704,900,1289,JPEG,7f71deabfbe180b765def2ff6ee4b85335eb469ae2a18318c689c984967b6e3c
1516,3oNDZe_4f,Low Life,"Jul 16, 2025 - Aug 13, 2025",Low Life (2025) [3oNDZe_4f].jpg,Low Life (2025) [3oNDZe_4f].jpg,matched,271723,839,1200,JPEG,b280fb81cfc1af170c2325037c20c8b850c1607a722f56eadcdee8f854b363ee
1517,vX57e8_4f,Miss Night and Day,"Jun 15, 2024 - Aug 4, 2024",Miss Night and Day (2024) [vX57e8_4f].jpg,Miss Night and Day (2024) [vX57e8_4f].jpg,matched,164432,900,1286,JPEG,a6fe981b99fa8dd9201905a5bebc71c894fcd20a72c00db2c869435e5ca4da95
1518,VX1rEz_4f,Taming the Bad Boy,"Oct 15, 2024 - Nov 12, 2024",Taming the Bad Boy (2024) [VX1rEz_4f].jpg,Taming the Bad Boy (2024) [VX1rEz_4f].jpg,matched,198985,900,1125,JPEG,30b481274d9c2123519252d3d429450b7402bc198c3e48c0301329317f18b780
1519,nORKN6_4f,S Line,"Jul 11, 2025 - Jul 25, 2025",S Line (2025) [nORKN6_4f].jpg,S Line (2025) [nORKN6_4f].jpg,matched,193688,900,1285,JPEG,bcf8d3cc70300d86897fb5eb0489365ec39dfbd64388e198afb8df2a2440e553
1520,QrXPg_4f,Must You Go?,"Feb 26, 2021 - Mar 19, 2021",Must You Go_ (2021) [QrXPg_4f].jpg,Must You Go_ (2021) [QrXPg_4f].jpg,matched,74041,600,849,JPEG,201956b00c92e50ee22c08d9de3c142a1f3e268700ed463ec17023a5c9827a26
1521,oQzRO6_4f,Agent Kim Reactivated,"Jun 26, 2026 - Jul 25, 2026",Agent Kim Reactivated (2026) [oQzRO6_4f].jpg,Agent Kim Reactivated (2026) [oQzRO6_4f].jpg,matched,263052,900,1285,JPEG,01181fdb29877dfd43aaeb2419d9c7de408c5046d4a4fd57f174b8fb122264cd
1522,b3RrKL_4f,Walking on Thin Ice,"Sep 20, 2025 - Oct 26, 2025",Walking on Thin Ice (2025) [b3RrKL_4f].jpg,Walking on Thin Ice (2025) [b3RrKL_4f].jpg,matched,204523,900,1357,JPEG,0dde125ce689de04ea2d74e5b92c11ab1721f54efb5bce94ebf1e511223e4af4
1523,817L5m_4f,Hunter with a Scalpel,"Jun 16, 2025 - Jul 10, 2025",Hunter with a Scalpel (2025) [817L5m_4f].jpg,Hunter with a Scalpel (2025) [817L5m_4f].jpg,matched,206445,900,1125,JPEG,30cafd1c43698de6f094b95a4a240e4db463a0d49ecbfbf39f23ddf15c27591b
1524,2wDvmV_4f,Dare to Love Me,"May 13, 2024 - Jul 2, 2024",Dare to Love Me (2024) [2wDvmV_4f].jpg,Dare to Love Me (2024) [2wDvmV_4f].jpg,matched,170453,900,1286,JPEG,d4e8811441b39b1c1ea182567bbfe3baa07218fe05ed6345e4337a7c7f760d0d
1525,nOJQw6_4f,Love Scout,"Jan 3, 2025 - Feb 14, 2025",Love Scout (2025) [nOJQw6_4f].jpg,Love Scout (2025) [nOJQw6_4f].jpg,matched,186481,900,1282,JPEG,23e1aac047996f3ca5ad2796b6dada2c191a53c050c72a1e46993cfcb90041b5
1526,PxjZ15_4f,One: High School Heroes,"May 30, 2025 - Jun 13, 2025",One_ High School Heroes (2025) [PxjZ15_4f].jpg,One_ High School Heroes (2025) [PxjZ15_4f].jpg,matched,207880,900,1125,JPEG,2fe2e0a2981508ca0afea6c8e0fa73dfe63fa5ab04ffd1d780ea4cd52a158dc2
1527,5v728e_4f,Oh My Ghost Clients,"May 30, 2025 - Jun 28, 2025",Oh My Ghost Clients (2025) [5v728e_4f].jpg,Oh My Ghost Clients (2025) [5v728e_4f].jpg,matched,163923,900,1286,JPEG,c5b0d8c0dc43d9f47d03c9643ded0a69b1b92687123c36c3960db314719d31cd
1528,l0qKq6_4f,Twelve,"Aug 23, 2025 - Sep 14, 2025",Twelve (2025) [l0qKq6_4f].jpg,Twelve (2025) [l0qKq6_4f].jpg,matched,192451,900,1286,JPEG,69173eb6076cd9d5a88df0b58a73c7a40765fc5f23fb089dd74cd8498002fadd
1529,vX3o1W_4f,Cinderella at 2 AM,"Aug 24, 2024 - Sep 22, 2024",Cinderella at 2 AM (2024) [vX3o1W_4f].jpg,Cinderella at 2 AM (2024) [vX3o1W_4f].jpg,matched,141757,800,1146,JPEG,d703f65f37aad0ff9fb5fe0ff6e52c5801411fd800506ed4eeab20126188cd5e
1530,JBbbbX_4f,Newtopia,"Feb 7, 2025 - Mar 21, 2025",Newtopia (2025) [JBbbbX_4f].jpg,Newtopia (2025) [JBbbbX_4f].jpg,matched,226277,900,1286,JPEG,1aeeebee4782cf3dd16178e5ca77f1e5d8b598f7b562dab2ce301468681dc37d
1531,yWZwy1_4f,Karma,"Apr 4, 2025",Karma (2025) [yWZwy1_4f].jpg,Karma (2025) [yWZwy1_4f].jpg,matched,158589,900,1125,JPEG,216d9d92bdb0504d3be01cf95b006f1eb6fda5cb0d78154d670b44df680be233
1532,5vXqKZ_4f,Aema,"Aug 22, 2025",Aema (2025) [5vXqKZ_4f].jpg,Aema (2025) [5vXqKZ_4f].jpg,matched,225294,900,1125,JPEG,8a4ecf8054e2a6f849fcaa2d94fdbe794ccc3be13112daca82313266d6f4166e
1533,1wgjV3_4f,Blossom Campus,"May 16, 2024",Blossom Campus (2024) [1wgjV3_4f].jpg,Blossom Campus (2024) [1wgjV3_4f].jpg,matched,176027,810,1200,JPEG,84ad9cf8cea22e28d14f19c490df337d53c1ba0e2b38b42bc60d5d45fab15817
1534,0wvlXe_4f,Connection,"May 24, 2024 - Jul 6, 2024",Connection (2024) [0wvlXe_4f].jpg,Connection (2024) [0wvlXe_4f].jpg,matched,192642,900,1289,JPEG,58c9a0f0f9a83b788efd1414a8691240df83f3027dd64bd8de513dde524647d7
1535,jQvQgB_4f,Seoul Busters,"Sep 11, 2024 - Oct 30, 2024",Seoul Busters (2024) [jQvQgB_4f].jpg,Seoul Busters (2024) [jQvQgB_4f].jpg,matched,242443,900,1286,JPEG,6c0c9efc98797741ebfe536f55df63deee1ec52b713da25b42ceba97137ab6e6
1536,ABAQWv_4f,Resident Playbook,"Apr 12, 2025 - May 18, 2025",Resident Playbook (2025) [ABAQWv_4f].jpg,Resident Playbook (2025) [ABAQWv_4f].jpg,matched,191187,900,1275,JPEG,6b5f622bc5fb3f4b42dcfdef3c21433838c77767f1ca010435f183d28ad376d8
1537,BdwqVl_4f,The Chairman Is Level 9,"Apr 29, 2024 - Jun 3, 2024",The Chairman Is Level 9 (2024) [BdwqVl_4f].jpg,The Chairman Is Level 9 (2024) [BdwqVl_4f].jpg,matched,178797,900,1273,JPEG,09a193075e8049b5ad8304491bf56a2629c4b8108a4da74cb61428a92078753f
1538,jQ37oy_4f,The Judge from Hell,"Sep 21, 2024 - Nov 2, 2024",The Judge from Hell (2024) [jQ37oy_4f].jpg,The Judge from Hell (2024) [jQ37oy_4f].jpg,matched,247427,900,1286,JPEG,b8fc7fe344bee925f7d7c89b01f6b03d619b0b61ecd3b9ef12e986548d1e64ed
1539,x4ngkw_4f,Love Next Door,"Aug 17, 2024 - Oct 6, 2024",Love Next Door (2024) [x4ngkw_4f].jpg,Love Next Door (2024) [x4ngkw_4f].jpg,matched,321873,900,1287,JPEG,a3ad0c45a37fd7d14491adcd3985cb56d0a1ab7134835d7af7925fc86f3502a6
1540,WwbnX_4f,Imitation,"May 7, 2021 - Jul 23, 2021",Imitation (2021) [WwbnX_4f].jpg,Imitation (2021) [WwbnX_4f].jpg,matched,194937,900,1286,JPEG,dff25bf891adff6b6cc44eef387c42d3530e7fc6aef723f9c4b9cc3594a2b4a0
1541,O8ye8Q_4f,Family Matters,"Nov 29, 2024 - Dec 27, 2024",Family Matters (2024) [O8ye8Q_4f].jpg,Family Matters (2024) [O8ye8Q_4f].jpg,matched,171266,900,1127,JPEG,b0d5819048424350ed47a9790cb201add478082424cd5d502e2f898f055f68ae
1542,YYlemA_4f,Melo Movie,"Feb 14, 2025",Melo Movie (2025) [YYlemA_4f].jpg,Melo Movie (2025) [YYlemA_4f].jpg,matched,155256,900,1333,JPEG,0b9eadff528fd0d566054728795b5866dba84202280bb028fc6def877f9ff783
1543,XdzxYp_4f,Love in the Big City,"Oct 21, 2024",Love in the Big City (2024) [XdzxYp_4f].jpg,Love in the Big City (2024) [XdzxYp_4f].jpg,matched,98476,650,926,JPEG,12cf7bdea953efd3c688e73f25385b95c128063cde73b99842bf0966a94e7cb5
1544,PxDly3_4f,The Defects,"Jul 21, 2025 - Aug 12, 2025",The Defects (2025) [PxDly3_4f].jpg,The Defects (2025) [PxDly3_4f].jpg,matched,193116,900,1286,JPEG,87e5002d490c9d54ee1cc507609deaedc6c4fc9d3bdf669744c45122bc537d1f
1545,xlJmX_4f,Mine,"May 8, 2021 - Jun 27, 2021",Mine (2021) [xlJmX_4f].jpg,Mine (2021) [xlJmX_4f].jpg,matched,143394,900,1275,JPEG,5ca7b0929e0dab431baf8c359727db3dc13bf80249ea46c6f5fe605702995070
1546,3oxXgd_4f,Way Back Love,"Apr 3, 2025 - Apr 17, 2025",Way Back Love (2025) [3oxXgd_4f].jpg,Way Back Love (2025) [3oxXgd_4f].jpg,matched,117869,900,1286,JPEG,b2c10fd67f61859f2c355775190b4d1fa8817f2f003cdd81c45bfe1b6cf2d270
1547,kAJE8k_4f,Snap and Spark,"Dec 15, 2023 - Jan 10, 2024",Snap and Spark (2023) [kAJE8k_4f].jpg,Snap and Spark (2023) [kAJE8k_4f].jpg,matched,187880,900,1287,JPEG,b81d0c2aafc784ae868fe05e6de2928171d0e8fc21fe6cf10489008c435dddab
1548,RBgjnE_4f,Doubt,"Oct 11, 2024 - Nov 15, 2024",Doubt (2024) [RBgjnE_4f].jpg,Doubt (2024) [RBgjnE_4f].jpg,matched,125964,900,1283,JPEG,48ee88a6fc592e517a13dd0aa2bd187bd5ad71a768a4112563413601f0be7f47
1549,9oX6Gf,Bad Guy,"May 26, 2010 - Aug 5, 2010",Bad Guy (2010) [9oX6Gf].jpg,Bad Guy (2010) [9oX6Gf].jpg,matched,51142,414,599,JPEG,6c08117fb8d12107fa3656624a2df5f5b28d2214388dc91cd43b5d1c8eff7cbb
1550,4e3rLd_4f,Missing Crown Prince,"Apr 13, 2024 - Jun 16, 2024",Missing Crown Prince (2024) [4e3rLd_4f].jpg,Missing Crown Prince (2024) [4e3rLd_4f].jpg,matched,279813,900,1290,JPEG,f134e9c9de1d09f005074266d2a2f661a796986a988edb94ca5635db806e1882
1551,g0JEvf,Marry Him If You Dare,"Oct 14, 2013 - Dec 3, 2013",Marry Him If You Dare (2013) [g0JEvf].jpg,Marry Him If You Dare (2013) [g0JEvf].jpg,matched,115417,655,963,JPEG,79e9e566075fcb8e7ccd9328e74bfa8cb3d38c0126878cbcd85db7e3d1fb3fab
1552,XdOwZJ_4f,DNA Lover,"Aug 17, 2024 - Oct 6, 2024",DNA Lover (2024) [XdOwZJ_4f].jpg,DNA Lover (2024) [XdOwZJ_4f].jpg,matched,153686,900,1271,JPEG,d1f36f1c7e59557a617c84b2bd95a605cdfe82a21721bbbe87dae1d047bd53f4
1553,E5YVOf,Golden Rainbow,"Nov 2, 2013 - Mar 30, 2014",Golden Rainbow (2013) [E5YVOf].jpg,Golden Rainbow (2013) [E5YVOf].jpg,matched,140913,500,746,JPEG,6e96a0d2abcb322732b98249e10a17c9854877a1d5604e07debc5c89c01e4ab1
1554,g0wJEW_4f,Hyper Knife,"Mar 19, 2025 - Apr 9, 2025",Hyper Knife (2025) [g0wJEW_4f].jpg,Hyper Knife (2025) [g0wJEW_4f].jpg,matched,205182,900,1200,JPEG,0622d2b8a1aba6f606c300293881962952d0842248d09d18a2f5af5d0e8689df
1555,XdwWLn_4f,Death's Game Part 2,"Jan 5, 2024",Death's Game Part 2 (2024) [XdwWLn_4f].jpg,Death's Game Part 2 (2024) [XdwWLn_4f].jpg,matched,189307,842,1200,JPEG,d90e0b4042f84b5ae35fc1a1ca66f39f90730e7ad53f951eac6ce5837a479c0b
1556,4ejylw_4f,Let Free the Curse of Taekwondo,"Oct 17, 2024 - Nov 7, 2024",Let Free the Curse of Taekwondo (2024) [4ejylw_4f].jpg,Let Free the Curse of Taekwondo (2024) [4ejylw_4f].jpg,matched,142405,900,1275,JPEG,9e8fcb90a478e5dc9bd1276cbb69e08d7a19f69d3b30182be608f4fea517c2e9
1557,jQxqQz_4f,The Auditors,"Jul 6, 2024 - Aug 11, 2024",The Auditors (2024) [jQxqQz_4f].jpg,The Auditors (2024) [jQxqQz_4f].jpg,matched,219700,900,1275,JPEG,a71b6e1de99d30216ad0f0b9309bfda3c110a7d317ae32122b7e1a60d1acef40
1558,rNgkZj_4f,Good Partner,"Jul 12, 2024 - Sep 20, 2024",Good Partner (2024) [rNgkZj_4f].jpg,Good Partner (2024) [rNgkZj_4f].jpg,matched,196570,900,1283,JPEG,16c6eb0a6dc4160735a8a8a78d79245bd486af91960ed8e2c0bed93e0995f823
1559,ABeKxZ_4f,Queen Mantis,"Sep 5, 2025 - Sep 27, 2025",Queen Mantis (2025) [ABeKxZ_4f].jpg,Queen Mantis (2025) [ABeKxZ_4f].jpg,matched,222060,838,1200,JPEG,260142920d41fe2070bf58c78502c7987c009342bf9b35bcf33ad0a0a214601b
1560,RBbxzf,Looking Forward to Romance,"Sep 11, 2013 - Sep 12, 2013",Looking Forward to Romance (2013) [RBbxzf].jpg,Looking Forward to Romance (2013) [RBbxzf].jpg,matched,111824,600,857,JPEG,44e985c98824bfe6e9a5479ad453eeec099c0ac51f5b5718b822d13d9ad262ea
1561,60lLB0_4f,Marry You,"Nov 16, 2024 - Dec 15, 2024",Marry You (2024) [60lLB0_4f].jpg,Marry You (2024) [60lLB0_4f].jpg,matched,126214,900,1274,JPEG,0a0dcba11b119b72ce00deb2653456e099e4a7eaa6dcab8ea802b33257efe89b
1562,wJKZA1_4f,Happy Ending,"Jan 25, 2024 - Feb 8, 2024",Happy Ending (2024) [wJKZA1_4f].jpg,Happy Ending (2024) [wJKZA1_4f].jpg,matched,152842,900,1333,JPEG,b2364ff8c46cbc656eb0d143b128a3078ce47c838013b23a70d0d8fb8665a7e0
1563,x4x7lw_4f,Tarot,"Jul 15, 2024 - Aug 5, 2024",Tarot (2024) [x4x7lw_4f].jpg,Tarot (2024) [x4x7lw_4f].jpg,matched,122692,650,928,JPEG,b9690911609f6f280f5d9dc3ba350db3d1ac9a9a66d69a894ae51e2bdec6fc25
1564,81Ajvd_4f,Confidence Queen,"Sep 6, 2025 - Oct 12, 2025",Confidence Queen (2025) [81Ajvd_4f].jpg,Confidence Queen (2025) [81Ajvd_4f].jpg,matched,160051,698,1000,JPEG,0c1e30656bc916d6dc3208c33f8584ce0e81429f98143fb5db816bf212e322e2
1565,NdEn1A_4f,Our Unwritten Seoul,"May 24, 2025 - Jun 29, 2025",Our Unwritten Seoul (2025) [NdEn1A_4f].jpg,Our Unwritten Seoul (2025) [NdEn1A_4f].jpg,matched,131693,900,1289,JPEG,98bf8eefc369a46993ada503df54dee0832243d72806fe9cf3b09b3370ef1e35
1566,l0dAyN_4f,My Youth,"Sep 5, 2025 - Oct 17, 2025",My Youth (2025) [l0dAyN_4f].jpg,My Youth (2025) [l0dAyN_4f].jpg,matched,177280,900,1357,JPEG,3d8cd328b59dc394e9cdc0e7f4d064ec7e9b11834103f150dce1725199027e33
1567,x4WXAX_4f,Dear Hyeri,"Sep 23, 2024 - Oct 29, 2024",Dear Hyeri (2024) [x4WXAX_4f].jpg,Dear Hyeri (2024) [x4WXAX_4f].jpg,matched,206318,900,1287,JPEG,e9d3b44da0d557dc46426d57ca60df6a5578f40b61b01a76c24fef6c2836ab15
1568,QJmY6g_4f,Please Teach Me,"Mar 29, 2024",Please Teach Me (2024) [QJmY6g_4f].jpg,Please Teach Me (2024) [QJmY6g_4f].jpg,matched,58846,723,1024,JPEG,d9a7500cf684c2ade800119f17472e02345ad27328a0601afa646f0036fb53f8
1569,73ZR3B_4f,Love Your Enemy,"Nov 23, 2024 - Dec 29, 2024",Love Your Enemy (2024) [73ZR3B_4f].jpg,Love Your Enemy (2024) [73ZR3B_4f].jpg,matched,171510,900,1275,JPEG,a173e2b6f28d6656d40eaf5be6991c0bff531242c903b6bef234a2b33815333e
1570,nOZrd4_4f,Heavenly Ever After,"Apr 19, 2025 - May 25, 2025",Heavenly Ever After (2025) [nOZrd4_4f].jpg,Heavenly Ever After (2025) [nOZrd4_4f].jpg,matched,117603,900,1289,JPEG,61ac62a6d09977e7aa5bb89980998a211b45e517f61aea864934a431d6d5a51d
1571,Px4RJ0_4f,Heo's Diner,"Mar 24, 2025 - Apr 22, 2025",Heo's Diner (2025) [Px4RJ0_4f].jpg,Heo's Diner (2025) [Px4RJ0_4f].jpg,matched,97003,600,858,JPEG,07fdf6bba741630a318d86b451efd8963ea8661767f185e7e8d95ed038357d1f
1572,JBbg0d_4f,Friendly Rivalry,"Feb 10, 2025 - Mar 6, 2025",Friendly Rivalry (2025) [JBbg0d_4f].jpg,Friendly Rivalry (2025) [JBbg0d_4f].jpg,matched,211867,900,1283,JPEG,cc32e510f1edfb6b116e8b14f99240d176c90a44c2768f0926e0b42c374116e5
1573,zB8Q8z_4f,My Bias Is Showing?!,"Aug 28, 2025 - Sep 25, 2025",My Bias Is Showing_! (2025) [zB8Q8z_4f].jpg,My Bias Is Showing_! (2025) [zB8Q8z_4f].jpg,matched,190765,900,1275,JPEG,cd35f086c83669101006efe8dbd458ca7a9e87fdc5bfef1a28464d45b5fe4c11
1574,qYAln5_4f,Boys Be Brave!,"Apr 25, 2024 - May 16, 2024",Boys Be Brave! (2024) [qYAln5_4f].jpg,Boys Be Brave! (2024) [qYAln5_4f].jpg,matched,229979,837,1200,JPEG,e85a88e9751e2bce33b0f999a1a75778d90b5c3bdf4b0d67d39f7bff02f68ae0
1575,mOXX22_4f,Namib,"Dec 23, 2024 - Jan 28, 2025",Namib (2024) [mOXX22_4f].jpg,Namib (2024) [mOXX22_4f].jpg,matched,112522,900,1282,JPEG,266c17fd0a7bdb56ff43237790516b61b12d06329f2b2077f61eda5961906abf
1576,yWODkN_4f,Undercover High School,"Feb 21, 2025 - Mar 29, 2025",Undercover High School (2025) [yWODkN_4f].jpg,Undercover High School (2025) [yWODkN_4f].jpg,matched,173709,900,1283,JPEG,7f6953657fef656a1a69eba99c761264efd9f168f74fd8dd96372bd1cdafdd50
1577,E5pQJ5_4f,Gray Shelter,"Apr 11, 2024 - Apr 25, 2024",Gray Shelter (2024) [E5pQJ5_4f].jpg,Gray Shelter (2024) [E5pQJ5_4f].jpg,matched,149321,900,1273,JPEG,618a990352206d352ea03e0a44088622a3a3ebed4f48b7eb83a24bd161921b6b
1578,Qoj34_4f,Voice Season 4: Judgment Hour,"Jun 18, 2021 - Jul 31, 2021",Voice Season 4_ Judgment Hour (2021) [Qoj34_4f].jpg,Voice Season 4_ Judgment Hour (2021) [Qoj34_4f].jpg,matched,155263,900,1301,JPEG,6065453048237f5a3877d697a132860c84454134e5f5320abd4b1f56145ce803
1579,p6pwy_4f,Reflection of You,"Oct 13, 2021 - Dec 2, 2021",Reflection of You (2021) [p6pwy_4f].jpg,Reflection of You (2021) [p6pwy_4f].jpg,matched,137840,882,1280,JPEG,e648ad27261abea3b6cc15f27c05293929961ed173df134dc47de30ee8680b02
1580,LwqnQg_4f,When the Phone Rings,"Nov 22, 2024 - Jan 4, 2025",When the Phone Rings (2024) [LwqnQg_4f].jpg,When the Phone Rings (2024) [LwqnQg_4f].jpg,matched,135186,900,1275,JPEG,ddf1edd0c57ebb7c660b882d65e7f11ce0a44963b980655c2cb1494ddb0fa2cf
1581,x4yvAN_4f,A Virtuous Business,"Oct 12, 2024 - Nov 17, 2024",A Virtuous Business (2024) [x4yvAN_4f].jpg,A Virtuous Business (2024) [x4yvAN_4f].jpg,matched,275389,900,1289,JPEG,3a9669215a0a4345f3dd114c4fefaf66a8b70ea28c055414e15dca5ea0eac41a
1582,nO2KqN_4f,Brewing Love,"Nov 4, 2024 - Dec 10, 2024",Brewing Love (2024) [nO2KqN_4f].jpg,Brewing Love (2024) [nO2KqN_4f].jpg,matched,146604,840,1200,JPEG,5a2b8d93ecf926ab05a974d76ed69f7043f112492dfbecc8e5681cabe8d51cd5
1583,VXzEmy_4f,The Potato Lab,"Mar 1, 2025 - Apr 6, 2025",The Potato Lab (2025) [VXzEmy_4f].jpg,The Potato Lab (2025) [VXzEmy_4f].jpg,matched,182731,900,1278,JPEG,a4c70c8fbaedf6b17f6c2929b1e48fbd2952fa35feb10a5ae05339655a99c576
1584,wJ8nwJ_4f,Secret Ingredient,"Apr 30, 2024 - Jun 4, 2024",Secret Ingredient (2024) [wJ8nwJ_4f].jpg,Secret Ingredient (2024) [wJ8nwJ_4f].jpg,matched,220046,900,1333,JPEG,ec97a3999fbbd764fbd42ab564a9dd725b8dc36ea01b641e5f13f74413339722
1585,oQNqgE_4f,The Art of Negotiation,"Mar 8, 2025 - Apr 13, 2025",The Art of Negotiation (2025) [oQNqgE_4f].jpg,The Art of Negotiation (2025) [oQNqgE_4f].jpg,matched,133246,900,1272,JPEG,bea41e65e29bc98557329975f1b83a732e830144139175f615d959ca482d97b7
1586,NdbodJ_4f,Buried Hearts,"Feb 21, 2025 - Apr 12, 2025",Buried Hearts (2025) [NdbodJ_4f].jpg,Buried Hearts (2025) [NdbodJ_4f].jpg,matched,127833,900,1272,JPEG,1205048e259531440f133d18941ba55ceded2ed0c98966666c4b922a0c270862
1587,pddEzn_4f,Queenmaker,"Apr 14, 2023",Queenmaker (2023) [pddEzn_4f].jpg,Queenmaker (2023) [pddEzn_4f].jpg,matched,193580,900,1332,JPEG,23af8ee077e1da2407b97e7ede7888f47e83c426f542ae9fa1ad1e5e28e24f51
1588,O8W28L_4f,The Winning Try,"Jul 25, 2025 - Aug 30, 2025",The Winning Try (2025) [O8W28L_4f].jpg,The Winning Try (2025) [O8W28L_4f].jpg,matched,246745,900,1282,JPEG,d98e343e3a9fb8678a2b0d15d617b43d75a1a303adaeef5e42f73f3b1417ccb3
1589,d0QL50_4f,Iron Family,"Sep 28, 2024 - Jan 26, 2025",Iron Family (2024) [d0QL50_4f].jpg,Iron Family (2024) [d0QL50_4f].jpg,matched,173571,900,1275,JPEG,140406faa9cf89e720d6ed3199f23c3f60aeb44885ff8cbe81971d56a4ae75d2
1590,l0Dqz6_4f,My Dearest Nemesis,"Feb 17, 2025 - Mar 24, 2025",My Dearest Nemesis (2025) [l0Dqz6_4f].jpg,My Dearest Nemesis (2025) [l0Dqz6_4f].jpg,matched,189771,900,1275,JPEG,8f8187b2d969aa335be4aa750d35490aa3d75c13cbdd77a5d4e655db45029732
1591,JBeDoo_4f,Blue Boys,"Apr 15, 2024 - May 9, 2024",Blue Boys (2024) [JBeDoo_4f].jpg,Blue Boys (2024) [JBeDoo_4f].jpg,matched,59873,720,1012,JPEG,9762130b5f1866af65b8bdd13b24adbae610312d2737dd04730352a9eae7cfa7
1592,3ogJJm_4f,Bitch X Rich Season 2,"Jul 3, 2025 - Aug 1, 2025",Bitch X Rich Season 2 (2025) [3ogJJm_4f].jpg,Bitch X Rich Season 2 (2025) [3ogJJm_4f].jpg,matched,115088,839,1200,JPEG,a4320feec7d09d2b393309eb1af02ad8881884f59ae0216a9d50b2b96887c5d3
1593,XdzX7w_4f,Dog Knows Everything,"Sep 25, 2024 - Oct 31, 2024",Dog Knows Everything (2024) [XdzX7w_4f].jpg,Dog Knows Everything (2024) [XdzX7w_4f].jpg,matched,224595,900,1275,JPEG,818fe9f32516f05f6bcf7854cb4641314540d50e2b87437ccb756679d7d8f361
1594,x4WKnX_4f,Fragile,"Sep 9, 2024 - Oct 28, 2024",Fragile (2024) [x4WKnX_4f].jpg,Fragile (2024) [x4WKnX_4f].jpg,matched,265876,900,1289,JPEG,7449cb4c2c9e7e7f73e897a416435feebce1321b2eae58efd669e7cdf2c132c8
1595,l0m8bJ_4f,The WONDERfools,"May 15, 2026",The WONDERfools (2026) [l0m8bJ_4f].jpg,The WONDERfools (2026) [l0m8bJ_4f].jpg,matched,288873,900,1333,JPEG,02f0e31dc97d77f03f554d3e443191bbf726d7ac9388c055eada39a531d60ff4
1596,ABo2bL_4f,Motel California,"Jan 10, 2025 - Feb 15, 2025",Motel California (2025) [ABo2bL_4f].jpg,Motel California (2025) [ABo2bL_4f].jpg,matched,253694,900,1289,JPEG,82046ed992fa0a39b75014d7e71dcd85c7886f5f6f824b07189764f3b1030048
1597,DkB67D_4f,The Haunted Palace,"Apr 18, 2025 - Jun 7, 2025",The Haunted Palace (2025) [DkB67D_4f].jpg,The Haunted Palace (2025) [DkB67D_4f].jpg,matched,222657,900,1286,JPEG,77b590d7b303571dbd8e6bb08b0ab6fd6f02e263e21c78e6d02ac0b7e0520319
1598,E53g1b_4f,Fake Buddies,"Apr 27, 2024 - Jun 29, 2024",Fake Buddies (2024) [E53g1b_4f].jpg,Fake Buddies (2024) [E53g1b_4f].jpg,matched,40055,900,675,JPEG,972170b2b318fbf49efcc8dc7ef843b60ab9b441cefd4020d7ce61cdd8153f10
1599,d0ZV8W_4f,Spice up Our Love,"Oct 3, 2024",Spice up Our Love (2024) [d0ZV8W_4f].jpg,Spice up Our Love (2024) [d0ZV8W_4f].jpg,matched,210660,900,1275,JPEG,4d8af29148da84e447d8c87910015770229dab2d60d23869b7e21e8e076411e8
1600,Lw8DY3_4f,Kick Kick Kick Kick,"Feb 5, 2025 - Mar 13, 2025",Kick Kick Kick Kick (2025) [Lw8DY3_4f].jpg,Kick Kick Kick Kick (2025) [Lw8DY3_4f].jpg,matched,212965,900,1271,JPEG,920516c59fc6a048b9ae497ee8e595eb2a8c5fba81329e0c02da4e6c21b74ee6
1601,mOZ0mQ_4f,The Divorce Insurance,"Mar 31, 2025 - May 6, 2025",The Divorce Insurance (2025) [mOZ0mQ_4f].jpg,The Divorce Insurance (2025) [mOZ0mQ_4f].jpg,matched,213384,900,1275,JPEG,efeeab051c592a32fbb57b56122149fecc8c07583c79e84b66a1ca35f5118eb4
1602,g0Rbn1_4f,Squid Game Season 3,"Jun 27, 2025",Squid Game Season 3 (2025) [g0Rbn1_4f].jpg,Squid Game Season 3 (2025) [g0Rbn1_4f].jpg,matched,210216,900,1125,JPEG,9067eb9f3ccf3421d5f3c796ae232b6fda4235e5b0f61642bcb411687aa5d4b4
1603,b3Rxnj_4f,A Hundred Memories,"Sep 13, 2025 - Oct 19, 2025",A Hundred Memories (2025) [b3Rxnj_4f].jpg,A Hundred Memories (2025) [b3Rxnj_4f].jpg,matched,187132,900,1287,JPEG,e65e8799d42c9adf8b9803777eeb1f94b9e0136fe35239a661e95e0baf97eacc
1604,73Lpnf,Dr. Frost,"Nov 23, 2014 - Feb 1, 2015",Dr. Frost (2014) [73Lpnf].jpg,Dr. Frost (2014) [73Lpnf].jpg,matched,98523,520,732,JPEG,84bcff9e5222bb5b7e66502dc67c4f9ec30d8e343c4b19a25d4eee91c77f4917
1605,l01Kbx_4f,Tastefully Yours,"May 12, 2025 - Jun 10, 2025",Tastefully Yours (2025) [l01Kbx_4f].jpg,Tastefully Yours (2025) [l01Kbx_4f].jpg,matched,166421,900,1282,JPEG,73f9249b26d3882013ef889392e01b4f785d8af215531775ff9b59fe88bb8313
1606,WP7VbW_4f,Love in the Apocalypse,"Jul 2, 2024",Love in the Apocalypse (2024) [WP7VbW_4f].jpg,Love in the Apocalypse (2024) [WP7VbW_4f].jpg,matched,174927,900,1130,JPEG,6b3beb46d5c303e8071ac505b14a93c4073845bea818ca8242cd75c2fe6cb99e
1607,yW8EEk_4f,My Girlfriend Is the Man!,"Jul 23, 2025 - Aug 28, 2025",My Girlfriend Is the Man! (2025) [yW8EEk_4f].jpg,My Girlfriend Is the Man! (2025) [yW8EEk_4f].jpg,matched,190798,900,1283,JPEG,7480744ff100404b198f9896489d00e9170871d94f57f298d64c0915ed6b0507
1608,60lvAO_4f,tvN O'PENing: Our Beautiful Summer,"Sep 14, 2024 - Sep 15, 2024",tvN O'PENing_ Our Beautiful Summer (2024) [60lvAO_4f].jpg,tvN O'PENing_ Our Beautiful Summer (2024) [60lvAO_4f].jpg,matched,205944,847,1200,JPEG,f0e4cfe886c2bd7743e7eb273c2789637d7ccf73ba584936c6d409c3b7a850b9
1609,3oXPrj_4f,Our Movie,"Jun 13, 2025 - Jul 19, 2025",Our Movie (2025) [3oXPrj_4f].jpg,Our Movie (2025) [3oXPrj_4f].jpg,matched,172292,900,1271,JPEG,818ae322a4a98d7612ed7384434e72281c3be5625d688d5d03f3bfbb85f86c36
1610,73PkAD_4f,Bad Guy,"Jul 20, 2024 - Aug 5, 2024",Bad Guy (2024) [73PkAD_4f].jpg,Bad Guy (2024) [73PkAD_4f].jpg,matched,58826,720,1012,JPEG,ff8b495507ca61af33be54c13529de8cc2dd1533c978e08aeeb58b7127dd65c7
1611,Kp4E44_4f,Reverse,"Apr 17, 2026 - May 8, 2026",Reverse (2026) [Kp4E44_4f].jpg,Reverse (2026) [Kp4E44_4f].jpg,matched,203658,699,1002,JPEG,ad74ab47586ba882594e83c5df2fa36ed78695dd9769802151d1271d37ff334a
1612,73ZkOj_4f,Social Savvy Class 101,"Nov 10, 2024 - Nov 17, 2024",Social Savvy Class 101 (2024) [73ZkOj_4f].jpg,Social Savvy Class 101 (2024) [73ZkOj_4f].jpg,matched,240496,900,1273,JPEG,413cca97e7848e3dd141255adbe531bdd831ffa566df878ee4cd8754e99c60c1
1613,DkmKVN_4f,The First Night with the Duke,"Jun 11, 2025 - Jul 17, 2025",The First Night with the Duke (2025) [DkmKVN_4f].jpg,The First Night with the Duke (2025) [DkmKVN_4f].jpg,matched,215894,842,1200,JPEG,a912c0977951bc433cab0e5d977b5a94c34e6c941d47fb7e12b2356bb7607eef
1614,g0qrAv_4f,Pump Up the Healthy Love,"Apr 30, 2025 - Jun 5, 2025",Pump Up the Healthy Love (2025) [g0qrAv_4f].jpg,Pump Up the Healthy Love (2025) [g0qrAv_4f].jpg,matched,128398,900,1325,JPEG,285728b35342dc56de6d643d7a3865d7d044e854165f7f4d6e254ada1900ff81
1615,g0zxDr_4f,Seoul Blues,"Aug 18, 2024 - Sep 18, 2024",Seoul Blues (2024) [g0zxDr_4f].jpg,Seoul Blues (2024) [g0zxDr_4f].jpg,matched,92006,720,1012,JPEG,24b9c3c9c757b7c424b4873558a8d3d0ec0006109947f167702cd8d526a16c19
1616,l0qD2e_4f,Mary Kills People,"Aug 1, 2025 - Sep 12, 2025",Mary Kills People (2025) [l0qD2e_4f].jpg,Mary Kills People (2025) [l0qD2e_4f].jpg,matched,98823,900,1272,JPEG,bff3f6b7618f3335992c6295e8780ae2ff2e1e8629fa36138318aa2ec32d7a0b
1617,O8kA0k_4f,Last Summer,"Nov 1, 2025 - Dec 7, 2025",Last Summer (2025) [O8kA0k_4f].jpg,Last Summer (2025) [O8kA0k_4f].jpg,matched,223226,900,1283,JPEG,9113cc031ce9cdd8f7facfbd90c2c0094c9f77b37710c05ff7a7b0bb0fb7a65c
1618,O8777d_4f,Second Shot at Love,"May 12, 2025 - Jun 17, 2025",Second Shot at Love (2025) [O8777d_4f].jpg,Second Shot at Love (2025) [O8777d_4f].jpg,matched,175577,900,1275,JPEG,fa7ca8a5f1514d5a3c3fb392dff19313479e022310f552df154650740477def0
1619,o7D8kf,Secret,"Sep 25, 2013 - Nov 14, 2013",Secret (2013) [o7D8kf].jpg,Secret (2013) [o7D8kf].jpg,matched,164970,680,1000,JPEG,877a2825d2dd84cbdddc2dd8a082a5c72372f38685e34ad0a20e58a8bad88964
1620,YYpZWB_4f,Sorry for Confessing,"Mar 26, 2026",Sorry for Confessing (2026) [YYpZWB_4f].jpg,Sorry for Confessing (2026) [YYpZWB_4f].jpg,matched,241085,900,1286,JPEG,72542e5725a49e847c0bfd11d8696d36e2f63e76464d6fc39c0effe4bd5fbf28
1621,5vEPBA_4f,Gangster Like Me Got a Boyfriend,"Dec 21, 2024",Gangster Like Me Got a Boyfriend (2024) [5vEPBA_4f].jpg,Gangster Like Me Got a Boyfriend (2024) [5vEPBA_4f].jpg,matched,177966,900,1351,JPEG,f8e8c2dc12a313d57171d6cef10c5b12a536daeb15dbafce6db0a5d376c2d83a
1622,pd3QJr_4f,My Damn Business,"Oct 5, 2024 - Nov 16, 2024",My Damn Business (2024) [pd3QJr_4f].jpg,My Damn Business (2024) [pd3QJr_4f].jpg,matched,128015,900,1273,JPEG,39ebdddd10a7dbf28fcabb633fdd1e03a673a9f30c17f872ab7f00844c0508c9
1623,JBddQo_4f,OK! Let’s Get Divorced,"Aug 19, 2026 - ?",OK! Let’s Get Divorced (2026) [JBddQo_4f].jpg,OK! Let’s Get Divorced (2026) [JBddQo_4f].jpg,matched,157467,900,1357,JPEG,a6639d4c6a1e1f3d973cf54e57a6f557311ea7dd9421a082c12601c04047a492
1624,0weBq4_4f,The Time of Fever,"Sep 12, 2024",The Time of Fever (2024) [0weBq4_4f].jpg,The Time of Fever (2024) [0weBq4_4f].jpg,matched,143905,900,1284,JPEG,733b8742ba397c8348b6868074989598794525449d5aa0b40fb121f5277019cf
1625,3og6nj_4f,Law and the City,"Jul 5, 2025 - Aug 10, 2025",Law and the City (2025) [3og6nj_4f].jpg,Law and the City (2025) [3og6nj_4f].jpg,matched,189493,900,1275,JPEG,d8b7c6c8935f2fb255998803e16b904ef80a08428fc525762b375a368962b62a
1626,yWBvNK_4f,For Eagle Brothers,"Feb 1, 2025 - Aug 3, 2025",For Eagle Brothers (2025) [yWBvNK_4f].jpg,For Eagle Brothers (2025) [yWBvNK_4f].jpg,matched,237158,900,1286,JPEG,65ae26770284ea8447e402b54042b7cdb45786d0a853659f1d76334b4f68a300
1627,Lw0pbx_4f,Still Shining,"Mar 6, 2026 - Apr 3, 2026",Still Shining (2026) [Lw0pbx_4f].jpg,Still Shining (2026) [Lw0pbx_4f].jpg,matched,204830,900,1287,JPEG,f523fa1a42678c72f639426a6b2c77a59e593cd661f91570849a7b730336c0f5
1628,l0L5xJ_4f,Typhoon Family,"Oct 11, 2025 - Nov 30, 2025",Typhoon Family (2025) [l0L5xJ_4f].jpg,Typhoon Family (2025) [l0L5xJ_4f].jpg,matched,243638,900,1275,JPEG,7e618e8f96cf6f56f60aa316b42c0dc1392142078ec84afd85a7c08cb9f9c007
1629,zBApZJ_4f,Villains Everywhere,"Mar 19, 2025 - Apr 24, 2025",Villains Everywhere (2025) [zBApZJ_4f].jpg,Villains Everywhere (2025) [zBApZJ_4f].jpg,matched,182862,900,1325,JPEG,58f9945aae0681b3399823dc0bb8c115e3e45f80a21e1178394b3ffe913143c3
1630,JByrYp_4f,"Bon Appetit, Your Majesty","Aug 23, 2025 - Sep 28, 2025","Bon Appetit, Your Majesty (2025) [JByrYp_4f].jpg","Bon Appetit, Your Majesty (2025) [JByrYp_4f].jpg",matched,278874,900,1275,JPEG,737f636b50df6aac280ca8c455a84f244310cfbd04dc1a691677b4692d7112a1
1631,DkKoQN_4f,Nebula,"Sep 2, 2025 - Oct 7, 2025",Nebula (2025) [DkKoQN_4f].jpg,Nebula (2025) [DkKoQN_4f].jpg,matched,187916,900,1200,JPEG,f4aa050f8724b395a6b2b80470ee4ca346b331717f57ff929ee11bb05b4c4e7d
1632,g0pyn1_4f,Phantom Lawyer,"Mar 13, 2026 - May 2, 2026",Phantom Lawyer (2026) [g0pyn1_4f].jpg,Phantom Lawyer (2026) [g0pyn1_4f].jpg,matched,239225,900,1289,JPEG,f6b95e97e26f907865114d72f67a42096b5559a4a1b077bd4ffac3dbb8bde36a
1633,b3bxQx_4f,Love Class Season 3,"May 28, 2026 - Jul 17, 2026",Love Class Season 3 (2026) [b3bxQx_4f].jpg,Love Class Season 3 (2026) [b3bxQx_4f].jpg,matched,127744,900,1280,JPEG,60dba0400983e7e931079f3ed90ac1f92c6b6c6e2fe42abf93148c602ee6d97b
1634,73VmVn_4f,The Art of Sarah,"Feb 13, 2026",The Art of Sarah (2026) [73VmVn_4f].jpg,The Art of Sarah (2026) [73VmVn_4f].jpg,matched,250830,900,1333,JPEG,158bb9db15b4402d963fbb4f571eb2e03c82883a0a80891957b9363b0af7d4ad
1635,oQzv6k_4f,Teach You a Lesson,"Jun 5, 2026",Teach You a Lesson (2026) [oQzv6k_4f].jpg,Teach You a Lesson (2026) [oQzv6k_4f].jpg,matched,226221,900,1333,JPEG,36c8a4364bc3307cd1b27f789bb11d8210828e601bd1ea3e42f53aef323b902a
1636,NdO21J_4f,LOVE.exe,"Nov 13, 2025 - Dec 4, 2025",LOVE.exe (2025) [NdO21J_4f].jpg,LOVE.exe (2025) [NdO21J_4f].jpg,matched,185807,900,1271,JPEG,1b8cc30f5643d9586fef9cc6a0bb5fc499821acb115f3931307eba1edda3073b
1637,PxVQq5_4f,The Story of Bi Hyeong: Enchanted Master of the Goblin,"Oct 3, 2025 - Nov 7, 2025",The Story of Bi Hyeong_ Enchanted Master of the Goblin (2025) [PxVQq5_4f].jpg,The Story of Bi Hyeong_ Enchanted Master of the Goblin (2025) [PxVQq5_4f].jpg,matched,276223,900,1267,JPEG,9a813f00b1b46966bb74af749adc96ee900a2214d14c4568a74e1f9081adacd8
1638,NdN8nJ_4f,Sorry Not Sorry,"Dec 5, 2024 - Feb 27, 2025",Sorry Not Sorry (2024) [NdN8nJ_4f].jpg,Sorry Not Sorry (2024) [NdN8nJ_4f].jpg,matched,174658,900,1287,JPEG,4ec40a8368247fa4560823a2f7167529537e889300a36d98232a6c9d9c47cce7
1639,JBY2Xm_4f,Spring Fever,"Jan 5, 2026 - Feb 10, 2026",Spring Fever (2026) [JBY2Xm_4f].jpg,Spring Fever (2026) [JBY2Xm_4f].jpg,matched,168242,900,1290,JPEG,8ca530399d614b1aa700981b16e7f81d396a3827af56f6ebbfaebd239333739b
1640,JBYLVX_4f,To My Beloved Thief,"Jan 3, 2026 - Feb 22, 2026",To My Beloved Thief (2026) [JBYLVX_4f].jpg,To My Beloved Thief (2026) [JBYLVX_4f].jpg,matched,158460,900,1283,JPEG,8cc83eea43a0b1c34c13065cf484d626cafae681cfa43b9a983c0e591c3c7493
1641,l0dZqx_4f,To the Moon,"Sep 19, 2025 - Oct 31, 2025",To the Moon (2025) [l0dZqx_4f].jpg,To the Moon (2025) [l0dZqx_4f].jpg,matched,295830,900,1289,JPEG,af9cd4e3ed00d08332d4a7407371b234b6661539c56fa9ae61a81aa250eb5500
1642,LwqYm7_4f,Cinderella Game,"Dec 2, 2024 - Apr 25, 2025",Cinderella Game (2024) [LwqYm7_4f].jpg,Cinderella Game (2024) [LwqYm7_4f].jpg,matched,184022,900,1290,JPEG,1e06eb1a715c744b485bee22be2476a754190ed4618aad0bf660c8d626c8de9c
1643,PxVq0y_4f,Ms. Incognito,"Sep 29, 2025 - Nov 4, 2025",Ms. Incognito (2025) [PxVq0y_4f].jpg,Ms. Incognito (2025) [PxVq0y_4f].jpg,matched,170286,900,1286,JPEG,ae3191c27d7d85a7d9f6543f8728b6e6b495e0984eee74542044c93dc83830a0
1644,Dkmvz5_4f,Spring of Youth,"May 6, 2025 - Jul 2, 2025",Spring of Youth (2025) [Dkmvz5_4f].jpg,Spring of Youth (2025) [Dkmvz5_4f].jpg,matched,213384,900,1357,JPEG,b6fc4772ef2e481be96471cac6a25ac62dabf599a8baa7ad14ea6622b9c46ea1
1645,PxDRyZ_4f,"Love, Take Two","Aug 4, 2025 - Sep 9, 2025","Love, Take Two (2025) [PxDRyZ_4f].jpg","Love, Take Two (2025) [PxDRyZ_4f].jpg",matched,192820,900,1282,JPEG,4295c147a0ed5cfcbcebb4c565cb50c92f78b2eeef572240a87d7ff8725cefeb
1646,738QRe_4f,Match Play,"Nov 7, 2024",Match Play (2024) [738QRe_4f].jpg,Match Play (2024) [738QRe_4f].jpg,matched,101031,900,900,JPEG,25f53a9c18a42b7074fff937a918add55e103012dc6b8ca1a3767e4303935f0e
1647,JBbAkm_4f,Heart Stain,"Feb 6, 2025 - Feb 27, 2025",Heart Stain (2025) [JBbAkm_4f].jpg,Heart Stain (2025) [JBbAkm_4f].jpg,matched,129700,894,1350,JPEG,7e7fed33a01347a46739179ec1e13a4a001f1ddbb9f8869d79d2cee748ffac82
1648,l0qkjE_4f,Beyond the Bar,"Aug 2, 2025 - Sep 7, 2025",Beyond the Bar (2025) [l0qkjE_4f].jpg,Beyond the Bar (2025) [l0qkjE_4f].jpg,matched,161148,900,1287,JPEG,a642c5636ff88a8ed12f4e0192f03c3424339ecfe773f6cebf889f25b01e2f3f
1649,oQ07rv_4f,The Dream Life of Mr. Kim,"Oct 25, 2025 - Nov 30, 2025",The Dream Life of Mr. Kim (2025) [oQ07rv_4f].jpg,The Dream Life of Mr. Kim (2025) [oQ07rv_4f].jpg,matched,172520,900,1286,JPEG,c135e7e17fee3f3853f93feaca6dceebb490d86a703221a030048ca2f6764ec4
1650,ByEAq_4f,One Fine Week Season 2,"Dec 22, 2020 - Jan 20, 2021",One Fine Week Season 2 (2020) [ByEAq_4f].jpg,One Fine Week Season 2 (2020) [ByEAq_4f].jpg,matched,203483,900,1273,JPEG,77e0b709626ec7ebea36edba9a8dd8fe40880a834eb26e2b0ba94e34e1881497
1651,mOpzwQ_4f,Climax,"Mar 16, 2026 - Apr 14, 2026",Climax (2026) [mOpzwQ_4f].jpg,Climax (2026) [mOpzwQ_4f].jpg,matched,129798,900,1283,JPEG,2ef0a2029d57186624ba2243b9dfd8ce7ee9067cfd413fc8bbfecf15c8508c94
1652,nOzye6_4f,Gold Land,"Apr 29, 2026 - May 27, 2026",Gold Land (2026) [nOzye6_4f].jpg,Gold Land (2026) [nOzye6_4f].jpg,matched,222179,900,1320,JPEG,c5c2a0c8416be2e242720badc7bdb08595ccf2f576639559038a1f6ac66d92c9
1653,JBy1Vy_4f,The Killer Next Door,"Aug 4, 2025",The Killer Next Door (2025) [JBy1Vy_4f].jpg,The Killer Next Door (2025) [JBy1Vy_4f].jpg,matched,192559,900,1273,JPEG,e9aa1367e38b04b63f4758844970d0ef19b3098d4e50e1b95703a0887a1845ca
1654,VXYNvL_4f,Don't Call Me Ma'am,"Nov 10, 2025 - Dec 16, 2025",Don't Call Me Ma'am (2025) [VXYNvL_4f].jpg,Don't Call Me Ma'am (2025) [VXYNvL_4f].jpg,matched,163307,900,1286,JPEG,6b904ae7bd3be781f80371b10163f035b44a38609d820d61855b21292d063e4d
1655,nOJLOL_4f,You Want Some?,"Dec 5, 2024",You Want Some_ (2024) [nOJLOL_4f].jpg,You Want Some_ (2024) [nOJLOL_4f].jpg,matched,165414,842,1200,JPEG,d20617ac96eae036adfe297d5b54fe193a8d0b41c04be9a3b153b61b9b27f69e
1656,O8pYpg_4f,No Mercy,"Sep 24, 2025 - Oct 16, 2025",No Mercy (2025) [O8pYpg_4f].jpg,No Mercy (2025) [O8pYpg_4f].jpg,matched,83320,580,818,JPEG,e0593f4a4c0066b2773ced82b3671461d2cd42ae1f486c578766834f9c31f32e
1657,b3om0Y_4f,Mousetrap,"Aug 28, 2026",Mousetrap (2026) [b3om0Y_4f].jpg,Mousetrap (2026) [b3om0Y_4f].jpg,matched,171627,900,1333,JPEG,2cfcfd6bf8c8cda677638cc5ae57a9cca8bd48a9652335a82057f81382415bbb
1658,JB7BWJ_4f,Would You Marry Me?,"Oct 10, 2025 - Nov 15, 2025",Would You Marry Me_ (2025) [JB7BWJ_4f].jpg,Would You Marry Me_ (2025) [JB7BWJ_4f].jpg,matched,109900,900,1271,JPEG,aca51295236b966e6ef94b1a5f49c9774ed21c743f3cbeaf594b2d458b7895b1
1659,nOYv5E_4f,My Troublesome Star,"Aug 18, 2025 - Sep 23, 2025",My Troublesome Star (2025) [nOYv5E_4f].jpg,My Troublesome Star (2025) [nOYv5E_4f].jpg,matched,181737,900,1283,JPEG,284e9df451adb658cfd6f7bf39cca06c686ecd2318bae6d7e5f61b7fc01207c6
1660,851nAf,The Suspicious Housekeeper,"Sep 23, 2013 - Nov 26, 2013",The Suspicious Housekeeper (2013) [851nAf].jpg,The Suspicious Housekeeper (2013) [851nAf].jpg,matched,224435,900,1343,JPEG,239f7213fd424a72d8f6c076e801e32a49a9eee55a45065fc7c02c5490d47c7a
1661,l0Prle_4f,Two Some Boys,"Dec 26, 2024 - Jan 24, 2025",Two Some Boys (2024) [l0Prle_4f].jpg,Two Some Boys (2024) [l0Prle_4f].jpg,matched,37340,389,692,JPEG,bbfa66c22b2d9355ddc208ce549a0bc77fdebf3a4132e0ee1af96607c215bab7
1662,RBkzEf,Cheo Yong,"Feb 9, 2014 - Apr 6, 2014",Cheo Yong (2014) [RBkzEf].jpg,Cheo Yong (2014) [RBkzEf].jpg,matched,156472,800,1179,JPEG,f58252e2153a61572893ecd283cb88b1aad8dcbb71f7b01b9295cf96defd6fca
1663,oQXq66_4f,The Judge Returns,"Jan 2, 2026 - Feb 14, 2026",The Judge Returns (2026) [oQXq66_4f].jpg,The Judge Returns (2026) [oQXq66_4f].jpg,matched,161026,900,1283,JPEG,80e155bff1497648c725cbe49b80fd8e6df16e6d94c60a7af34ce9887035262f
1664,JB6gEX_4f,The Legend of Kitchen Soldier,"May 11, 2026 - Jun 16, 2026",The Legend of Kitchen Soldier (2026) [JB6gEX_4f].jpg,The Legend of Kitchen Soldier (2026) [JB6gEX_4f].jpg,matched,321401,900,1271,JPEG,7084beab425e1a1d134746944f41a642641b9f981a085d0c9f2d118ab7e39c1a
1665,Lw0pZ3_4f,Mad Concrete Dreams,"Mar 14, 2026 - Apr 19, 2026",Mad Concrete Dreams (2026) [Lw0pZ3_4f].jpg,Mad Concrete Dreams (2026) [Lw0pZ3_4f].jpg,matched,186082,900,1286,JPEG,e883bb6f7681b8194955706c3c0b1de64395bb77b92b68081ac5535757342d6c
1666,ABVQYL_4f,Shin's Project,"Sep 15, 2025 - Oct 28, 2025",Shin's Project (2025) [ABVQYL_4f].jpg,Shin's Project (2025) [ABVQYL_4f].jpg,matched,220193,900,1282,JPEG,3b557cd7f0ddc3a5cfe7bcce2e0e2ff8d97cc3e257bacfbd15d35dbc2553c5e2
1667,JB0lno_4f,Dream to You,"Jul 13, 2026 - Aug 18, 2026",Dream to You (2026) [JB0lno_4f].jpg,Dream to You (2026) [JB0lno_4f].jpg,matched,187227,900,1283,JPEG,4107b35febc00bd374551bfa708d772bd94905789c182ee2b50fe70f7c93a098
1668,nOD1W2_4f,FC Soldout,"Jan 17, 2025 - Mar 7, 2025",FC Soldout (2025) [nOD1W2_4f].jpg,FC Soldout (2025) [nOD1W2_4f].jpg,matched,156828,773,1160,JPEG,927216859b83ff1dc93092b697bc5d098100d4430bd314366a18ec390c289f30
1669,b35ZxV_4f,Checkered Shirt,"Jan 30, 2025 - Mar 28, 2025",Checkered Shirt (2025) [b35ZxV_4f].jpg,Checkered Shirt (2025) [b35ZxV_4f].jpg,matched,95095,720,1012,JPEG,c34926c535fb02163465b2fcef791f076ca564cc7375353ddfcf0c88ed684f34
1670,PxAXXy_4f,Pro Bono,"Dec 6, 2025 - Jan 11, 2026",Pro Bono (2025) [PxAXXy_4f].jpg,Pro Bono (2025) [PxAXXy_4f].jpg,matched,213054,900,1287,JPEG,ac6402a3228038591818b1102af717d22313d71719b4af80388b0ed57d8bbb68
1671,nOeZpN_4f,Our Universe,"Feb 4, 2026 - Mar 12, 2026",Our Universe (2026) [nOeZpN_4f].jpg,Our Universe (2026) [nOeZpN_4f].jpg,matched,173724,900,1275,JPEG,aab9c9e920a0ca084fa53ded101c2d5233a3d5d6b31a10783d0c4b6319737c4c
1672,JB5Beo_4f,Undercover Miss Hong,"Jan 17, 2026 - Mar 8, 2026",Undercover Miss Hong (2026) [JB5Beo_4f].jpg,Undercover Miss Hong (2026) [JB5Beo_4f].jpg,matched,198222,900,1275,JPEG,2e314044f93aaa4672d561e938eaec37f665134f444ff14a97e40a13c8677e69
1673,O8KkLk_4f,Our Sticky Love,"Aug 7, 2026",Our Sticky Love (2026) [O8KkLk_4f].jpg,Our Sticky Love (2026) [O8KkLk_4f].jpg,matched,212936,900,1333,JPEG,28befe03f567bf650d5fec575f3c12ed40e4a528e75a1e343c2bc6484e374883
1674,yW1A5K_4f,The Scarecrow,"Apr 20, 2026 - May 26, 2026",The Scarecrow (2026) [yW1A5K_4f].jpg,The Scarecrow (2026) [yW1A5K_4f].jpg,matched,225109,900,1287,JPEG,af42fa13d7ca4975822a8fdb9a05c007cec1e2416bd9dc3ed659ed190252372d
1675,DkjYBy_4f,Made in Korea Season 2,"Sep 9, 2026 - Sep 23, 2026",Made in Korea Season 2 (2026) [DkjYBy_4f].jpg,Made in Korea Season 2 (2026) [DkjYBy_4f].jpg,matched,216877,900,1287,JPEG,33af61083ec1abcae8a2840e60d446a031e3076725a5d838c7047bf115d33652
1676,81VObl_4f,The Practical Guide to Love,"Feb 28, 2026 - Apr 5, 2026",The Practical Guide to Love (2026) [81VObl_4f].jpg,The Practical Guide to Love (2026) [81VObl_4f].jpg,matched,183420,900,1286,JPEG,5aeaf83350ad7f5c83cb279a1e96e7e09cbd5a94f08a57795fb7cdb151e3dc6b
1677,YYN2ne_4f,Notes from the Last Row,"Jun 26, 2026",Notes from the Last Row (2026) [YYN2ne_4f].jpg,Notes from the Last Row (2026) [YYN2ne_4f].jpg,matched,316404,900,1333,JPEG,3f71afd7f9127d662955b96466ad2834d1a724146a2c842b9ba887edacc9fdd7
1678,5vBXvB_4f,Close to You,"Mar 8, 2025 - Apr 26, 2025",Close to You (2025) [5vBXvB_4f].jpg,Close to You (2025) [5vBXvB_4f].jpg,matched,217115,848,1200,JPEG,eb68c77c8f374ed387d9c756c5d58327808b9e5c0dd37538946a07cc12f02746
1679,Kpkwd4_4f,Idol I,"Dec 22, 2025 - Jan 27, 2026",Idol I (2025) [Kpkwd4_4f].jpg,Idol I (2025) [Kpkwd4_4f].jpg,matched,184528,900,1283,JPEG,3cd81d9cdfbbb0886aa8fe4e0acdebc8b807b9f28fed30ef8bacecbaf80b3d01
1680,g0AYoO_4f,First Lady,"Sep 24, 2025 - Oct 30, 2025",First Lady (2025) [g0AYoO_4f].jpg,First Lady (2025) [g0AYoO_4f].jpg,matched,176761,900,1286,JPEG,63f52e8702bfeb809112609e6e8e0b2a62a0a8b69d7ae28e6064019b5b70e577
1681,g0dxWo_4f,Sold Out on You,"Apr 22, 2026 - May 28, 2026",Sold Out on You (2026) [g0dxWo_4f].jpg,Sold Out on You (2026) [g0dxWo_4f].jpg,matched,418678,900,1289,JPEG,13de84fcf0c282ff9fbe958427ea396b28bcff877973c239b94ed38a49f53c4d
1682,nOowWE_4f,My Royal Nemesis,"May 8, 2026 - Jun 20, 2026",My Royal Nemesis (2026) [nOowWE_4f].jpg,My Royal Nemesis (2026) [nOowWE_4f].jpg,matched,436998,900,1268,JPEG,edd491d4fbde0b25d507cb2639c20334795ecc27fa50ebd3932e81d584ed6586
1683,Ndz5rW_4f,Honour,"Feb 2, 2026 - Mar 10, 2026",Honour (2026) [Ndz5rW_4f].jpg,Honour (2026) [Ndz5rW_4f].jpg,matched,128227,900,1287,JPEG,a8ffe63a5933ccc83fdd06b6aba9aee1977f14872677f244c7ae24a02808ecec
1684,VX3z3Q_4f,If Wishes Could Kill,"Apr 24, 2026",If Wishes Could Kill (2026) [VX3z3Q_4f].jpg,If Wishes Could Kill (2026) [VX3z3Q_4f].jpg,matched,196978,900,1334,JPEG,4ece77cf1aa2a9e5a28e5b1d41b64b91f7277dc809cb0580bdda0ac8ca2c903f
1685,JBrDZp_4f,Siren’s Kiss,"Mar 2, 2026 - Apr 7, 2026",Siren’s Kiss (2026) [JBrDZp_4f].jpg,Siren’s Kiss (2026) [JBrDZp_4f].jpg,matched,156739,900,1283,JPEG,afd9e5856b49bb85d830c46d55df19d0730e95f57c90dbb27e57541e03d39bec
1686,KpOvwj_4f,Heroes Next Door,"Nov 17, 2025 - Dec 16, 2025",Heroes Next Door (2025) [KpOvwj_4f].jpg,Heroes Next Door (2025) [KpOvwj_4f].jpg,matched,193010,900,1286,JPEG,757dde1b1d40d94b0e0fcc466664e002a0f8217781d92e92bab1be2e3d3ac4a7
1687,ABQE1L_4f,Sweetheart Service,"May 9, 2025 - Jul 31, 2025",Sweetheart Service (2025) [ABQE1L_4f].jpg,Sweetheart Service (2025) [ABQE1L_4f].jpg,matched,170498,810,1200,JPEG,a38280305813dff6e677c4a089461a239a8d54985445bfe8b172c5cbfe6d97bd
1688,NdEgQR_4f,Something's Not Right,"Apr 16, 2025 - May 8, 2025",Something's Not Right (2025) [NdEgQR_4f].jpg,Something's Not Right (2025) [NdEgQR_4f].jpg,matched,161142,900,1272,JPEG,7c649387251589f6ab0b3f507c3a711b49eaa4b6b9b9a81f51eb52308f7280ed
1689,Dk61ey_4f,Reborn Rookie,"May 30, 2026 - Jul 5, 2026",Reborn Rookie (2026) [Dk61ey_4f].jpg,Reborn Rookie (2026) [Dk61ey_4f].jpg,matched,104226,900,1288,JPEG,ebae5f6b0a4e42a9c6d50ffd716d9134810b8c499354f3d7611c4267e9914150
1690,mOYNB1_4f,Our Golden Days,"Aug 9, 2025 - Jan 25, 2026",Our Golden Days (2025) [mOYNB1_4f].jpg,Our Golden Days (2025) [mOYNB1_4f].jpg,matched,203237,900,1286,JPEG,f05de0776b99212c49210f30bb5b529fb95bd89a032019dcf188600371419caf
1691,VXy10L_4f,Love Phobia,"Feb 19, 2026 - Mar 13, 2026",Love Phobia (2026) [VXy10L_4f].jpg,Love Phobia (2026) [VXy10L_4f].jpg,matched,141570,900,1357,JPEG,106b5b05c26d72759d27954f377d82bb120b11806c2016f488eba5ffab4f9bbb
1692,yWxZyk_4f,Doctor on the Edge,"Jun 1, 2026 - Jul 7, 2026",Doctor on the Edge (2026) [yWxZyk_4f].jpg,Doctor on the Edge (2026) [yWxZyk_4f].jpg,matched,142104,900,1286,JPEG,8300883839daf9814b4abd05e90ef00c9cd174cf3998a20a086f34e22eee1281
1693,yWnV4B_4f,Human X Gumiho,,Human X Gumiho [yWnV4B_4f].jpg,Human X Gumiho [yWnV4B_4f].jpg,matched,44543,900,1200,JPEG,d62627e5ce4986b02e368abff394058a8b7c4fa71316a3525b8455d9b4dee58e
1694,AB51mv_4f,Doctor Shin,"Mar 14, 2026 - May 3, 2026",Doctor Shin (2026) [AB51mv_4f].jpg,Doctor Shin (2026) [AB51mv_4f].jpg,matched,105930,900,1272,JPEG,35fc284c32d89034ef3197b7fb50249c766022dcfb845da857f8a9e10871297b
1695,Z8zXJf,Passionate Love,"Sep 28, 2013 - Mar 23, 2014",Passionate Love (2013) [Z8zXJf].jpg,Passionate Love (2013) [Z8zXJf].jpg,matched,116985,655,983,JPEG,a5bc31806c806a2633a525da6a5a051c44858f8a85eabeed1c52e2d8505cbaf4
1696,YYWLWP_4f,Yumi's Cells Season 3,"Apr 13, 2026 - May 4, 2026",Yumi's Cells Season 3 (2026) [YYWLWP_4f].jpg,Yumi's Cells Season 3 (2026) [YYWLWP_4f].jpg,matched,216872,900,1289,JPEG,93debd4eaa52b6c54b59a13a63010e6ed0af653ad12fa8595431801e28bf158d
1697,oQXbnN_4f,tvN O'PENing: The Lake of that Day,"Dec 8, 2025",tvN O'PENing_ The Lake of that Day (2025) [oQXbnN_4f].jpg,tvN O'PENing_ The Lake of that Day (2025) [oQXbnN_4f].jpg,matched,204256,847,1200,JPEG,2645a4f1c4a0814a8563f5ab0621dc8c11add327ef695c0681b52dc734dd4c72
1698,zBW4Ae_4f,tvN O'PENing: Mission the Birthday Invitation,"Oct 8, 2025",tvN O'PENing_ Mission the Birthday Invitation (2025) [zBW4Ae_4f].jpg,tvN O'PENing_ Mission the Birthday Invitation (2025) [zBW4Ae_4f].jpg,matched,216154,900,1275,JPEG,787148f678bd599493c8596365f6d667ba9307be838e6183d8fb302f4e8ed0d1
1699,b3z6YZ_4f,tvN O'PENing: The Catstody War,"Aug 17, 2025",tvN O'PENing_ The Catstody War (2025) [b3z6YZ_4f].jpg,tvN O'PENing_ The Catstody War (2025) [b3z6YZ_4f].jpg,matched,165055,900,1275,JPEG,3848050e49d5e78015179aaea37ca8460ec20482e5cd0972f62127952f75daeb
1700,5vpNAf,Dream High,"Jan 3, 2011 - Feb 28, 2011",Dream High (2011) [5vpNAf].jpg,Dream High (2011) [5vpNAf].jpg,matched,107791,600,899,JPEG,82e7532dff5062b5010874a1dd62924655408386fb78d29eb08b611d7fcf866c
1701,b3ovyY_4f,The Affair Was Just the Beginning,"Jul 31, 2026 - Sep 4, 2026",The Affair Was Just the Beginning (2026) [b3ovyY_4f].jpg,The Affair Was Just the Beginning (2026) [b3ovyY_4f].jpg,matched,224253,900,1243,JPEG,dbaeddce114477613a0d6a549e38b43be388e5e8df1fa1be44e94d91fa99114d
1702,734QlB_4f,Marie and Her Three Daddies,"Oct 13, 2025 - Mar 27, 2026",Marie and Her Three Daddies (2025) [734QlB_4f].jpg,Marie and Her Three Daddies (2025) [734QlB_4f].jpg,matched,245496,900,1286,JPEG,699f9441f35896bc6c48628089913d05daae782fc47db79e18606e2f60a15435
1703,JB7ngm_4f,tvN O'PENing: Hwa Ja’s Scarlet,"Oct 3, 2025",tvN O'PENing_ Hwa Ja’s Scarlet (2025) [JB7ngm_4f].jpg,tvN O'PENing_ Hwa Ja’s Scarlet (2025) [JB7ngm_4f].jpg,matched,151762,900,1275,JPEG,8e65544046311a27d651089e707cf2ff01d013314e75322070afee1d40040b30
1704,Kp45k4_4f,We Are All Trying Here,"Apr 18, 2026 - May 24, 2026",We Are All Trying Here (2026) [Kp45k4_4f].jpg,We Are All Trying Here (2026) [Kp45k4_4f].jpg,matched,211522,900,1283,JPEG,7669bf7e232f80b19513bdb803f09c39435a60ef978385d492d86cbdbcad4d95
1705,73vgyf,Unemployed Romance,"Oct 5, 2013 - Dec 7, 2013",Unemployed Romance (2013) [73vgyf].jpg,Unemployed Romance (2013) [73vgyf].jpg,matched,89072,540,774,JPEG,6860c4cf7f2c2d0135d8a9302c599672863f64e19afc4a6a7659f284e358ce19
1706,Rp0Zz_4f,Cafe Midnight Season 3: The Curious Stalker,"Feb 19, 2021",Cafe Midnight Season 3_ The Curious Stalker (2021) [Rp0Zz_4f].jpg,Cafe Midnight Season 3_ The Curious Stalker (2021) [Rp0Zz_4f].jpg,matched,57667,430,615,JPEG,4b6a926f5b550e02897c83287e9562490c26d9c0b322a1967571405c35955ccd
1707,vk3NZ_4f,Big Bet,"Dec 21, 2022 - Jan 25, 2023",Big Bet (2022) [vk3NZ_4f].jpg,Big Bet (2022) [vk3NZ_4f].jpg,matched,86348,560,802,JPEG,360147dd745102188b174724256e101140d4c55a32b8919b92ad94cb37c16a3d
1708,zB1xqA_4f,See You at Work Tomorrow!,"Jun 22, 2026 - Jul 28, 2026",See You at Work Tomorrow! (2026) [zB1xqA_4f].jpg,See You at Work Tomorrow! (2026) [zB1xqA_4f].jpg,matched,171820,900,1275,JPEG,d9b429ebdf9ee3b59b31a41d786b34afedbb2965740ccd2190ace4f4637161bb
1709,3od8zd_4f,tvN O'PENing: Housekeeper,"Dec 9, 2025",tvN O'PENing_ Housekeeper (2025) [3od8zd_4f].jpg,tvN O'PENing_ Housekeeper (2025) [3od8zd_4f].jpg,matched,197212,900,1275,JPEG,c7fe9bf83fbf81e8316f223169677c9008ab173b1d816f7466715e7fb46f3ebd
1710,RgW46_4f,Touch Me if You Can,"Nov 5, 2020 - Dec 10, 2020",Touch Me if You Can (2020) [RgW46_4f].jpg,Touch Me if You Can (2020) [RgW46_4f].jpg,matched,56344,430,608,JPEG,ca516b6dd4386c67ce3fd0e2f07b895b953c15f4c7cc95c8fa990bc2357aa663
1711,Dkwg3n_4f,The Husband,"Jul 4, 2026 - Aug 9, 2026",The Husband (2026) [Dkwg3n_4f].jpg,The Husband (2026) [Dkwg3n_4f].jpg,matched,203242,900,1357,JPEG,bdbaf482920a0b00908896b130f98f384a809211df5893622f0cd189de594755
1712,3oXnK4_4f,Ball Boy Tactics,"Jun 5, 2025 - Jun 26, 2025",Ball Boy Tactics (2025) [3oXnK4_4f].jpg,Ball Boy Tactics (2025) [3oXnK4_4f].jpg,matched,139125,848,1199,JPEG,ef4da7da3b3ec1e9321c8f1d3722cf2dc70ffd29aecefbb1d47560b71efaae2d
1713,NdOlNW_4f,Peach Trap,"Nov 6, 2025 - Nov 27, 2025",Peach Trap (2025) [NdOlNW_4f].jpg,Peach Trap (2025) [NdOlNW_4f].jpg,matched,190252,900,1313,JPEG,23199f632505a23f9f8f468f6d74075e8a5ab6d3824ba18bf14a418f4b449614
1714,JB4mBm_4f,Love in Sync,"Jul 4, 2026 - Jul 26, 2026",Love in Sync (2026) [JB4mBm_4f].jpg,Love in Sync (2026) [JB4mBm_4f].jpg,matched,168723,900,1357,JPEG,13bd58ec839044128b5f62515c2d65cdafccdc78087554ec24a4e892103ecf70
1715,mOQKZQ_4f,Filing for Love,"Apr 25, 2026 - May 31, 2026",Filing for Love (2026) [mOQKZQ_4f].jpg,Filing for Love (2026) [mOQKZQ_4f].jpg,matched,182054,900,1286,JPEG,928f8d4130bb4ace2574bc7076a6000c22bcf72e9ba7fc2126300221b67d2648
1716,g0eqq1_4f,Painter of the Night,"May 28, 2026",Painter of the Night (2026) [g0eqq1_4f].jpg,Painter of the Night (2026) [g0eqq1_4f].jpg,matched,139427,900,1351,JPEG,78cca0d5e00ab178dc1eaa79f006cf93d5dfd5b1f996854382beff3de4be121d
1717,73o2gn_4f,New Recruit Season 4: Sabotage,"Aug 24, 2026 - Sep 29, 2026",New Recruit Season 4_ Sabotage (2026) [73o2gn_4f].jpg,New Recruit Season 4_ Sabotage (2026) [73o2gn_4f].jpg,matched,292527,900,1285,JPEG,6c56c47d866fc68d4df3bea1ea30a8d1baab6ed1c3e9a10e26bee651a4f00b27
1718,oQXAnO_4f,Something More than Brothers,"Dec 16, 2025",Something More than Brothers (2025) [oQXAnO_4f].jpg,Something More than Brothers (2025) [oQXAnO_4f].jpg,matched,140032,900,1283,JPEG,40e60f2b939705217ee75a5a38be53e04b5861dbe2896a2443cce18b8a3a4409
1719,0eOlN_4f,Wish You: Your Melody From My Heart,"Dec 4, 2020 - Dec 25, 2020",Wish You_ Your Melody From My Heart (2020) [0eOlN_4f].jpg,Wish You_ Your Melody From My Heart (2020) [0eOlN_4f].jpg,matched,117567,900,1273,JPEG,9298ab0662e6560dd94c2c07235092ef7cdb591e6a537c707bba52180bf60465
1720,AB0Jgq_4f,Thundercloud Rainstorm,"Nov 28, 2025 - Dec 19, 2025",Thundercloud Rainstorm (2025) [AB0Jgq_4f].jpg,Thundercloud Rainstorm (2025) [AB0Jgq_4f].jpg,matched,101398,900,1272,JPEG,29a3c7d6920dbaae822c791dba98452fba06ef4f4403ecf4b7d46fedb6766faf
1721,AB0bJ3_4f,2025 tvN X TVING Short Drama Curation,"Aug 17, 2025 - Dec 9, 2025",2025 tvN X TVING Short Drama Curation (2025) [AB0bJ3_4f].jpg,2025 tvN X TVING Short Drama Curation (2025) [AB0bJ3_4f].jpg,matched,44820,721,960,JPEG,00bdd6a58e04fd62d5a5821463d36ad35f48cffe0f1d7740890c889a7f6d0438
1722,VXmBWL_4f,A Graceful Liar,"Sep 22, 2025 - Feb 20, 2026",A Graceful Liar (2025) [VXmBWL_4f].jpg,A Graceful Liar (2025) [VXmBWL_4f].jpg,matched,289900,900,1260,JPEG,735f26a07707b68d4a8fc1b32ead47a4443c7e9dd7623ebaa31a63d2d5943748
1723,73xmqb_4f,Wrong Number,"Jun 13, 2025 - Jun 28, 2025",Wrong Number (2025) [73xmqb_4f].jpg,Wrong Number (2025) [73xmqb_4f].jpg,matched,40565,900,506,JPEG,d669b24fc5cd8dfbe519d4b9e644c53f57c43a8dae7993cef57f272c7813d682
1724,PxAA70_4f,Positively Yours,"Jan 17, 2026 - Feb 22, 2026",Positively Yours (2026) [PxAA70_4f].jpg,Positively Yours (2026) [PxAA70_4f].jpg,matched,149046,900,1274,JPEG,45e457c334232a669341447ed7df21cf32d8c2557efc77cfb1868d20e7c7c752
1725,yW1lP4_4f,The Hidden Hikikomori Master: Tae Baek Ho,"Apr 16, 2026",The Hidden Hikikomori Master_ Tae Baek Ho (2026) [yW1lP4_4f].jpg,The Hidden Hikikomori Master_ Tae Baek Ho (2026) [yW1lP4_4f].jpg,matched,194550,900,1200,JPEG,e1340acece6a1c05b1ad0b97d255f886ad78fabb7a9bae5c8a5b236d3d36c66f
1726,nOlKO2_4f,Someday of Me,"Nov 28, 2025 - Jan 2, 2026",Someday of Me (2025) [nOlKO2_4f].jpg,Someday of Me (2025) [nOlKO2_4f].jpg,matched,115381,900,1261,JPEG,b74d720196114d2c3e589b1849ab7ecd8df12ea411e70f03014da9986fc630dc
1727,ABWnxP_4f,Where’s My Hero?,"Jun 27, 2025 - Jul 11, 2025",Where’s My Hero_ (2025) [ABWnxP_4f].jpg,Where’s My Hero_ (2025) [ABWnxP_4f].jpg,matched,195244,900,1286,JPEG,3961f49d44186b8f160c13d2403d34dc57d66a2d6e0781977d2ccaba6d438f30
1728,l06boJ_4f,Bulk Up,"Jul 25, 2025",Bulk Up (2025) [l06boJ_4f].jpg,Bulk Up (2025) [l06boJ_4f].jpg,matched,251023,735,1081,JPEG,b316dd4964573123ca34f79200a0df5200bca0888d2fd1fe4bd2e258e25bf152
1729,l0z2x4_4f,A Bona Fide Killer,"Jul 31, 2026 - Sep 12, 2026",A Bona Fide Killer (2026) [l0z2x4_4f].jpg,A Bona Fide Killer (2026) [l0z2x4_4f].jpg,matched,200601,900,1357,JPEG,92a3419fd96699d389c0f228a6e62cff5d3dd6a208722ce4aa78a413e58894f7
1730,JBQqVo_4f,Summertime,"Aug 28, 2026 - ?",Summertime (2026) [JBQqVo_4f].jpg,Summertime (2026) [JBQqVo_4f].jpg,matched,192111,800,1200,JPEG,6b43587fe4ff8496545cfd09dc048c8dc459b4c8d698b069b4bef04f3521580e
1731,mOwKm1_4f,"My Bias, My Boss","Aug 3, 2026 - Sep 8, 2026","My Bias, My Boss (2026) [mOwKm1_4f].jpg","My Bias, My Boss (2026) [mOwKm1_4f].jpg",matched,210402,900,1275,JPEG,855768a85b54e532c412f8b35ccb45454f8d9c985940bba2ef2563ca360be315
1732,Em7BO_4f,Somebody,"Nov 18, 2022",Somebody (2022) [Em7BO_4f].jpg,Somebody (2022) [Em7BO_4f].jpg,matched,43821,500,740,JPEG,87b5131228dab5cac9c179ed0078a26f496f33a514f49c697cd774f89471d4f5
1733,xJ7pr_4f,Mad for Each Other,"May 24, 2021 - Jun 21, 2021",Mad for Each Other (2021) [xJ7pr_4f].jpg,Mad for Each Other (2021) [xJ7pr_4f].jpg,matched,175168,631,900,JPEG,f277437fdfc52dda9628c3c8d9e55d67ad17327fd2bb89af4bf36e949c650311
1734,3oNOLm_4f,Delivered,"Jun 24, 2025 - Aug 10, 2025",Delivered (2025) [3oNOLm_4f].jpg,Delivered (2025) [3oNOLm_4f].jpg,matched,96891,900,900,JPEG,15f4b82c6a8a897078fcb53f3201c812866c0fc45303a3dbf4aeac2149489b1f
1735,oQA8wL_4f,"Four Hands, Two Sonatas","Aug 29, 2026 - Oct 4, 2026","Four Hands, Two Sonatas (2026) [oQA8wL_4f].jpg","Four Hands, Two Sonatas (2026) [oQA8wL_4f].jpg",matched,117803,900,1275,JPEG,30556a058290154d6854ef7a62e111308f76baec2da4e6bf9477a8c69d093d5f
1736,Rqp66_4f,Reborn Rich,"Nov 18, 2022 - Dec 25, 2022",Reborn Rich (2022) [Rqp66_4f].jpg,Reborn Rich (2022) [Rqp66_4f].jpg,matched,85178,650,928,JPEG,76d3e9d4783f0a5a6365679660973e0b3d76434106e243fda7f8eaf8ece82170
1737,PxY0y5_4f,Sexual Lessons: The Side Story,"Jun 29, 2025 - Jul 13, 2025",Sexual Lessons_ The Side Story (2025) [PxY0y5_4f].jpg,Sexual Lessons_ The Side Story (2025) [PxY0y5_4f].jpg,matched,102328,900,1125,JPEG,845cb5620a6f644952e336942d479e408d862b909a66d3e9f45fb60c0bd9bb7d
1738,73WWAN_4f,Queen Bee,"Jul 11, 2025 - Jul 26, 2025",Queen Bee (2025) [73WWAN_4f].jpg,Queen Bee (2025) [73WWAN_4f].jpg,matched,8658,320,180,JPEG,52e6058ad48f8c7f7cfc1eebe7fe952235c99e43309ad1a0a5d49207647ffe8f
1739,oQl5QL_4f,tvN O'PENing: Surgical Road Trip,"Jun 14, 2025",tvN O'PENing_ Surgical Road Trip (2025) [oQl5QL_4f].jpg,tvN O'PENing_ Surgical Road Trip (2025) [oQl5QL_4f].jpg,matched,144592,900,1274,JPEG,c8579720daa33a27835799e788acddcbf060b93d425fb8b7fbe1a2e320188934
1740,VXxpVy_4f,The Prosecutor's Proposal,"Jun 25, 2026 - Jul 24, 2026",The Prosecutor's Proposal (2026) [VXxpVy_4f].jpg,The Prosecutor's Proposal (2026) [VXxpVy_4f].jpg,matched,84096,600,847,JPEG,0437120bf50092fb8d606c287af4b245a2014ad84f5b788231cfc2f0d823c4a5
1741,mO4WZ3_4f,Fifties Professionals,"May 22, 2026 - Jun 27, 2026",Fifties Professionals (2026) [mO4WZ3_4f].jpg,Fifties Professionals (2026) [mO4WZ3_4f].jpg,matched,216567,900,1282,JPEG,65e0b387db49eef1a407510b2f04dc29a94f0022ffd102c30965b3ea1c550070
1742,73jzxB_4f,Love after Death,"Jul 31, 2025",Love after Death (2025) [73jzxB_4f].jpg,Love after Death (2025) [73jzxB_4f].jpg,matched,123074,612,874,JPEG,6366d6a2aaa2c6704150391a83e98d9095d6874f7190840565e1b2e157d2e052
1743,ABjoqv_4f,Recipe for Love,"Jan 31, 2026 - Jul 19, 2026",Recipe for Love (2026) [ABjoqv_4f].jpg,Recipe for Love (2026) [ABjoqv_4f].jpg,matched,186832,900,1357,JPEG,84a18036629f3053f80a293c14b1797bcc9924839c0b73d84ef474556126c6e1
1744,l0nELb_4f,Logged into Your Body,"Jul 27, 2025 - Aug 10, 2025",Logged into Your Body (2025) [l0nELb_4f].jpg,Logged into Your Body (2025) [l0nELb_4f].jpg,matched,109467,900,1125,JPEG,bd839eb036f7a349931a9938563dc36ccda45b268bb70033af098c935a01105f
1745,Lw06oD_4f,Cabbage Your Life,"Mar 26, 2026 - Jun 11, 2026",Cabbage Your Life (2026) [Lw06oD_4f].jpg,Cabbage Your Life (2026) [Lw06oD_4f].jpg,matched,211448,900,1285,JPEG,814c9a1f2b9d0819b15125450341c3750e9f52a1687ed45b92832f52c53a66bf
1746,LwPA1D_4f,The Nameless Season,"Aug 9, 2025 - Sep 13, 2025",The Nameless Season (2025) [LwPA1D_4f].jpg,The Nameless Season (2025) [LwPA1D_4f].jpg,matched,200953,900,1273,JPEG,adcccb5c490dbfb290fe18267f0232ce16e1a52c3d1b052e5f2977b276d959c8
1747,oQR8WY_4f,Prince Barber Shop,"Aug 8, 2025",Prince Barber Shop (2025) [oQR8WY_4f].jpg,Prince Barber Shop (2025) [oQR8WY_4f].jpg,matched,196243,900,1200,JPEG,3b3f208357bf4fbdd46d53b089b13e58b270b5b35795cfa63bcf468b5f2fcc84
1748,YYBxmP_4f,The Most Handsome Couple in Our School,"Jul 16, 2025",The Most Handsome Couple in Our School (2025) [YYBxmP_4f].jpg,The Most Handsome Couple in Our School (2025) [YYBxmP_4f].jpg,matched,41367,900,506,JPEG,1b0bc4548bcbf50843027ce0e1a3e81af15c62b58df4cf7252c47228438f9a19
1749,3oRzJe_4f,On & Off,"Aug 2, 2025 - Aug 22, 2025",On & Off (2025) [3oRzJe_4f].jpg,On & Off (2025) [3oRzJe_4f].jpg,matched,37753,900,506,JPEG,6d5292640ac236b2f29d3fafc55e58325ce59777277b6ace24f8a903c9b76ca5
1750,73j73N_4f,"Me, Myself, and I","Aug 18, 2025","Me, Myself, and I (2025) [73j73N_4f].jpg","Me, Myself, and I (2025) [73j73N_4f].jpg",matched,130485,900,1236,JPEG,ee9b36d8908a877dc3c5e92c063400f9b61b08821ac2dbd024e27512cad23cb5
1751,oQROQL_4f,I'll Repay Infidelity with Infidelity,"Aug 18, 2025",I'll Repay Infidelity with Infidelity (2025) [oQROQL_4f].jpg,I'll Repay Infidelity with Infidelity (2025) [oQROQL_4f].jpg,matched,143515,900,1273,JPEG,20720f066b2d96b1d1cad1b63c25be2648050e6d6b6d3a1051c4756b987bdec3
1752,3oRJoV_4f,"Shut Up, You're the Villain of My Work","Aug 4, 2025","Shut Up, You're the Villain of My Work (2025) [3oRJoV_4f].jpg","Shut Up, You're the Villain of My Work (2025) [3oRJoV_4f].jpg",matched,232845,900,1272,JPEG,60d4b5cd9774cb5359e83c7731075cb0830388924e5a0068ef9ba48ed7ef8a94
1753,73jdPN_4f,Deep Love,"Jul 4, 2025 - Jul 18, 2025",Deep Love (2025) [73jdPN_4f].jpg,Deep Love (2025) [73jdPN_4f].jpg,matched,39098,508,900,JPEG,c5c31aabbaa93ae25d1486d494c5e2ef4975a5cedeb6477f911b02e1bd9ec63f
1754,yWk6oR_4f,Kiss Kiss Sxx,"Oct 29, 2025 - Dec 18, 2025",Kiss Kiss Sxx (2025) [yWk6oR_4f].jpg,Kiss Kiss Sxx (2025) [yWk6oR_4f].jpg,matched,52092,540,800,JPEG,a6119ecd769ecdface1d0cc5c7673b174865a2f645175229332e3115f1b60461
1755,ABVJXg_4f,Half of Me,"Aug 18, 2025",Half of Me (2025) [ABVJXg_4f].jpg,Half of Me (2025) [ABVJXg_4f].jpg,matched,69610,640,1137,JPEG,7d35c5f84cae6b27dcda3e646f78ca7c00461e40c9e61af7cf04d7abf5de4228
1756,73oppb_4f,Check-In with the Queen,"Jul 14, 2026",Check-In with the Queen (2026) [73oppb_4f].jpg,Check-In with the Queen (2026) [73oppb_4f].jpg,matched,118174,658,930,JPEG,e7d0d30e7fc8d89eb38e385ffaf8213003e93d88cc622323f3dbb8789af8ffd0
1757,g0j61v_4f,Boysmate,"Jul 19, 2025 - Aug 28, 2025",Boysmate (2025) [g0j61v_4f].jpg,Boysmate (2025) [g0j61v_4f].jpg,matched,79168,600,850,JPEG,ec5711eae9305c078e0bb9066a9bbf773ab75fa205d84979709fef22b4d39b79
1758,vxv2D_4f,Real:Time:Love Season 4,"Nov 20, 2020 - Jan 8, 2021",Real_Time_Love Season 4 (2020) [vxv2D_4f].jpg,Real_Time_Love Season 4 (2020) [vxv2D_4f].jpg,matched,61639,430,616,JPEG,4f09aa6fdb511e9f5f4b5a7d2cf94ea2019ab655574d8b3969bb24c45efe1caa
1759,VXVAPv_4f,"Goodbye, My Brothers","Jun 13, 2025","Goodbye, My Brothers (2025) [VXVAPv_4f].jpg","Goodbye, My Brothers (2025) [VXVAPv_4f].jpg",matched,147866,602,799,JPEG,3c970e6f135b2484db44cdd44d4bdba9ef8c8b9b793688800a88faae5db3a33e
1760,ABeOEg_4f,Looped in Love and Death,"Aug 15, 2025",Looped in Love and Death (2025) [ABeOEg_4f].jpg,Looped in Love and Death (2025) [ABeOEg_4f].jpg,matched,131711,854,1280,JPEG,979b8a0cbc53293ee8edace02c55f67fc1dc91b14efb565a96e3182bd7f7cb0a
1761,nOkL4E_4f,Summer Crush,"Sep 12, 2025",Summer Crush (2025) [nOkL4E_4f].jpg,Summer Crush (2025) [nOkL4E_4f].jpg,matched,337975,900,1350,JPEG,4b76459dc832b7264d3cd063eb323705a35d4e8bbf8a011c138ab146ec72129e
1762,Lwbj0b_4f,My Boyfriend Is a Sculpture,"Oct 12, 2025 - Oct 26, 2025",My Boyfriend Is a Sculpture (2025) [Lwbj0b_4f].jpg,My Boyfriend Is a Sculpture (2025) [Lwbj0b_4f].jpg,matched,95909,900,1125,JPEG,5864e8df10199932d67fcaa1f77d08cbe26256ed5caa34d4c689e78e1b0f3243
1763,mOK2Aq_4f,Fix the Error!,"Jun 12, 2026 - Jun 26, 2026",Fix the Error! (2026) [mOK2Aq_4f].jpg,Fix the Error! (2026) [mOK2Aq_4f].jpg,matched,155822,900,1125,JPEG,bc38510df7282f3abec2a1d774db0af6feb101ef9482e700151c82eae0696e92
1764,NdV8mY_4f,Romancing the Ghost,"Aug 24, 2025 - Sep 28, 2025",Romancing the Ghost (2025) [NdV8mY_4f].jpg,Romancing the Ghost (2025) [NdV8mY_4f].jpg,matched,128063,900,1125,JPEG,847956a71ed36b32eee24fe87263294925bbfdee470317ddf8176a75e863b3b5
1765,O8pk1Y_4f,Kick in Love,"Aug 14, 2025",Kick in Love (2025) [O8pk1Y_4f].jpg,Kick in Love (2025) [O8pk1Y_4f].jpg,matched,128797,900,1260,JPEG,da657b8e8d931b64f6626e2fd1127879d15aca0fad65547b9c9cfbe868c314b0
1766,nOkOw8_4f,Connect,"Aug 14, 2025 - Sep 4, 2025",Connect (2025) [nOkOw8_4f].jpg,Connect (2025) [nOkOw8_4f].jpg,matched,57650,900,506,JPEG,c640bf96d44f519280d01ae821feec540e25bda21f7f6378e87d89dbddf0d785
1767,YY20Oo_4f,Spooky in Love,"Jul 18, 2026 - Aug 23, 2026",Spooky in Love (2026) [YY20Oo_4f].jpg,Spooky in Love (2026) [YY20Oo_4f].jpg,matched,188588,900,1275,JPEG,4010cacf715666be2852cdbc1cf3f47c5ef415c875ed88e08e4cbd61519fc2a5
1768,YYPOVA_4f,A Killer Recipe,"Dec 16, 2025 - Dec 18, 2025",A Killer Recipe (2025) [YYPOVA_4f].jpg,A Killer Recipe (2025) [YYPOVA_4f].jpg,matched,86089,900,1125,JPEG,1d8661634cceee3c94d1b823b43727cfd81c01b0e7a0e558ef6a83c47a1cf767
1769,YYVvDW_4f,Heart Pounding Change,"Jul 28, 2025 - Aug 26, 2025",Heart Pounding Change (2025) [YYVvDW_4f].jpg,Heart Pounding Change (2025) [YYVvDW_4f].jpg,matched,89347,740,1046,JPEG,c2ef2766fcdd223a37ac61498ed16f0b331127e0d2ffe9e2a6f433a580c43981
1770,O8PDKb_4f,The Apartment Job,"Jul 11, 2026 - Aug 16, 2026",The Apartment Job (2026) [O8PDKb_4f].jpg,The Apartment Job (2026) [O8PDKb_4f].jpg,matched,224035,900,1357,JPEG,7b3fe9b3c7bf4b0ddfa4611cc2fa591b5175fe77c7db8a2497e0e4f8efbb9d63
1771,O8pO2k_4f,Dear You,"Aug 17, 2025 - Oct 7, 2025",Dear You (2025) [O8pO2k_4f].jpg,Dear You (2025) [O8pO2k_4f].jpg,matched,41380,497,900,JPEG,8ec6996f3975f74460e74ae3981a48be6f057d25efddd5420f54b5de2a442ac1
1772,oQ5R4z_4f,My Secret Vampire,"Sep 18, 2025 - Oct 10, 2025",My Secret Vampire (2025) [oQ5R4z_4f].jpg,My Secret Vampire (2025) [oQ5R4z_4f].jpg,matched,264429,900,1283,JPEG,8c2c40bc78d0bc9a98c8c87707db2e34422d25f426e66951df7d354aec991db0
1773,Xq58d_4f,Juvenile Justice,"Feb 25, 2022",Juvenile Justice (2022) [Xq58d_4f].jpg,Juvenile Justice (2022) [Xq58d_4f].jpg,matched,216391,900,1334,JPEG,bf4e4be668fa8db2d7fad6193e25eede390b52fbf6fc930b0b56568b0f9ec073
1774,15Ygy_4f,Secret Garden,"Nov 13, 2010 - Jan 16, 2011",Secret Garden (2010) [15Ygy_4f].jpg,Secret Garden (2010) [15Ygy_4f].jpg,matched,184507,680,1020,JPEG,f1546591b80e222db9144a6cfa570f305ff0ab708d20c05dabda60f29dd96549
1775,1rPKz_4f,"Link: Eat, Love, Kill","Jun 6, 2022 - Jul 26, 2022","Link_ Eat, Love, Kill (2022) [1rPKz_4f].jpg","Link_ Eat, Love, Kill (2022) [1rPKz_4f].jpg",matched,110606,650,930,JPEG,7d2e910c2eb53aeae97f956b89588dabc497ea55a7d2f851e3da401d7c33d0d6
1776,g0AR3P_4f,The Guy Next Door,"Sep 6, 2025 - Oct 15, 2025",The Guy Next Door (2025) [g0AR3P_4f].jpg,The Guy Next Door (2025) [g0AR3P_4f].jpg,matched,146285,900,1200,JPEG,5f2ff523268b4d3da9af0cb43dd4415fd31681ee0aa1cf0e3cbdf44639fe4603
1777,nOe5zQ_4f,Wind Up,"Jan 16, 2026",Wind Up (2026) [nOe5zQ_4f].jpg,Wind Up (2026) [nOe5zQ_4f].jpg,matched,210867,900,1286,JPEG,ead9be0fb27568e3e2001d2027eb8ed5ccf270dafb171304b316e69f8ad918a4
1778,734PvR_4f,Love Change,"Aug 22, 2025 - Oct 10, 2025",Love Change (2025) [734PvR_4f].jpg,Love Change (2025) [734PvR_4f].jpg,matched,104875,720,1280,JPEG,293a837e894a7e8fdcd7179240b61e720c01ec8a1d8788c3fbee4e1dbb891a4a
1779,PxmQdR_4f,Dreaming Freedom,"Mar 24, 2026",Dreaming Freedom (2026) [PxmQdR_4f].jpg,Dreaming Freedom (2026) [PxmQdR_4f].jpg,matched,167808,700,1037,JPEG,8da0c35f670453e7f288776a987ddc615694bd0e3491cdc0d5a4d168d5f92b06
1780,yWLZjd_4f,Never Ending Story,"Sep 3, 2025 - Oct 9, 2025",Never Ending Story (2025) [yWLZjd_4f].jpg,Never Ending Story (2025) [yWLZjd_4f].jpg,matched,40759,500,900,JPEG,3f8e3357c92a4f715506f79f845b9d14c70882c07c9f59613d244b93671767ac
1781,nOkLpE_4f,Your Portrait,,Your Portrait [nOkLpE_4f].jpg,Your Portrait [nOkLpE_4f].jpg,matched,149074,800,1140,JPEG,0bcc151bfbdeb1d2dd6992b9848aeecc18f4fafda8973b267eb81a8215d81ce2
1782,l0L14v_4f,My Team Leader Is Working Late Again,"Aug 22, 2025",My Team Leader Is Working Late Again (2025) [l0L14v_4f].jpg,My Team Leader Is Working Late Again (2025) [l0L14v_4f].jpg,matched,131644,900,1212,JPEG,e5788d99519eba05de5a0f6e15e31086746a23a64e6c4ab1e6f60423b4543f40
1783,JBOEgX_4f,My Love from the Field,"Oct 2, 2025 - Oct 3, 2025",My Love from the Field (2025) [JBOEgX_4f].jpg,My Love from the Field (2025) [JBOEgX_4f].jpg,matched,116363,800,1080,JPEG,df88cab5a621f09035c6561615452c3e60a214df8829491ab841717babccad30
1784,Dk5zyN_4f,Love Reset,"Oct 2, 2025 - Oct 21, 2025",Love Reset (2025) [Dk5zyN_4f].jpg,Love Reset (2025) [Dk5zyN_4f].jpg,matched,109035,900,1125,JPEG,5ec03d596d73c3d08d7d22453babcfc9d1f13170ef5f77b2308210aef83d1dab
1785,5vO1yw_4f,Secretary Undercover,"Sep 10, 2025",Secretary Undercover (2025) [5vO1yw_4f].jpg,Secretary Undercover (2025) [5vO1yw_4f].jpg,matched,130927,900,1128,JPEG,4c865a40a22186af23627265d65281266a862999a2ff092b2ef930e039610298
1786,g0QEJo_4f,Raise Me?,"Oct 29, 2025 - Oct 30, 2025",Raise Me_ (2025) [g0QEJo_4f].jpg,Raise Me_ (2025) [g0QEJo_4f].jpg,matched,46171,900,1200,JPEG,efa6df69232872d4ab773cc6271aeee7c2644dfb897f8a7443b8f86ac511890d
1787,b3yQp6_4f,First Man,"Dec 15, 2025 - Jul 2, 2026",First Man (2025) [b3yQp6_4f].jpg,First Man (2025) [b3yQp6_4f].jpg,matched,184343,900,1290,JPEG,7ed31846efde331e93244b6acc03bb73ed743562c6e06eace519a8e21887e85d
1788,DkO21z_4f,Tide of Love,"Nov 15, 2025 - Dec 17, 2025",Tide of Love (2025) [DkO21z_4f].jpg,Tide of Love (2025) [DkO21z_4f].jpg,matched,167921,900,1200,JPEG,d2295c2d38ddff898f45c2df653c93a41631b287875c9ce7e0c03d8bd3415d5f
1789,JBrpnY_4f,Always Meet Again,"Mar 5, 2026 - Mar 26, 2026",Always Meet Again (2026) [JBrpnY_4f].jpg,Always Meet Again (2026) [JBrpnY_4f].jpg,matched,159900,848,1199,JPEG,ba15d9873f0566a32a32df41a24074d5a450468689a1456f8495a245a5fbafdd
1790,ABjb4X_4f,Fan Service,"Jan 7, 2026 - Feb 25, 2026",Fan Service (2026) [ABjb4X_4f].jpg,Fan Service (2026) [ABjb4X_4f].jpg,matched,141598,900,1125,JPEG,420f4bdc6eed86f3d6e84a0cf0ab848d24ffc3f8ca838b1125aaffed5c937da9
1791,l0L4NQ_4f,"My Boss, My Rules","Aug 14, 2025","My Boss, My Rules (2025) [l0L4NQ_4f].jpg","My Boss, My Rules (2025) [l0L4NQ_4f].jpg",matched,181125,900,1283,JPEG,74333980a24e6e5107946462d259932b906abb5951329aa90cc3147868ba5ce5
1792,mOLlNm_4f,N.P.C,"Sep 25, 2025",N.P.C (2025) [mOLlNm_4f].jpg,N.P.C (2025) [mOLlNm_4f].jpg,matched,42670,499,697,JPEG,e83eb982b4958c0e0092e9aef243727d67c4b053613be73bece832e9a9ecea60
1793,ABdggL_4f,Absolute Value of Romance,"Apr 17, 2026 - May 29, 2026",Absolute Value of Romance (2026) [ABdggL_4f].jpg,Absolute Value of Romance (2026) [ABdggL_4f].jpg,matched,214887,900,1286,JPEG,4dc1973d7d32f336a8f1fbbb0bdc6aeecfb79d62e0d9a3b20610c05fa9b330ed
1794,ABq2E3_4f,The Worst Villainess,"Sep 30, 2025",The Worst Villainess (2025) [ABq2E3_4f].jpg,The Worst Villainess (2025) [ABq2E3_4f].jpg,matched,121952,900,1333,JPEG,1e9482f9391d981cc24ad8fd8c0878cf6babe22f5393c3a8bc3ebd6b445e67fe
1795,Nd8NpA_4f,Thrilling Blind Date,"Sep 21, 2025 - Oct 12, 2025",Thrilling Blind Date (2025) [Nd8NpA_4f].jpg,Thrilling Blind Date (2025) [Nd8NpA_4f].jpg,matched,59951,529,954,JPEG,17d391260d0f4ae5aa671733239a0aa1a2269d250d9745f99a59256055b58733
1796,l0LN8e_4f,Touching Your Heartbeat,"Oct 2, 2025",Touching Your Heartbeat (2025) [l0LN8e_4f].jpg,Touching Your Heartbeat (2025) [l0LN8e_4f].jpg,matched,135688,900,1199,JPEG,72b3e3962aaac0459acc3f70df8a1d7913d20938ee3715a4f22489a5c259debf
1797,73O4KL_4f,A Stormy Marriage,"Sep 4, 2025",A Stormy Marriage (2025) [73O4KL_4f].jpg,A Stormy Marriage (2025) [73O4KL_4f].jpg,matched,98385,600,800,JPEG,11635790e6a1ff35333a9edc4fa43ed70f065668b93aaffaaae8c3d1a3e2d5be
1798,YYr67W_4f,I’m Picking My Favorite,"Sep 29, 2025",I’m Picking My Favorite (2025) [YYr67W_4f].jpg,I’m Picking My Favorite (2025) [YYr67W_4f].jpg,matched,139243,900,1299,JPEG,8d80fa659473f45ee7a807fd7a22ac2999484956b901d938b15066099c778624
1799,PxOmdz_4f,Folding? You!,"Nov 4, 2025 - Nov 6, 2025",Folding_ You! (2025) [PxOmdz_4f].jpg,Folding_ You! (2025) [PxOmdz_4f].jpg,matched,42612,900,1200,JPEG,3e99d5025c21f40d5f3759264b56cf36fa64d62d079f437c30b83561eb01367d
1800,3oOPmV_4f,Sweet Mischief,"Nov 11, 2025 - Nov 13, 2025",Sweet Mischief (2025) [3oOPmV_4f].jpg,Sweet Mischief (2025) [3oOPmV_4f].jpg,matched,44548,900,1200,JPEG,304026f7ed1507b8d9405877599df85a85e93f40377e3bd951e981c5b49f9b96
1801,l0K3dE_4f,Not a BL,"Dec 2, 2025 - Dec 4, 2025",Not a BL (2025) [l0K3dE_4f].jpg,Not a BL (2025) [l0K3dE_4f].jpg,matched,98975,720,1280,JPEG,5787b070f898874f4657f40e54812ecfcefe466212c736a980a1caa5158ce9e0
1802,73OVgN_4f,Craving You,"Nov 25, 2025 - Nov 27, 2025",Craving You (2025) [73OVgN_4f].jpg,Craving You (2025) [73OVgN_4f].jpg,matched,45272,900,1200,JPEG,3d89cc1f8f2aeaad2b4bb7f7452c853259d05144b80784df68e22db25179a36e
1803,g0Q72W_4f,"Sleep Around, Still Mine","Nov 18, 2025 - Nov 20, 2025","Sleep Around, Still Mine (2025) [g0Q72W_4f].jpg","Sleep Around, Still Mine (2025) [g0Q72W_4f].jpg",matched,48170,900,1200,JPEG,c42fca3902deae5b279cd05cbe16a9ab4cd2a3ad739b04a482cfe9e1414a3041
1804,nOQjoB_4f,Something Sweet,"Dec 9, 2025 - Dec 11, 2025",Something Sweet (2025) [nOQjoB_4f].jpg,Something Sweet (2025) [nOQjoB_4f].jpg,matched,91394,720,1280,JPEG,18a410f394235b7c975096e70996fd0c7ca63d43f9e95243c03833e65f4e665c
1805,oQ0rq6_4f,Bound Contract,"Oct 12, 2025 - Nov 3, 2025",Bound Contract (2025) [oQ0rq6_4f].jpg,Bound Contract (2025) [oQ0rq6_4f].jpg,matched,79216,720,1133,JPEG,d95ce8222d7b61aa033a0936f206fb699893018ca5dcdd1854674ffc870b114f
1806,l0omy4_4f,Couple Scandal Season 3,"Oct 22, 2025 - ?",Couple Scandal Season 3 (2025) [l0omy4_4f].jpg,Couple Scandal Season 3 (2025) [l0omy4_4f].jpg,matched,6570,176,244,JPEG,8c16165b82675a74007b47e401cb05bfcbd9b75b48b490ecd63b2513b0e94226
1807,g0QeYv_4f,Couple Scandal Season 3: Pandora's Secret,"Oct 24, 2025 - ?",Couple Scandal Season 3_ Pandora's Secret (2025) [g0QeYv_4f].jpg,Couple Scandal Season 3_ Pandora's Secret (2025) [g0QeYv_4f].jpg,matched,154450,900,1267,JPEG,86acbf8dd6f149d1a5a2282130b31178db61818dd6600d6fb2c0e607a6b6f20b
1808,LwO6x3_4f,Couple Scandal Season 3: Forbidden Temptation,"Oct 22, 2025 - ?",Couple Scandal Season 3_ Forbidden Temptation (2025) [LwO6x3_4f].jpg,Couple Scandal Season 3_ Forbidden Temptation (2025) [LwO6x3_4f].jpg,matched,120679,900,1331,JPEG,80757cbaaad68cdabd69748f5ec53f4c3c4e37238da72c0ff3bcf121a2d67bee
1809,ABq8zv_4f,"Please, Yes","Oct 23, 2025 - Nov 19, 2025","Please, Yes (2025) [ABq8zv_4f].jpg","Please, Yes (2025) [ABq8zv_4f].jpg",matched,37644,686,386,JPEG,d7b132d0e59960b5d9df236fc6390a71f00eea72a4226ca302085b7d0376073b
1810,DkD48p_4f,Checkered Shirt Season 2,"Dec 5, 2025 - Jan 20, 2026",Checkered Shirt Season 2 (2025) [DkD48p_4f].jpg,Checkered Shirt Season 2 (2025) [DkD48p_4f].jpg,matched,50733,900,506,JPEG,d15223c1425aab6d1107c3c60bec5d3aad63224d56ad380e35896c7c602142aa
1811,NdJY5Y_4f,On & Off Season 2,"Dec 4, 2025 - Jan 22, 2026",On & Off Season 2 (2025) [NdJY5Y_4f].jpg,On & Off Season 2 (2025) [NdJY5Y_4f].jpg,matched,28637,686,386,JPEG,39d4137f317203a1895789764231c4b892c3050665aff445296fecbadd2db714
1812,PxOZA8_4f,Deep Office,"Oct 15, 2025 - Dec 5, 2025",Deep Office (2025) [PxOZA8_4f].jpg,Deep Office (2025) [PxOZA8_4f].jpg,matched,51271,487,900,JPEG,5e29a4fb3dfd9dfb6a0a65ff746156fbbaef983b6d771c4eedffad671b5a45ec
1813,Px5QnX_4f,The Heart Never Forgets,"Sep 12, 2025",The Heart Never Forgets (2025) [Px5QnX_4f].jpg,The Heart Never Forgets (2025) [Px5QnX_4f].jpg,matched,268073,900,1600,JPEG,917f70f2b4033b450716217251b38ca05024e92e091630332b43bf6ad6acae5b
1814,g0Lnlo_4f,Possessed Romance,"Oct 14, 2025",Possessed Romance (2025) [g0Lnlo_4f].jpg,Possessed Romance (2025) [g0Lnlo_4f].jpg,matched,205789,900,1334,JPEG,b53dae691e2365736137c7bc69be96f3ef4ebf98a0d886dcf68e7c709161c847
1815,YYXJbz_4f,Share House,"Nov 9, 2025 - Nov 24, 2025",Share House (2025) [YYXJbz_4f].jpg,Share House (2025) [YYXJbz_4f].jpg,matched,113473,900,1125,JPEG,236da0a7c320f374d67403209df844ae5fe400e471049f8aa9d1a0e9242518cb
1816,g0QJBP_4f,Living with a Chaebol Only I Can See,"Sep 29, 2025",Living with a Chaebol Only I Can See (2025) [g0QJBP_4f].jpg,Living with a Chaebol Only I Can See (2025) [g0QJBP_4f].jpg,matched,124619,800,1000,JPEG,0c5fb8cee662ace5b4bea027472ad1f7a83cec64bc17f9ed0dd7bd67459ca7c8
1817,NdOWmy_4f,Secret,"Oct 17, 2025 - Nov 18, 2025",Secret (2025) [NdOWmy_4f].jpg,Secret (2025) [NdOWmy_4f].jpg,matched,223924,720,1280,JPEG,b627d834f2d925c22afe94d6f01a6e1d9ac9c121b7f632a52f9176885956a1ec
1818,O8P1lL_4f,The Lie We Lived In,"Jun 5, 2026 - Jun 26, 2026",The Lie We Lived In (2026) [O8P1lL_4f].jpg,The Lie We Lived In (2026) [O8P1lL_4f].jpg,matched,133656,720,1080,JPEG,2b7df60159fe0fedcc1e343158e51ec0512cd82ed95911ae72b6d9e497e380a2
1819,KpkwqR_4f,Pearl in Red,"Feb 23, 2026 - Aug 7, 2026",Pearl in Red (2026) [KpkwqR_4f].jpg,Pearl in Red (2026) [KpkwqR_4f].jpg,matched,211741,900,1286,JPEG,a7c2d1d8a9bf78add06e7b14e64c3c102a088f09940e671fe90d6ab125b3dee8
1820,JBYoyy_4f,"Be Good to Me, Ghost","Nov 7, 2025","Be Good to Me, Ghost (2025) [JBYoyy_4f].jpg","Be Good to Me, Ghost (2025) [JBYoyy_4f].jpg",matched,237595,900,1350,JPEG,93bf6cbf8ab5fbf97864afabcbb32e3c110fd57d39cea91b66ac12dd014e85fe
1821,73AWkL_4f,Love on the Menu,"Jul 25, 2026 - ?",Love on the Menu (2026) [73AWkL_4f].jpg,Love on the Menu (2026) [73AWkL_4f].jpg,matched,183263,900,1285,JPEG,d44884df4fd0522986ed230e121dd2ebf8ce7070a65d3b581f49e23af8aea6cb
1822,3odXqm_4f,Absolute Love,"Nov 11, 2025 - Dec 2, 2025",Absolute Love (2025) [3odXqm_4f].jpg,Absolute Love (2025) [3odXqm_4f].jpg,matched,50753,508,900,JPEG,eaefa5c8f306995b0fdd14886358d270b40d357f83be7c2088f7183b3cf2b4fc
1823,nOlLOQ_4f,"My Star, My Sky","Nov 14, 2025 - Dec 19, 2025","My Star, My Sky (2025) [nOlLOQ_4f].jpg","My Star, My Sky (2025) [nOlLOQ_4f].jpg",matched,61686,499,900,JPEG,b419583498a1608926f6367541b3a30481be38908ee05618a73122fed81efe97
1824,YYeWdK_4f,Will You Be My Manager?,"Dec 12, 2025 - Dec 26, 2025",Will You Be My Manager_ (2025) [YYeWdK_4f].jpg,Will You Be My Manager_ (2025) [YYeWdK_4f].jpg,matched,317216,900,1350,JPEG,dc2c4dc901866200e266428645f40e1ab5e80d2ede6cd04b72e7d41fa8feb556
1825,zB5Vw1_4f,Love Track,"Dec 14, 2025 - Dec 28, 2025",Love Track (2025) [zB5Vw1_4f].jpg,Love Track (2025) [zB5Vw1_4f].jpg,matched,172142,900,1285,JPEG,a281ba6aea682a0aeedc25148580e1cdc436570ecd0d2c06844a2b8c0a8a2fe2
1826,nOl8R2_4f,Love Track: Onion Soup after Hours,"Dec 14, 2025",Love Track_ Onion Soup after Hours (2025) [nOl8R2_4f].jpg,Love Track_ Onion Soup after Hours (2025) [nOl8R2_4f].jpg,matched,137593,900,1600,JPEG,f260d3b9475e44e8f7450afd769b5771bdd5263572b3fdc00b74517005771da0
1827,DkD532_4f,Love Track: When We Were Wired,"Dec 14, 2025",Love Track_ When We Were Wired (2025) [DkD532_4f].jpg,Love Track_ When We Were Wired (2025) [DkD532_4f].jpg,matched,147275,900,1600,JPEG,6e2637c4af87203e0e78e75edb3f37aaf28a0a1b0eaef770b900c91353791235
1828,nOlpvQ_4f,Love Track: Love Hotel,"Dec 17, 2025",Love Track_ Love Hotel (2025) [nOlpvQ_4f].jpg,Love Track_ Love Hotel (2025) [nOlpvQ_4f].jpg,matched,197116,900,1600,JPEG,070e4c686f44cb9f06b8efe40e310dc6802d6fa10623130a3e305cc9380a3d84
1829,YYepoP_4f,Love Track: Finding Us,"Dec 17, 2025",Love Track_ Finding Us (2025) [YYepoP_4f].jpg,Love Track_ Finding Us (2025) [YYepoP_4f].jpg,matched,217766,900,1600,JPEG,1148a6004f8293e39d449a110dcd1b82f8b75b9f7cc0802ee73a54f6272f1963
1830,KpygA0_4f,First Page,"Nov 25, 2025 - Dec 16, 2025",First Page (2025) [KpygA0_4f].jpg,First Page (2025) [KpygA0_4f].jpg,matched,133888,900,1125,JPEG,c278a45d900f94823c24c5e6c126575d9b7935d1b86c31b866ff093dbcbb22b9
1831,KpRB8j_4f,Share House Part 2,"Dec 14, 2025 - Dec 28, 2025",Share House Part 2 (2025) [KpRB8j_4f].jpg,Share House Part 2 (2025) [KpRB8j_4f].jpg,matched,124187,900,1125,JPEG,7b0fc26ef3bfe759eeee9fc27ff150731b9cbd4d18f47c28beb1c502e8451b0d
1832,l0YyW4_4f,Match Play: Re-edited Version,"Nov 27, 2025 - Dec 11, 2025",Match Play_ Re-edited Version (2025) [l0YyW4_4f].jpg,Match Play_ Re-edited Version (2025) [l0YyW4_4f].jpg,matched,140636,839,1200,JPEG,7d5170aa56dffbe208a87c55d8677ddf6132e04aab00aecf0cc13448a154b274
1833,mOqQ10_4f,Love Track: My Father's Funeral,"Dec 21, 2025",Love Track_ My Father's Funeral (2025) [mOqQ10_4f].jpg,Love Track_ My Father's Funeral (2025) [mOqQ10_4f].jpg,matched,161378,900,1600,JPEG,289f7335ed9e34e61a440e1e1f22c1d889977181da5f52565092dd2f4979a587
1834,DkD5rn_4f,Love Track: Kimchi,"Dec 21, 2025",Love Track_ Kimchi (2025) [DkD5rn_4f].jpg,Love Track_ Kimchi (2025) [DkD5rn_4f].jpg,matched,132956,900,1600,JPEG,fb934871772950809ce40d7aba109d6d0251707d0d5220bf83b818b8f45fd90d
1835,YYeWzW_4f,Love Track: More than Stars,"Dec 24, 2025",Love Track_ More than Stars (2025) [YYeWzW_4f].jpg,Love Track_ More than Stars (2025) [YYeWzW_4f].jpg,matched,221029,900,1600,JPEG,47d192f10c2e077f29df43b772e7c51d945c842d00adb9ff870634a201f4eaa4
1836,73eREr_4f,Love Track: Minji Minji Minji,"Dec 24, 2025",Love Track_ Minji Minji Minji (2025) [73eREr_4f].jpg,Love Track_ Minji Minji Minji (2025) [73eREr_4f].jpg,matched,283435,900,1600,JPEG,53e7ed52c660ca9f02f261313f1a20aea41f9100f06237694cbfc53ec96cca29
1837,5vk6DL_4f,Love Track: Love's Grace Period,"Dec 28, 2025",Love Track_ Love's Grace Period (2025) [5vk6DL_4f].jpg,Love Track_ Love's Grace Period (2025) [5vk6DL_4f].jpg,matched,155981,900,1600,JPEG,6d350ef90733b90d6623c128c3643c2b394d8b798c5baaad0148d12e73e330e0
1838,YYeW6W_4f,Love Track: A Soundtrack Like No Other,"Dec 28, 2025",Love Track_ A Soundtrack Like No Other (2025) [YYeW6W_4f].jpg,Love Track_ A Soundtrack Like No Other (2025) [YYeW6W_4f].jpg,matched,119077,675,1200,JPEG,945b98f62e1895ce7dbdc2669d2aa3b371fa6c85acf1f1278dfbd39aa7b38e0d
1839,KpR6ev_4f,Forever Young,"Dec 26, 2025 - Jan 2, 2026",Forever Young (2025) [KpR6ev_4f].jpg,Forever Young (2025) [KpR6ev_4f].jpg,matched,155874,900,1286,JPEG,99fc5a9cfbbaf80ba5d1ce6fb3eaf563c9010073faadcdda0e3b94327d80d13c
1840,l0kBOQ_4f,Concrete Market,"Dec 23, 2025 - Dec 30, 2025",Concrete Market (2025) [l0kBOQ_4f].jpg,Concrete Market (2025) [l0kBOQ_4f].jpg,matched,242807,900,1125,JPEG,cff70d29106bc2d51c17a79e10188ab8a9c8570b4bd8fe8248bb5258a6640ca6
1841,Dk5xNp_4f,Sweet Blood,"Mar 11, 2026 - Mar 30, 2026",Sweet Blood (2026) [Dk5xNp_4f].jpg,Sweet Blood (2026) [Dk5xNp_4f].jpg,matched,110295,675,1200,JPEG,105a33e64c9fbce2c7e9f824eb9c1be3e53156bf1d98c683deff1bf2d0563108
1842,3odrQ4_4f,Just Once!,"Nov 21, 2025",Just Once! (2025) [3odrQ4_4f].jpg,Just Once! (2025) [3odrQ4_4f].jpg,matched,97082,900,1125,JPEG,0962975397073a4e40d4c9c1c7cb8fed86c4a18e3e7cbc94cec0ec9ba37376ff
1843,b3ApVw_4f,Azure Spring,"May 11, 2026 - May 26, 2026",Azure Spring (2026) [b3ApVw_4f].jpg,Azure Spring (2026) [b3ApVw_4f].jpg,matched,185847,900,1286,JPEG,707e1862442f43f3e0431dfe3362b90ce1e7688f54b8cb7c7435afa4813fba6b
1844,YYe7nQ_4f,Almost Lover,"Dec 4, 2025 - Dec 11, 2025",Almost Lover (2025) [YYe7nQ_4f].jpg,Almost Lover (2025) [YYe7nQ_4f].jpg,matched,27707,716,1258,JPEG,0a87df8076775637577c3ea955e8a707526e7ba75be0bac8fa07e74535428728
1845,O8ZYrQ_4f,A Love Other than Yours,"Sep 12, 2026 - Nov 1, 2026",A Love Other than Yours (2026) [O8ZYrQ_4f].jpg,A Love Other than Yours (2026) [O8ZYrQ_4f].jpg,matched,155653,900,1289,JPEG,134fac4788ce3c3fb731e806e8fec6b05aad5cee27541e35ec0d71fa9d4cc88a
1846,JB5X3p_4f,Cross Link,"Jan 6, 2026 - Jan 14, 2026",Cross Link (2026) [JB5X3p_4f].jpg,Cross Link (2026) [JB5X3p_4f].jpg,matched,67030,720,1280,JPEG,5e3e8b582ea1bcc1947e92a3effdca938cfd9268fc46bc07c0a2c552b8b44922
1847,VXPd0z_4f,Opposites Attract,"Jan 9, 2026 - Feb 20, 2026",Opposites Attract (2026) [VXPd0z_4f].jpg,Opposites Attract (2026) [VXPd0z_4f].jpg,matched,99636,720,1280,JPEG,48384b0fd6fcabdab9e51207cb71451c769e38c307610acb6e144a3426470ea2
1848,73VEgR_4f,My Perfectly Quirky Wife,"Nov 20, 2025",My Perfectly Quirky Wife (2025) [73VEgR_4f].jpg,My Perfectly Quirky Wife (2025) [73VEgR_4f].jpg,matched,160650,900,1125,JPEG,b04a3207c1eaa2400ba93a4cdacf8c3893d2d103bfc6f846b2a4fb5c64cfab79
1849,nOe532_4f,Love in Protocol,"Jan 17, 2026 - Feb 7, 2026",Love in Protocol (2026) [nOe532_4f].jpg,Love in Protocol (2026) [nOe532_4f].jpg,matched,120243,900,1273,JPEG,685406b8d18e54c663c5f6a12d3498c4c5e5ebb66e53506016ffca7c99342805
1850,YY1elQ_4f,Between Doors,"Jan 12, 2026 - Feb 17, 2026",Between Doors (2026) [YY1elQ_4f].jpg,Between Doors (2026) [YY1elQ_4f].jpg,matched,48084,900,1200,JPEG,32b8675ed920696c3664d459564731dc34378333c7b32246b93644eeef5ab1d1
1851,KpRD7X_4f,Trapped in Dangerous Liaisons,"Oct 27, 2025",Trapped in Dangerous Liaisons (2025) [KpRD7X_4f].jpg,Trapped in Dangerous Liaisons (2025) [KpRD7X_4f].jpg,matched,22141,240,320,JPEG,18cc91409174e60ddc8a991259b379cc769a2b807fe0b16151ce626a8c745d0c
1852,73VADb_4f,Saint Laurence Academy,"Jan 20, 2026 - Feb 10, 2026",Saint Laurence Academy (2026) [73VADb_4f].jpg,Saint Laurence Academy (2026) [73VADb_4f].jpg,matched,99390,900,1273,JPEG,7f0eb3c9e4ba2c77d607d10b2fd2d8b1d732c086ac9c37311620dfe72c370260
1853,KpePnX_4f,The Romance of Zero Chance,"Jan 29, 2026",The Romance of Zero Chance (2026) [KpePnX_4f].jpg,The Romance of Zero Chance (2026) [KpePnX_4f].jpg,matched,161157,810,1200,JPEG,8532258e9676fbdb668766de57d3b8275cdfd3e7a5e77845e462c34b658a2e36
1854,zByjW1_4f,Laundry Romance,"Feb 3, 2026 - Feb 24, 2026",Laundry Romance (2026) [zByjW1_4f].jpg,Laundry Romance (2026) [zByjW1_4f].jpg,matched,164397,900,1273,JPEG,103d38dfb2d4a4f49261899e316dbde13a1f442151db100bc00fa03541a68015
1855,yWrJl6_4f,Tide of Love Season 2,"Feb 4, 2026 - Mar 25, 2026",Tide of Love Season 2 (2026) [yWrJl6_4f].jpg,Tide of Love Season 2 (2026) [yWrJl6_4f].jpg,matched,169190,900,1200,JPEG,e4b7a0b9910fc2366c0718eb02dd3a43b5ce7d92746790030f2d061a9ec4d87c
1856,JB8ROX_4f,Long-Term Relationship,"Feb 1, 2026 - Mar 8, 2026",Long-Term Relationship (2026) [JB8ROX_4f].jpg,Long-Term Relationship (2026) [JB8ROX_4f].jpg,matched,189644,900,1125,JPEG,c49f37bf8a50cb22e2db8dfbcee813971e75db8356c8dac5e78c7e92a5f4567a
1857,JB818p_4f,High School Boy,"Feb 4, 2026",High School Boy (2026) [JB818p_4f].jpg,High School Boy (2026) [JB818p_4f].jpg,matched,199079,900,1350,JPEG,d601eafdc4f57fd8e28bcebfa94c13a508089f427d85fdd27029905b6d2c1b86
1858,ABdgWP_4f,Kiss Kiss Sxx Season 2,"Apr 14, 2026 - ?",Kiss Kiss Sxx Season 2 (2026) [ABdgWP_4f].jpg,Kiss Kiss Sxx Season 2 (2026) [ABdgWP_4f].jpg,matched,153724,900,1333,JPEG,8e4fa1ef342a22841f923f6ee48ccdf15113ccbd9977e87381601393903a47a0
1859,NdZKle_4f,Winter Fever,"Mar 24, 2026 - Apr 14, 2026",Winter Fever (2026) [NdZKle_4f].jpg,Winter Fever (2026) [NdZKle_4f].jpg,matched,146337,900,1273,JPEG,b2bdb885810ea3700d3e54e7f157047ee51bac920c9f51d1cafb301bda478e24
1860,oQXXpY_4f,Cheongnyeon Kim Dae Geon,"Dec 24, 2025 - Dec 26, 2025",Cheongnyeon Kim Dae Geon (2025) [oQXXpY_4f].jpg,Cheongnyeon Kim Dae Geon (2025) [oQXXpY_4f].jpg,matched,153429,900,1289,JPEG,0eb122ee76679823f6663bcb7f489a90bbbee7231a6dbea8994d87d0f101062b
1861,l0Km7b_4f,Proxy Driver,"Feb 20, 2026 - Mar 20, 2026",Proxy Driver (2026) [l0Km7b_4f].jpg,Proxy Driver (2026) [l0Km7b_4f].jpg,matched,82456,720,1280,JPEG,2e0796c86a2b2b69e74f83e7d8d9d3582caf7faa9d75508905af1171e35fb29d
1862,Lw0gV5_4f,Because I Want You: Shorts,"Mar 10, 2026 - Mar 27, 2026",Because I Want You_ Shorts (2026) [Lw0gV5_4f].jpg,Because I Want You_ Shorts (2026) [Lw0gV5_4f].jpg,matched,140054,900,1276,JPEG,6bac1f3a03c8ce00fe2fcd73270ec1eda147cda2dba698beacb3f6c343ab1308
1863,LwKjA7_4f,Save Me with Latte Kiss,"Aug 14, 2025",Save Me with Latte Kiss (2025) [LwKjA7_4f].jpg,Save Me with Latte Kiss (2025) [LwKjA7_4f].jpg,matched,124225,900,1125,JPEG,2df95de9b304656408a1de9e646200340cfbf141c185115d33d8814f47724b49
1864,zBpX6y_4f,The Golden Promise,"Dec 16, 2025",The Golden Promise (2025) [zBpX6y_4f].jpg,The Golden Promise (2025) [zBpX6y_4f].jpg,matched,39610,398,558,JPEG,e7f0ad2b4611dd74aad84a2d78769e3f76ec960a2536ebc677c4890a7356ae43
1865,zBZN6P_4f,President's Secret Mark,"Aug 4, 2026 - Aug 6, 2026",President's Secret Mark (2026) [zBZN6P_4f].jpg,President's Secret Mark (2026) [zBZN6P_4f].jpg,matched,149000,900,1600,JPEG,ec53835efe139d50f33dfcd517a73dd0010bd87c42974351cd5256030693c30c
1866,LwoxKy_4f,Deepmate,"Jan 15, 2026 - Apr 30, 2026",Deepmate (2026) [LwoxKy_4f].jpg,Deepmate (2026) [LwoxKy_4f].jpg,matched,71168,720,1280,JPEG,c17868e4abdb79d67bdb4237c22e8b77e377fa48fc683b055faf630dca35cdbd
1867,JB00oo_4f,Thunderman Season 2,"Nov 11, 2025 - Feb 24, 2026",Thunderman Season 2 (2025) [JB00oo_4f].jpg,Thunderman Season 2 (2025) [JB00oo_4f].jpg,matched,194217,900,1125,JPEG,2f074bfc24ff62579775f965231835ede29ff76233f5a18cfa520d59f57801c2
1868,l0kl2J_4f,The Bedmate Game: Sharehouse Season 2,"Sep 11, 2025",The Bedmate Game_ Sharehouse Season 2 (2025) [l0kl2J_4f].jpg,The Bedmate Game_ Sharehouse Season 2 (2025) [l0kl2J_4f].jpg,matched,124340,900,1112,JPEG,9177922b1945b1db19ae0e899cc158fabaf3cf42f9d6cac47311b5a4ca583d0c
1869,zBqDAO_4f,"Darling, Is It All Coincidence?","Dec 18, 2025","Darling, Is It All Coincidence_ (2025) [zBqDAO_4f].jpg","Darling, Is It All Coincidence_ (2025) [zBqDAO_4f].jpg",matched,29881,287,431,JPEG,aac4b8535d32a9037756925286cd53af65a788a9d4cacf80a01b654508613e8a
1870,VX6yEL_4f,Our Happy Days,"Mar 30, 2026 - Sep 17, 2026",Our Happy Days (2026) [VX6yEL_4f].jpg,Our Happy Days (2026) [VX6yEL_4f].jpg,matched,279557,900,1285,JPEG,91b7e62ac5743fb25463b16f5c2027403b988394e5e962afd7297da2b7ca2623
1871,mO51bb_4f,Meta Love,"Dec 5, 2025",Meta Love (2025) [mO51bb_4f].jpg,Meta Love (2025) [mO51bb_4f].jpg,matched,147426,900,1125,JPEG,b6d0bd7b10c7e562e33c93bf4801200b7bda45f2f24572067e4c8743935f879c
1872,b3X10e_4f,Romantic Island,"Oct 10, 2025 - Oct 23, 2025",Romantic Island (2025) [b3X10e_4f].jpg,Romantic Island (2025) [b3X10e_4f].jpg,matched,133462,640,960,JPEG,215976e9b5c729ce1d8f9c1793d0dcb15858c3096ae665074e54b2b752ededd6
1873,b3X1lN_4f,Law Firm Romance: The Attorney and the Secretary,"Sep 4, 2025",Law Firm Romance_ The Attorney and the Secretary (2025) [b3X1lN_4f].jpg,Law Firm Romance_ The Attorney and the Secretary (2025) [b3X1lN_4f].jpg,matched,81861,640,960,JPEG,6d4215126f26e6d4df22fa581899f8c448191b57fa2799f60afc51696411ce9b
1874,LwKV45_4f,Platinum - Behind Their Lies,"Jul 3, 2025",Platinum - Behind Their Lies (2025) [LwKV45_4f].jpg,Platinum - Behind Their Lies (2025) [LwKV45_4f].jpg,matched,163244,640,960,JPEG,b516b65fb1beff150df2dd0d6f399a099f7cd66956962eaccf5632cefb4560c5
1875,ABdB3L_4f,She Was Never a Good Girl,"Dec 2, 2025",She Was Never a Good Girl (2025) [ABdB3L_4f].jpg,She Was Never a Good Girl (2025) [ABdB3L_4f].jpg,matched,95220,600,800,JPEG,9c9feb1f82c91de213aa7b9c9824220afd7f27d4a29e50311a81da721c1ae94e
1876,g0jVxr_4f,Filling Days,"Jan 26, 2026 - Feb 2, 2026",Filling Days (2026) [g0jVxr_4f].jpg,Filling Days (2026) [g0jVxr_4f].jpg,matched,178600,900,1598,JPEG,3a7a5dd2a38673e59e96d217414badf9a8a8202beca32d02f0b00377c4d3dd61
1877,YYZbgW_4f,Are You Doing Well?,"Jan 30, 2026",Are You Doing Well_ (2026) [YYZbgW_4f].jpg,Are You Doing Well_ (2026) [YYZbgW_4f].jpg,matched,107542,900,1125,JPEG,6c72699f0ffbe04a06b2397afb1138a5e143029e058e02a85ff88856144fa8a6
1878,5vZjOA_4f,My Time-Traveling Prince,"Dec 29, 2025",My Time-Traveling Prince (2025) [5vZjOA_4f].jpg,My Time-Traveling Prince (2025) [5vZjOA_4f].jpg,matched,150777,900,1350,JPEG,dd093e6f99dd50218c7fd3b0627ee166e83e5f72e903e48d6ad9a2f827cc3d73
1879,yWrXmB_4f,True Education by My Billionaire Teacher,"Jun 18, 2025",True Education by My Billionaire Teacher (2025) [yWrXmB_4f].jpg,True Education by My Billionaire Teacher (2025) [yWrXmB_4f].jpg,matched,262662,900,1276,JPEG,cafb7b9f53f3e6f0f866265b0f93deccd38832ec44fb31e7cd764daea6ab1acc
1880,YYWkXW_4f,Scandal Love,"Apr 8, 2026 - May 7, 2026",Scandal Love (2026) [YYWkXW_4f].jpg,Scandal Love (2026) [YYWkXW_4f].jpg,matched,114499,867,1208,JPEG,0fa63e05a7f41b2745c5766c03ddd9dfcd5f83099c36b1e83d1043b8603745dd
1881,nO8pjx_4f,"Honey, Guess Who’s the REAL BOSS","Feb 11, 2026","Honey, Guess Who’s the REAL BOSS (2026) [nO8pjx_4f].jpg","Honey, Guess Who’s the REAL BOSS (2026) [nO8pjx_4f].jpg",matched,38510,353,530,JPEG,77d310eff3df7126ff6e2f119e18f76e27ccd05127b43f3bf157ba505aadb4a2
1882,Lw50k5_4f,Lady Boss's Perfect Revenge,"Feb 10, 2026",Lady Boss's Perfect Revenge (2026) [Lw50k5_4f].jpg,Lady Boss's Perfect Revenge (2026) [Lw50k5_4f].jpg,matched,183740,640,960,JPEG,ea862f5c918d6072630c4012590f70ebb0e9038f969ae320fc3447d9f61cf1ae
1883,mOd4NJ_4f,Jopok Appaga Ppullatda,"Nov, 2025 - 2025",Jopok Appaga Ppullatda (2025) [mOd4NJ_4f].jpg,Jopok Appaga Ppullatda (2025) [mOd4NJ_4f].jpg,matched,28205,307,390,JPEG,a828b0932ba809b8cb6a83be4bfc63efdf55f22fa754b777927f63ff028e274b
1884,Kpyj2n_4f,Sexy Marriage,"Feb 4, 2026",Sexy Marriage (2026) [Kpyj2n_4f].jpg,Sexy Marriage (2026) [Kpyj2n_4f].jpg,matched,149398,900,1350,JPEG,51a7145074df6ee8f6402a70c1af07b0ad85b0233cf38411b3712d2e7e7833b2
1885,73Jwlr_4f,Off the Record,"Feb 23, 2026 - Mar 31, 2026",Off the Record (2026) [73Jwlr_4f].jpg,Off the Record (2026) [73Jwlr_4f].jpg,matched,84496,710,1272,JPEG,11448b866a7ab52fd2a4d391c35262d22c566b6994e1436d2a88e40a19c6a4ef
1886,g0pB81_4f,Quiet in the Office,"Feb 12, 2026",Quiet in the Office (2026) [g0pB81_4f].jpg,Quiet in the Office (2026) [g0pB81_4f].jpg,matched,176146,900,1125,JPEG,45cce66e4a2f8f108e0f076b967c990872f02c062ad9f35afa08a7452f4c54b8
1887,81jzYN_4f,On & Off Season 3,"Mar 6, 2026 - May 28, 2026",On & Off Season 3 (2026) [81jzYN_4f].jpg,On & Off Season 3 (2026) [81jzYN_4f].jpg,matched,30540,686,386,JPEG,bb13e28e7cda037b820d73864b41bf8ae3a8458a1a22dcc4f1658c264905f749
1888,O8DY3k_4f,Calentos,"Oct, 2025",Calentos (2025) [O8DY3k_4f].jpg,Calentos (2025) [O8DY3k_4f].jpg,matched,92419,566,859,JPEG,54ccf6326747b7aa45c8da2ce07934527ed27773b05dca36b405fe567ddc7b84
1889,JBrONy_4f,All In on Highschool Boss,"Feb 24, 2026",All In on Highschool Boss (2026) [JBrONy_4f].jpg,All In on Highschool Boss (2026) [JBrONy_4f].jpg,matched,120558,640,960,JPEG,f11babd50284fd2d6f2ad32801438fdc33fa853b6f5f45c48de0ab8d838d0759
1890,JBrOgJ_4f,The Return of the Nation's Heir,"Feb 26, 2026",The Return of the Nation's Heir (2026) [JBrOgJ_4f].jpg,The Return of the Nation's Heir (2026) [JBrOgJ_4f].jpg,matched,195717,900,1125,JPEG,099b3a12368d4eb82923bceb51566e74c564f2bf8548c9e1b9268414fc807381
1891,oQp0O6_4f,The Return of Lost Heiress,"Feb 19, 2026",The Return of Lost Heiress (2026) [oQp0O6_4f].jpg,The Return of Lost Heiress (2026) [oQp0O6_4f].jpg,matched,140926,810,1013,JPEG,417b200bfdda3621a5753bee9cbf4e16df075be9e9d04606668c8e9ebb92c796
1892,zBpVKA_4f,Supercar Cinderella Story,"Jun 25, 2025",Supercar Cinderella Story (2025) [zBpVKA_4f].jpg,Supercar Cinderella Story (2025) [zBpVKA_4f].jpg,matched,131286,640,960,JPEG,610889eb2658e9df07959c8b60a7c7418819e48ca159599bbb880f3525199583
1893,yWp1ed_4f,Today I Divorce My Superstar Husband,"Jan 15, 2026",Today I Divorce My Superstar Husband (2026) [yWp1ed_4f].jpg,Today I Divorce My Superstar Husband (2026) [yWp1ed_4f].jpg,matched,143672,900,1125,JPEG,490b19d22befd8677eed9a2d6242659cbcb894afde48ca1d1b9b5a44d1412bd8
1894,3oW76e_4f,Seoul Trip,"Apr 12, 2026 - May 24, 2026",Seoul Trip (2026) [3oW76e_4f].jpg,Seoul Trip (2026) [3oW76e_4f].jpg,matched,182476,900,1125,JPEG,e4826f37f59c28ad8f566c66e2b5131f6b8d272d5034c34a31d5be34915244a5
1895,YYWYLg_4f,Rotto 2-Deungira Malhago Daniryeonda,"Mar 12, 2026",Rotto 2-Deungira Malhago Daniryeonda (2026) [YYWYLg_4f].jpg,Rotto 2-Deungira Malhago Daniryeonda (2026) [YYWYLg_4f].jpg,matched,129462,900,900,JPEG,25bfbb12366cf7a8f722f488ca88c8ceee3c2aa6df0aaac02600a192f561a3ba
1896,VXp6E0_4f,Lovely Death,"Jul 30, 2026",Lovely Death (2026) [VXp6E0_4f].jpg,Lovely Death (2026) [VXp6E0_4f].jpg,matched,85046,560,840,JPEG,b42c0138639ffefba15f1f278e6a174ddc43e735f483fd294885e3705f51ec33
1897,l0KW7L_4f,I Can Touch You,"Mar 24, 2026",I Can Touch You (2026) [l0KW7L_4f].jpg,I Can Touch You (2026) [l0KW7L_4f].jpg,matched,157578,900,1125,JPEG,27906224a7fab9b3fd48a756ddc2bea3f58e3af9927a52690144284fb1fc48d2
1898,Kp45Dn_4f,The Secret Night Tutor,"Mar 19, 2026",The Secret Night Tutor (2026) [Kp45Dn_4f].jpg,The Secret Night Tutor (2026) [Kp45Dn_4f].jpg,matched,129213,900,1125,JPEG,41a28e195bf26e388deba1f48d62049ee4a0c80fa51754290a0f07bec4f2cfb9
1899,Dk5v2p_4f,My Secretary Who Once Was My Wife,"Mar 12, 2026",My Secretary Who Once Was My Wife (2026) [Dk5v2p_4f].jpg,My Secretary Who Once Was My Wife (2026) [Dk5v2p_4f].jpg,matched,136243,900,1125,JPEG,2ff5aad3ddf47bc75adfef6a6475782cb8c432b396aa6912860135a734e1a816
1900,l0KEvx_4f,Fate: The Servant of the Night,"Aug 28, 2025",Fate_ The Servant of the Night (2025) [l0KEvx_4f].jpg,Fate_ The Servant of the Night (2025) [l0KEvx_4f].jpg,matched,144041,640,960,JPEG,4bd6f3f0fbfeaa0e3532efdda5483ea7dd1b20dc21008d8aaca673246b9ba525
1901,PxPwP8_4f,Bad Kid Good Partner,"Apr 16, 2026",Bad Kid Good Partner (2026) [PxPwP8_4f].jpg,Bad Kid Good Partner (2026) [PxPwP8_4f].jpg,matched,144644,800,1200,JPEG,fa8c220b886b2c320f6f1cb3ab32bdfc38c48b62e83146ebeefd2b78caf8a404
1902,PxPEgZ_4f,Method,"Feb 3, 2026",Method (2026) [PxPEgZ_4f].jpg,Method (2026) [PxPEgZ_4f].jpg,matched,159209,640,960,JPEG,2737f22b1119f5b9e1f2d5f54c33f322875bf2c32a73f695ced97b571072fe03
1903,yW0mg3_4f,He Took a Mistress I Took the Sky,"Mar 27, 2026",He Took a Mistress I Took the Sky (2026) [yW0mg3_4f].jpg,He Took a Mistress I Took the Sky (2026) [yW0mg3_4f].jpg,matched,162904,900,1200,JPEG,dfd5262285b2d18e0e85e238b5722c13275bc5c4a571498517bb11d0508c7037
1904,mOwrlP_4f,"My Idol, My Debut","Jul 16, 2026 - Jul 23, 2026","My Idol, My Debut (2026) [mOwrlP_4f].jpg","My Idol, My Debut (2026) [mOwrlP_4f].jpg",matched,173729,900,1273,JPEG,31fe1954c1106782da87c73b4e303c03d7ceebeddc64b4117bc7f961c6bb5963
1905,b3Axwj_4f,Who Is the Real Heiress?,"Mar 19, 2026",Who Is the Real Heiress_ (2026) [b3Axwj_4f].jpg,Who Is the Real Heiress_ (2026) [b3Axwj_4f].jpg,matched,88132,600,800,JPEG,f9db2aa7b787bd87d6674cd18c349ee557c70537638eb4143e033f0465bb657f
1906,l0KQmN_4f,Tune In,"Apr 3, 2026 - Jul 10, 2026",Tune In (2026) [l0KQmN_4f].jpg,Tune In (2026) [l0KQmN_4f].jpg,matched,38752,900,1200,JPEG,e03c33d9f3f0727e94d8cbd7f0177d3ac47ccee2ace1c0eb74d4abb98d0b44da
1907,yW1OQ1_4f,A Ghost’s First Love,"Apr 14, 2026 - Apr 16, 2026",A Ghost’s First Love (2026) [yW1OQ1_4f].jpg,A Ghost’s First Love (2026) [yW1OQ1_4f].jpg,matched,43639,900,506,JPEG,4c65f3e9f7fb12633a64e74a645ea8f1a4b604b0bdb7148386b052b2c8c21071
1908,Kp4L8X_4f,Because I Want You,"Apr 14, 2026 - Apr 28, 2026",Because I Want You (2026) [Kp4L8X_4f].jpg,Because I Want You (2026) [Kp4L8X_4f].jpg,matched,47767,900,1200,JPEG,02990ddcbbec1436172f07bb7c4b9aa140952df9387d0cdbcb2916e11be65f9c
1909,736D6n_4f,Flow,"Apr 17, 2026 - May 29, 2026",Flow (2026) [736D6n_4f].jpg,Flow (2026) [736D6n_4f].jpg,matched,85446,720,1280,JPEG,ccc5621ec1139937d67e7a5b226aba713c72bb18e97b001e078987112ab872a8
1910,73AL8B_4f,Family Register,"Jul 6, 2026 - ?",Family Register (2026) [73AL8B_4f].jpg,Family Register (2026) [73AL8B_4f].jpg,matched,175059,900,1343,JPEG,994c09e79bd47f1c1c1dda20ed9b9cd95087554a43715b9ea4e8b9e83058e862
1911,mO4BDQ_4f,Seduce Her for Me,"Apr 16, 2026",Seduce Her for Me (2026) [mO4BDQ_4f].jpg,Seduce Her for Me (2026) [mO4BDQ_4f].jpg,matched,185527,640,960,JPEG,5a6ee85948d952e614996891c708e9eab0db4f9627c3cc76da89565128fbe5e8
1912,Kp6byX_4f,My XXL Wife Is a Mafia Boss,"Apr 9, 2026",My XXL Wife Is a Mafia Boss (2026) [Kp6byX_4f].jpg,My XXL Wife Is a Mafia Boss (2026) [Kp6byX_4f].jpg,matched,163926,640,960,JPEG,a75936049f8a7891bf165b8054983f5f693e3e051a2e87fa78345b71c74c400c
1913,oQrxpN_4f,D-100: Marry My Ex to My Bestie,"Apr 4, 2026",D-100_ Marry My Ex to My Bestie (2026) [oQrxpN_4f].jpg,D-100_ Marry My Ex to My Bestie (2026) [oQrxpN_4f].jpg,matched,160850,900,1283,JPEG,dd01dff9e49cfd7fb3c5577528da8b81180fb81aadc487a9cdc2e5605c877314
1914,73ANRR_4f,Buddy Boy: After,"Jul 3, 2026",Buddy Boy_ After (2026) [73ANRR_4f].jpg,Buddy Boy_ After (2026) [73ANRR_4f].jpg,matched,145975,900,1125,JPEG,706fa91fe418ccc62a1782471e97a1a4527e8b35f952e350c4f22efbb7bcda4b
1915,5v6yee_4f,My Mafia Boss Boyfriend,"Mar 24, 2026",My Mafia Boss Boyfriend (2026) [5v6yee_4f].jpg,My Mafia Boss Boyfriend (2026) [5v6yee_4f].jpg,matched,209643,900,1283,JPEG,fca4fc3f322ea32810a1976db0586b1717dfbb6c17232fe55f98c3e38cb70ed3
1916,nOoBAQ_4f,My Husband's Secret Double Life,"Apr 23, 2026",My Husband's Secret Double Life (2026) [nOoBAQ_4f].jpg,My Husband's Secret Double Life (2026) [nOoBAQ_4f].jpg,matched,177928,900,1125,JPEG,107a52e653f9bd89e2fc26b1e3de4cbbe6ca4dfb3cae9b4d8e440228c032a1a2
1917,AB6y6g_4f,Check in to You,"May 21, 2026 - Jun 18, 2026",Check in to You (2026) [AB6y6g_4f].jpg,Check in to You (2026) [AB6y6g_4f].jpg,matched,167604,900,1333,JPEG,7afa5969e9e3c32d199e37d8467f8e095bb11c6ce70b91713967eccbbd1be6ee
1918,JB6wlX_4f,Private Lesson,"May 6, 2026 - May 26, 2026",Private Lesson (2026) [JB6wlX_4f].jpg,Private Lesson (2026) [JB6wlX_4f].jpg,matched,126932,900,1273,JPEG,b6971f64fc7830821b15f730869f5ce7cff58af240b9f44959cecae505804b93
1919,Lw6ny7_4f,The Mysterious Old Money Heiress,"Mar 10, 2026",The Mysterious Old Money Heiress (2026) [Lw6ny7_4f].jpg,The Mysterious Old Money Heiress (2026) [Lw6ny7_4f].jpg,matched,103023,740,1060,JPEG,db5af4d5fb495e54b3493677b2216c6ec7a882d350f584312c9625ed02d6466d
1920,g0ezwo_4f,"My Last Divorce, My First Love","Feb 24, 2026","My Last Divorce, My First Love (2026) [g0ezwo_4f].jpg","My Last Divorce, My First Love (2026) [g0ezwo_4f].jpg",matched,84641,600,800,JPEG,dcfe573d48cacd7bb741bc6f837729376f1be32766590d65330020b5df01b194
1921,Kp6qmq_4f,The Whole Family Dotes on Her,"Mar 4, 2026",The Whole Family Dotes on Her (2026) [Kp6qmq_4f].jpg,The Whole Family Dotes on Her (2026) [Kp6qmq_4f].jpg,matched,21950,240,320,JPEG,96c0a93d476d8a0e0c2536816d5e433bde52c028a6ff000f12eb63509814c12d
1922,VXqRlJ_4f,The Stolen First Husband,"Mar 17, 2026",The Stolen First Husband (2026) [VXqRlJ_4f].jpg,The Stolen First Husband (2026) [VXqRlJ_4f].jpg,matched,75208,600,800,JPEG,d2bdd2560ab8eed90e688e413e237183167a607ee4665328a12274d53c300c08
1923,b3blzN_4f,The CEO's Secret Lover,"Apr 14, 2026",The CEO's Secret Lover (2026) [b3blzN_4f].jpg,The CEO's Secret Lover (2026) [b3blzN_4f].jpg,matched,136514,836,1080,JPEG,96f7f23c983f2a66da16c2062a6f1430611a407fb2619374140d0af28099c35f
1924,816zAd_4f,Reborn for My Happy Ending,"Feb 3, 2026",Reborn for My Happy Ending (2026) [816zAd_4f].jpg,Reborn for My Happy Ending (2026) [816zAd_4f].jpg,matched,139868,835,1080,JPEG,b5833eb12285f8a36a422d14606270dbcae273ee3329f857c08ff152a08cfd6f
1925,zBLzOz_4f,Blonde and Blue Eyes,"Apr 29, 2026",Blonde and Blue Eyes (2026) [zBLzOz_4f].jpg,Blonde and Blue Eyes (2026) [zBLzOz_4f].jpg,matched,120275,900,1125,JPEG,6bd5efe1a5f1a1b98cb9a57ab4e21b44b19557a651671b3c005b2b447ddd3699
1926,Dk6oro_4f,My Overly Innocent Wife,"Apr 30, 2026",My Overly Innocent Wife (2026) [Dk6oro_4f].jpg,My Overly Innocent Wife (2026) [Dk6oro_4f].jpg,matched,99893,560,800,JPEG,5085359c0bd7e2965418bd1ae32073d7d4dc9661834944a2e28465d9f4e8f6ed
1927,YYR5bP_4f,Gajja Sangsoknyeoui Wiheomhan Guwonja,"May 4, 2026",Gajja Sangsoknyeoui Wiheomhan Guwonja (2026) [YYR5bP_4f].jpg,Gajja Sangsoknyeoui Wiheomhan Guwonja (2026) [YYR5bP_4f].jpg,matched,121208,900,1125,JPEG,ed95642d775d8c45c4da0b460f8c8f1f5131ee13bc9ca2e27bbc4903f4cfe6d8
1928,zBLdn1_4f,The Fallen Star and the Hidden CEO,"Apr 30, 2026",The Fallen Star and the Hidden CEO (2026) [zBLdn1_4f].jpg,The Fallen Star and the Hidden CEO (2026) [zBLdn1_4f].jpg,matched,95541,640,960,JPEG,756424191cf6ab7752c7e8308bf9b8f141a4200830466f98c7df3fbd9212a8c7
1929,736ZyB_4f,Temptation,"Nov 21, 2025",Temptation (2025) [736ZyB_4f].jpg,Temptation (2025) [736ZyB_4f].jpg,matched,247715,900,1283,JPEG,5f2b436650da2519e6b2648b8a6643724c08d1a3ad18f63a6f4e504fd4418eb1
1930,5v6L4Y_4f,Virgin Love Hell,"Apr 29, 2026",Virgin Love Hell (2026) [5v6L4Y_4f].jpg,Virgin Love Hell (2026) [5v6L4Y_4f].jpg,matched,231348,900,1199,JPEG,abe4574b363a51772f0a467164c05b2acafd45582ddeef0d4711262460d9164d
1931,oQr0BY_4f,My Ex-husband Is 18,"Sep 13, 2025",My Ex-husband Is 18 (2025) [oQr0BY_4f].jpg,My Ex-husband Is 18 (2025) [oQr0BY_4f].jpg,matched,134812,658,1169,JPEG,6f18bf136b8bbc6f98f839d23f7af4ed981824c9088318e771ac1824b544c0c3
1932,l0mb3L_4f,Look at Me,"Jun 2, 2026 - Jun 4, 2026",Look at Me (2026) [l0mb3L_4f].jpg,Look at Me (2026) [l0mb3L_4f].jpg,matched,64683,720,1280,JPEG,b1d3b4e27c95f9dca2af6f5c52497b03118d266f53835ba38577f7fd67422436
1933,Nd66QY_4f,The White Angel Has No Wings: Fallen Girl,"May 14, 2026",The White Angel Has No Wings_ Fallen Girl (2026) [Nd66QY_4f].jpg,The White Angel Has No Wings_ Fallen Girl (2026) [Nd66QY_4f].jpg,matched,216665,896,1350,JPEG,f3d62770e5eac56bb5a86425fe970715597b29a57fdc6d6445ad53a42629ea64
1934,Dked5y_4f,Love Love Change,"May 21, 2026",Love Love Change (2026) [Dked5y_4f].jpg,Love Love Change (2026) [Dked5y_4f].jpg,matched,140144,700,990,JPEG,20febb3ca82f2dd93d4ed4e7e61fbaedd8ff75e1f9db94b29b6d76a8b0973525
1935,nOQAQ2_4f,Deep Office Season 2,"May 14, 2026 - Jul 2, 2026",Deep Office Season 2 (2026) [nOQAQ2_4f].jpg,Deep Office Season 2 (2026) [nOQAQ2_4f].jpg,matched,108599,900,1611,JPEG,1dda68b3efc21cfe570f9a0f0723a76a7d7c9ec86f0937ca3679bd2b94e4ba58
1936,JB4k0J_4f,My Silent Bride,"May 19, 2026",My Silent Bride (2026) [JB4k0J_4f].jpg,My Silent Bride (2026) [JB4k0J_4f].jpg,matched,115055,640,960,JPEG,e8a63e21ab2775d162de9209dc70ebec085f46f27a3c13e3021f628ad69a7803
1937,3onLLW_4f,Sisters at War,"May 22, 2026",Sisters at War (2026) [3onLLW_4f].jpg,Sisters at War (2026) [3onLLW_4f].jpg,matched,138000,900,1211,JPEG,5d671d8901c64ba181fc0abcf628426657af60ffd61224df6bc24d4c98ffbeff
1938,l0ejox_4f,Adieu Solo,"May 8, 2026 - ?",Adieu Solo (2026) [l0ejox_4f].jpg,Adieu Solo (2026) [l0ejox_4f].jpg,matched,66434,440,660,JPEG,f9b36ade03a48720ecc47bcd4d574fe4f3db369b996ea16437e6703fe49b3f44
1939,ABgO8f,"The King's Daughter, Soo Baek Hyang","Sep 30, 2013 - Mar 14, 2014","The King's Daughter, Soo Baek Hyang (2013) [ABgO8f].jpg","The King's Daughter, Soo Baek Hyang (2013) [ABgO8f].jpg",matched,182601,792,1181,JPEG,db8d875fe30ffed1ecea047f757631b8601076b0bada0afaca3404415aabaf7b
1940,JB4Jmp_4f,Backdoor,"May 30, 2026 - Jun 18, 2026",Backdoor (2026) [JB4Jmp_4f].jpg,Backdoor (2026) [JB4Jmp_4f].jpg,matched,117883,720,1280,JPEG,789a4b4b124364ad0434d51e969b28d4d2af3c2f2e597c116cb390a3c549a2b1
1941,zB1YeA_4f,"We're Closing, My Assistant","May 27, 2026","We're Closing, My Assistant (2026) [zB1YeA_4f].jpg","We're Closing, My Assistant (2026) [zB1YeA_4f].jpg",matched,215793,900,1125,JPEG,5683dc0a4ca3c4705596a1055151825dfca12019403e1d71a98c83d2ce1dabb9
1942,l021kQ_4f,"Rec Off, Kiss On","Aug 18, 2026 - Aug 25, 2026","Rec Off, Kiss On (2026) [l021kQ_4f].jpg","Rec Off, Kiss On (2026) [l021kQ_4f].jpg",matched,147751,900,1600,JPEG,4378f5014656a5af15490edb67fa2ef59878ae622ac711affe620e42bbe46bcc
1943,nOQl88_4f,Vampire Unnie,"Mar 12, 2026 - Jun 4, 2026",Vampire Unnie (2026) [nOQl88_4f].jpg,Vampire Unnie (2026) [nOQl88_4f].jpg,matched,136555,720,1280,JPEG,cc21097154920212c4a732e4281e4bde9a03166aa448f9d181e26bc9f056ecff
1944,DkeDeD_4f,One Night with the Virgin CEO,"Apr 8, 2026",One Night with the Virgin CEO (2026) [DkeDeD_4f].jpg,One Night with the Virgin CEO (2026) [DkeDeD_4f].jpg,matched,89885,600,800,JPEG,386990b819fecc8e66273877d28ac34ec95895becb92fa6c2468daee4583f73b
1945,YYNmQd_4f,Sin and Love,"Jul 8, 2026 - Aug 6, 2026",Sin and Love (2026) [YYNmQd_4f].jpg,Sin and Love (2026) [YYNmQd_4f].jpg,matched,147822,900,1200,JPEG,82506e10bdf735a28b36831b687044d76d1b796ff649e445f8ec0d0ad8e1d861
1946,PxZog5_4f,I Raised His Mistress’s Daughter,"May 13, 2026",I Raised His Mistress’s Daughter (2026) [PxZog5_4f].jpg,I Raised His Mistress’s Daughter (2026) [PxZog5_4f].jpg,matched,127839,900,1200,JPEG,9fcf5a08a0796154428d950fac7f72ada0abd97f99aa8ff46c2e3dd3154fc619
1947,YYN1YP_4f,What to Eat Today? Season 2,"Nov 29, 2025 - Jan 31, 2026",What to Eat Today_ Season 2 (2025) [YYN1YP_4f].jpg,What to Eat Today_ Season 2 (2025) [YYN1YP_4f].jpg,matched,194597,900,1200,JPEG,c79fcc2752663f5f2dda9b7937bfbd84eea0e1e2918fc2dad08cf113c7f55bbd
1948,DkjeZy_4f,Eyes on You,"Aug 27, 2026",Eyes on You (2026) [DkjeZy_4f].jpg,Eyes on You (2026) [DkjeZy_4f].jpg,matched,147692,758,1350,JPEG,c959b2f5a45af65a3f19ff38033a135045b0289185931c8657a38158045e3890
1949,LwrPoL_4f,Checkmate,"Jun 11, 2026",Checkmate (2026) [LwrPoL_4f].jpg,Checkmate (2026) [LwrPoL_4f].jpg,matched,195424,896,1349,JPEG,42a2afdd1af52f09f960452e75b11294b9d8891622f50afdf41cedee1116a613
1950,JB4VJm_4f,My Little Chef,"May 14, 2026",My Little Chef (2026) [JB4VJm_4f].jpg,My Little Chef (2026) [JB4VJm_4f].jpg,matched,110152,640,960,JPEG,db75f2857349e08f7a0642f585e09dca71df8c29f7ab0cd90a3b1774fd890db5
1951,5vYDR0_4f,Winter Fever Uncut,"Feb 25, 2026 - Apr 16, 2026",Winter Fever Uncut (2026) [5vYDR0_4f].jpg,Winter Fever Uncut (2026) [5vYDR0_4f].jpg,matched,127608,720,1280,JPEG,45328f9144d856ed1fc00e0fc3ecc29a1c637b84ab60d0fa07e8e02f23a0b864
1952,yWDPV3_4f,Private Lesson Uncut,"May 16, 2026 - May 28, 2026",Private Lesson Uncut (2026) [yWDPV3_4f].jpg,Private Lesson Uncut (2026) [yWDPV3_4f].jpg,matched,98459,720,1280,JPEG,2f6da6499725c6ec3dabbd063bf86138344ddc4b23db1374bca30df70f2dfc0d
1953,mOK5bb_4f,A Genius Baby's Life Turnaround,"May 7, 2026",A Genius Baby's Life Turnaround (2026) [mOK5bb_4f].jpg,A Genius Baby's Life Turnaround (2026) [mOK5bb_4f].jpg,matched,187144,640,960,JPEG,9e1f74385090f9594fcb92632cc92df35fdf804b933d83003c44ff1c0ba6feef
1954,73lVky_4f,Clubhouse of Desire,"Jan 10, 2026",Clubhouse of Desire (2026) [73lVky_4f].jpg,Clubhouse of Desire (2026) [73lVky_4f].jpg,matched,137018,900,1333,JPEG,ff4028d872604062193274a0e2c8e37bbff52b2449cc15f2905f7420f1056027
1955,YYN17d_4f,Reborn as a Teenage Girl,"Jun 25, 2026",Reborn as a Teenage Girl (2026) [YYN17d_4f].jpg,Reborn as a Teenage Girl (2026) [YYN17d_4f].jpg,matched,205488,900,1350,JPEG,2640eb09d2f0494b4cd463f043eb6d997bc11dd28038f8d37bf884590449a11d
1956,YYNZZK_4f,Run from Me if You Can,"Jun 4, 2026",Run from Me if You Can (2026) [YYNZZK_4f].jpg,Run from Me if You Can (2026) [YYNZZK_4f].jpg,matched,97013,640,940,JPEG,61ccc9653a03f2b8739939654355761fa1bb07ee8af96388dce0809607645db7
1957,O8PQ6Y_4f,An Unwelcom Guest at My Wedding,"May 26, 2026",An Unwelcom Guest at My Wedding (2026) [O8PQ6Y_4f].jpg,An Unwelcom Guest at My Wedding (2026) [O8PQ6Y_4f].jpg,matched,91814,640,960,JPEG,b00368a53c29e17eddad4c842c751279544978de90f73acf2cc867880df05a76
1958,JB486X_4f,My Puppy Returns as a Billionaire,"May 12, 2026",My Puppy Returns as a Billionaire (2026) [JB486X_4f].jpg,My Puppy Returns as a Billionaire (2026) [JB486X_4f].jpg,matched,144446,640,960,JPEG,f86453b8cf3b2fe22e83a6edef0c241fad1e33ab2a4800a9303addc3c3f74dbb
1959,YYNpge_4f,"Brother’s Rival, My Secret Lover","Apr 22, 2026","Brother’s Rival, My Secret Lover (2026) [YYNpge_4f].jpg","Brother’s Rival, My Secret Lover (2026) [YYNpge_4f].jpg",matched,39307,360,480,JPEG,cb67d0c342e3dcfd36eee4ad131c1ec1fe5da4ac6a088175a4d104cfd8e68816
1960,KpoyEX_4f,This Is My Second First Job,"Aug 1, 2025",This Is My Second First Job (2025) [KpoyEX_4f].jpg,This Is My Second First Job (2025) [KpoyEX_4f].jpg,matched,141557,900,1200,JPEG,04eec6b0fbc01db75e89ab2799172e7289962e5661b1aef3d799511725f51071
1961,l0epZE_4f,The CEO's Wife Can't Hide,"Jun 3, 2026",The CEO's Wife Can't Hide (2026) [l0epZE_4f].jpg,The CEO's Wife Can't Hide (2026) [l0epZE_4f].jpg,matched,100388,640,1136,JPEG,61c6e5b262082f360eeec3e1cdefc2426c5dae86fa17b530f828926fe1490bc6
1962,b3jp1N_4f,Delivered by Destiny,"May 21, 2026",Delivered by Destiny (2026) [b3jp1N_4f].jpg,Delivered by Destiny (2026) [b3jp1N_4f].jpg,matched,83570,640,1136,JPEG,439212b8a10d50b003871152e92452e8f24897f21430516b71ba94e333290f36
1963,nOQp74_4f,Love at the End of His Lie,"Apr 7, 2026",Love at the End of His Lie (2026) [nOQp74_4f].jpg,Love at the End of His Lie (2026) [nOQp74_4f].jpg,matched,43458,360,480,JPEG,9803b8ae389cb97e37bfe1f88631c9873143693a79bfda9c7148c1f8889da451
1964,3onYgD_4f,"CEO Daddy, Please Don’t Catch Me!","Apr 21, 2026","CEO Daddy, Please Don’t Catch Me! (2026) [3onYgD_4f].jpg","CEO Daddy, Please Don’t Catch Me! (2026) [3onYgD_4f].jpg",matched,44359,360,480,JPEG,cdd7a9525a035fff82880771ea4100d9f159faa15e84270e5bb6596901bedbef
1965,73lJxe_4f,Diary of a Billionaire’s Daughter-In-Law,"Apr 21, 2026",Diary of a Billionaire’s Daughter-In-Law (2026) [73lJxe_4f].jpg,Diary of a Billionaire’s Daughter-In-Law (2026) [73lJxe_4f].jpg,matched,44459,360,480,JPEG,3d7b569987be8aa462a325a7e705bd66a0c82b5ba093e5f7d31bdcb88678a896
1966,nOQpRN_4f,Buying My Night?,"Apr 28, 2026",Buying My Night_ (2026) [nOQpRN_4f].jpg,Buying My Night_ (2026) [nOQpRN_4f].jpg,matched,36935,360,480,JPEG,6b22ae2ae04a1423c5aba645d2a946e21d4a2b361733c56676ee1a25682066f0
1967,nOQpR8_4f,The Stolen Life: True Heiress Returns,"May 6, 2026",The Stolen Life_ True Heiress Returns (2026) [nOQpR8_4f].jpg,The Stolen Life_ True Heiress Returns (2026) [nOQpR8_4f].jpg,matched,179681,900,1600,JPEG,9310be19eb1e9f58f5e0469b87c74bf8db1fd6051b7b96147f451997a8a5e0a2
1968,b3jWnZ_4f,"Daddy, Please Save Mommy!","Jun 13, 2026","Daddy, Please Save Mommy! (2026) [b3jWnZ_4f].jpg","Daddy, Please Save Mommy! (2026) [b3jWnZ_4f].jpg",matched,183583,900,1200,JPEG,e2dea6397b85b1a68525d04babd84d012af4502dc7a4933f3277047d18a9b49b
1969,YY2YBo_4f,The Fox Scandal in Kyungsung,"Feb 28, 2026",The Fox Scandal in Kyungsung (2026) [YY2YBo_4f].jpg,The Fox Scandal in Kyungsung (2026) [YY2YBo_4f].jpg,matched,173167,900,1283,JPEG,f965fbab0beb96d5ce7f1a0b4b6b0234f09c37af66906368ca0d44bd7407a758
1970,ABKYNP_4f,Spoiled by My Billionaire Baby Daddy,"Aug 28, 2025",Spoiled by My Billionaire Baby Daddy (2025) [ABKYNP_4f].jpg,Spoiled by My Billionaire Baby Daddy (2025) [ABKYNP_4f].jpg,matched,65692,509,678,JPEG,ecde3dc36f69a96500a38afc124209e93256d9ba68bffb6011b93293fec4638b
1971,73Anje_4f,The Table,"Jun 24, 2026 - Jul 14, 2026",The Table (2026) [73Anje_4f].jpg,The Table (2026) [73Anje_4f].jpg,matched,118124,900,1273,JPEG,e64669f4c85b20a0b18b8355eb47e01ba96770ff3a7801ba4437e3a972b931e0
1972,YY2kKP_4f,Midnight Mart,"Jun 11, 2026 - Jul 1, 2026",Midnight Mart (2026) [YY2kKP_4f].jpg,Midnight Mart (2026) [YY2kKP_4f].jpg,matched,47833,386,686,JPEG,e41df2493b6f69556912329b765daf7832ca032f520047b92f7395494350c320
1973,l0zwvE_4f,The Vending Machine,"May 20, 2026",The Vending Machine (2026) [l0zwvE_4f].jpg,The Vending Machine (2026) [l0zwvE_4f].jpg,matched,210838,882,1307,JPEG,ff1ed25ff4c081eaa835648efffcff405caf17b6c194c75753366a2c05f6fc69
1974,oQARXN_4f,A Trap Called Desire,"Aug 10, 2026 - ?",A Trap Called Desire (2026) [oQARXN_4f].jpg,A Trap Called Desire (2026) [oQARXN_4f].jpg,matched,166443,900,1285,JPEG,cb53d2dbd95ca00bf997c22d22a49e02f2dc62b1cae21f1ec9ca4dd912adf050
1975,DkwoZN_4f,A Life That Shines Again,"Jan 22, 2026",A Life That Shines Again (2026) [DkwoZN_4f].jpg,A Life That Shines Again (2026) [DkwoZN_4f].jpg,matched,64444,600,800,JPEG,55db9de4aea5c0ef5cf6b46dcce68deb0eba118d24638a99b799674a7440dc27
1976,81Wojm_4f,Summer Fever,"Aug 4, 2026 - Aug 25, 2026",Summer Fever (2026) [81Wojm_4f].jpg,Summer Fever (2026) [81Wojm_4f].jpg,matched,128329,900,1294,JPEG,d02c0c14a65152724cf175e781d2fc65ab30c1aed4f61d30c9b2a7c89fb41586
1977,ABKWng_4f,Summer Crush: Vertical Series,"Jan 22, 2026",Summer Crush_ Vertical Series (2026) [ABKWng_4f].jpg,Summer Crush_ Vertical Series (2026) [ABKWng_4f].jpg,matched,39189,384,538,JPEG,2283cf6ff5f886e198430a7e94bd79414ece083e29d48798cff35cc56f092b4c
1978,LwZWvB_4f,Love Hurts,"Jul 8, 2026 - Aug 28, 2026",Love Hurts (2026) [LwZWvB_4f].jpg,Love Hurts (2026) [LwZWvB_4f].jpg,matched,98290,720,1280,JPEG,849b540e1ee68001f5d6bee6ecf90932d7716ce5ac352b8a5b2379e168e888d8
1979,LwZPrD_4f,A Stranger,"Mar 28, 2026 - May 30, 2026",A Stranger (2026) [LwZPrD_4f].jpg,A Stranger (2026) [LwZPrD_4f].jpg,matched,101662,900,1098,JPEG,1aac5196462754c475dad8084c4e3edd353a5c533ee533168ec17a32b8bf6a78
1980,g0kQvP_4f,Thunderman Season 3,"Jun 2, 2026 - ?",Thunderman Season 3 (2026) [g0kQvP_4f].jpg,Thunderman Season 3 (2026) [g0kQvP_4f].jpg,matched,145247,700,933,JPEG,c80c7e610a63c390eb258debddbdc11a734113f1a2f32382558f1279e78a5107
1981,l0zX6J_4f,A Killer Recipe: The Red,"Jul 7, 2026 - Jul 16, 2026",A Killer Recipe_ The Red (2026) [l0zX6J_4f].jpg,A Killer Recipe_ The Red (2026) [l0zX6J_4f].jpg,matched,129329,900,1600,JPEG,873f662257511052d635a54bddbfdfd8263fb4d75939622231764accd7e29dd5
1982,NdeRqE_4f,Death to Dignity,"Jul 30, 2026",Death to Dignity (2026) [NdeRqE_4f].jpg,Death to Dignity (2026) [NdeRqE_4f].jpg,matched,157349,898,1350,JPEG,db0fdea91f31c728a82a4daaf4de5c6072f0a7c5705628dee1bba25b9033dc6a
1983,g0n4ZX_4f,Deep Secret,"Jul 9, 2026 - Aug 27, 2026",Deep Secret (2026) [g0n4ZX_4f].jpg,Deep Secret (2026) [g0n4ZX_4f].jpg,matched,119130,900,1601,JPEG,7f3a1fd6dcf4ec0a8d8d114d5b4c2587d4f50bf10cd6660bca0b090032c6b740
1984,b3WZxj_4f,Reborn as a Kingmaker of My Useless Chaebol Dad,"Jun 22, 2026",Reborn as a Kingmaker of My Useless Chaebol Dad (2026) [b3WZxj_4f].jpg,Reborn as a Kingmaker of My Useless Chaebol Dad (2026) [b3WZxj_4f].jpg,matched,246661,900,1200,JPEG,e3230c34bcf975f186b6ec966fb41d1f3a4fafc65e301030e8b8723133270bb2
1985,zBQPdz_4f,The Woman Destined to Save the King,"Jun 30, 2026",The Woman Destined to Save the King (2026) [zBQPdz_4f].jpg,The Woman Destined to Save the King (2026) [zBQPdz_4f].jpg,matched,89333,640,960,JPEG,588a9c7812a35260bc18bc79e76e404c4db14642ed68a9ef42e306ad3bba5b55
1986,81WYLD_4f,Friends with Benefits Play the Swap Game,"Aug 29, 2025",Friends with Benefits Play the Swap Game (2025) [81WYLD_4f].jpg,Friends with Benefits Play the Swap Game (2025) [81WYLD_4f].jpg,matched,118173,900,1200,JPEG,f76aff82e20a8bead6866a8fee62b1244bbac148834d72e09fdb3e6771432e49
1987,8Q0pRW_4f,Love Penalty,"Sep 15, 2026 - ?",Love Penalty (2026) [8Q0pRW_4f].jpg,Love Penalty (2026) [8Q0pRW_4f].jpg,matched,178692,900,1350,JPEG,b9403956ccc5ba8310c40f249230bf8d9f9ca62cb027f6d3967f9dd2d48720bc
1988,YYPO4K_4f,Podcast: Flirt Alert,"Jul 16, 2026 - Aug 6, 2026",Podcast_ Flirt Alert (2026) [YYPO4K_4f].jpg,Podcast_ Flirt Alert (2026) [YYPO4K_4f].jpg,matched,93752,506,900,JPEG,170a4aca7979297010621017cf64daed28d3007e079b10fb848021dfe1b794af
1989,nOjrEQ_4f,She Lives Upstairs,"Jul 4, 2026",She Lives Upstairs (2026) [nOjrEQ_4f].jpg,She Lives Upstairs (2026) [nOjrEQ_4f].jpg,matched,114882,894,1348,JPEG,dfbfee3245529a2fe56ea9eef10b7c7b313c52b95d94800c3b4d627ff0afb7a4
1990,JBdbWo_4f,Snakes and Ladders,"Jul 10, 2026",Snakes and Ladders (2026) [JBdbWo_4f].jpg,Snakes and Ladders (2026) [JBdbWo_4f].jpg,matched,80565,780,1170,JPEG,30108d7753cc44da7bdf24ddc38f94ea29086c549f3e1c35132a0405784441a3
1991,73L5On_4f,Cast Me if You Can!,"Jul 4, 2026",Cast Me if You Can! (2026) [73L5On_4f].jpg,Cast Me if You Can! (2026) [73L5On_4f].jpg,matched,161485,800,1200,JPEG,8f683baf3a569d70a3f8a61c45744ebaec57e05668a0cfa7030d96934768a54e
1992,l0XNev_4f,The Love I Don't Remember,"Jul 7, 2026",The Love I Don't Remember (2026) [l0XNev_4f].jpg,The Love I Don't Remember (2026) [l0XNev_4f].jpg,matched,126696,900,1344,JPEG,476e86c40194552daa911a789f47982e7facc614e00efd41769bcece0a2c56d0
1993,b3W5Ax_4f,Miss CEO's Baby Daddy Is the Final Boss,"Apr 30, 2026",Miss CEO's Baby Daddy Is the Final Boss (2026) [b3W5Ax_4f].jpg,Miss CEO's Baby Daddy Is the Final Boss (2026) [b3W5Ax_4f].jpg,matched,211594,900,1200,JPEG,9d916b44e118769659c5541a536d1f0da59996723db4edcd8aed3542bfdcbe8d
1994,JBdWNJ_4f,Shaman Girl and Her Mr. CEO,"Jul 14, 2026",Shaman Girl and Her Mr. CEO (2026) [JBdWNJ_4f].jpg,Shaman Girl and Her Mr. CEO (2026) [JBdWNJ_4f].jpg,matched,167245,900,1125,JPEG,77774c6b00377c8ff797e1befa50887edd9430523a619346a52d87667a653052
1995,nOjLV6_4f,Sadistic Beauty,"Jul 23, 2026",Sadistic Beauty (2026) [nOjLV6_4f].jpg,Sadistic Beauty (2026) [nOjLV6_4f].jpg,matched,258713,899,1350,JPEG,cbbfe7643a2a687fc0d16b6f09c457d42fc5f34f03ba09e86abf35caf6241ecc
1996,YYPrxP_4f,OX No Egg Man,"Feb 4, 2026",OX No Egg Man (2026) [YYPrxP_4f].jpg,OX No Egg Man (2026) [YYPrxP_4f].jpg,matched,183361,898,1350,JPEG,212c136e936387553c982d6b94dc864df989a4be0657fc8dbdd1cfbb347a705b
1997,VXrmvL_4f,3XLOVE: Nerd Guy in Love,"May 21, 2026",3XLOVE_ Nerd Guy in Love (2026) [VXrmvL_4f].jpg,3XLOVE_ Nerd Guy in Love (2026) [VXrmvL_4f].jpg,matched,300242,899,1350,JPEG,0ee48b01bee16d3354c28c2ae42b06031fd6a2cbfaca0ccb090807c09bb6dbcd
1998,zBQZg7_4f,Team X: Reunited for Revenge,"Aug 6, 2026",Team X_ Reunited for Revenge (2026) [zBQZg7_4f].jpg,Team X_ Reunited for Revenge (2026) [zBQZg7_4f].jpg,matched,224435,895,1350,JPEG,276fb33ee40ad826ad4f6bdebecdb3733cbea75e61e45f40818aa8cac62ac130
1999,Dkql0r_4f,Save Me,"Jun 4, 2026",Save Me (2026) [Dkql0r_4f].jpg,Save Me (2026) [Dkql0r_4f].jpg,matched,262196,895,1350,JPEG,6d6beccbd8a4000fa8a32d33d7b025c8a45f094c9a3006f67eabf65da6a09316
2000,O8Kknb_4f,Deathwish Covenant: After-School Revenge,"Apr 30, 2026",Deathwish Covenant_ After-School Revenge (2026) [O8Kknb_4f].jpg,Deathwish Covenant_ After-School Revenge (2026) [O8Kknb_4f].jpg,matched,252804,898,1350,JPEG,54d10c63efd9d8f0bb02b457b4b9629d92ef7c6911024af7d5ce6ac0ca8c18dc
2001,oQAL0z_4f,When Time Unlocks Love,"May 8, 2026",When Time Unlocks Love (2026) [oQAL0z_4f].jpg,When Time Unlocks Love (2026) [oQAL0z_4f].jpg,matched,42022,360,480,JPEG,d2a112f4b8b42f565ee822a8c06a39b8e0ae99dec6cd78da6b165c997eb7e52e
2002,NdeqqY_4f,Play Me,"Jul 31, 2026 - Aug 21, 2026",Play Me (2026) [NdeqqY_4f].jpg,Play Me (2026) [NdeqqY_4f].jpg,matched,104335,900,1200,JPEG,d28e44d35c4cc3baae09eaf196b4d022b20b1dad70e1cd0f1b65657b0a87dab2
2003,5v3OVA_4f,My Superstar Is a Tyrant King?!,"Jul 17, 2026",My Superstar Is a Tyrant King_! (2026) [5v3OVA_4f].jpg,My Superstar Is a Tyrant King_! (2026) [5v3OVA_4f].jpg,matched,192796,864,1536,JPEG,e912ca2c74b356be67560b9e03bb2f18ea19be7d9d7800ea8eaa9bb60fb02aa2
2004,3o5L84_4f,Uncovered,"Aug 9, 2026 - Sep 13, 2026",Uncovered (2026) [3o5L84_4f].jpg,Uncovered (2026) [3o5L84_4f].jpg,matched,121750,900,1125,JPEG,6716a4562472f5c08d201c7854ae9867dad025f70b6f1456985e474cbcdc0dd1
2005,3oVnLe_4f,Is This Marriage Valid?,"Jul 17, 2026",Is This Marriage Valid_ (2026) [3oVnLe_4f].jpg,Is This Marriage Valid_ (2026) [3oVnLe_4f].jpg,matched,145859,740,1113,JPEG,454245bfb6d427d4418943cbfe83adbaf966db9e049aafcff108bdedf1e50e68
2006,PxQZJ3_4f,The Poor Couple in the Billionaire's Mansion,"Jul 14, 2026",The Poor Couple in the Billionaire's Mansion (2026) [PxQZJ3_4f].jpg,The Poor Couple in the Billionaire's Mansion (2026) [PxQZJ3_4f].jpg,matched,180079,896,1349,JPEG,224ae60a81e8ea9fa5bfca3b0168da33352ec867d6541d1e6bd3430ab9221c06
2007,l0XXlL_4f,My Baby Daddy Is My Best Friend,"Feb 4, 2026",My Baby Daddy Is My Best Friend (2026) [l0XXlL_4f].jpg,My Baby Daddy Is My Best Friend (2026) [l0XXlL_4f].jpg,matched,190421,897,1350,JPEG,d951a2c31bf0d324095b6f8b9defd1112d14b2d09af638c35ecc7a64ac0beb79
2008,Lw4YvD_4f,Her Garden,"Dec 20, 2025 - May 22, 2026",Her Garden (2025) [Lw4YvD_4f].jpg,Her Garden (2025) [Lw4YvD_4f].jpg,matched,131753,720,1280,JPEG,8e14b8974aad1201a03dce5c01504c30465a20c3c800cf3fff066863fffe4630
2009,JBQ7VX_4f,Delicious,"Aug 13, 2026",Delicious (2026) [JBQ7VX_4f].jpg,Delicious (2026) [JBQ7VX_4f].jpg,matched,73983,658,987,JPEG,ff0f78551cd3c11823228e9e47e793ba961d1a1c2acfe353863bc242b6d14897
2010,5vzwOy_4f,Girl vs Despair,"Aug 27, 2026",Girl vs Despair (2026) [5vzwOy_4f].jpg,Girl vs Despair (2026) [5vzwOy_4f].jpg,matched,128403,658,987,JPEG,9c499d540e681f19d21a263e1d07ced63f0271c9688b86160774782347ea8c51
2011,81y6xd_4f,Dr. Teddy Bear,"Jun 18, 2026",Dr. Teddy Bear (2026) [81y6xd_4f].jpg,Dr. Teddy Bear (2026) [81y6xd_4f].jpg,matched,139561,900,1350,JPEG,2af266e5b72cba95ee675e684f229e22cd3654fec9785251613deb9666d2341b
2012,5vznl4_4f,Be My Guest: Checking into Your Heart,"Aug 20, 2026",Be My Guest_ Checking into Your Heart (2026) [5vznl4_4f].jpg,Be My Guest_ Checking into Your Heart (2026) [5vznl4_4f].jpg,matched,183051,900,1125,JPEG,6ced45c02699c46af5ccfa0174676e628f8a47e94f4370a2a8f9d9e4bcbf50aa
2013,73o6qB_4f,Naughty by Arrangement,"Apr 9, 2026",Naughty by Arrangement (2026) [73o6qB_4f].jpg,Naughty by Arrangement (2026) [73o6qB_4f].jpg,matched,160127,800,1200,JPEG,084cd2c0bd0ada66e0f1d203e87c97c171fa468bd5671aa116e62ddf7d681c7f
2014,5vzLJV_4f,In the Name of Beauty,"Jul 30, 2026 - Aug 6, 2026",In the Name of Beauty (2026) [5vzLJV_4f].jpg,In the Name of Beauty (2026) [5vzLJV_4f].jpg,matched,71494,400,711,JPEG,718aec4fd1dc11705a7f761fd43099e853defb1d70df759805c6f61a46eb07c4
2015,l02nvx_4f,Devilish High School Girl,"Nov 25, 2025",Devilish High School Girl (2025) [l02nvx_4f].jpg,Devilish High School Girl (2025) [l02nvx_4f].jpg,matched,175549,900,1599,JPEG,52c95b31975995e672265fd0624f7dcd5362776871f9849ad4518d8fe2024825
2016,m0BoVm_4f,Dive into My Bad Rival,"Aug 28, 2026",Dive into My Bad Rival (2026) [m0BoVm_4f].jpg,Dive into My Bad Rival (2026) [m0BoVm_4f].jpg,matched,162545,900,1125,JPEG,a312c3d0db2bc3d70a7a63f1519affdcc624d32b5eb21684d61d10866ce8ccee
2017,b3pP6f,One Warm Word,"Dec 2, 2013 - Feb 24, 2014",One Warm Word (2013) [b3pP6f].jpg,One Warm Word (2013) [b3pP6f].jpg,matched,141028,900,1279,JPEG,bb98d00dcef62c5405c5a1c22005af52be4d386a2a01df727233bf382e22f540
2018,DkjjOo_4f,My Father's Table,"Sep 17, 2026 - Sep 24, 2026",My Father's Table (2026) [DkjjOo_4f].jpg,My Father's Table (2026) [DkjjOo_4f].jpg,matched,284547,900,1285,JPEG,c406a0a3a259521c4259556b103ca37317c8735b11ce5562ca2cdfb85050e018
2019,5QedDy_4f,An Innocent Sin,"Sep 3, 2026",An Innocent Sin (2026) [5QedDy_4f].jpg,An Innocent Sin (2026) [5QedDy_4f].jpg,matched,131672,680,1020,JPEG,d5fa45ec80c0bc403b852f340e6b5a06778746c2f154b89bb208f5434dbfcbc4
2020,8Q0qVQ_4f,Psychic Gambler: Betting Man,"Sep 10, 2026",Psychic Gambler_ Betting Man (2026) [8Q0qVQ_4f].jpg,Psychic Gambler_ Betting Man (2026) [8Q0qVQ_4f].jpg,matched,183973,900,1350,JPEG,8c90dc489af86f2b9de62b4475b0519badec2a97ccec7c505a4c0d900b0f09e3
2021,Ar3378_4f,Off the Record Season 2,"Jul 21, 2026 - Sep 8, 2026",Off the Record Season 2 (2026) [Ar3378_4f].jpg,Off the Record Season 2 (2026) [Ar3378_4f].jpg,matched,125401,900,1611,JPEG,21fb48249b7374414e7f4d764a1582d97dd9f1433abaa27964b6eea573662502
2022,L2DXRB_4f,Help! Trapped in a Crazy BL Novel,"Sep 10, 2026",Help! Trapped in a Crazy BL Novel (2026) [L2DXRB_4f].jpg,Help! Trapped in a Crazy BL Novel (2026) [L2DXRB_4f].jpg,matched,197728,900,1125,JPEG,c361163233850c2a4ce3e13008bcd6f22a6186d4c4c3f856bbc8cb19934881ae
2023,JjPDRJ_4f,"Hello, Stranger","Sep 1, 2026 - ?","Hello, Stranger (2026) [JjPDRJ_4f].jpg","Hello, Stranger (2026) [JjPDRJ_4f].jpg",matched,86495,720,1280,JPEG,f586699f5f2379cfcdb16fe6f0617b5847b5ce32abc17c1f02e784e36b2d02f9
2024,kvA5Of,Prime Minister and I,"Dec 9, 2013 - Feb 4, 2014",Prime Minister and I (2013) [kvA5Of].jpg,Prime Minister and I (2013) [kvA5Of].jpg,matched,206082,900,1286,JPEG,0702d576d9108b625c1899194c39ef2d2b1704a73360cbe792578462d34087d1
2025,3vyJ5e_4f,Off Limits,"Sep 16, 2026",Off Limits (2026) [3vyJ5e_4f].jpg,Off Limits (2026) [3vyJ5e_4f].jpg,matched,162238,900,1125,JPEG,b19e60057d315a9e0b80a8e1b107b92f399d24b07f6961619b0c82bc8cb59d49
2026,XdAlXf,After School: Lucky or Not,"Sep 2, 2013 - Sep 27, 2013",After School_ Lucky or Not (2013) [XdAlXf].jpg,After School_ Lucky or Not (2013) [XdAlXf].jpg,matched,63281,424,600,JPEG,bc376c4dbad23b031a448c4163f414436db8173a62da6a046f0e40d7baa16458
2027,92wwEf,Ja Myung Go,"Mar 10, 2009 - Jul 21, 2009",Ja Myung Go (2009) [92wwEf].jpg,Ja Myung Go (2009) [92wwEf].jpg,matched,64795,423,599,JPEG,7867aa49ea9848d87d10a5f49ca1950ea46dfd30847a69e77cf58fff04972957
2028,NdjXYf,Let's Eat,"Nov 28, 2013 - Mar 13, 2014",Let's Eat (2013) [NdjXYf].jpg,Let's Eat (2013) [NdjXYf].jpg,matched,198832,900,1275,JPEG,8acff98dfcc6dd4b08f77591d7686dda9130c9e2f9d928285c1dfb9371c083ce
2029,zEEzdf,The King's Face,"Nov 19, 2014 - Feb 5, 2015",The King's Face (2014) [zEEzdf].jpg,The King's Face (2014) [zEEzdf].jpg,matched,207505,800,1100,JPEG,fb6bf8431ae6858aef35366bd79a11f9f5359b0beb286b34038b10dc8f2015b5
2030,ONxOkf,Miss Korea,"Dec 18, 2013 - Feb 26, 2014",Miss Korea (2013) [ONxOkf].jpg,Miss Korea (2013) [ONxOkf].jpg,matched,49371,350,496,JPEG,23bd83f2215235525b8edd985fbbab57c88bb329ba7d0739dedb8e7255ec328b
2031,VNQpmf,Wonderful Days,"Feb 22, 2014 - Aug 10, 2014",Wonderful Days (2014) [VNQpmf].jpg,Wonderful Days (2014) [VNQpmf].jpg,matched,96570,446,640,JPEG,58960bb43f53f259fcaf4e3393dbf9684c8c35ff95f75c3f07e2faf2a1f43aa3
2032,l0OExf,"Please Remember, Princess","Nov 4, 2013 - Dec 11, 2013","Please Remember, Princess (2013) [l0OExf].jpg","Please Remember, Princess (2013) [l0OExf].jpg",matched,119985,550,750,JPEG,f73cab12bf82f66787b2607560ccc3c854e25b6e25ee6b8929ed9d2148579554
2033,5vx8Af,3 Days,"Mar 5, 2014 - May 1, 2014",3 Days (2014) [5vx8Af].jpg,3 Days (2014) [5vx8Af].jpg,matched,114818,540,808,JPEG,e69614522f253746884f973237987ed41287ae047ffd91eb1514cf73c84bbe33
2034,Nd7QAf,One Well-Raised Daughter,"Dec 2, 2013 - May 30, 2014",One Well-Raised Daughter (2013) [Nd7QAf].jpg,One Well-Raised Daughter (2013) [Nd7QAf].jpg,matched,61856,400,597,JPEG,dcc8da450b5984b21ac6d79667bcd28608c4b0de1dab9b72594827d046f24446
2035,Z8kz8f,Can We Love?,"Jan 6, 2014 - Mar 11, 2014",Can We Love_ (2014) [Z8kz8f].jpg,Can We Love_ (2014) [Z8kz8f].jpg,matched,95322,550,776,JPEG,95889d08cfb4ff88e26096d5ed6fcc9f03253e2d0d6808dfdecc19822a0de92f
2036,zBjYyf,I Need Romance Season 3,"Jan 13, 2014 - Mar 4, 2014",I Need Romance Season 3 (2014) [zBjYyf].jpg,I Need Romance Season 3 (2014) [zBjYyf].jpg,matched,235661,900,1274,JPEG,5d185f4ee3d8156bf2933b381499ff48e25e01bd2e0f8868c1d24f954615c4ff
2037,YYk3Pf,Bride of the Century,"Feb 22, 2014 - Apr 12, 2014",Bride of the Century (2014) [YYk3Pf].jpg,Bride of the Century (2014) [YYk3Pf].jpg,matched,105612,500,728,JPEG,b7e1ae469fe68a6e900a5e5ab407cd0dc3b666aef153782fed3d96323895e777
2038,x4QXEf,Emergency Couple,"Jan 24, 2014 - Apr 5, 2014",Emergency Couple (2014) [x4QXEf].jpg,Emergency Couple (2014) [x4QXEf].jpg,matched,135229,540,761,JPEG,315e69f38782685c28142d968971581f6f3acd8af416dbce949dbc00c123f870
2039,jQJOyf,Twenty Years Old,"Jan 6, 2014 - Jan 7, 2014",Twenty Years Old (2014) [jQJOyf].jpg,Twenty Years Old (2014) [jQJOyf].jpg,matched,74181,480,697,JPEG,88771c0350f07fd3f1ed0564e4cabab76fe1624f8bfe57ee18f9091c5046d9a1
2040,vXqAqf,Beyond the Clouds,"Feb 17, 2014 - Apr 8, 2014",Beyond the Clouds (2014) [vXqAqf].jpg,Beyond the Clouds (2014) [vXqAqf].jpg,matched,86170,500,714,JPEG,5ea7a53c7efe3cafa0f4e7799d4f9f01599e7758afaaedad93beedb6afda05d8
2041,3oZXVf,The Heirs Christmas Edition,"Dec 25, 2013",The Heirs Christmas Edition (2013) [3oZXVf].jpg,The Heirs Christmas Edition (2013) [3oZXVf].jpg,matched,92792,547,727,JPEG,61676a4b3cb73379732a5289f29544a0f82c9275a131cfd62d0c81262f2969b7
2042,mOxLqf,God's Gift: 14 Days,"Mar 3, 2014 - Apr 22, 2014",God's Gift_ 14 Days (2014) [mOxLqf].jpg,God's Gift_ 14 Days (2014) [mOxLqf].jpg,matched,137786,740,1110,JPEG,6648cd4fcc2e0840c34b7609edac4e0db5f19b84b1b4cfee50867c4f596975f7
2043,9vbp9f,Prosecutor Princess,"Mar 31, 2010 - May 20, 2010",Prosecutor Princess (2010) [9vbp9f].jpg,Prosecutor Princess (2010) [9vbp9f].jpg,matched,69577,428,599,JPEG,c5a3e450c34038d6f3f204e1eaccd72fca256c977dafaadd90dcb34b8b9055f2
2044,O8J7Pf,Reset,"Aug 24, 2014 - Oct 26, 2014",Reset (2014) [O8J7Pf].jpg,Reset (2014) [O8J7Pf].jpg,matched,101638,496,749,JPEG,8c676a3fe046a706b659fe368ac2b28a2b502a8702e3da71241235b89389dfa4
2045,2wZoOf,God's Quiz Season 4,"May 18, 2014 - Aug 3, 2014",God's Quiz Season 4 (2014) [2wZoOf].jpg,God's Quiz Season 4 (2014) [2wZoOf].jpg,matched,194417,900,1275,JPEG,693d7525621e030be9992349f3adcec4ffa7cdf7c3d59da6ca6ccb1c18cea85b
2046,oQoNNf,Cunning Single Lady,"Feb 27, 2014 - Apr 24, 2014",Cunning Single Lady (2014) [oQoNNf].jpg,Cunning Single Lady (2014) [oQoNNf].jpg,matched,99481,540,805,JPEG,c211f053af050f212d536a34cf708bc2b934a14c8d2265bc2548349dd267983c
2047,b3x0Vf,Gap Dong,"Apr 11, 2014 - Jun 21, 2014",Gap Dong (2014) [b3x0Vf].jpg,Gap Dong (2014) [b3x0Vf].jpg,matched,69920,600,854,JPEG,54db52b3f212aeb3764c851664d6109b9137962f0d03d472ba42769bc133f87a
2048,WPBQOf,Secret Love Affair,"Mar 17, 2014 - May 13, 2014",Secret Love Affair (2014) [WPBQOf].jpg,Secret Love Affair (2014) [WPBQOf].jpg,matched,83345,540,761,JPEG,3b5faf1397d6bca0634010e2d11cbcd9d9f810a42a7c73d3727a3da017cca1cb
2049,jQ3Nvf,Doctor Stranger,"May 5, 2014 - Jul 8, 2014",Doctor Stranger (2014) [jQ3Nvf].jpg,Doctor Stranger (2014) [jQ3Nvf].jpg,matched,228964,900,1346,JPEG,d1b6acefd0834c1ee8d5d43467e2d5715a1ddb6142ca83393e1af1b7d53e134c
2050,oQoevf,Her Lovely Heels,"Feb 24, 2014 - Mar 25, 2014",Her Lovely Heels (2014) [oQoevf].jpg,Her Lovely Heels (2014) [oQoevf].jpg,matched,156160,800,1200,JPEG,27c80ad1d782eb9db7e2a16cdcad5d825f629b10abc9328b268bc31ca9bc0d07
2051,kAYqdf,Mimi,"Feb 21, 2014 - Mar 14, 2014",Mimi (2014) [kAYqdf].jpg,Mimi (2014) [kAYqdf].jpg,matched,112973,710,1113,JPEG,bd0d3680b76cd8874027ccfe1e25dc74c81bc779088db48d517079287616625f
2052,jBKb8_4f,"Friend, Our Legend","Jun 27, 2009 - Aug 30, 2009","Friend, Our Legend (2009) [jBKb8_4f].jpg","Friend, Our Legend (2009) [jBKb8_4f].jpg",matched,86718,634,945,JPEG,1ff86ed8d79a13b2d74d0b48730f95ae608734ac82966a84605f16c245cda871
2053,9x839f,Stars Falling from the Sky,"Jan 4, 2010 - Mar 16, 2010",Stars Falling from the Sky (2010) [9x839f].jpg,Stars Falling from the Sky (2010) [9x839f].jpg,matched,78173,425,600,JPEG,1c87dcb881c9f4ec37e0406e9f8e417ab1c2c0c95066dbda62f92b7473ca50a5
2054,60Q2df,Evasive Inquiry Agency,"Oct 8, 2007 - Nov 27, 2007",Evasive Inquiry Agency (2007) [60Q2df].jpg,Evasive Inquiry Agency (2007) [60Q2df].jpg,matched,131393,716,1024,JPEG,0572d4ec931c95f8903ddf5348f34c6694e1812ae62564bb438cdab961754220
2055,nOgBWf,Hotel King,"Apr 5, 2014 - Jul 27, 2014",Hotel King (2014) [nOgBWf].jpg,Hotel King (2014) [nOgBWf].jpg,matched,128826,655,976,JPEG,09e3ad5732030d774faa31fc95d0703e9e30fa41a1719e8b170edafa3629a79f
2056,rVvDpf,Vampire Detective,"Mar 27, 2016 - Jun 12, 2016",Vampire Detective (2016) [rVvDpf].jpg,Vampire Detective (2016) [rVvDpf].jpg,matched,89108,500,793,JPEG,f1f96ad1a39bb45d92f3531ee355fddcf44aa2bc9f49dc6c1bf88c50449a8afb
2057,7360yf,Naeil's Cantabile,"Oct 13, 2014 - Dec 2, 2014",Naeil's Cantabile (2014) [7360yf].jpg,Naeil's Cantabile (2014) [7360yf].jpg,matched,86677,500,708,JPEG,7fecba39e8791ec6c1a24bbb8ccf24d1f837c4807e14a1857828879673b515c2
2058,3o80df,Aftermath,"Jan 6, 2014 - Jan 12, 2014",Aftermath (2014) [3o80df].jpg,Aftermath (2014) [3o80df].jpg,matched,42458,500,750,JPEG,40ed226e3616797007bac4f424aa6213fbe2b14d64ef90649bbb782d236ce0f2
2059,4eN86f,Triangle,"May 5, 2014 - Jul 29, 2014",Triangle (2014) [4eN86f].jpg,Triangle (2014) [4eN86f].jpg,matched,159493,700,1044,JPEG,898fcdf1235d45061f941394a705c3c15341b4192d263808a5c9f379b98c6ccd
2060,pdV0rf,Another Parting,"Feb 17, 2014 - Feb 25, 2014",Another Parting (2014) [pdV0rf].jpg,Another Parting (2014) [pdV0rf].jpg,matched,123776,900,1226,JPEG,4d203212ce57622ec1d3659dad05f07ff1b17bc042e72d5d0f3f114c23419d51
2061,WPe0lf,Big Man,"Apr 28, 2014 - Jun 17, 2014",Big Man (2014) [WPe0lf].jpg,Big Man (2014) [WPe0lf].jpg,matched,160142,800,1143,JPEG,9245ae7cf1489b63d87a434ba98628c34230838b3f1eb735054a87d34d10d2ad
2062,wJz48f,Angel Eyes,"Apr 5, 2014 - Jun 15, 2014",Angel Eyes (2014) [wJz48f].jpg,Angel Eyes (2014) [wJz48f].jpg,matched,129346,500,749,JPEG,3f666b36ffaa5cf4096188b70c780471ed3860a046c82a6a5dacf6c78eb8c4bb
2063,JBDjwf,Witch's Romance,"Apr 14, 2014 - Jun 10, 2014",Witch's Romance (2014) [JBDjwf].jpg,Witch's Romance (2014) [JBDjwf].jpg,matched,202429,900,1274,JPEG,3e6183e22c97dcc5384b760cbebec38680512dc1c3f1798737d40a667d306e69
2064,WPQ3pf,Boys over Flowers: F4 Afterstory,"Apr 28, 2009",Boys over Flowers_ F4 Afterstory (2009) [WPQ3pf].jpg,Boys over Flowers_ F4 Afterstory (2009) [WPQ3pf].jpg,matched,62014,450,640,JPEG,9b1f8453a2eb42c9fac0bfe260b925dcfddcbd95c7b8ed2a7fa134ac2f8a3e98
2065,mO3qQf,You're All Surrounded,"May 7, 2014 - Jul 17, 2014",You're All Surrounded (2014) [mO3qQf].jpg,You're All Surrounded (2014) [mO3qQf].jpg,matched,255921,900,1351,JPEG,d9f6accc22ab9252041e4c4f8653288fe1c345a4045036914dc169c4dec83711
2066,XB5ex_4f,"It's Okay, That's Love","Jul 23, 2014 - Sep 11, 2014","It's Okay, That's Love (2014) [XB5ex_4f].jpg","It's Okay, That's Love (2014) [XB5ex_4f].jpg",matched,210183,900,1287,JPEG,e418a607b84e564ecc49da4fad788d5221a90dd1043c4a1869b2b314aa2f7ca2
2067,LwvNgf,Golden Cross,"Apr 9, 2014 - Jun 19, 2014",Golden Cross (2014) [LwvNgf].jpg,Golden Cross (2014) [LwvNgf].jpg,matched,215516,900,1315,JPEG,a24bae4bc1dccb423de6855cfa76113abc8f599291ffd3e748474cc406b137f6
2068,1wlb7f,Come! Jang Bo Ri,"Apr 5, 2014 - Oct 12, 2014",Come! Jang Bo Ri (2014) [1wlb7f].jpg,Come! Jang Bo Ri (2014) [1wlb7f].jpg,matched,64592,400,596,JPEG,2d8820cfdbbcd82078374f5294810a62eb2bbae768d2033647da0c0c16fb7f28
2069,nOgV2f,Wild Chives and Soy Bean Soup: 12 Years Reunion,"Mar 22, 2014 - Jun 29, 2014",Wild Chives and Soy Bean Soup_ 12 Years Reunion (2014) [nOgV2f].jpg,Wild Chives and Soy Bean Soup_ 12 Years Reunion (2014) [nOgV2f].jpg,matched,161626,600,900,JPEG,b897e2255a80bff4f851a436b4e4736cf7080d8d0b3825c478b5423003122818
2070,b3dxjf,Gunman in Joseon,"Jun 25, 2014 - Sep 4, 2014",Gunman in Joseon (2014) [b3dxjf].jpg,Gunman in Joseon (2014) [b3dxjf].jpg,matched,73452,510,731,JPEG,b2193bd830770b19e815c14fd9ab4204101ffa6d01e140e95978e14a131d82a6
2071,weAdb_4f,Glorious Day,"Apr 26, 2014 - Oct 5, 2014",Glorious Day (2014) [weAdb_4f].jpg,Glorious Day (2014) [weAdb_4f].jpg,matched,186713,720,1080,JPEG,dbcabfd8bc0a0f3feefa998737944fd88bd6e36d65c955413091e72622b81c2d
2072,wJNVnf,Fated to Love You,"Jul 2, 2014 - Sep 4, 2014",Fated to Love You (2014) [wJNVnf].jpg,Fated to Love You (2014) [wJNVnf].jpg,matched,86260,500,745,JPEG,a8dec8828f84ce0ac8bf810b970a261143678f2bb07378a94a12d93db46ea516
2073,O8EYbf,A New Leaf,"Apr 30, 2014 - Jun 26, 2014",A New Leaf (2014) [O8EYbf].jpg,A New Leaf (2014) [O8EYbf].jpg,matched,100879,500,746,JPEG,d8f6c2d2530e4e600422bd8e636448b577738ce9e61ed67de0ad979a986592b7
2074,pd3v8f,Flower Grandpa Investigation Unit,"May 9, 2014 - Jul 25, 2014",Flower Grandpa Investigation Unit (2014) [pd3v8f].jpg,Flower Grandpa Investigation Unit (2014) [pd3v8f].jpg,matched,150717,690,975,JPEG,1b4c98f716705700a0993434328f669ee2266b94504591393280332f52c0c6b2
2075,KpZADf,Yoo Na's Street,"May 19, 2014 - Nov 11, 2014",Yoo Na's Street (2014) [KpZADf].jpg,Yoo Na's Street (2014) [KpZADf].jpg,matched,113123,540,797,JPEG,1f284c511c4f361016ad7ac06f50976c1c711a491e88a3e892301011669e5c84
2076,JBXzmf,High School King of Savvy,"Jun 16, 2014 - Aug 11, 2014",High School King of Savvy (2014) [JBXzmf].jpg,High School King of Savvy (2014) [JBXzmf].jpg,matched,169289,800,1133,JPEG,e9eed778fdf8bb3e1a6c852654ee74ee272d5a867d0a30626885a1db3c951025
2077,Px8zZf,"Marriage, Not Dating","Jul 4, 2014 - Aug 23, 2014","Marriage, Not Dating (2014) [Px8zZf].jpg","Marriage, Not Dating (2014) [Px8zZf].jpg",matched,90255,469,680,JPEG,6914ab947d2c7fa9ed921588482c8ba3beabc7e16dda3d9d99109f6b54c81b24
2078,5v2O4f,What Happens to My Family?,"Aug 16, 2014 - Feb 15, 2015",What Happens to My Family_ (2014) [5v2O4f].jpg,What Happens to My Family_ (2014) [5v2O4f].jpg,matched,297661,900,1310,JPEG,287745ba0afe49ae11b6c9c4d051216b4fee55c7effeea5e8c80d75db3fafac0
2079,ej8ZQ_4f,Discovery of Romance,"Aug 18, 2014 - Oct 7, 2014",Discovery of Romance (2014) [ej8ZQ_4f].jpg,Discovery of Romance (2014) [ej8ZQ_4f].jpg,matched,180843,736,1051,JPEG,e693348c49c136222d6a061f4d66bfe05949ac432f75c7d9f7abaea9a021f89d
2080,Z8q0Of,Trot Lovers,"Jun 23, 2014 - Aug 12, 2014",Trot Lovers (2014) [Z8q0Of].jpg,Trot Lovers (2014) [Z8q0Of].jpg,matched,185769,655,983,JPEG,40e4af4e9263ba4ab393d915cd53f9e8985608b1c39c4f8a52f2305411c9d085
2081,nOegEf,Bad Guys,"Oct 4, 2014 - Dec 13, 2014",Bad Guys (2014) [nOegEf].jpg,Bad Guys (2014) [nOegEf].jpg,matched,283035,900,1289,JPEG,71a84838872f8548adccbc9cb259da14e9b711ad012200e40302d3b8a0ed14b1
