image_id,source_filename,source_sha256,thumbnail_key,thumbnail_filename,width,height,size_bytes,sha256
00OLef,Less Than Evil (2018) [00OLef].jpg,773f2bc0ae72ec4bba9bd2d3af285bb1e6c12120b81903196710d62bb9897936,cards/00OLef.webp,00OLef.webp,480,685,63732,493cdf78fee41cc7394b34a0b613c660cabe76721341c6dc5fbeb08a695fe34d
01meNf,Thumping Spike 2 (2016) [01meNf].jpg,38b48a5136b352ce120e9f31925943f568510b46cc2ce0f4d15dbba9e65101f0,cards/01meNf.webp,01meNf.webp,480,720,59022,7da5585b0cf4a6cfc835978a2800830d32c8a150a610deb149b2a93d358d869e
0476Nf,The Master of Revenge (2016) [0476Nf].jpg,2cf1130ce39ee6f99ae7d0fd99ae606d0444a6f7e9495b1f28552dd532267a60,cards/0476Nf.webp,0476Nf.webp,480,720,42500,f4d4acfb09f4d7acd4d89aca72ce776fc463fe59747b0fb6190a91e992c64abd
04pE6f,Imaginary Cat (2015) [04pE6f].jpg,b61c85396969bcfc2724a5f79aa396d6e2a292b7a8f2776ce3f9795498fb330a,cards/04pE6f.webp,04pE6f.webp,480,720,35164,170c36c0baa686e5423c2258ddeb3c9062fe01017f4822790db9b2ccfe50d546
0Ak7Yf,Good Casting (2020) [0Ak7Yf].jpg,e41a2592c34ee784e833db5996a9b827985b213974998d36f6abeaf00d432c81,cards/0Ak7Yf.webp,0Ak7Yf.webp,430,643,59196,946e6d96403872348d78bb49968658e82ffa582f13007e7e4adcf527ca8a63ec
0BY5Yf,The Legend of the Blue Sea - The Legend Continues (2016) [0BY5Yf].jpg,c33fc5698c476c6eee87f605196284b9010440d1059b06b38c4c057d4b336b84,cards/0BY5Yf.webp,0BY5Yf.webp,300,450,20768,e22f804544695d592f9245747f60df17b3b0a78e65eb9d56b6e8026cdb9e321d
0D5Ne_4f,Tracer Season 2 (2022) [0D5Ne_4f].jpg,244b9a174a06a1d9a2d83cc5c4c495f9c8d0ba5b15f286e8d5c413347259a021,cards/0D5Ne_4f.webp,0D5Ne_4f.webp,480,684,41668,d6ce160b6f5c0708fe8a1ec02f4e365f1b9784b4c833729d245a98741af2c59c
0Kwqrf,Moorim School (2016) [0Kwqrf].jpg,8d1b0610fdec9ab5336c2695bca44790db5a7c0ab40562cf929d1f5c585911b2,cards/0Kwqrf.webp,0Kwqrf.webp,480,686,67228,651853e93ecc6c078250ee05d2b5154d5ade18fbe6cefbb082825ee0d4843a37
0Lj0N_4f,Cleaning Up (2022) [0Lj0N_4f].jpg,e21a806d443f8231081cc4ed4228189552412f93e0a96d39e5b83a5d273e4786,cards/0Lj0N_4f.webp,0Lj0N_4f.webp,480,687,49796,d7af85ece04998b41b95d452f3dce2bd785be1def5ebfe0cfd4c79654d7c20e5
0Nd3ef,The Slave Hunters (2010) [0Nd3ef].jpg,6873b6b59108d59765af9023009e8e3647975cadfda4819374ae469767b9a359,cards/0Nd3ef.webp,0Nd3ef.webp,480,660,43180,62ac6a774a86414537f5a0fb764d2657351040b1407b41142e0a68dfde76b65d
0YWVk_4f,The Universe’s Star (2017) [0YWVk_4f].jpg,0b62256f287bfa8e1533d00cb3ddbfaffec3599e4c1ccb0cad741e6e624ba8ff,cards/0YWVk_4f.webp,0YWVk_4f.webp,480,716,53336,b7e89979fe84e5c15c6b9962586b522d8d3a1d01ed1afb2a0091f69a9d2a3d2e
0Z3WK_4f,Hit the Spot (2022) [0Z3WK_4f].jpg,0ebc39c05ae0d850388bc7496d2d4f9eb26f188de29f0b2777656fcccf40e5f5,cards/0Z3WK_4f.webp,0Z3WK_4f.webp,480,683,32184,e447b82acf916715ef655554b209f29ac1462db8d28805622981767e9229617e
0bNY4f,The Witch Store (2019) [0bNY4f].jpg,82227e71405c220068b9a277e8afd0983c0ab120115aad5e8badb7e2438e0d25,cards/0bNY4f.webp,0bNY4f.webp,480,679,28760,4eaf3331cd2b0d25c9db19e65d99a55cc180f2f74a200db393fbb6fd34bd7a27
0brEKf,Catch the Ghost (2019) [0brEKf].jpg,6b7e76ddff4fc6f2a2394a1dcf0250308b67291038fe54ca5db412f1926cfb02,cards/0brEKf.webp,0brEKf.webp,480,686,42636,c1dba6c526570fb40d8bf0d3ed215d4778bd00f00efaebe1f9d0b1303cd47f6b
0dD7e_4f,More Than Friends (2020) [0dD7e_4f].jpg,1269d3f06057882f39a7346c9825cfb6f2610a129ef1330f2ccacaf3b727ab61,cards/0dD7e_4f.webp,0dD7e_4f.webp,480,694,31744,6977a68f26ae91ee28493d4e0910733ccd582ad67ea0ffebb0dde53bc3ed1039
0eOlN_4f,Wish You_ Your Melody From My Heart (2020) [0eOlN_4f].jpg,9298ab0662e6560dd94c2c07235092ef7cdb591e6a537c707bba52180bf60465,cards/0eOlN_4f.webp,0eOlN_4f.webp,480,679,23070,6633dedbaaef3fd4018efd109069d13cb5092825c621e7e4e052292b2bdb2517
0eo77_4f,Handmade Love (2020) [0eo77_4f].jpg,345c380bb2287622c454fe80e6f1dfce81267a9603334e6800cb9f02ba391dbf,cards/0eo77_4f.webp,0eo77_4f.webp,480,686,61984,d5a5009548d306c88decc01e461dc14edb9f7bf528f7016241fc62c82ec77593
0ex5E_4f,Awaken (2020) [0ex5E_4f].jpg,05935ca14181d83ebbf849d876cbbd660086c4feda1608468c0de07ff52995c9,cards/0ex5E_4f.webp,0ex5E_4f.webp,480,677,20368,1d92baca91447b97aec5ba762d3cd18739b02c2e896102fb01dc1f1c58cea29b
0jERk_4f,Summer Guys (2021) [0jERk_4f].jpg,97b2d9a6b5b63cac76884f3e09a4c48cd767677494b2df0aa7c2fff73ccd90d9,cards/0jERk_4f.webp,0jERk_4f.webp,480,669,56040,472612fad658389a0f2042189a5a49575e4d1f50afb14c18cea500e18df56be7
0jj4e_4f,Times (2021) [0jj4e_4f].jpg,8b045b94c98008fd311396268c9db140c8a2933f0bf7ffe06b5d912962a9fefb,cards/0jj4e_4f.webp,0jj4e_4f.webp,480,684,29096,c7a816c7269290582c33adbb2a8c0f45bb5d93a14868e220d420998487035ea4
0kEWr_4f,Tinted with You (2021) [0kEWr_4f].jpg,c5452310aed3dd32a91b7c393ceb05edb3d986790e6e7c9605dbe6d5958fa1a5,cards/0kEWr_4f.webp,0kEWr_4f.webp,480,690,56232,92fba62eb377e7e5bcf9cbb39706d7aef567fff2845ae9ab34f45b936133bc9e
0l4wY_4f,Beyond Evil (2021) [0l4wY_4f].jpg,5bde11fc88cdf94944653a0230c4895d4505c9e1c7591259e2a4d1e02a12bd75,cards/0l4wY_4f.webp,0l4wY_4f.webp,480,686,21500,d22bfc1e4b36ba7875e48ecf5137fd9dc685f2b25425c9c11222e8424f88d305
0lAZO_4f,One Spring Night (2019) [0lAZO_4f].jpg,e442827f1634437492c0715d7b254768841fb869aed9834f54d692a44ec6f9b7,cards/0lAZO_4f.webp,0lAZO_4f.webp,480,647,22452,4d1ed6fa7d60cade8f4f2fb02403442003e41d6aa9d2773493e927e7c9b3023b
0nrbO_4f,Shadow Beauty (2021) [0nrbO_4f].jpg,a6c837dfbda979f82030cba80955ba8f866bae1137da82f3b22f1692b8ff81bd,cards/0nrbO_4f.webp,0nrbO_4f.webp,480,708,27372,f2873a5f49a96718c310ba0a8a13d7e996dea4cf66c2f4ce179db3feacc3c931
0pkwNf,Welcome 2 Life (2019) [0pkwNf].jpg,144c2da94ba0a2fd046eb7a5b034e4796612f234d2607e405ec83c24e4f7c800,cards/0pkwNf.webp,0pkwNf.webp,480,677,53406,3920934b39cf8a981d83a557074dc08e8807e9ba618e37b8eebcf32a10f56d26
0vVX7f,Thirty but Seventeen (2018) [0vVX7f].jpg,56a378919d26288196d1f2de9d67255693726124f9dddf47e10fc265f43c79b0,cards/0vVX7f.webp,0vVX7f.webp,480,688,33264,f1b378aa014093700c00aaa251d96f2fc12fa3a4e58e0690a3195d988c0b2e42
0w0mZ6_4f,My Demon (2023) [0w0mZ6_4f].jpg,60dcee055f73cf90f0048df45d7d89d9df47e2f86c54579a3484ef5ec503fd43,cards/0w0mZ6_4f.webp,0w0mZ6_4f.webp,480,684,36628,1f0bf9987abf44976eee1bdb868d53b86132e4ef217d203de3d5566e0db8c9dd
0w0rz7_4f,My Man Is Cupid (2023) [0w0rz7_4f].jpg,175604e3a3df30b1b5f639e7996a0133a301b9c311371fa9a3ab4ffe443707a3,cards/0w0rz7_4f.webp,0w0rz7_4f.webp,480,600,19062,9dd8f7c5063e25d1e6b9a3afab0ae879184bcdfb040dc917fd7410ef5ef95d66
0w1l7f,The Vineyard Man (2006) [0w1l7f].jpg,38a7e8cdc81438b1c99018f36402ed656258f2a24a97987531035bee9fdad319,cards/0w1l7f.webp,0w1l7f.webp,480,720,55288,3d71daf157188218833a9efafdbe29d4b00fb0e389f53363dc7d3067aa51534c
0w4pnr_4f,Delightfully Deceitful (2023) [0w4pnr_4f].jpg,5142539346e2c215c18416dd0e67858ed90d0d6159fc6fea4468db46251d5040,cards/0w4pnr_4f.webp,0w4pnr_4f.webp,480,687,49894,de60779f60043a87f5ffa5277a281f27bde135d5efb8f26cba7bd8a1b0b47567
0w8Jee_4f,Soul Mechanic (2020) [0w8Jee_4f].jpg,189fa310bd4c2fcde5f13e5571ff9b5c979cd052553274b20c72542fa3dcc2b8,cards/0w8Jee_4f.webp,0w8Jee_4f.webp,480,679,34550,896b55e071a54e7f348b76882837a2209bcb163e8a62925a6059aecc0c2035bd
0wAONf,Will It Snow for Christmas_ (2009) [0wAONf].jpg,0332ac9a27cc02c210b6ca09cfeaa9b3717563a55ab71e636a56c58ddbb1044d,cards/0wAONf.webp,0wAONf.webp,480,680,40160,db11c69f71bba8c5e8836b59753dd034b14515c55906b4dee87ab59839773ae1
0wBjD4_4f,See You in My 19th Life (2023) [0wBjD4_4f].jpg,09a1de1e346f4cb23d1ef21cef21c6e106401c7e0b71d0e113b1ac639e24a692,cards/0wBjD4_4f.webp,0wBjD4_4f.webp,480,679,33314,0fc1188b88dab2f3aa0b173a42f5471a56d8b5392c03ba24640d3d80514c5418
0wbmRK_4f,Between Him and Her (2023) [0wbmRK_4f].jpg,f167a6263caa3ff1e7d3fd0a1c6cbf12f9605d43a5eeee367f5229bf91776855,cards/0wbmRK_4f.webp,0wbmRK_4f.webp,480,679,37358,25e694d2eb40b3c7ec8f815c5ee95736979631bc339fc0fccfd315caebf75f93
0weBq4_4f,The Time of Fever (2024) [0weBq4_4f].jpg,733b8742ba397c8348b6868074989598794525449d5aa0b40fb121f5277019cf,cards/0weBq4_4f.webp,0weBq4_4f.webp,480,685,25122,0f7dccbedf4473ca71870a49cd12a2b9cc928917c38e3820934c5908bdfef53e
0wgvYf,Tree with Deep Roots (2011) [0wgvYf].jpg,d5a890a9aa525360d0ec55afbbe7e130f2ecd6360987aa2e511c91b500586735,cards/0wgvYf.webp,0wgvYf.webp,480,720,50352,7f5354c396de4c21b2bd131e5b1d8e1d19b5ec3c5cf172e4b02d51f866209b52
0wmeZk_4f,True to Love (2023) [0wmeZk_4f].jpg,20584457c9f32bf1df22f01fc2c06f4d97b54eaa72c3f3ab27510e0a36a47ec5,cards/0wmeZk_4f.webp,0wmeZk_4f.webp,480,686,32704,39942c5cc6d4deb1aea3bafaa3502d76e7f6ab6ba9cee53872db57dc09d6b408
0wmry6_4f,Race (2023) [0wmry6_4f].jpg,ebc2c3f606bce29c686c814953649295e1c50037bc913ad875542a7f798d74b5,cards/0wmry6_4f.webp,0wmry6_4f.webp,480,686,37196,f9dfed398a94f46335bdb5ad6474e1933a359bf48668fd0076b0e5e88b259ee7
0wpD0r_4f,My Happy Ending (2023) [0wpD0r_4f].jpg,519f791ade8321f944df12d3391c9940c71f4690c9154d2d8f56f107d3aa3195,cards/0wpD0r_4f.webp,0wpD0r_4f.webp,480,687,17168,40bb9ee51785009955e44acdc19970bb7ff780bafcce1093b276d8c06819f705
0wpyqO_4f,Soundtrack #2 (2023) [0wpyqO_4f].jpg,1671c87ee6ef34d59b0b6ca3f23b4b3c58134b2c2f6f941aaf6cb8a13682325f,cards/0wpyqO_4f.webp,0wpyqO_4f.webp,480,600,37118,785287ca8d8987a918a347b0708d618ef3163a59e537f5ed97cc2486677ae193
0wv3Nf,Jumong (2006) [0wv3Nf].jpg,eecf974669611d5a618a3f6880c12a5cc1c31b7d7f9ebb6065eaa8b482746a24,cards/0wv3Nf.webp,0wv3Nf.webp,480,684,38508,3cc5562a83bbd95bfc6feaf80a1902ce50eba9650bbc78b4baeb4abb78931e33
0wvlXe_4f,Connection (2024) [0wvlXe_4f].jpg,58c9a0f0f9a83b788efd1414a8691240df83f3027dd64bd8de513dde524647d7,cards/0wvlXe_4f.webp,0wvlXe_4f.webp,480,687,30014,fd3c5cdf86b0b70746b17e31b0281b50a91c03078a5c3f30aa3ad8098edc5ca8
0wxDAr_4f,My Dearest (2023) [0wxDAr_4f].jpg,de105ee9d4c037e5ca5184d95522f07cb3119dbce08d890533e3395af4765b80,cards/0wxDAr_4f.webp,0wxDAr_4f.webp,480,684,10622,39a60cd68a9ce011f5dbf8c71d7d8b61616732f02b0527dd38454ef56d4d7622
0wxDpN_4f,My Lovely Liar (2023) [0wxDpN_4f].jpg,7d80d96adc08902ba227f8fc3b753f7baeabf1c781e5aceb1060ac2dcd40a26f,cards/0wxDpN_4f.webp,0wxDpN_4f.webp,480,688,40396,8834de055249a72f201a9554bd17df1e0f360dd8fd1435de54b0f549372f34c4
0wymE7_4f,The Kidnapping Day (2023) [0wymE7_4f].jpg,318345dec31a6b55e7e100e2e25f286eff93de2f4c0dcd8e9c503c746a6cfbc3,cards/0wymE7_4f.webp,0wymE7_4f.webp,480,694,28874,46105d411e960d415b4326242648d573f675fa799294760aa60d71a7b5918308
0xzyYf,"My Lawyer, Mr. Jo (2016) [0xzyYf].jpg",1ecce8a90c5781930498748074e49773daac218dbb670f0aae16d19a792c752c,cards/0xzyYf.webp,0xzyYf.webp,480,686,50530,b6bb852bf9722c812fabb180998a9b5fe022b5f08fc2ba64ac8b059f2eef9e70
0yDKef,We Are Peaceful Brothers (2017) [0yDKef].jpg,b893e81e390ac7c90555ccac609ececdf69f8878307fee231bb1bad3dea01597,cards/0yDKef.webp,0yDKef.webp,480,680,19942,5143f398f5d5f686abac545d873d17df930078831666cf00266f8a2c89c69d84
10XjQf,Ghostderella (2019) [10XjQf].jpg,069fa63724121e4b2aaa87738eef9b400d32744cf348dfc8ca7570ab54ee8c4c,cards/10XjQf.webp,10XjQf.webp,480,678,28044,10eb2069bf4be0a0f08ae7153e0e645f1f34d1fdb64becdee3fb2441c939d2c0
10Y8yf,Angel's Last Mission_ Love (2019) [10Y8yf].jpg,f844f51c939a349106e32859668ad56cc5ee026a01ff7406f0130749b371bb4c,cards/10Y8yf.webp,10Y8yf.webp,480,720,19490,11e91519b2fa67dc1fb37a75f2d80bafafb839719847b273b30260da5df10ad3
10jnQf,Welcome to Waikiki Season 2 (2019) [10jnQf].jpg,497f7b218a6e3defcc837f50f2f67cc703e8d792146acd445707be2e73b03a15,cards/10jnQf.webp,10jnQf.webp,480,678,60802,ab94559b86ca626ec86e715aa12c2f9ad3fc5c2b9d5c7fdd75b4d645b6953c26
11XPQ_4f,Forecasting Love and Weather (2022) [11XPQ_4f].jpg,7d9f24c7601c3e8a6b4fa6631b213e87a52bfa57b504f8db663ea6a25d115e69,cards/11XPQ_4f.webp,11XPQ_4f.webp,480,684,36892,23f18a44471edddba12f974c88fce044471f3638ee424c4de6809beaecc680fb
12XeQ_4f,Find Me if You Can (2021) [12XeQ_4f].jpg,c3862f8f44f852de2d424bcbfc7ac26a932059893bc7eae3dfd17ae312e2f64e,cards/12XeQ_4f.webp,12XeQ_4f.webp,480,679,38120,b90b8d07375ed38595d9422c81a8e64695796c6be2435a51e439e7f015f82199
13BYzf,Sweet Revenge Season 2 (2018) [13BYzf].jpg,cc05653862973d45fe3545ff4ed7c18120d52358bbecd677329a8774d6acff93,cards/13BYzf.webp,13BYzf.webp,480,688,40558,13e09d2837a11fa00af8c0117bdc1b51a74ce45f0193178975cd3ac927119861
13Ev5f,Valid Love (2014) [13Ev5f].jpg,5f3bcc5883fddf301af7192f7d0581ca47aac71d92964b35f7f4935846a126b0,cards/13Ev5f.webp,13Ev5f.webp,480,684,37100,b2d9e1b009c8d66893474546aa375a3e9d2a21c057ad9e4b0c43f914a3f960eb
13LbKf,Miss Independent Ji Eun (2018) [13LbKf].jpg,425b17769b04a70c4647566da55ec0b2c77d191d2acb6158289c821e6a8f0bf4,cards/13LbKf.webp,13LbKf.webp,480,689,26742,03902aa2ce25b4fde31a57de7ac016ce3ef2f5d422f08a71ff6b99ea2aa96075
14br7f,Heard It through the Grapevine (2015) [14br7f].jpg,7c51a4ccde4a6bb2fb586c0b1170c7acca480d9072287e2fd15a66fe40576622,cards/14br7f.webp,14br7f.webp,480,718,38552,eaf66f0103f6b8430e2a1e5793f6cf984cbd2df33a53224cf3fa3b611af56ba5
14yyQf,Ms. Perfect (2017) [14yyQf].jpg,f3f29311af9fb810ca90fee5845c5d41e940add43c9fa5f5fce82689f89fa4f9,cards/14yyQf.webp,14yyQf.webp,480,689,58796,df1d4e8bc29cad0f4c44bc36ef80fc0443fecb551679c7a05012344681717fc5
15Ygy_4f,Secret Garden (2010) [15Ygy_4f].jpg,f1546591b80e222db9144a6cfa570f305ff0ab708d20c05dabda60f29dd96549,cards/15Ygy_4f.webp,15Ygy_4f.webp,480,720,66716,3f8f697cd6fd184c684c2ba1d56d58a232a77deec8ae32c6e4f1d1ceeda9730d
15wRd_4f,Let Me Be Your Knight (2021) [15wRd_4f].jpg,c29f6f7234881b4b7de9e57a5bb8c6b13b840397a3cce862ab144b72a9396a66,cards/15wRd_4f.webp,15wRd_4f.webp,480,684,43204,b41a8a75132492470fb67132853a2d0ea10bce3b20700c218b842fc26d4540fb
1657R_4f,Once Again (2022) [1657R_4f].jpg,df1385047fa8b84fb652639765f0ed4a9479511c0d185f9c4070942f4ba01890,cards/1657R_4f.webp,1657R_4f.webp,480,689,21670,5605c07957445fa716a7f0f0702e5b273d7cca3cd278c93ab1669c08546e4f75
1882z_4f,My Dangerous Wife (2020) [1882z_4f].jpg,8ff827ab9c1949457904242ac10f701700d920733cab69b409ad49b0e857fa3c,cards/1882z_4f.webp,1882z_4f.webp,430,634,24258,e9400843676d0353362771cff20eb65fe0cf5457c6d7eb4e1a7d3eaf6df16ea3
1DPrK_4f,The Forbidden Marriage (2022) [1DPrK_4f].jpg,6ed934b9555a56ea71b57fdfc00d58cb133c56ac59fb80411f92d3f1876b6554,cards/1DPrK_4f.webp,1DPrK_4f.webp,480,683,61150,00128333e053ac36db23e6047d47d4dc13766dfeb407cba636aeb5bd229e864c
1DQX6_4f,Phantom School (2022) [1DQX6_4f].jpg,efd76aec4dabe44cfb8e18ae94c7fb2b383fd42d013b4d2fcfcc38a69c2d7e79,cards/1DQX6_4f.webp,1DQX6_4f.webp,480,679,43786,c7c9ce94a05624e38fdfb264a8815ba2536d3b88fa3878439b5624f2e9a6cbaa
1LOk5f,Money Game (2020) [1LOk5f].jpg,4246f265bd99f3c8e1c38463509ae40298e6ce9c6b18528a1e96b1284959da3e,cards/1LOk5f.webp,1LOk5f.webp,480,678,37732,b62ff6e9c1090b1258a92c1b811b76e1542fc0365d6f85c4166731bb751d641d
1Qlxdf,Kiss Scene in Yeonnamdong (2019) [1Qlxdf].jpg,d5ec6e60071043844a6386ff5f5d250b795a03f45818c57cc98614989df82a49,cards/1Qlxdf.webp,1Qlxdf.webp,477,688,49216,a4234a0e30bef590b5ae0f1d06c2a071114d12a3ef2a70b923993d304749a650
1YXkd_4f,She Makes My Heart Flutter (2022) [1YXkd_4f].jpg,a50a37a3fe7b9e9e660f79b2d8fa17239a28dd77564cfed3b27344daf3c89b83,cards/1YXkd_4f.webp,1YXkd_4f.webp,480,679,34762,b19c5720a0fb206631c25c1ab633af565d2f0d1b41491789168d560cbb1762d1
1d4z6f,The Village_ Achiara's Secret (2015) [1d4z6f].jpg,9345953856006a5a24cc78802170a6d78491616504004619b435cea04e553128,cards/1d4z6f.webp,1d4z6f.webp,480,680,33968,0e651f1fc61e33fe5e7afb9e19f9f7d1373badd83a558107460ad8fbb7d0319f
1dB7bf,Monster (2016) [1dB7bf].jpg,38d748b82cbdcf9f3d13c2807be85aa96e6d001d77f449338c64b972814755db,cards/1dB7bf.webp,1dB7bf.webp,480,716,48626,55c967343076af5b0b57d6e575bf56c6032ea225473d4ef02aab7f1d6ed8cabc
1e7jd_4f,Reincarnation Love (2022) [1e7jd_4f].jpg,c4abd8065a4a6addfd46e0bd252a4c0314a14f51c828a22f4e0a7477bc8a63d1,cards/1e7jd_4f.webp,1e7jd_4f.webp,480,542,19448,45076b6bd2d200297b35744a8c8f261d30cbf1259cc63830906d09184ffe152e
1g3dzf,Last (2015) [1g3dzf].jpg,4dfa4058b0498559b5b50618c0f8e08bc41f1fa54aecc547e2350893853ac606,cards/1g3dzf.webp,1g3dzf.webp,480,686,69230,5378e2f506a4e2d4f7f4b9cf8f6892095c056a35e8e3506173d9b98c23f3d658
1lAw5_4f,Twenty-Twenty (2020) [1lAw5_4f].jpg,233df9f6c5d1d48c23e7453d3f28aa7b0c11b3501e349e044a7bebab717b73ca,cards/1lAw5_4f.webp,1lAw5_4f.webp,480,684,45554,98cca5cbf895074ba98c06fcc41a5110076f9dd8f6f38ddb79912cdf9346c656
1ljod_4f,Real_Time_Love Season 3 (2020) [1ljod_4f].jpg,f91766dda024cfd9c0dd55acde6ad60aa0f6a2dfcbb19e347302985689ea83d5,cards/1ljod_4f.webp,1ljod_4f.webp,480,689,55644,74463846b9285b1bc5e91bf176ad6b86667d4e350e9acb4ae04f3e197e349dd1
1o3zzf,Stranger (2017) [1o3zzf].jpg,87d78661a087cd7e57a65e1b596a74d426438c94ce102286ffc72d530a7858e7,cards/1o3zzf.webp,1o3zzf.webp,480,694,46318,2a7803b5c64326ed0466bd4070afe31e783745ad138ef05b2edbe014bf261e64
1oA1Kf,Somehow 18 (2017) [1oA1Kf].jpg,b3e7c74cc58b49e9d80919f29243b4db988884d78813d47f3d7f91a603e5528f,cards/1oA1Kf.webp,1oA1Kf.webp,480,717,27206,e6575de5850d8a46b3438d96034bb9860371833e310d9b658b4d359d0f872b94
1oRBdf,Uncontrollably Fond (2016) [1oRBdf].jpg,8767f95593a6cb505ae6bb7f060fc1e622fe35001c6c372a9feddc4f52d4f667,cards/1oRBdf.webp,1oRBdf.webp,480,690,42274,a71763c02411764dd80bb554356139b9c4455f323cf6beaf93588404bf803ffa
1pdJ7f,A Place in the Sun (2019) [1pdJ7f].jpg,48fe521dd51df908f72edb8be4f845950308fda61ec232d8b3f4dd490c7da657,cards/1pdJ7f.webp,1pdJ7f.webp,480,718,19910,f75f02be2137be4a5c7261260e0ff7ab4e2a878a44b192a459f705fe65d09689
1pp55f,Love Playlist Season 4 (2019) [1pp55f].jpg,ce912fcb563a369a5b2c321a74b570100f4ae5f093b5f2a9100fb67e33e00525,cards/1pp55f.webp,1pp55f.webp,480,662,45062,878bd50d19116f0e344b63aaebc441d1cf5928134f20a7dfb3c9cb2014985236
1q1ORf,Not a Robot (2019) [1q1ORf].jpg,baeaebb30196da17e40dae2bfe57c9bd946eabde2553d89004c636c0dbbdfa3f,cards/1q1ORf.webp,1q1ORf.webp,480,666,30368,885768ec740c5575840725c7da5ee3cb91ecf0e8c4942c202c06c64acf9da356
1qvQyf,Class of Lies (2019) [1qvQyf].jpg,73b4c82ebd9af7a461571f33bc2a140e095553a5462a8f5f09aa8167acc0a90a,cards/1qvQyf.webp,1qvQyf.webp,476,720,72124,3330f873d496f0ba9077a1d778d3b5cdd2630ef5a961bfd254592f1f858987d5
1rPKz_4f,"Link_ Eat, Love, Kill (2022) [1rPKz_4f].jpg",7d2e910c2eb53aeae97f956b89588dabc497ea55a7d2f851e3da401d7c33d0d6,cards/1rPKz_4f.webp,1rPKz_4f.webp,480,687,38618,86e75c357b463bac25b5492aae8e68ab1da566de2097ca0b4a1f988a80f81293
1rpeK_4f,Love Class (2022) [1rpeK_4f].jpg,133b8baa47d6aa049dcbc2054f41750aaa98ca99849bcb49fe70332442def158,cards/1rpeK_4f.webp,1rpeK_4f.webp,480,680,53786,07c70f5c1844e4d0fe0348e9a2714d65f322482b1069df5820179e8838afbab2
1rynK_4f,Why Her_ (2022) [1rynK_4f].jpg,fbdc542f93037656be3b0e32cbdc80376275dab856e38979aaa182c9868c0fbe,cards/1rynK_4f.webp,1rynK_4f.webp,480,678,24032,8f4ea42d07bff99dd5b7340a6883b5d25aaddeaaa40cfabfebb20e7bcffd0744
1vlzRf,The King of Dramas (2012) [1vlzRf].jpg,31df847b8020661cde5686daf0f1e62d17c6d9bf967b88e3a227969c465f3e9e,cards/1vlzRf.webp,1vlzRf.webp,480,713,76366,e18f3f53abb7941332c3dc8062aa3138509c06fdc9da42894b3fe4e6ed41cb5d
1w3KP3_4f,Korea-Khitan War (2023) [1w3KP3_4f].jpg,a186cc34cf2cd15635bf3b880903e3a1de6a5c5e081fd62ae7f0d20a7b846ac2,cards/1w3KP3_4f.webp,1w3KP3_4f.webp,479,720,69106,4060c3926dbfadd023dfb8090de782d27d501877b28efc981e3bf1257d743de0
1wEBJK_4f,Lovestruck in the City (2020) [1wEBJK_4f].jpg,3292e020c4bbce2c424dcd54f0d6019d338eba7cde8d661db5e644eee7f6585d,cards/1wEBJK_4f.webp,1wEBJK_4f.webp,480,687,31400,7d47cf14c491dcb34569af2d9159a267ea9a8c50710c142b0061292f97796505
1wJE6f,Alone in Love (2006) [1wJE6f].jpg,1b62bab12af8be3dd5dc89507bb0655a6dcc77b28f52f24b83722c268d23606e,cards/1wJE6f.webp,1wJE6f.webp,365,545,21114,dbc7e09bd8fa1db8494ec58aff3e754955162ff357df488a16f0f7bf98f05341
1wKdRb_4f,Family by Choice (2024) [1wKdRb_4f].jpg,7ab010c9c0eeb0f04c15b43419872c26460a3bf37b94f82ba9efeb591aaa5a3e,cards/1wKdRb_4f.webp,1wKdRb_4f.webp,480,689,36138,48fd7ef42b43924187a5e3403939bd973b1c905ba28bd41cb3a08bb63193f0d6
1wd2zb_4f,Heartbeat (2023) [1wd2zb_4f].jpg,15044ee4910450cbcea2f859c7bfa7a47bbf8b7f35048c9643a7ca229b0796c7,cards/1wd2zb_4f.webp,1wd2zb_4f.webp,480,686,66088,7306818c19409c1ff5c261363090e4049d66181d2396b550d812fe9b1675a85a
1wg1JR_4f,The Player 2_ Master of Swindlers (2024) [1wg1JR_4f].jpg,0d6431e38dfc11dcbf15ba4335b3ae686e875c06b8a748e8426e12f9d51fe94d,cards/1wg1JR_4f.webp,1wg1JR_4f.webp,480,684,78624,04e2a7e0701cf628943f6d66e897ea45526d1e9b088a9dff8b05894045076d0a
1wgjV3_4f,Blossom Campus (2024) [1wgjV3_4f].jpg,84ad9cf8cea22e28d14f19c490df337d53c1ba0e2b38b42bc60d5d45fab15817,cards/1wgjV3_4f.webp,1wgjV3_4f.webp,480,711,38248,0d82851134ad8ee946535699141db5fb09605f86ce994dba660dd6597ceec3c9
1wlb7f,Come! Jang Bo Ri (2014) [1wlb7f].jpg,2d8820cfdbbcd82078374f5294810a62eb2bbae768d2033647da0c0c16fb7f28,cards/1wlb7f.webp,1wlb7f.webp,400,596,40522,ee37f8d5d11c5104c5b26db3b816f2b908d2582d70e680a9d03c1ca93ce640aa
1wlvv5_4f,The Whirlwind (2024) [1wlvv5_4f].jpg,2508a9f7b19b82e771e10f032937dbe7edee2539302d8413a266b93d4f8ea395,cards/1wlvv5_4f.webp,1wlvv5_4f.webp,480,711,46224,e5859d99c3664494fe874b01c73466734b81db01abb76b2b5c21f824dd365635
1wm5R5_4f,Call It Love (2023) [1wm5R5_4f].jpg,0378434e3baf6be423cb7f9a6749c1a876fdcb24bb88d95a9e35c6ab34ce7839,cards/1wm5R5_4f.webp,1wm5R5_4f.webp,480,684,29388,97dadb31cd3cce69164a8ac767c611efe9b30c4e005d01e9bbc744b14cf74bcd
1wzVKf,"Sang Doo, Let's Go To School (2003) [1wzVKf].jpg",a2f7980c8d4f2239b462814251ece60e399426066a1804c25628b61492cb53cc,cards/1wzVKf.webp,1wzVKf.webp,480,664,29990,d314448c1362a1c86c51213eef0812c91ba6bc9defda657b0faec3301009a625
1zDn5_4f,Pinocchio (2014) [1zDn5_4f].jpg,c77c1a5c706df87ef5640a34e4b36289becdc7264b59827f27ea5b9fa57e9357,cards/1zDn5_4f.webp,1zDn5_4f.webp,480,660,55154,259758b01dc6c457c96afc453c0333d90a3a717f4eb60f8ef06222782e6041ba
21eBV_4f,The New Employee (2022) [21eBV_4f].jpg,e087c6800c6e636bf4f7f8f4d6008f38ec3e8f9420f130d6981b504f864ec92f,cards/21eBV_4f.webp,21eBV_4f.webp,480,687,29568,f12bb2a961aab617af0763a5b218980891cbd4ee9a84e6b588f95cd4ab1d2ceb
23k3Of,The Tale of Nokdu (2019) [23k3Of].jpg,fb602373dce9e010dbc19059486dd175430d2fcbbe3a5e6bcc3ea2fbbc69f637,cards/23k3Of.webp,23k3Of.webp,480,686,30460,ca51222a6740924c4c9b3b725a41245fa6a30a34036f5b7ca563e768875410af
23m6wf,Arthdal Chronicles Part 3_ The Prelude to All Legends (2019) [23m6wf].jpg,dc24eb485c7d009ea4d23b559688a46e51635f46fe50db43ee5fbef144ace351,cards/23m6wf.webp,23m6wf.webp,480,686,56218,5c8509ba69010237b87001f87c6d840609935d06719cb5d28c2e126c6d344387
244yEf,Grand Prince (2018) [244yEf].jpg,aae81b215ccafd912b9ea6c0044e4705abefdf7298f51bdc5b17758864aaac7b,cards/244yEf.webp,244yEf.webp,480,679,56240,077e9b69f168eaba964a05a4d7d6545be658c71fec42c8a636e5e07d36d9e8d7
256YO_4f,Please Don't Date Him (2020) [256YO_4f].jpg,4ef2e84079e38be23c4adf0f4a70588d22310d977eb073db832a8880ed7d1db6,cards/256YO_4f.webp,256YO_4f.webp,480,720,44166,def7339ba87d38ad45908c4b8852d25234f68abf2b2d9b7e9228a275358b6acc
27Ry2f,Extracurricular (2020) [27Ry2f].jpg,57918dea5c6de97c35e6af93042f5c2f6fa08cd267379f6ef8661def5fbaec72,cards/27Ry2f.webp,27Ry2f.webp,430,636,21584,a9c1a5c45fa0c671f9c46d174c61fca1382a1c9d81fa82a703a4dd33b1aac5a2
2AjpV_4f,Mouse_ The Predator (2021) [2AjpV_4f].jpg,b4337e333b28f94ccc7244a83e7da3d795ad4f87c75d7dda4dd3d13571ec830a,cards/2AjpV_4f.webp,2AjpV_4f.webp,480,684,20442,52345965d4501129d11cd6060740bf773f14d272a7cd36d40dfa0dfc023b14a1
2Bkww_4f,Taxi Driver (2021) [2Bkww_4f].jpg,82cd9cdac76b27de2d77ac75b1b6c3f54b8b85409ce20c22b7159a4a870c41a6,cards/2Bkww_4f.webp,2Bkww_4f.webp,480,679,57512,3f3ffe6b270039815fe61e7df26f33e5f4b59ea40bd81945af00fc906baeddf5
2DNVwf,The K2 (2016) [2DNVwf].jpg,482076c86bc170a412d8e6e5de85106e42d3510c68457d73a8009f1af7867685,cards/2DNVwf.webp,2DNVwf.webp,480,694,38054,23a959214a9d4d71422a96b2b0d5ef579f01d7d641b1cc3b5283b530156d6517
2DNbwf,Reply 1997 (2012) [2DNbwf].jpg,1a167793850f1c0f7bf3a9c489030ba0abe8ba46a6bc5e7b29fbb2ad9e1d1aef,cards/2DNbwf.webp,2DNbwf.webp,480,682,28580,a337c7076eecb82f340f4c3ac5619201f215434ecf366cd5dd18c14d520bb9e7
2K8BR_4f,Through the Darkness (2022) [2K8BR_4f].jpg,35723d7a0e073387b43172fb4251cf80933a934987adc833e68a5f4b0bfde304,cards/2K8BR_4f.webp,2K8BR_4f.webp,480,691,9422,90387cfe67b07fa1dec77eb95dec135c138fdf8a177ce1294778a48c346df289
2NjmWf,Temperature of Love (2017) [2NjmWf].jpg,861e46d60a12bd25476fa6702bce7df852176807d7cc7757cced71e54a4f6ce0,cards/2NjmWf.webp,2NjmWf.webp,480,690,56106,4ac3612e5e60b2451d64a06e73cde57d9b7ae8be03f6d09f00cd6a763cba479d
2OEvwf,My First First Love Season 2 (2019) [2OEvwf].jpg,66f502c5e9134865bf5264199de903b6bfa5cb1c2d3f5de31f528665b2c43200,cards/2OEvwf.webp,2OEvwf.webp,480,694,40364,10309c772b5174babbf4674c3b6bfe1435c789cd34919536df0dd01640fc4176
2OW0df,Children of Nobody (2018) [2OW0df].jpg,68ac7cbc54caea179d1fb21f180366fdea78ba8fe802d4bca422685298658bb0,cards/2OW0df.webp,2OW0df.webp,480,684,36810,b85f7930b8c0d495c3b5884f9fdac834567a3397efe460d352542c1a6836cc6d
2Pxe2_4f,"At a Distance, Spring Is Green (2021) [2Pxe2_4f].jpg",ad84e38fe6f45a694bbcc1ef5f449051d91014a1eb3cc04f42c0894ae77800b9,cards/2Pxe2_4f.webp,2Pxe2_4f.webp,480,685,79996,1b05de2f33e69826abcb69ad696342ee6c8d8ac09c44537346dd38d156982527
2Rnwk_4f,Fall for You (2022) [2Rnwk_4f].jpg,1828c861fb5d8385fd978c76904706e9e16fbd59753261bcf551942a92d6c0d1,cards/2Rnwk_4f.webp,2Rnwk_4f.webp,480,686,41384,1572bbb14403ea35c8a720c4e9b2a891f45cbe9dd390ff1486e60a2a0d204981
2Vxqw_4f,I Have Not Done My Best Yet (2022) [2Vxqw_4f].jpg,49e60904d1e9998507fcb0d7c0001225fbdb31a7e7c1e22257f6791f5fdd28be,cards/2Vxqw_4f.webp,2Vxqw_4f.webp,480,687,45576,b3ecb2594da139693755b1b5d487d80a76d9a06d3c0e3d20be45494210271032
2WpKk_4f,The Red Sleeve (2021) [2WpKk_4f].jpg,158727c720fa63bf14813ef4b182668af334f3be6975ecebed06a96b444c5b63,cards/2WpKk_4f.webp,2WpKk_4f.webp,480,688,25096,0edd9ff14225bae4895ca2e36cea286b0a0d0db244a7dec6160b9d424df804e3
2X1XW_4f,Medical Top Team (2013) [2X1XW_4f].jpg,d04549bb40220369048677c38a0bc8efefbd40df2c1e51a199a2ce704804f8ae,cards/2X1XW_4f.webp,2X1XW_4f.webp,250,350,23200,bd43a09351b7e35560f53895748316a6112decdaa9f93617933d740c454b17ed
2XRgR_4f,Dok Go Bin Is Updating (2020) [2XRgR_4f].jpg,74679806f47a13da67a41186b629e64457a548cf764dad738bf341630b5484f9,cards/2XRgR_4f.webp,2XRgR_4f.webp,480,677,28980,07a684c5100eba69c507cd6383dbc88a45e72bffe69b66a7a8bfe6b85fc5d6d0
2bO4w_4f,The King of Pigs (2022) [2bO4w_4f].jpg,e0e6bf4136404f8504852ccaccf815daf3a28d5c32361fc4ce0df28dadf35033,cards/2bO4w_4f.webp,2bO4w_4f.webp,480,687,53058,3ba2e40c41defda226562dca497a52318a534805eb052b05ce7fc23d48f66cac
2dWREf,Tomorrow with You (2017) [2dWREf].jpg,11c753542040b56e0f09e24551a7fb50878679851ceb71a80808455d93a98924,cards/2dWREf.webp,2dWREf.webp,480,688,45520,4908b33ab9e6ae75f6abad41241a15d2f8bf9557c9287444103e26049df193bb
2e6OR_4f,Tracer (2022) [2e6OR_4f].jpg,68392099174cd0b98084bbc2d35a37a10d9437226e24ced148ae642f581b11dd,cards/2e6OR_4f.webp,2e6OR_4f.webp,480,684,56518,1bb6f432894a697adb4ce0c6d2049ea2be57934b1cb2c8aefa4095376f4bfc8b
2ebvW_4f,When the Weather Is Fine (2020) [2ebvW_4f].jpg,0b730cc02c541151060c12e1425196d2d4ea0cd41a82ef901444942d2ca1fe68,cards/2ebvW_4f.webp,2ebvW_4f.webp,480,679,46686,9dc6e8d64de37e9aace677ee0868dcd3b50f5aa64e70e2c4af2909d2ab765a23
2g4yWf,Psychopath Diary (2019) [2g4yWf].jpg,84212297f51650a401f0dfe7c9317ed153f831016582862ca86a6d6db895917d,cards/2g4yWf.webp,2g4yWf.webp,480,680,46012,a67b8a93926fae1276890c72145776c89473d6c83e059768630930f7781610de
2g81Pf,How Are You Bread (2020) [2g81Pf].jpg,0cdcc9d40bb2f73a1dda63d5b85e3e5e9af5623dae995c250af84eda49c5fa2c,cards/2g81Pf.webp,2g81Pf.webp,480,699,31494,1bfa012a5eb50738f673c159616addd910dbf8c0f8116036390943777edf0fa0
2kQO7_4f,Let's Eat Season 3 (2018) [2kQO7_4f].jpg,dcf44203b66fdbabe20325fb9190abcf02d0635557f1cdbdd6d49b2f913481f7,cards/2kQO7_4f.webp,2kQO7_4f.webp,480,694,49050,e08635e0f58fb3825128deb06b966722a3d8a208d7bc2bdfd5dca55300a27c7f
2kjdk_4f,Tale of the Nine-Tailed (2020) [2kjdk_4f].jpg,8d8a8d909934f6772eafcb5e5513822f4410ec823fbb680b6227e873f8afdfa2,cards/2kjdk_4f.webp,2kjdk_4f.webp,480,678,31490,cb4f50ed170d303b91e7bf3ef55d2829ebdea874dcf6e7213923fc7c1a6881ec
2lb8k_4f,My Mister (2018) [2lb8k_4f].jpg,52de200ef379bd8dd01e8ce1a56d3eb3c2e4f9cc9113b76845f06af0f09ac28f,cards/2lb8k_4f.webp,2lb8k_4f.webp,480,684,66556,f4a6595d12b35ee4a3461b3a2cb8aa551157dd0e1ae2c3f9ff2292e03265261e
2ozORf,My Heart Twinkle Twinkle (2015) [2ozORf].jpg,70e89ad3ee5933e797b921ddf632ad1b5a931e3bfd96018c34f82cc568385ba7,cards/2ozORf.webp,2ozORf.webp,480,718,58220,55d3d7611525ab0efe9886ba5751903c1672960b3844630dd16897ae3dd964fe
2p7KO_4f,Mental Coach Jegal (2022) [2p7KO_4f].jpg,92324c680539f4a0d0c250641908a04dcd6396d53f43cfe10d89673ee54b1355,cards/2p7KO_4f.webp,2p7KO_4f.webp,480,684,40298,9226f88511c75a1c3d85e1af5f85fb5f61d98a1ba9d78621989e43e5988bac3f
2q5zWf,Sweet Revenge (2017) [2q5zWf].jpg,4ece42bb938a6080a5b4c07f9fb178d726cc3f1619fa46419169841ec1145ad2,cards/2q5zWf.webp,2q5zWf.webp,476,720,56850,bc6a7ae7fcc5a1883982a8178a037e41d100706044ee51a6b0356f3c036a24a2
2w44jE_4f,Twinkling Watermelon (2023) [2w44jE_4f].jpg,e2cf897d695a8cecce671c485a38d3326bc7524ef148ab2f5534481cc79af016,cards/2w44jE_4f.webp,2w44jE_4f.webp,480,678,79044,7508486a57d99d73a1b789fb6b7420d689b930a34b097d55ef515ecf457799de
2w4rZP_4f,Strong Girl Namsoon (2023) [2w4rZP_4f].jpg,9a33f34a013d3534c4900edaf159c0a74ff671c91c567b04d25cd009e0754833,cards/2w4rZP_4f.webp,2w4rZP_4f.webp,480,685,65134,718dbbe529daa520db892939f85beb5962b556ccabb71b6318832d44fcc8df1e
2w7L8R_4f,Crash (2024) [2w7L8R_4f].jpg,9a74b0dee1f3b11e47ccf3d492b48ab3d119940573573690991395fdb186317e,cards/2w7L8R_4f.webp,2w7L8R_4f.webp,480,679,55826,e7d2a7a0fffc2f39f9c169fb0a26b06a3ee2d48bb1d2d561dbf2bb8259e1c3fa
2wDvmV_4f,Dare to Love Me (2024) [2wDvmV_4f].jpg,d4e8811441b39b1c1ea182567bbfe3baa07218fe05ed6345e4337a7c7f760d0d,cards/2wDvmV_4f.webp,2wDvmV_4f.webp,480,686,36444,f2b1f3aede5eb832988a5f9a1a63d10a14488bf7390895fdc60e0d6ee40ecb01
2wDxoR_4f,Castaway Diva (2023) [2wDxoR_4f].jpg,47baf2a7ed2faa711bfa0996276a8342735911a5060684f98a204f94d45f2344,cards/2wDxoR_4f.webp,2wDxoR_4f.webp,480,680,18824,8eb9a72fde98d1dc4f3c7eac68cc7cc3c3f3991123e02249f766723d84a307fa
2wNLPV_4f,The Deal (2023) [2wNLPV_4f].jpg,a14f6cac1471cc2af0b2632bcfc388097e99bd9dc52e63e4a8ad3b0ad93ea5dd,cards/2wNLPV_4f.webp,2wNLPV_4f.webp,480,684,46314,7f7d93709e79267062f3e846907dee7492e1999c4bfcacc07793393ca937392b
2wNygO_4f,Bon Appetit (2023) [2wNygO_4f].jpg,3ed806bfbf922873dba61a1f9761da0b7e4658058f4b1df6cdcf538aa2f1cc0a,cards/2wNygO_4f.webp,2wNygO_4f.webp,477,680,30838,fa7ab04f7f4112cb87e316b808aa25e4e1ece44449dcc83c2e0fb625885b854a
2wQKwf,Swallow the Sun (2009) [2wQKwf].jpg,21b8ffbf708beb94bcdb3d5186a0519b8d907057d6bc0fb68c4d609d0560da44,cards/2wQKwf.webp,2wQKwf.webp,480,714,49976,c97b4dcc3d7c6a9a881b2c1a25a23348d3d810668eb3a9502786f52910e5e367
2wXrWf,The Woman Who Still Wants to Marry (2010) [2wXrWf].jpg,d4695560f9852c0075cbe0e292408323ba4d00f8c9e79fbc8872351075409590,cards/2wXrWf.webp,2wXrWf.webp,480,720,57474,efec718819ded4146492b4113f22190b17d72090ad63a16e2514c7c7af157837
2wZoOf,God's Quiz Season 4 (2014) [2wZoOf].jpg,693d7525621e030be9992349f3adcec4ffa7cdf7c3d59da6ca6ccb1c18cea85b,cards/2wZoOf.webp,2wZoOf.webp,480,680,42750,5ca6c7a1219b2ad21937136e4f913f8b53cd349058af2f9a2e40d7d3eb9def4c
2wbqOf,You Who Came from the Stars_ The Beginning (2014) [2wbqOf].jpg,c3f7332c6a9ca22cbc99908cbe74df7e96fe1f39241731726700daa7173a6e9c,cards/2wbqOf.webp,2wbqOf.webp,480,701,34146,fc105c032d1b9655133b5f3611713f2a92e5622e584557d86d742515ae412109
2wgzdf,The Snow Queen (2006) [2wgzdf].jpg,400b6725a37cf162e6b6f8c3c6c1b7769cc6c05182362da176dd3db0b3a61480,cards/2wgzdf.webp,2wgzdf.webp,480,687,25226,a5cc5284258a6128541a852243f698532142f30d6c378246d94d524be15036eb
2wkJqw_4f,Black Out (2024) [2wkJqw_4f].jpg,30c32b969bd452b6bad369a28cee9dbe6ddab8d5a80dd71638947460d68efd3d,cards/2wkJqw_4f.webp,2wkJqw_4f.webp,480,695,39158,26e52b46295bf8c4ba59373856a68a2ca78d7d25924393ce121792cca6530c44
2wm4rd_4f,Revenant (2023) [2wm4rd_4f].jpg,c4232cfd479c2814d01987be6a19268e2d95df87c1d938533d95327e36627922,cards/2wm4rd_4f.webp,2wm4rd_4f.webp,480,687,36550,db9316ffe741ac0b782da43733df8f708a5b40a23515a733866f5ddf22961f3e
2wmAkf,Sign (2011) [2wmAkf].jpg,3554242d5a7183842c3a7d70be80e4c76b26c0a355ec7c31caa5b45e3608f6ea,cards/2wmAkf.webp,2wmAkf.webp,480,708,51806,0f04cda5b55346b595ae82f94687abb7cac47ac6fe4a165c8db9cbed746dcdec
2wmq1V_4f,Shadow Detective Season 2 (2023) [2wmq1V_4f].jpg,7ac5078a31dd402210e9ecb50c2a0c2f64f42bcc313eb0d9dbbd4295489fd816,cards/2wmq1V_4f.webp,2wmq1V_4f.webp,480,684,40738,6c4cff92aee8c1aedba551c29efd0c816ed87ab0a94ed06aa7fb7b37b426a087
2wmwkf,Monstar (2013) [2wmwkf].jpg,4cd272deb5c34c706b51a9bc0380312b85f23faff13da31f3dbd05eba46046f7,cards/2wmwkf.webp,2wmwkf.webp,480,678,41016,f306d52b6ded2ec568a2dc6552e8ce6f1b825c38981ccc5682cd5892f2d4f720
2wn5n7_4f,Perfect Family (2024) [2wn5n7_4f].jpg,cd88e960d6b25eb574f4c5cf91d28b12ee95c5f73f08f41c81de238736e2f5a9,cards/2wn5n7_4f.webp,2wn5n7_4f.webp,480,684,46456,8512adb10dfb315ed468c15a70929e1978d50d8ea43c895ba0b7568a3a47ef42
2wndKO_4f,SKY Castle (2018) [2wndKO_4f].jpg,d72017b7490067cf46656fb9d642946a7e74d5b2e14f3f4d4f297bea2712daa6,cards/2wndKO_4f.webp,2wndKO_4f.webp,480,684,36988,778cec99908921616d0d6633d8deda27de2187f0944335f0a778a2bc8eb1ca86
2won0w_4f,Finland Papa (2023) [2won0w_4f].jpg,5650c523e288b67a975ac437f6d9867babf9649d273bbf79513681b053c67d06,cards/2won0w_4f.webp,2won0w_4f.webp,480,684,34480,261ecbdfb5895e5668ad80dbc033ea2d7cd9e65d8ec0338ff147f7676afb043e
2woy12_4f,Oh! Youngsim (2023) [2woy12_4f].jpg,27320f41083212037f12fc8b16d1dc628b4de2cc6a6a18248fcad347f3f39a48,cards/2woy12_4f.webp,2woy12_4f.webp,480,679,49610,96427979a53c12a3751ced2dc95a7223eca0b3d42325d5f32531910b98b971f9
2wr6v7_4f,Pandora_ Beneath the Paradise (2023) [2wr6v7_4f].jpg,1190bbb41f64e3d503b6f59103e6c1afa022aaa84dbda89bfc0b2906230d0df7,cards/2wr6v7_4f.webp,2wr6v7_4f.webp,480,681,22824,a0ed2c1323b5cb4055f16194ecb090a8ce9379c8c04703e474831941360ce980
2wr8zR_4f,Taxi Driver Season 2 (2023) [2wr8zR_4f].jpg,8064516803815c4fe90842de5569651181eb2687d4f52bef475ddc56db2d6ff8,cards/2wr8zR_4f.webp,2wr8zR_4f.webp,480,684,66024,0072e3e869eb219c62236267dc5593820c2952d31d25c358e06597b39810a042
2wrOkE_4f,The Heavenly Idol (2023) [2wrOkE_4f].jpg,007092ea62cb9aeae3485e7676d3bd79aeb4075ddc3cb52319be9e917fd599df,cards/2wrOkE_4f.webp,2wrOkE_4f.webp,480,688,53352,ccb246e4df7c59d4fa812691934936fbaf6f7a7e6e92210c29050c8a9f0087d9
2wrWE2_4f,Divorce Attorney Shin (2023) [2wrWE2_4f].jpg,1abc105efa6fc72a062f5441b1aafeded47e1cc2c1b38821f6df526c03cadf7a,cards/2wrWE2_4f.webp,2wrWE2_4f.webp,480,686,20122,97e02664dccaf768b7a86a58b45c42de30c9e31d12142ae23136092b785060a2
2wwb6P_4f,Family_ The Unbreakable Bond (2023) [2wwb6P_4f].jpg,74045dfe3f4f82be22c138c4aa0ae75f4d93359a6e31f8e17f083c6c25ca0b98,cards/2wwb6P_4f.webp,2wwb6P_4f.webp,480,680,35232,6a1d80009299339bf25b6d7e2c12c87513af37c432862f8e1d5dac70b9cb8696
2wwjwW_4f,Love Class Season 2 (2023) [2wwjwW_4f].jpg,bebee5d1d57ad8c7b0a5a07be14402249ed04c537fc8f005b4939e3cae61e87e,cards/2wwjwW_4f.webp,2wwjwW_4f.webp,480,689,40532,879467b35fcfa0c0c4aeda0a92eb843cd0a7451d61de08373469aad2b8dff98c
2xvrEf,How to Hate You (2019) [2xvrEf].jpg,d934e4d1dee3e8fe8ad60eff97df8fb80221cc86ecdeb95aa7dd35b9925d8d60,cards/2xvrEf.webp,2xvrEf.webp,480,600,27796,2c77f77802a903baf6fc037e42d7099f5a9291f326ba6ff59717aa6cc176fd4c
2xzkRf,Romance Is a Bonus Book (2019) [2xzkRf].jpg,8213e96820270cf8c570ca8bd522b050679e33ac06a5083c25caf8c255c8865b,cards/2xzkRf.webp,2xzkRf.webp,480,686,69506,040c0921092463bf913e8c8131d1833ebfb298c31c8577a3962ca206eab5244c
2zNr7_4f,Pop Out Boy! (2020) [2zNr7_4f].jpg,9b1a2396f2dc8b2946899bfe294e04499598a87cf47b181d7e03f9f76f7e8d70,cards/2zNr7_4f.webp,2zNr7_4f.webp,480,687,70088,a7ab61eba51365bf92405ed809faa31b75b9faa6e2dee8b690fa31c7d1b175e1
2zWk2_4f,Dear My Friends (2016) [2zWk2_4f].jpg,4cc4d6df527b225ec9f49892b8e14ef43c55d6709cd2b03d816e712e8a7ec55a,cards/2zWk2_4f.webp,2zWk2_4f.webp,480,660,65466,3c698e9e46647cd32abbe20157809efe9c2ffa7ce97af3f216245733fee92fb2
31dvRf,Matching! Boys Archery (2016) [31dvRf].jpg,45e61c471b7edf37d5a335e4948bc909e7d562b969afcd0c39b19ae3916b9f08,cards/31dvRf.webp,31dvRf.webp,430,607,37380,b5d70da91a3990ecce3939d253cb4070ab828968ff9aa9def93063a54dd02b95
33EKef,To. Jenny (2018) [33EKef].jpg,4c3ad7c58812dedd978a9d7d414972d9433315ba575f24ebfb7c465f8d851ba3,cards/33EKef.webp,33EKef.webp,480,662,11216,eb5086573a82bc0cab83e32a56ac72c47c9f3f4aa4db38890bf0b3a6f0b7c925
33Zwmf,Love Playlist Season 2 (2017) [33Zwmf].jpg,16fc449521aa6429796a7e4d40a47dd4f06aad3a61e8173a949301b8739de921,cards/33Zwmf.webp,33Zwmf.webp,480,696,43404,7ee1ba9f4667eabf6daafc97a020cd60563122aee6265e12af762b28c8697c6e
33d6mf,Just One Bite (2018) [33d6mf].jpg,f6ff7d524efd097565c495cda8a6e211943951b7eb0302eaf81a37b6b9e39e9b,cards/33d6mf.webp,33d6mf.webp,480,662,57434,1b91ad0092486627fcafe6a3791ba20ba4d9fe477c7d7f366bf08f9e6391b1cd
3Lbodf,"I Hate You, Juliet! (2019) [3Lbodf].jpg",6ae8373e1ce4e0fb61e001fb95e6ed3d361ae048a42dcb9b9a796a18588e2a10,cards/3Lbodf.webp,3Lbodf.webp,480,677,48894,682cb1a29d44cd73062848323d5b871028221fc69b2f2971c8886249696e60ab
3mlkDf,Two Lights_ Relumino (2017) [3mlkDf].jpg,f21c801bf6d045f3ad8ea836ae74b543b03329034bf05b8926599c0986bef147,cards/3mlkDf.webp,3mlkDf.webp,480,688,20538,d20f4b84698103ba6d9b2979829bbf29df7b446e3797d08b7c33e56970a0026f
3o5L84_4f,Uncovered (2026) [3o5L84_4f].jpg,6716a4562472f5c08d201c7854ae9867dad025f70b6f1456985e474cbcdc0dd1,cards/3o5L84_4f.webp,3o5L84_4f.webp,480,600,21144,0b7ea0a86be31edb96feb93d8304573e27c91c01e3d7c753773f082079b60bd2
3o7eqj_4f,Squid Game Season 2 (2024) [3o7eqj_4f].jpg,7d071730336a019f6e1f2c75a8540e67131ac5ab800c7f12a1eeded434233a5d,cards/3o7eqj_4f.webp,3o7eqj_4f.webp,480,600,52014,8fd626cdee0a8a186de6b5f3e7fe1ca54d0639b76bb3231fcf98366ed95fc7d9
3o80df,Aftermath (2014) [3o80df].jpg,40ed226e3616797007bac4f424aa6213fbe2b14d64ef90649bbb782d236ce0f2,cards/3o80df.webp,3o80df.webp,480,720,20588,709be89606ae700c44c16f99d2390aec7b43640b8ba15396f54c338ab82b6553
3oNDZe_4f,Low Life (2025) [3oNDZe_4f].jpg,b280fb81cfc1af170c2325037c20c8b850c1607a722f56eadcdee8f854b363ee,cards/3oNDZe_4f.webp,3oNDZe_4f.webp,480,687,64366,0a92b8bb111161167b67c133ccf231a7aed89f42cd90326018c91fa0c86aded0
3oNOLm_4f,Delivered (2025) [3oNOLm_4f].jpg,15f4b82c6a8a897078fcb53f3201c812866c0fc45303a3dbf4aeac2149489b1f,cards/3oNOLm_4f.webp,3oNOLm_4f.webp,480,480,22236,9e19416e35a6adb1fdbbcca317f306644934573607db8ea493f81e07d2be2244
3oNXoR_4f,Trigger (2025) [3oNXoR_4f].jpg,dcae6a243fb124b4d4c842beb79410379ca4f2c4cfbf58054048157ca001d6fb,cards/3oNXoR_4f.webp,3oNXoR_4f.webp,480,600,55124,103804f669a0093c15ca6b058e06b0efe20a18ce2f0dc1eaba2c21125f1a49be
3oOPmV_4f,Sweet Mischief (2025) [3oOPmV_4f].jpg,304026f7ed1507b8d9405877599df85a85e93f40377e3bd951e981c5b49f9b96,cards/3oOPmV_4f.webp,3oOPmV_4f.webp,480,640,6194,6c14947c5cd03231e11fe69ee564b11fb3d769826c7d1a92b2bc4ec750e43743
3oRJoV_4f,"Shut Up, You're the Villain of My Work (2025) [3oRJoV_4f].jpg",60d4b5cd9774cb5359e83c7731075cb0830388924e5a0068ef9ba48ed7ef8a94,cards/3oRJoV_4f.webp,3oRJoV_4f.webp,480,678,50342,8dc54fb44ddcfabd78da5c80f58679b4a60dcda635481ae626626b61aa8b5608
3oRzJe_4f,On & Off (2025) [3oRzJe_4f].jpg,6d5292640ac236b2f29d3fafc55e58325ce59777277b6ace24f8a903c9b76ca5,cards/3oRzJe_4f.webp,3oRzJe_4f.webp,480,270,5912,c1abb3ba65f3d69b621961715c13cfa15f131464c60fecb6285fd109da2521ad
3oVnLe_4f,Is This Marriage Valid_ (2026) [3oVnLe_4f].jpg,454245bfb6d427d4418943cbfe83adbaf966db9e049aafcff108bdedf1e50e68,cards/3oVnLe_4f.webp,3oVnLe_4f.webp,479,720,44160,0dd24e95ab13587eef1e8a51662e0e75126995a4ff7c091b617446c2c6a5e350
3oW76e_4f,Seoul Trip (2026) [3oW76e_4f].jpg,e4826f37f59c28ad8f566c66e2b5131f6b8d272d5034c34a31d5be34915244a5,cards/3oW76e_4f.webp,3oW76e_4f.webp,480,600,35196,03d110427eff653acea1983347d9707d682a7d743969d29304014cc3774bbece
3oXPrj_4f,Our Movie (2025) [3oXPrj_4f].jpg,818ae322a4a98d7612ed7384434e72281c3be5625d688d5d03f3bfbb85f86c36,cards/3oXPrj_4f.webp,3oXPrj_4f.webp,480,678,15722,5b9e41c03cf20fb04279ced9f1716cb06dcd5fe6a3720fb1a57e055e98b359af
3oXnK4_4f,Ball Boy Tactics (2025) [3oXnK4_4f].jpg,ef4da7da3b3ec1e9321c8f1d3722cf2dc70ffd29aecefbb1d47560b71efaae2d,cards/3oXnK4_4f.webp,3oXnK4_4f.webp,480,679,29254,3ba8a9acf3bd580ea5aec5abfc80484ac69eefe12c79df13fac54acd5beb7452
3oZXVf,The Heirs Christmas Edition (2013) [3oZXVf].jpg,61676a4b3cb73379732a5289f29544a0f82c9275a131cfd62d0c81262f2969b7,cards/3oZXVf.webp,3oZXVf.webp,480,638,48030,88ef46d2f62373a1aed51f617ac8c673afe1f5cd1d8dd9bd278118c4c2b33a80
3obERj_4f,The Scandal of Chun Hwa (2025) [3obERj_4f].jpg,4fe253a056de28a003d78eee42ead42bd3fe047ddfd39ed7b2bd285d6bc2e6cc,cards/3obERj_4f.webp,3obERj_4f.webp,480,686,57438,0878d47d7851edd1a8948e73fe55faf96f832adc38f484ea98c1a39de51950b6
3od8zd_4f,tvN O'PENing_ Housekeeper (2025) [3od8zd_4f].jpg,c7fe9bf83fbf81e8316f223169677c9008ab173b1d816f7466715e7fb46f3ebd,cards/3od8zd_4f.webp,3od8zd_4f.webp,480,680,24526,eea8f40b674497a06dd453b5bbd43651f6f5f3a8fda46385f9eda92e2e7f83fb
3odXqm_4f,Absolute Love (2025) [3odXqm_4f].jpg,eaefa5c8f306995b0fdd14886358d270b40d357f83be7c2088f7183b3cf2b4fc,cards/3odXqm_4f.webp,3odXqm_4f.webp,406,720,16038,52942cf5a8d291e844d4240b4844f3e0090dce41187490c4e752fe9908a90174
3odrQ4_4f,Just Once! (2025) [3odrQ4_4f].jpg,0962975397073a4e40d4c9c1c7cb8fed86c4a18e3e7cbc94cec0ec9ba37376ff,cards/3odrQ4_4f.webp,3odrQ4_4f.webp,480,600,15726,31a172c5c97d3955e5b31f3d28319480dadc86eb0a329f6048d6fb6aaad913fb
3og6nj_4f,Law and the City (2025) [3og6nj_4f].jpg,d8b7c6c8935f2fb255998803e16b904ef80a08428fc525762b375a368962b62a,cards/3og6nj_4f.webp,3og6nj_4f.webp,480,680,33704,e3a52cb57028bc8c409a63cfe0daeb3d1b95e3b72e8b0bdc0d3f078bd60d5fe5
3ogJJm_4f,Bitch X Rich Season 2 (2025) [3ogJJm_4f].jpg,a4320feec7d09d2b393309eb1af02ad8881884f59ae0216a9d50b2b96887c5d3,cards/3ogJJm_4f.webp,3ogJJm_4f.webp,480,687,20492,278ba7f16ff205f18577c8702a3beb02a6436727b79ae2238f25ecdc148ea774
3onLLW_4f,Sisters at War (2026) [3onLLW_4f].jpg,5d671d8901c64ba181fc0abcf628426657af60ffd61224df6bc24d4c98ffbeff,cards/3onLLW_4f.webp,3onLLW_4f.webp,480,646,27008,f1e775f6203704114352e32070adbb0c2302423c66d42b5aa17eda56d0d72c23
3onYgD_4f,"CEO Daddy, Please Don’t Catch Me! (2026) [3onYgD_4f].jpg",cdd7a9525a035fff82880771ea4100d9f159faa15e84270e5bb6596901bedbef,cards/3onYgD_4f.webp,3onYgD_4f.webp,360,480,29256,d0b68ad94c29722b746e4ce91a11d13b52db2850a0b2f22f871d2a7732ec6caf
3oqLRf,The Legend (2007) [3oqLRf].jpg,c2b5cdc64bd13e97ba4ca289f4baf626ec274bbdbbf4b9beed483c091cfb8818,cards/3oqLRf.webp,3oqLRf.webp,480,684,61018,dfa706503d89792233fd77513f97f7148797d3b109f480c38a0a50d9cd3b96a3
3ox2Df,Padam Padam (2011) [3ox2Df].jpg,f6e6dc3623ba04f8b2ed6b8194ea57c20bb3e25f746526d604b430bae5082c8d,cards/3ox2Df.webp,3ox2Df.webp,473,720,42540,fedbf047f9c002a53367f46c1ff2c89970b48fd0471d1cdda5637ecc14518334
3oxXgd_4f,Way Back Love (2025) [3oxXgd_4f].jpg,b2c10fd67f61859f2c355775190b4d1fa8817f2f003cdd81c45bfe1b6cf2d270,cards/3oxXgd_4f.webp,3oxXgd_4f.webp,480,686,21678,0daf3f577248f7b369613042abf3321f8328f2f6ca13f7ff0894cf6a5a1e7660
3ozLvf,A Love to Kill (2005) [3ozLvf].jpg,b71dd609505e9e64dac7b8129cdd30e114e27270f82dff2844780ede721b3c92,cards/3ozLvf.webp,3ozLvf.webp,480,688,27816,4ba8da1a7450ee8cb6ca9459e84de298c509651b38136ac44ce4d9a8a183eb24
3r1Ref,Sassy Go Go (2015) [3r1Ref].jpg,d7519444ec15df22a8adda3d6ab2153f17333f5bba6a22b9dae27dca6fa20909,cards/3r1Ref.webp,3r1Ref.webp,480,583,55306,945b14c27683459328a43ba550034cf15ebb95428b5d48c8c07d09ce71e28269
3v5Emf,The Eccentric Daughter-in-Law (2015) [3v5Emf].jpg,27889babb20134be787794d9eb41569ea528c3aa1d58e49a16e6a916e31582af,cards/3v5Emf.webp,3v5Emf.webp,480,720,51900,a923f155c7142df964d3294b6efbc44365a25397f139c60588ee36e696845f05
3vQwWf,Warm and Cozy (2015) [3vQwWf].jpg,660d9620bde7e40b5ac0b021418a4b07928f66295a864db2ace567fb72bcf602,cards/3vQwWf.webp,3vQwWf.webp,480,716,80198,d0cbb35013e7fc1262b86e9a89479a67ac0f1e8759bf0f90aac2d982b17304f7
3vyJ5e_4f,Off Limits (2026) [3vyJ5e_4f].jpg,b19e60057d315a9e0b80a8e1b107b92f399d24b07f6961619b0c82bc8cb59d49,cards/3vyJ5e_4f.webp,3vyJ5e_4f.webp,480,600,31538,a6ca9d027a44a3185c47bdfcbe1496bd55e171f2566e6d3f7fa28ff029d8752d
3w25Wf,Night Light (2016) [3w25Wf].jpg,96f73ed5ceac7bdf73a2219f6326bdf316673cc40a189b552fb79f0c9f837cda,cards/3w25Wf.webp,3w25Wf.webp,480,720,34316,46f396d7b8f4be79ca59af7f4dce748805d75bdef101f06318c3ce425fa5b236
404orf,The Sound of Your Heart_ Reboot (2018) [404orf].jpg,6872c8405bbe48a8cb15da0f6473350f3a6689904772800c4d4e49e948dd1e61,cards/404orf.webp,404orf.webp,480,688,44242,c5c7c779c5c499730cb0d01e8508b3699a2747671eb6e3efe56b84d1aa8df177
40Rqrf,Different Dreams (2019) [40Rqrf].jpg,b40929511366e3d73bd91a140c6ed82b2425a0b6692b6f11ac9ed8c5fb1b5de5,cards/40Rqrf.webp,40Rqrf.webp,480,692,20174,f59f9a5f08b618c3c4f3637c9ca14837f3e06c817bdc7c1af4b7e007f6fe81fe
41ROQf,Tomorrow Boy (2016) [41ROQf].jpg,d1996b03aabcf37f35a62a5d059b1198f291d47fa97e6093b933a5a1bfa5204b,cards/41ROQf.webp,41ROQf.webp,480,686,39970,7b13963e80af9ad004a204d3898ab6afd12bd1a5064bc20d194426daef2cb0d7
42DRQ_4f,One Dollar Lawyer (2022) [42DRQ_4f].jpg,812519bdb1a0c8e56eaecce80a6c60a5cf779ad6c6cd54346344f63f599d6b22,cards/42DRQ_4f.webp,42DRQ_4f.webp,480,683,64188,5a493a9c2e3c94813f046d4444b6b22d8965aaa55717cc1ccd4652dec4dc49ea
42jwd_4f,Can I Step In_ (2020) [42jwd_4f].jpg,d95a0864c6a901477e6d70a98fd1bd181ba62f3f2551b9456c153c4a4d972819,cards/42jwd_4f.webp,42jwd_4f.webp,480,720,16436,2459fa94529aab6f574c99e964e8f8893a3bfefbe32df1444ac4fcbc07ec8a97
43y1Jf,"Hi Bye, Mama! (2020) [43y1Jf].jpg",2fd1dec463b2f7e987e5516154e5bafe275cea7d408544a22b11172507b0e231,cards/43y1Jf.webp,43y1Jf.webp,480,679,29506,186459b61ef6c5c94f8b78e91b83aab55d94553dc7b7c4eba431553a61f03740
44npYf,Soul Plate (2019) [44npYf].jpg,25178a7af7f517bcdf01c6c6d0852616efadaef8f3915be57f5dde6688f0a4b0,cards/44npYf.webp,44npYf.webp,480,679,44850,9f5a1947c979b697c24f94432c3634bfd8da583f5a7aaacd84d6559be4c577c8
4571df,Argon (2017) [4571df].jpg,ef0790446dcef23c3e287d01c501abe71a117cd58fed084a2c4f8dd315cd3b1d,cards/4571df.webp,4571df.webp,300,428,20766,617f7992fdf2fb7aba4049548f54e8047d5128b70f02bb1954fd5f71063a8d4a
4848k_4f,Crazy Love (2022) [4848k_4f].jpg,ee7a90da525e3293dc27d6affa41ce5ed575b71513687bbca7db2645f11e15d7,cards/4848k_4f.webp,4848k_4f.webp,480,701,34656,fe056a9099f7a64a07d1a3b15c97b71ead260de2a1b370899392d02163fa96f3
48LYQ_4f,Our Blues (2022) [48LYQ_4f].jpg,7a16fee0cf5c570435c93f533791588dba271effeb2c8624dd8d842bbb4191b4,cards/48LYQ_4f.webp,48LYQ_4f.webp,480,678,66574,e875fab021d1d5753094b070d51ab63fc1cd38ae7815dc7f77bff8e44a833ac2
4D56rf,Chief of Staff Season 2 (2019) [4D56rf].jpg,7bf932da8379cf56e5473dd71050f826722caded1be35d02d426ab2a63168a12,cards/4D56rf.webp,4D56rf.webp,480,678,30628,a2f68e3475ea3d430db1f0edbfb4a3f323553a114eecf5719c288af07389bd82
4D5VKf,Oh My Baby (2020) [4D5VKf].jpg,9f6a6c56d3d3a328116c5881ab168137e1e85005f485f1e3a3b9f2541b53dec0,cards/4D5VKf.webp,4D5VKf.webp,480,678,32042,83a0dfe3a9fec1fa1702defdea882d431899d810cb9713494fba1ae8d929ab8a
4Dwgwf,The Scholar Who Walks the Night (2015) [4Dwgwf].jpg,14b31a1ffe83a5285cba9a8102ce914a90e3b902837c32f590b2a385af0bd5ec,cards/4Dwgwf.webp,4Dwgwf.webp,480,716,38326,cdc6f34994e00029283c971e025a1f467012cfa6cea3d5b9c386eb2f895a37bd
4DxeJf,IN-SEOUL Season 2 (2020) [4DxeJf].jpg,0efec3a16ac865b5aaad94579fe56ec11d39b4e35dd30ca27e72051d716fbcf5,cards/4DxeJf.webp,4DxeJf.webp,480,687,52502,452916e826c3619de51a21dcc7d7727d91df009c41ad9b8348bc83d56294fdc3
4JDbd_4f,Defendant (2017) [4JDbd_4f].jpg,da7c7a93a6441932412405dfc467932779e4885d428260ff0f1f57cad355afd8,cards/4JDbd_4f.webp,4JDbd_4f.webp,480,700,21154,02e2e0b4228a5cacecaedbcc234e46e865c9c056d3fa5b74e4bfd940de18cc8e
4JE4d_4f,Check Out the Event (2021) [4JE4d_4f].jpg,fb0093564dbe1e56acef80b07b5499f1f9c6a01944efd156e696849a47341ebc,cards/4JE4d_4f.webp,4JE4d_4f.webp,480,713,40694,ef3879fa925eeb7204491088d1099c5fca61b4e62c538fe93ccfee2de0569c68
4JZkk_4f,The Crowned Clown (2019) [4JZkk_4f].jpg,c4ea0ebb53c4f58bae6fe70b7e9a7501be6c1adf9bba9d08ab4cf166e426ccec,cards/4JZkk_4f.webp,4JZkk_4f.webp,480,686,26194,1df9002af147d3c64128e6b8fd935eb7ba806470abd1844f111f00542776c38e
4JzlJ_4f,Yumi's Cells (2021) [4JzlJ_4f].jpg,1208e6b4ea84656be94cffca16237095d08f912d4d00b570621687ba73e9e4d3,cards/4JzlJ_4f.webp,4JzlJ_4f.webp,480,686,38002,7715d10f17cb4e721a54c651740932820eb47bb81e163326b6f5acb10426edd9
4KDmQ_4f,Strangers Again (2023) [4KDmQ_4f].jpg,1b6b51d470a87daff9f398ab5fc08208178c66a4cf76697179904efe2db5a8ba,cards/4KDmQ_4f.webp,4KDmQ_4f.webp,480,678,33282,4a99854a2b6ae463014d24d22c4d675a8fc64b456729b113ecc0454081fc02c3
4QLgQ_4f,Our Beloved Summer (2021) [4QLgQ_4f].jpg,5c307a7f122ed84249e5ea61f0961699df43ecae3b08a8758b8539dd4ebe3d24,cards/4QLgQ_4f.webp,4QLgQ_4f.webp,480,686,69430,aa844e30639937e967054e5c95c51daac8da3d514eb45088c3786ddf9a5430ad
4QXDJ_4f,Big (2012) [4QXDJ_4f].jpg,d08d0b3b8bb7f557f9cd70380a2681cf294455cf3c27beac270c218fc9e7be83,cards/4QXDJ_4f.webp,4QXDJ_4f.webp,480,720,42122,69a9ea7a233c46d1d749fc5dacc141c280bf051803e271c0f3a76427fec1210e
4R1lQ_4f,Becoming Witch (2022) [4R1lQ_4f].jpg,89e202c656e180dd3173f6689d63342606815a1b9b122512fd3a11f27a7968f5,cards/4R1lQ_4f.webp,4R1lQ_4f.webp,480,599,52286,538740d5f8ec2c4348447cb1a51355f829c4f6ed3cc2be21e87eefdd507e3ccb
4ROEJ_4f,Bad Girlfriend (2022) [4ROEJ_4f].jpg,7beb448a76a6e9243ce089f1bc9f1ceb587b355c282641b888988ab3b2a27db5,cards/4ROEJ_4f.webp,4ROEJ_4f.webp,480,679,24628,b9a39ba82b64b16e6f09af1b8cc67c255398f8b60e5c9156ef55d30f38921186
4VW4Q_4f,The Moment the Heart Shines (2021) [4VW4Q_4f].jpg,93b06044a7fcaf1a837ed73a7bbc932359b939a9da93e69ba74e0992ac9baab7,cards/4VW4Q_4f.webp,4VW4Q_4f.webp,415,597,32966,d1060987777bafb93bf6106fa9e052fd4aa6fae85467db36ee0a924990f22b24
4ZD46_4f,Green Mothers' Club (2022) [4ZD46_4f].jpg,de5057eebf36f003add814e407b90545eec6d0b0e59f69e3010fbf63340287f6,cards/4ZD46_4f.webp,4ZD46_4f.webp,480,688,34888,d73dccbd6637bee4791cae885c24e2e530e2c6782f4dee34e0413ec219af2932
4dd4d_4f,Undercover (2021) [4dd4d_4f].jpg,ddb63d635fb4702e5229e2f8dadae3793099f989225af3f86d3a061862565948,cards/4dd4d_4f.webp,4dd4d_4f.webp,480,685,23350,3cae895906e6b49b5658d3d4ad29bb89462a78a83dad88e6ce4da80752ed4015
4e3rLd_4f,Missing Crown Prince (2024) [4e3rLd_4f].jpg,f134e9c9de1d09f005074266d2a2f661a796986a988edb94ca5635db806e1882,cards/4e3rLd_4f.webp,4e3rLd_4f.webp,480,688,65214,34c71645a66e001ba02c7662cb10796d6e50d814033576b4c4320943c1bbbb2c
4e4Z4Q_4f,Love Is Like a Cat (2024) [4e4Z4Q_4f].jpg,973ad497a19b215d6037926fb5642f8346be7afd61295af7e09eb62234955363,cards/4e4Z4Q_4f.webp,4e4Z4Q_4f.webp,480,600,25290,a769a95d2d8eff8196af90473d075f1bc46b05b08787acdeb334efbc4e6f8aa4
4e5YE6_4f,Arthdal Chronicles_ The Sword of Aramun (2023) [4e5YE6_4f].jpg,d5b94255a1a37b19dcb7989b962e3fe5b6d687513c42ad39860f575dd13f127f,cards/4e5YE6_4f.webp,4e5YE6_4f.webp,480,680,51324,e9c0e3e354dee9ff870ae20ac96567d58d32da0f3cacc680c4ad8f4d015f4e45
4eD5rf,Summer Scent (2003) [4eD5rf].jpg,c60940f15d5fb6ac9c68cebe12b76a1e58dff86703b0f32b711265623d5fd9a5,cards/4eD5rf.webp,4eD5rf.webp,460,697,35768,b1cc134575d17f8c02250eef9b21e68525bdfb7edfcffa2814ee54f05832cc44
4eN86f,Triangle (2014) [4eN86f].jpg,898fcdf1235d45061f941394a705c3c15341b4192d263808a5c9f379b98c6ccd,cards/4eN86f.webp,4eN86f.webp,480,716,51998,3d8d4c536a412beea4a327f6442c1c9cc4a52885dd8f86dac89ec8a82cb6f56c
4eNyZf,Bad Couple (2007) [4eNyZf].jpg,e9ac0cbeb83ae29580f07ef89b295acc5b0151c90233c7089bd9c2a03674daa7,cards/4eNyZf.webp,4eNyZf.webp,450,493,43270,7acce5d00826a700fadc7130a1b9acbb8243d2bcbd17eae3e8874bb1e30f61ed
4eVdYf,Cheongdamdong Alice (2012) [4eVdYf].jpg,9e35568c924fc3fb52f3e534a12f95753fcc717132396ab7adbb64e147b5a647,cards/4eVdYf.webp,4eVdYf.webp,480,720,61070,37334ec735a65a87c93a00833cfa9ced61aa573642f93ae62c28cdc25e1e16aa
4ejKqQ_4f,Love Andante (2024) [4ejKqQ_4f].jpg,b5a452244736be6a949303215be542e16f5b129cab03482846154a0cc031c7c0,cards/4ejKqQ_4f.webp,4ejKqQ_4f.webp,480,687,26538,cb30405e19e919b36218f3f58b50dc9e093b461735f2493e6c6387cd606171d9
4ejylw_4f,Let Free the Curse of Taekwondo (2024) [4ejylw_4f].jpg,9e8fcb90a478e5dc9bd1276cbb69e08d7a19f69d3b30182be608f4fea517c2e9,cards/4ejylw_4f.webp,4ejylw_4f.webp,480,680,28206,ee8e19b47729c73001a9b019ad6a222ab0325aa4c5828f49b9737f2857e41ef9
4em0Kf,Glory Jane (2011) [4em0Kf].jpg,d7d6705a3b01b1f53e323945494de32a0eb4d6af3a126bf21c13fcd2283fe522,cards/4em0Kf.webp,4em0Kf.webp,480,706,36596,b87fc6a4ac72392bfe21b4909d9d40e2e707034e42431d0830147a0ddb002b41
4ewNdd_4f,A Good Day to Be a Dog (2023) [4ewNdd_4f].jpg,4bc12b7a1f23383e5ea6a83235e4a873a4ba4f892ee25475c39acbd22c54f0d7,cards/4ewNdd_4f.webp,4ewNdd_4f.webp,480,683,33064,6c421b80699dba310ad0d3da4404d02e4f9ee6a12e07ef9c6c24c8a8f39a1f80
4gbR1f,Spy (2015) [4gbR1f].jpg,d23611c585caee1d65ae691514beca9485829e1d612d63ce10662e74b8acb557,cards/4gbR1f.webp,4gbR1f.webp,467,606,15112,f58b550931bb44d03958907e2f8db043357711465f0540cc9305c8bc666c83da
4kBWkf,We Broke Up (2015) [4kBWkf].jpg,dd480ce40cd0fd60d57805626b8858d5be64c8d744fb179104c40e0b6203f4c7,cards/4kBWkf.webp,4kBWkf.webp,480,706,53184,767b2c48443e0899274d6d36138df42e2a36fa2d9b467953a43022d3643a1dab
4klPZf,≥75℃ (2019) [4klPZf].jpg,63289cbad33c896eeb311d96a8b681be6d818d3609a424b144c76248e16b1cff,cards/4klPZf.webp,4klPZf.webp,422,596,21734,bdca023f42d40f11e37284e9a2f83d945ccf3036033c0bd30583208e97626051
4p2vdf,Strangers from Hell (2019) [4p2vdf].jpg,1f498e51fc038a8dd8b064e7ea3f2b97bf56f172d2a5d967beb709ed27abb634,cards/4p2vdf.webp,4p2vdf.webp,480,684,43274,6391a71cb223518fad1a90fbf1bcfb0e51bba06393133f428c71dccd1f743ad1
4qvkK_4f,One More Time (2016) [4qvkK_4f].jpg,fc6319ac905f56032d88a679c24fc495c27156ba29ec8f97607bf3808ddb9fc0,cards/4qvkK_4f.webp,4qvkK_4f.webp,480,673,22924,68e2b0b6fa14ec68c31d767cac1ca5e2260e21fb1e07973fe5d08db067404694
4v6zJ_4f,The Glory (2022) [4v6zJ_4f].jpg,6b0b7cd86e9e600bf4148001fa7be43f075126986946d7de4ec8afd49c942f59,cards/4v6zJ_4f.webp,4v6zJ_4f.webp,480,710,41924,24486a14197dc841634fde80c799926eae5c0748d3110fe6f6608772291850bf
4veBZ_4f,"Fanletter, Please (2022) [4veBZ_4f].jpg",b2d31a759eb2f564e69ea72aa8607c88d60c8d7c4cca3c70560707113ca0ab18,cards/4veBZ_4f.webp,4veBZ_4f.webp,480,716,53286,8e0aca9f9b6027743c6ece2b5b59949427261ce54b115766000e4607fb9673ae
4vzxw_4f,Missing_ The Other Side Season 2 (2022) [4vzxw_4f].jpg,e043dbfa5f840c89df98e344606f0a84f307704b91b7e84884d9d25bd363bf5e,cards/4vzxw_4f.webp,4vzxw_4f.webp,480,678,48768,7c71269121989b3d887432f16e9d1c50324b6cdc14c0df43c498e742c104126d
4xzKK_4f,L.U.C.A._ The Beginning (2021) [4xzKK_4f].jpg,dbb3a43a546b574367dd83d3d931af4d9952a5ca911328b39b7a5d8df59eff0e,cards/4xzKK_4f.webp,4xzKK_4f.webp,480,683,49940,70a38775069a06e6345ea13e896c043aebc416aa059b2a0a07ee32fdec179a8b
4zolZ_4f,Inspector Koo (2021) [4zolZ_4f].jpg,5676520c450a53c97fbf0e64377a15b4253db2a356b4486b1b748d5346ed8228,cards/4zolZ_4f.webp,4zolZ_4f.webp,480,696,42050,863ca068a60ad35dff9776ff1b0517170327fdbe0514368f0d6014edcf4203e8
558KZf,Man in the Kitchen (2017) [558KZf].jpg,7385350bcfcc575a9ff36b08fce706cf5cbced702abb9f8f31538d8b3c2c57db,cards/558KZf.webp,558KZf.webp,480,716,54598,54efaeb266ac4d63ce216fd624b8237f70eaf5c5cfd2e8cb9b5dc43fb879a447
55Dv0f,Love Returns (2017) [55Dv0f].jpg,4d05582571a9fd133ee6f1808ebfedac29ce80298712e1abae2a8e64f36b795d,cards/55Dv0f.webp,55Dv0f.webp,480,660,40390,e271926d283d9d98e07ed38a38dc70a125c08ab954b1327c12248921f7577dc1
55VAef,38 Task Force (2016) [55VAef].jpg,150510cf1734eb2183ac1d8ad8a5416b3d47b48ac443327a3b2025ab749723ae,cards/55VAef.webp,55VAef.webp,480,660,75326,1d0d2814d4f34307d21f892e8bca7e82abe975c7561059ed22a7eb8ab21b2560
5Q6vef,I Order You (2015) [5Q6vef].jpg,ba537e8c92f8ec3bca81438a52ad862661c1c4646d8afceded416e0353540e9c,cards/5Q6vef.webp,5Q6vef.webp,480,720,69336,503f5ddde20205cd52b5d198f2a1cb9e64c563292b318909068dbf650300556b
5QDVef,High Society (2015) [5QDVef].jpg,3b68ec344e5eba2d4dc0df3b8f233ed06887f727e869d6dc9a2fe8fae3457f74,cards/5QDVef.webp,5QDVef.webp,480,719,47900,13d7615a5cdf6f18db1d61caf17592f764ce814c9f49ee3d8f15caaa7323679a
5QedDy_4f,An Innocent Sin (2026) [5QedDy_4f].jpg,d5fa45ec80c0bc403b852f340e6b5a06778746c2f154b89bb208f5434dbfcbc4,cards/5QedDy_4f.webp,5QedDy_4f.webp,480,720,40678,22a6e470f0c34681ede83a5f04d28c84e31cb3468c361aa318eb0a41f8fded4d
5d4O4f,Sweet Stranger and Me (2016) [5d4O4f].jpg,b195ce2d60acaebae2a59fdd434332b8bfaa5917c4e1760251cbe5d0a74cb5d7,cards/5d4O4f.webp,5d4O4f.webp,480,717,73838,ef7b3e5ec3e21a1af5866756ef476fdbdd90bdb68cb40d5fa83ca36dfa7e17dd
5d6Qyf,Boarding House #24 (2014) [5d6Qyf].jpg,364a0562bc605f64913357188433b5b6c6d8cbb9de2ce468a095f1872ff60c0a,cards/5d6Qyf.webp,5d6Qyf.webp,480,681,57936,ac2aab02363bd6f0a50087845731aa474b18a8a72df9cad94010145eda7769c2
5o0gef,Live (2018) [5o0gef].jpg,54541f5f97bcd65c5b639ed18f351c9dd4491c9e688e8944b26559743def3f9a,cards/5o0gef.webp,5o0gef.webp,480,660,51572,3c04731f75e9b23c2b2b5df41c05d66192b19728e6e69448007d4321d4cfb56a
5oB1yf,Familiar Wife (2018) [5oB1yf].jpg,9edda605f66a2b7ad6fe06ae865511af86e51240925be206e069e125c38f13c8,cards/5oB1yf.webp,5oB1yf.webp,480,686,21388,b95e4bfb94e14ecac16a6f4e4c2fce3b48fb593290192dccc3b1bfb71661d0d7
5v2O4f,What Happens to My Family_ (2014) [5v2O4f].jpg,287745ba0afe49ae11b6c9c4d051216b4fee55c7effeea5e8c80d75db3fafac0,cards/5v2O4f.webp,5v2O4f.webp,480,699,66494,1477cc3f637263dac10796726b8f991ef49cade99cd0e05802c88b9f1de93e62
5v3OVA_4f,My Superstar Is a Tyrant King_! (2026) [5v3OVA_4f].jpg,e912ca2c74b356be67560b9e03bb2f18ea19be7d9d7800ea8eaa9bb60fb02aa2,cards/5v3OVA_4f.webp,5v3OVA_4f.webp,405,720,30294,c8f29bf6da0235c3f0841bd533ba181391e42e926f72fec9b694af4fd1f2dd19
5v6L4Y_4f,Virgin Love Hell (2026) [5v6L4Y_4f].jpg,abe4574b363a51772f0a467164c05b2acafd45582ddeef0d4711262460d9164d,cards/5v6L4Y_4f.webp,5v6L4Y_4f.webp,480,639,56590,ea47e116dc29dad3cdec05ac472d2297c30212ea37c51deb289ef347d2b16c57
5v6yee_4f,My Mafia Boss Boyfriend (2026) [5v6yee_4f].jpg,fca4fc3f322ea32810a1976db0586b1717dfbb6c17232fe55f98c3e38cb70ed3,cards/5v6yee_4f.webp,5v6yee_4f.webp,480,684,28762,c09abb96a0fb236e0fe0c95a7a0e0e5e225cfea619339fe68af4976f1e073412
5v728e_4f,Oh My Ghost Clients (2025) [5v728e_4f].jpg,c5b0d8c0dc43d9f47d03c9643ded0a69b1b92687123c36c3960db314719d31cd,cards/5v728e_4f.webp,5v728e_4f.webp,480,686,26776,1e9991dfd0d1e39f5dd4481e62ea7a0094b107f65c5c3be7b8423db24c928afc
5v8b2y_4f,When Life Gives You Tangerines (2025) [5v8b2y_4f].jpg,8d49ab9221ea449bc817557e307c703e70cec0d736958fb1aca2cc7e9b94cadb,cards/5v8b2y_4f.webp,5v8b2y_4f.webp,480,711,51386,a7b1790760f343185fff499e09d01bdba51fbe6621ce33c6daae24df0baef1bf
5vBXvB_4f,Close to You (2025) [5vBXvB_4f].jpg,eb68c77c8f374ed387d9c756c5d58327808b9e5c0dd37538946a07cc12f02746,cards/5vBXvB_4f.webp,5vBXvB_4f.webp,480,679,45402,5df7af2e386bad271d323d5733a7be3a5d58b39d3ee9022511ab707ff4007c82
5vBevy_4f,Secret Relationships (2025) [5vBevy_4f].jpg,5f2072e039e0807321ebc3f1541ea49a3df3dc5df11af785ee9482aba5003f9b,cards/5vBevy_4f.webp,5vBevy_4f.webp,480,720,19504,e8db6e78afbf8dda60c9f5447e6c51295e4ac545d17b5f193b162941ccf0d11b
5vEPBA_4f,Gangster Like Me Got a Boyfriend (2024) [5vEPBA_4f].jpg,f8e8c2dc12a313d57171d6cef10c5b12a536daeb15dbafce6db0a5d376c2d83a,cards/5vEPBA_4f.webp,5vEPBA_4f.webp,480,720,32772,385f71e262615e34ddf32ee5caf189eca3a639f8324ddd0ada2ce550dcac3fd6
5vLEnL_4f,Parole Examiner Lee (2024) [5vLEnL_4f].jpg,c741b381c55235e616d039410546b66b986a33549edb965e75d34cfe4382b3d6,cards/5vLEnL_4f.webp,5vLEnL_4f.webp,480,680,40622,95b3d8c58250ac0631c19cd2cfaca0af72b0bd0d11cd00b1d98e27e1e14acb57
5vNlef,Life Is Beautiful (2010) [5vNlef].jpg,8951bf84441e88f9efd55db44bc2272f1f30ba42ada29bab62d0b058541177f4,cards/5vNlef.webp,5vNlef.webp,480,720,69626,da835820c24ab93cbe30283ff31b9a2a21b97c8c94477e8bdb2e2270b0c4e87e
5vO1yw_4f,Secretary Undercover (2025) [5vO1yw_4f].jpg,4c865a40a22186af23627265d65281266a862999a2ff092b2ef930e039610298,cards/5vO1yw_4f.webp,5vO1yw_4f.webp,480,602,26748,ff7329fb8945bf977aeb15789f6b65e6b94578db472e60ff3e77a9b265def1fe
5vXqKZ_4f,Aema (2025) [5vXqKZ_4f].jpg,8a4ecf8054e2a6f849fcaa2d94fdbe794ccc3be13112daca82313266d6f4166e,cards/5vXqKZ_4f.webp,5vXqKZ_4f.webp,480,600,47176,5a930d5a6a61b7814321c125c1f44a8ae38642e46fd1dddf7db15a59063072a6
5vYDR0_4f,Winter Fever Uncut (2026) [5vYDR0_4f].jpg,45328f9144d856ed1fc00e0fc3ecc29a1c637b84ab60d0fa07e8e02f23a0b864,cards/5vYDR0_4f.webp,5vYDR0_4f.webp,405,720,22294,18e1594b7b61b8f30f008a39d8843810214278cc97af28ba62f1427308241dac
5vZjOA_4f,My Time-Traveling Prince (2025) [5vZjOA_4f].jpg,dd093e6f99dd50218c7fd3b0627ee166e83e5f72e903e48d6ad9a2f827cc3d73,cards/5vZjOA_4f.webp,5vZjOA_4f.webp,480,720,29724,5d690ca8242f8536a6ef24a3995c513146a63df273d770e20c144e96f8f61dbd
5vk6DL_4f,Love Track_ Love's Grace Period (2025) [5vk6DL_4f].jpg,6d350ef90733b90d6623c128c3643c2b394d8b798c5baaad0148d12e73e330e0,cards/5vk6DL_4f.webp,5vk6DL_4f.webp,405,720,23690,2b841f25568e571e2ea46824a26b1adb8a911b59fd6de7abfd36b4d92efde997
5vkLVf,Blade Man (2014) [5vkLVf].jpg,8bd16c96edb7ee6e80d5059f35569aaebd3c2206de1a05aa5ff87a74aa8cbc1f,cards/5vkLVf.webp,5vkLVf.webp,480,686,36436,27a27e2a84f33414c9ed0c786bf2b66795b281845a1127a5531d546d7172677d
5vl1eA_4f,My Unstoppable Gaydar! (2026) [5vl1eA_4f].jpg,0538943fd8c7950c6f7aaea15cf97ee6105dfbdb8d69d488e0351a6767b10baf,cards/5vl1eA_4f.webp,5vl1eA_4f.webp,480,720,22034,6675b4c61faef3af6169adcfd463b40232f4a6a67847ac1993b20971c5e482a9
5vlbLf,Secret Door (2014) [5vlbLf].jpg,5a754911cef5b4ab9c2462e43fefc92b2739b6586d565061f6183d98d4fab3a2,cards/5vlbLf.webp,5vlbLf.webp,480,716,83794,a1a6a7f8c8fc60f6ba735d7e8fe19f9585a5f72050b2192b34467ea96e9f524e
5vmwAf,Hong Gil Dong (2008) [5vmwAf].jpg,dd51980cefca8fb5b4e1a6e72433b0b769e4d920e85ad27f3840c4d7b255699e,cards/5vmwAf.webp,5vmwAf.webp,479,720,73318,0962ac95930fb9d2227ed30c3d426e98923e21f3bed853511d56dad03a9438b3
5vpNAf,Dream High (2011) [5vpNAf].jpg,82e7532dff5062b5010874a1dd62924655408386fb78d29eb08b611d7fcf866c,cards/5vpNAf.webp,5vpNAf.webp,480,719,44148,d9af649850f8ba1bb19928be960b975d08ab054660b8bc37c46bf2c1528991c9
5vx8Af,3 Days (2014) [5vx8Af].jpg,e69614522f253746884f973237987ed41287ae047ffd91eb1514cf73c84bbe33,cards/5vx8Af.webp,5vx8Af.webp,480,718,59420,2b4c4474dc5450c4ebfff0b346fa1a81a2c05231be5bc0bd440cf3767ec9c8e4
5vzLJV_4f,In the Name of Beauty (2026) [5vzLJV_4f].jpg,718aec4fd1dc11705a7f761fd43099e853defb1d70df759805c6f61a46eb07c4,cards/5vzLJV_4f.webp,5vzLJV_4f.webp,400,711,43646,b52807a8295c9e835632737dc54e67748b408276b468408e314d0214fe88fed4
5vznl4_4f,Be My Guest_ Checking into Your Heart (2026) [5vznl4_4f].jpg,6ced45c02699c46af5ccfa0174676e628f8a47e94f4370a2a8f9d9e4bcbf50aa,cards/5vznl4_4f.webp,5vznl4_4f.webp,480,600,33622,2b8f2f9d05b472db1896382c5a3e1510f3592d73f9061659e987489aad5b8728
5vzwOy_4f,Girl vs Despair (2026) [5vzwOy_4f].jpg,9c499d540e681f19d21a263e1d07ced63f0271c9688b86160774782347ea8c51,cards/5vzwOy_4f.webp,5vzwOy_4f.webp,480,720,48166,953dc735f39c67b7b073f3e35ab36fb51216ab6be65b55fe7f85c9d0ea1e3e8b
6024gf,"Bread, Love and Dreams (2010) [6024gf].jpg",56e8ff88ae03db429f2859bfde39c7b701a392c13dad7a2ec304087592eb1fe4,cards/6024gf.webp,6024gf.webp,480,685,34838,942c89779a4e06646578264534e195bf2cba895b8b44b624c73a80cbba5a2745
602ewO_4f,Beauty and Mr. Romantic (2024) [602ewO_4f].jpg,51059067dd10310e00defbea11aa418f9236992943475db880953c05da405da0,cards/602ewO_4f.webp,602ewO_4f.webp,480,686,52846,b0ecead0447e9c5cc2d2ac546b28559919830afb8b6b82245b5bb8505137a0ea
6032eK_4f,Unpredictable Family (2023) [6032eK_4f].jpg,9e67623f155732e0269b9b1ec74d8ea3e2b629aa86874a216e515c1c730d7c7a,cards/6032eK_4f.webp,6032eK_4f.webp,480,685,45268,6de023c038c1660a5050d5afa52947178e4c524b418ecc09944dfd3887fc2917
60Q2df,Evasive Inquiry Agency (2007) [60Q2df].jpg,0572d4ec931c95f8903ddf5348f34c6694e1812ae62564bb438cdab961754220,cards/60Q2df.webp,60Q2df.webp,480,686,41546,0181342637f4554d79523d6748fd1571edac45cf46f91c086e1251d8a82fb154
60Qkq0_4f,Lies Hidden in My Garden (2023) [60Qkq0_4f].jpg,f25c5519e87319e3a97c72be39f03a0d93c9f8b7ac5d1877ac76373f633ba07f,cards/60Qkq0_4f.webp,60Qkq0_4f.webp,480,684,33530,b516b9ed4130ce4a8c531becc6a565f15fa43cfabc6611affeec79c82334aeeb
60lLB0_4f,Marry You (2024) [60lLB0_4f].jpg,0a0dcba11b119b72ce00deb2653456e099e4a7eaa6dcab8ea802b33257efe89b,cards/60lLB0_4f.webp,60lLB0_4f.webp,480,679,27080,494628de6f16d58cd8e4d4c3dfaf2436dc4fdc8ad98d4f9c0ee1fa8670229106
60lvAO_4f,tvN O'PENing_ Our Beautiful Summer (2024) [60lvAO_4f].jpg,f0e4cfe886c2bd7743e7eb273c2789637d7ccf73ba584936c6d409c3b7a850b9,cards/60lvAO_4f.webp,60lvAO_4f.webp,480,680,48624,c197eb7a0f6000d789eb944e6ab567b0efb5c21f8f57ca873ac758c3ac25570e
60nK0K_4f,Secret Playlist (2023) [60nK0K_4f].jpg,45b3a0f3976553dd13a0c445b479f50b33bdc6d4917b72a0e3b1b744a9db608c,cards/60nK0K_4f.webp,60nK0K_4f.webp,480,688,9358,30510cbe074cc1ec84d3b49b2f75c4cbb1105fc12fe3df8cd1fb57b3fcb9650e
60olQO_4f,LTNS (2024) [60olQO_4f].jpg,53afb00064384cd9cf190bf4b8697d1df802444159ddca552548c93064b4d8dd,cards/60olQO_4f.webp,60olQO_4f.webp,480,687,30960,cd328328008602a407916a0e24ffc63bb56deef6dd4dbf1411ecd336f116fa42
60pKAO_4f,Knight Flower (2024) [60pKAO_4f].jpg,86fdb1178fbff12887dbb6f5f3467f699816b6402fc9c541a466f9f394ad8955,cards/60pKAO_4f.webp,60pKAO_4f.webp,480,688,41242,db3f5ea3a6f7b510e7bcc25607599aeb6cb2364c02b928fc47bb2a174df7c836
60vxXf,Pasta (2010) [60vxXf].jpg,895b6d7b916d417fdcacaf5cdb34edea22ff5fc054ddfc6b90dc1c269085c23a,cards/60vxXf.webp,60vxXf.webp,480,706,48776,373a5accee48fd3cdc6f5d16315fcde95c5f3146aac45958b03111a48174d80f
60zJ2O_4f,My Sweet Mobster (2024) [60zJ2O_4f].jpg,b141c7f7707eeef01b2ecc4673f5f402a2921f6ed8228049045601ec1d1b033a,cards/60zJ2O_4f.webp,60zJ2O_4f.webp,480,684,37282,31737e241a907c41958fa8c9d63ee7f820f1a2e3ec139db19fbbc73cef9fa2a5
631jKf,Bad Guys_ City of Evil (2017) [631jKf].jpg,c60efa2cfefec28d92dde72ef94af82998a22aec1f374d675cff73202ef9a8a3,cards/631jKf.webp,631jKf.webp,476,720,79706,2e40727d36fb6a07e377366b4063084f7ae5ca255a42add0eacfef74eb5eb87c
63XdPf,Two Cops (2017) [63XdPf].jpg,729316dd97cf994e74ec08e94ba11b149737afdb8bc27b521c07453540e6292c,cards/63XdPf.webp,63XdPf.webp,480,660,49916,2d416c703cb7f6ac59f6b1fec6aed8b6e7c719d4e32b842bfd60be0eaf88cc01
64zg0f,Queen_ Love and War (2019) [64zg0f].jpg,7bd52dad8642a9faea95c836cb296d09f2d44a03d350461563819afdc1ced465,cards/64zg0f.webp,64zg0f.webp,480,720,71516,cf74f167c4c00c90a8e50c8f763a4cc3bc0c43f7d2c29704ded73bc9cf8a0e16
65Ak0_4f,Hope or Dope (2022) [65Ak0_4f].jpg,30f256209e21e7c39a6c3ef9373cf90a86daadadeb3385b7336f5ba13fd0c610,cards/65Ak0_4f.webp,65Ak0_4f.webp,480,686,73580,ab6de78d6f2b07762265a5a1b96a9eb748842349c7f0264352330ede9afd487d
6644W_4f,Good Job (2022) [6644W_4f].jpg,8455db22dbc52b30a075263a067c4a71a69dcbc3591288cef139d48148dea76d,cards/6644W_4f.webp,6644W_4f.webp,480,688,41054,f3183df912ee4174fb40e9d333d7d877d9d1aada021a5639cd342650fb109810
66Zr2_4f,Today's Webtoon (2022) [66Zr2_4f].jpg,3a750aa2edfb124c4fefdc68de037119a0b6d49cd0c393c1b3e198d86dc54af9,cards/66Zr2_4f.webp,66Zr2_4f.webp,480,720,58614,a369a9e4861c2f37799b6a7cb76424534d31c8603beb99930607000205ef1044
66pVp_4f,Unicorn (2022) [66pVp_4f].jpg,ab55034e9c8bcbd21618b13a2644e81bd1766562057749af8a8203f3f4f2edd9,cards/66pVp_4f.webp,66pVp_4f.webp,480,684,58716,5d5a4987d06788d8dd8d171054958cb73528393404e9008dbcea10cd498ab3ca
670YW_4f,The Penthouse Season 2_ War in Life (2021) [670YW_4f].jpg,769446e5bf8511dbe600637058c74cb5175561b23bbf409f2243fd6d5a35bae6,cards/670YW_4f.webp,670YW_4f.webp,480,684,48090,214806e1beaa44b34d57970fa2c42879522773fbc2c00067515d428f4b8f575c
67dZ0_4f,Nickname Pine Leaf (2021) [67dZ0_4f].jpg,3fe0e33f09a46b1ed7c06a262bb7855977bb9b48fb28bbc1f7677bcab9891788,cards/67dZ0_4f.webp,67dZ0_4f.webp,480,480,34566,b2e4824ac811156168d73fb31cc1fe4ac4e7e7bac8e181f2f6b61d3801aa808d
67ooX_4f,How to Be Thirty (2021) [67ooX_4f].jpg,1fee32611b442695154093aebff43648e29ff07ea33aa7a2df5c1528b012ae24,cards/67ooX_4f.webp,67ooX_4f.webp,480,688,24808,ce28d56bd4b1a413872399ffca3b01e085a1c0d94993c01c9d0841fd3ce36819
6K5dp_4f,Private Lives (2020) [6K5dp_4f].jpg,d48ddb5d2fdac3fd2395ba6dec155d7238f380a9647ea302a164bfe721542ba1,cards/6K5dp_4f.webp,6K5dp_4f.webp,480,679,42106,24f8678bb18b7f72cd59a9bb64e88b9d723e240aaba1ce9663224398fe9da5f9
6L6x2f,Mute (2020) [6L6x2f].jpg,9a32f28656f3a2aa369275d37b234931162d586a47e8b436faeaf3163404bf3a,cards/6L6x2f.webp,6L6x2f.webp,340,487,15970,f4db402105995e63969aff2345476ad4f832da01aa7c6418efc3fdba7a3bc078
6LQRjf,King Maker_ The Change of Destiny (2020) [6LQRjf].jpg,98e9569ab24d14526fa53f9299b44a0c0f7189bfb1c52770e70c511f5d2e6f2b,cards/6LQRjf.webp,6LQRjf.webp,430,644,34084,52d672a0a49e3fd7b5885e5dd4bb7b715c44c6acad382a1b16325ec8547e32b1
6NopK_4f,Single & Ready to Mingle (2020) [6NopK_4f].jpg,58765401cae0034f5b678f01285726462713f59a2170fa6c23607a51793ef897,cards/6NopK_4f.webp,6NopK_4f.webp,480,679,49266,27647c39f524374b953244eb9fbea980cefd81b106efe64f51973a16b96bcce3
6QJ4Pf,Nightmare Teacher (2016) [6QJ4Pf].jpg,9412927ee7c9df435f999002dde8db2d337cb189427e9cff500587cbcc7da510,cards/6QJ4Pf.webp,6QJ4Pf.webp,480,679,43112,66bad844142f6cbf2bbfac14fdf6cf8fc6aac7df61f3bd42e91657fd31ff7bd7
6RqNX_4f,May I Help You (2022) [6RqNX_4f].jpg,03ff00b3e4907923fa946511638a3033ae0b5dd86babd07f19db10016df0496a,cards/6RqNX_4f.webp,6RqNX_4f.webp,480,678,63836,b5c28afeb5d7b3a15187f65cf1c5288497fc940c86d349fab67936b0e3b69b6f
6W2l0_4f,Peng (2021) [6W2l0_4f].jpg,71a8d72d2147138828ebd4ef0704b5106a816d488419e09ce7098633e2610015,cards/6W2l0_4f.webp,6W2l0_4f.webp,480,686,52234,8f6b2ce0d084736b761ef539e046dba91e722e0e8cc2eafc5e661f5890ebfe5c
6WVrd_4f,You Are My Spring (2021) [6WVrd_4f].jpg,fe0605514cb9d5d6ab3e4870939f59e9c8f9543150959143e987fc22eb033717,cards/6WVrd_4f.webp,6WVrd_4f.webp,480,679,54252,88c9a641a3023147dfd26689b28d1696d0af90a97924c9049449a0302e5963d3
6dKxK_4f,Love Scene Number (2021) [6dKxK_4f].jpg,63b07530318e012a17201b6af663d59299bdf8548d880603e0cb108401065be9,cards/6dKxK_4f.webp,6dKxK_4f.webp,480,678,25864,cd18518d875d9b18169e27a8eb9501bb6163b215820b3c24b12785696bd6c001
6dbVP_4f,You Make Me Dance (2021) [6dbVP_4f].jpg,8772cff6076138f30171afd60c4ac8579a29deb162d4cf1063ad1c00f5c0d682,cards/6dbVP_4f.webp,6dbVP_4f.webp,479,720,22476,bcf1281799b64181d9714bedd6ff1ed4a2351fe025f9d4e47ad8159b0e76a924
6gZRjf,My Romantic Some Recipe (2016) [6gZRjf].jpg,035ecc8f87fa9e00b0c7348230ab32db9223654da4d3fa5b00fd3183efb372cb,cards/6gZRjf.webp,6gZRjf.webp,480,720,64568,dbfd2325a9bf1fc4d2176ef544d4fa04784922bbeb7b529788d323d2e26a3a27
6n2Ejf,Left-Handed Wife (2019) [6n2Ejf].jpg,8d164b9aa7d54073ad2c449b20fb81fa457e4c954b3547a139dcad708ce980da,cards/6n2Ejf.webp,6n2Ejf.webp,480,718,43592,6e6781e5517c2bb187a86112c2a3be561b7e68bdf8fd6ba602ebf0d519480169
6nYyXf,The Secret Life of My Secretary (2019) [6nYyXf].jpg,4c3e183eb067e32e7bdb1a7c4881edc6ecdb4e3b63d06e476b69fceed9c1f721,cards/6nYyXf.webp,6nYyXf.webp,480,684,35018,771c51a6944d1dda1b9d73baf78b6025bdf7ccb75f2f511b05aea1f6ae3c6250
6o4N2f,"Arthdal Chronicles Part 2_ The Sky Turning Inside Out, Rising Land (2019) [6o4N2f].jpg",2b2f94b9841e2e06316a2bdc1067b9ff66e80cbf0470723a4e778b3f0c1e0979,cards/6o4N2f.webp,6o4N2f.webp,480,684,44536,fe356c6877cfda01d2fa49a1d3476e12c8a54f4646c7ebf96e7fb7e70f2271a7
6oKxjf,Good Manager (2017) [6oKxjf].jpg,8aa3d1d68e3404a81000acf7af44830a561919ad835701cf699f192b8a90705c,cards/6oKxjf.webp,6oKxjf.webp,480,694,34584,096928be0e04d6ab3b73ed424e338c34dc6f3af399d4ac84a11bd1861407938d
6oYpXf,Never Twice (2019) [6oYpXf].jpg,a7d834211a73b15f8739ef39ac4a599a626c796c62e785a9360a889c19be61f9,cards/6oYpXf.webp,6oYpXf.webp,480,718,69516,5808f4a69fc59f4d5b144770157ea053b3235ead441e66cba336c6bc698808a2
6pDbOf,I Wanna Hear Your Song (2019) [6pDbOf].jpg,30e25ac6c450cacfba5518c7c7fae7a708473483fda6b519862b66c8180c2df3,cards/6pDbOf.webp,6pDbOf.webp,474,679,55174,fa11539295d696948f0e6a6c75e41ef96d87254ddfa267ecbd6528671cda2160
6pLePf,Missing You (2012) [6pLePf].jpg,e020c9bd4a6172049ec7127e2cd602f2dc920a051f408b42803edcb3e75e1e55,cards/6pLePf.webp,6pLePf.webp,480,615,35012,1f89d116a6a630e9d36c4457b82b8396a866e04eed50fbf99672446d5c1daca3
6peeWf,Search_ WWW (2019) [6peeWf].jpg,7635651cb27660d7b284289f07ab3a91a448d006034acf45412c7559b4012fe5,cards/6peeWf.webp,6peeWf.webp,480,680,26386,e4e20b07ebb78656403d478c6ab5b3636757c8504bae62e2afe40e84eddfa882
6vXVpf,Hidden Identity (2015) [6vXVpf].jpg,535410d0cde1fcdaaa6890966182f8b367ba18ed70355561cf3cff7d793e3390,cards/6vXVpf.webp,6vXVpf.webp,480,694,47918,f392705d21b73ab30055c503c2d00316deafb4e5f338dbb59422a4ab873dd941
6wYZO_4f,Signal (2016) [6wYZO_4f].jpg,ecf43b393a7106e1e4ee3a0c19f734a244cfe7191598f95363260a36fb9cf015,cards/6wYZO_4f.webp,6wYZO_4f.webp,480,720,52600,0523a7f439c3159936863d00a34d19d38d89023025e2dad0af28f4c35d33c7d4
6weyW_4f,Hellbound (2021) [6weyW_4f].jpg,f54b651751453565c1818d3948c8cbcefdcab07f1192dc9f52cdb88133467d05,cards/6weyW_4f.webp,6weyW_4f.webp,480,712,54068,3f0ea4a1895beb480aec013279437a54e79973e6c390e71790050b4439ae50d3
6wjE0_4f,W (2016) [6wjE0_4f].jpg,6f8edec42da49dc37b86b7d44deb7a564bc5e8cc36282dfc33d690392741fe60,cards/6wjE0_4f.webp,6wjE0_4f.webp,480,716,58876,f83a957be4b31259c771be19864f0956f2435643e561112b69ed56621e899176
6y0npf,Radio Romance (2018) [6y0npf].jpg,4ded3f9718718a9f61ed8415208d0508a5d8f85735a90cbbdf6bc9e2515aba7e,cards/6y0npf.webp,6y0npf.webp,480,679,32754,c3b4d8adaad5b912bfd584f7355d03c02a79e45193fe847aaca4b2ff69f00f33
6y4Zdf,Switch_ Change the World (2018) [6y4Zdf].jpg,07891ef2e42ba760589a91c19deae4f4d06effa37cac8cfd051be5a4f76fee71,cards/6y4Zdf.webp,6y4Zdf.webp,480,687,66948,119608640ca4e39b9137d7d9833216c981f5fe002cca96754b6dea5f204faf5f
6yY62f,"Go, Back Diary (2018) [6yY62f].jpg",6af98862dc7fd36c2d5fbbfc23304fc3bc634ec73556597496292ad9443b28ac,cards/6yY62f.webp,6yY62f.webp,480,660,32688,ddb28a2351b6df231d841a2213209fae912c09bffd414402ee91d74cc2b79a68
6zoDX_4f,Graceful Friends (2020) [6zoDX_4f].jpg,711602a9ea659a8309031b5603296d10b982ec6debdc737f82f9e45b3ceb27cb,cards/6zoDX_4f.webp,6zoDX_4f.webp,480,684,52584,29a20cb86a27d8cbda73e034c917a811bac82dfc317046b8d759c3f83371ea97
72bALf,Mother of Mine (2019) [72bALf].jpg,19e645c76ab3f70ba084a8ca6d846717288340b412292089e36924eee946b491,cards/72bALf.webp,72bALf.webp,480,717,54532,523e7030695361a6a73c884e9aff40b5857fc99968931180919b4013fec2d2fa
734PvR_4f,Love Change (2025) [734PvR_4f].jpg,293a837e894a7e8fdcd7179240b61e720c01ec8a1d8788c3fbee4e1dbb891a4a,cards/734PvR_4f.webp,734PvR_4f.webp,405,720,21890,33f244270c2aaf9be4e2488d7dc9fa0829a77bf521706fec3abc252d13f04ddb
734QlB_4f,Marie and Her Three Daddies (2025) [734QlB_4f].jpg,699f9441f35896bc6c48628089913d05daae782fc47db79e18606e2f60a15435,cards/734QlB_4f.webp,734QlB_4f.webp,480,686,48074,57e5a6f53d9e49a3d47a5da3b66d60fa0f0b5ed2f471f04fd61a7d06934eb103
735qBe_4f,The Trauma Code_ Heroes on Call (2025) [735qBe_4f].jpg,6b9de6859b53a39feaa642a89cd68a5c1b6c371fb1af7b3447e0f92a4f271839,cards/735qBe_4f.webp,735qBe_4f.webp,480,711,41786,3da7b6ba5c8d1a569d3a965d26e97d2abeeaa1aecde19c4e0dc7e2be1c97d52d
7360yf,Naeil's Cantabile (2014) [7360yf].jpg,7fecba39e8791ec6c1a24bbb8ccf24d1f837c4807e14a1857828879673b515c2,cards/7360yf.webp,7360yf.webp,480,680,47338,febec9d564fd67800ac474317679343526dce235ac18b9697b79349f9905b315
736D6n_4f,Flow (2026) [736D6n_4f].jpg,ccc5621ec1139937d67e7a5b226aba713c72bb18e97b001e078987112ab872a8,cards/736D6n_4f.webp,736D6n_4f.webp,405,720,14306,fdf56ffbdca56ba5df2b386a91576bce6f9d99da9fa81ed26210129e5517b90a
736ZyB_4f,Temptation (2025) [736ZyB_4f].jpg,5f2b436650da2519e6b2648b8a6643724c08d1a3ad18f63a6f4e504fd4418eb1,cards/736ZyB_4f.webp,736ZyB_4f.webp,480,684,47828,14486d2101487dc684c3cbff366ccad7cba4c09be4981f1d73b03a6298b0fff1
736znf,You're Beautiful (2009) [736znf].jpg,35e90db03c9cba589f709eb99bca22eed8ae9b2665388215c75485f472ae23ab,cards/736znf.webp,736znf.webp,480,680,43954,dbe5dcf86157321568d40f11d3899825916449b8e12a207e0e6a1b92544fa94c
738QRe_4f,Match Play (2024) [738QRe_4f].jpg,25f53a9c18a42b7074fff937a918add55e103012dc6b8ca1a3767e4303935f0e,cards/738QRe_4f.webp,738QRe_4f.webp,480,480,20340,8b7f7a8c07a59557d21f4fbed161e3c193f61d462d16cc5dc59facb02eaf9888
73AL8B_4f,Family Register (2026) [73AL8B_4f].jpg,994c09e79bd47f1c1c1dda20ed9b9cd95087554a43715b9ea4e8b9e83058e862,cards/73AL8B_4f.webp,73AL8B_4f.webp,480,716,28686,e3501593db10e448c89b52b010994971931340a278dcabe84f477c6e88b0d42e
73ANRR_4f,Buddy Boy_ After (2026) [73ANRR_4f].jpg,706fa91fe418ccc62a1782471e97a1a4527e8b35f952e350c4f22efbb7bcda4b,cards/73ANRR_4f.webp,73ANRR_4f.webp,480,600,24278,cfa599caedb5f9cbb6faedbeb9fd14d284fa3e0d9860a65682bb7069388f6520
73AWkL_4f,Love on the Menu (2026) [73AWkL_4f].jpg,d44884df4fd0522986ed230e121dd2ebf8ce7070a65d3b581f49e23af8aea6cb,cards/73AWkL_4f.webp,73AWkL_4f.webp,480,685,25374,cd7fd9cd4f39290c0060e92cbe7799bf817135672c958d34f79193c2070e93ba
73Anje_4f,The Table (2026) [73Anje_4f].jpg,e64669f4c85b20a0b18b8355eb47e01ba96770ff3a7801ba4437e3a972b931e0,cards/73Anje_4f.webp,73Anje_4f.webp,480,679,23786,85dbcb1864d89d4f65bf20673746a34b8821d3e6587d068e8563c059afaa0f30
73EN0L_4f,Nine Puzzles (2025) [73EN0L_4f].jpg,069850c40e130c096ac9b9753006b23114a447b4738d43be64440f699d2ce2ba,cards/73EN0L_4f.webp,73EN0L_4f.webp,480,684,52476,a39e13646a64c314e2d9d3a83d2d5e35f0c3c1b3d6fbff4a1d3fc7f0b23c55cb
73Jvme_4f,Unfollow (2026) [73Jvme_4f].jpg,58ebd5843e53f24da1d69d20317a00439a5da1c60d59d928070be39dca765b7b,cards/73Jvme_4f.webp,73Jvme_4f.webp,405,720,18606,d53464e7ff4b2adff86ce4de3b415f9c2904dd7c51e303821af7f722a0befee0
73Jwlr_4f,Off the Record (2026) [73Jwlr_4f].jpg,11448b866a7ab52fd2a4d391c35262d22c566b6994e1436d2a88e40a19c6a4ef,cards/73Jwlr_4f.webp,73Jwlr_4f.webp,402,720,12576,9baf2283a83d73ea25afc1b18bb4500d6d5aee8749ef14a5b2797407b7c7f98c
73L5On_4f,Cast Me if You Can! (2026) [73L5On_4f].jpg,8f683baf3a569d70a3f8a61c45744ebaec57e05668a0cfa7030d96934768a54e,cards/73L5On_4f.webp,73L5On_4f.webp,480,720,40414,4186f076baac9104ec903701660ef2a08552c402f8b7270068dc9dbc907e9a08
73Lpnf,Dr. Frost (2014) [73Lpnf].jpg,84bcff9e5222bb5b7e66502dc67c4f9ec30d8e343c4b19a25d4eee91c77f4917,cards/73Lpnf.webp,73Lpnf.webp,480,676,49170,fc73395d1a55f7089f4df436c55a71859ccd1733b359e727ad180ec5f05de922
73O4KL_4f,A Stormy Marriage (2025) [73O4KL_4f].jpg,11635790e6a1ff35333a9edc4fa43ed70f065668b93aaffaaae8c3d1a3e2d5be,cards/73O4KL_4f.webp,73O4KL_4f.webp,480,640,41996,a6df6c51f6459f542efcab7aee6a7e003441d59d67a8a83c5cdcfcd1f17dffa9
73OVgN_4f,Craving You (2025) [73OVgN_4f].jpg,3d89cc1f8f2aeaad2b4bb7f7452c853259d05144b80784df68e22db25179a36e,cards/73OVgN_4f.webp,73OVgN_4f.webp,480,640,6392,6f3183b624e1e249f41220d63152ff43d4a3a6855c61bfae4b5c29902f19008f
73PkAD_4f,Bad Guy (2024) [73PkAD_4f].jpg,ff8b495507ca61af33be54c13529de8cc2dd1533c978e08aeeb58b7127dd65c7,cards/73PkAD_4f.webp,73PkAD_4f.webp,480,675,12084,a86080085b81fd2d804d06270f0dc50cc0914cdcfb36b7afe6f7a43e08481081
73VADb_4f,Saint Laurence Academy (2026) [73VADb_4f].jpg,7f0eb3c9e4ba2c77d607d10b2fd2d8b1d732c086ac9c37311620dfe72c370260,cards/73VADb_4f.webp,73VADb_4f.webp,480,679,13412,791168500eb71e659e8f64bf1e90a9f76e82f959691aef14f38ba28942195b18
73VEgR_4f,My Perfectly Quirky Wife (2025) [73VEgR_4f].jpg,b04a3207c1eaa2400ba93a4cdacf8c3893d2d103bfc6f846b2a4fb5c64cfab79,cards/73VEgR_4f.webp,73VEgR_4f.webp,480,600,27726,6f90267ee1e5aadb356de5cc301c9beb3082e1c0a35e18eda270206c6b7beb9f
73VmVn_4f,The Art of Sarah (2026) [73VmVn_4f].jpg,158bb9db15b4402d963fbb4f571eb2e03c82883a0a80891957b9363b0af7d4ad,cards/73VmVn_4f.webp,73VmVn_4f.webp,480,711,44828,79f3dd55115003206f2c53eb328a5de76d9e49e09eda962ae13f86706237180f
73WWAN_4f,Queen Bee (2025) [73WWAN_4f].jpg,52e6058ad48f8c7f7cfc1eebe7fe952235c99e43309ad1a0a5d49207647ffe8f,cards/73WWAN_4f.webp,73WWAN_4f.webp,320,180,3544,def2e78e3deed063c7ed2df36f28404470f9a5f702b168c8e05ff9ee18f56533
73ZR3B_4f,Love Your Enemy (2024) [73ZR3B_4f].jpg,a173e2b6f28d6656d40eaf5be6991c0bff531242c903b6bef234a2b33815333e,cards/73ZR3B_4f.webp,73ZR3B_4f.webp,480,680,30970,26fdbab8f8a972e2107faf56c471d51addb1889ec25bf621ef759aea3fabe852
73ZkOj_4f,Social Savvy Class 101 (2024) [73ZkOj_4f].jpg,413cca97e7848e3dd141255adbe531bdd831ffa566df878ee4cd8754e99c60c1,cards/73ZkOj_4f.webp,73ZkOj_4f.webp,480,679,53908,ad4b40eab1ebf18dfc429e61deeba21cca96b1ad16aa6cf965724b8b16bb979e
73bB8D_4f,Weak Hero Class 2 (2025) [73bB8D_4f].jpg,7c149f6ac55ffdf42c24e5da6fa2ddad0502b0fa83ccc24272eaa992e068810a,cards/73bB8D_4f.webp,73bB8D_4f.webp,480,600,39022,9dd71d20770e4e2be8142685790fdb5907fa377849ee690a071d1602fe2622ce
73eREr_4f,Love Track_ Minji Minji Minji (2025) [73eREr_4f].jpg,53e7ed52c660ca9f02f261313f1a20aea41f9100f06237694cbfc53ec96cca29,cards/73eREr_4f.webp,73eREr_4f.webp,405,720,58360,e2442340888fa09353b46e1fcb9d9aff672ea612028f6f676e28633f5d758a85
73j73N_4f,"Me, Myself, and I (2025) [73j73N_4f].jpg",ee9b36d8908a877dc3c5e92c063400f9b61b08821ac2dbd024e27512cad23cb5,cards/73j73N_4f.webp,73j73N_4f.webp,480,659,23196,a2b2e3ad505e36d52ade47f5e10d13a47ed9997309f44b3c285a6bf3e341317a
73jdPN_4f,Deep Love (2025) [73jdPN_4f].jpg,c5c31aabbaa93ae25d1486d494c5e2ef4975a5cedeb6477f911b02e1bd9ec63f,cards/73jdPN_4f.webp,73jdPN_4f.webp,406,720,11102,520a61e8350626cab1bcb554f3f4b9e150740f627022e56ffef564fe5018e442
73jzxB_4f,Love after Death (2025) [73jzxB_4f].jpg,6366d6a2aaa2c6704150391a83e98d9095d6874f7190840565e1b2e157d2e052,cards/73jzxB_4f.webp,73jzxB_4f.webp,480,685,43410,5da370cfab5cf7ef806ed4d22dc7921638c37ded29c0b99d747aa0a4da401e4a
73lJxe_4f,Diary of a Billionaire’s Daughter-In-Law (2026) [73lJxe_4f].jpg,3d7b569987be8aa462a325a7e705bd66a0c82b5ba093e5f7d31bdcb88678a896,cards/73lJxe_4f.webp,73lJxe_4f.webp,360,480,30140,067c197a0ddb1f3b639b49de32d135d476722d8bd568b8985d507e7cf743d968
73lVky_4f,Clubhouse of Desire (2026) [73lVky_4f].jpg,ff4028d872604062193274a0e2c8e37bbff52b2449cc15f2905f7420f1056027,cards/73lVky_4f.webp,73lVky_4f.webp,480,711,26418,036e7045fa1c479eb387b5b56160016e4af1322a2f82b6f4b8d3177a3ea1c459
73o2gn_4f,New Recruit Season 4_ Sabotage (2026) [73o2gn_4f].jpg,6c56c47d866fc68d4df3bea1ea30a8d1baab6ed1c3e9a10e26bee651a4f00b27,cards/73o2gn_4f.webp,73o2gn_4f.webp,480,685,73234,aaadad549f9ddee329f8569fa48cf5a2f1d26078bc6316c9dfe44ba8c947c1e1
73o6qB_4f,Naughty by Arrangement (2026) [73o6qB_4f].jpg,084cd2c0bd0ada66e0f1d203e87c97c171fa468bd5671aa116e62ddf7d681c7f,cards/73o6qB_4f.webp,73o6qB_4f.webp,480,720,37444,686ff6ce32fdd0ded19351497ccc237b128911ee7ebe3a47cfacc40f6677e8a5
73oppb_4f,Check-In with the Queen (2026) [73oppb_4f].jpg,e7d0d30e7fc8d89eb38e385ffaf8213003e93d88cc622323f3dbb8789af8ffd0,cards/73oppb_4f.webp,73oppb_4f.webp,480,678,42828,272cd83f5b8f9792a5f8280fea50084d89f81513c3725c83995111a1adcbdd55
73vgyf,Unemployed Romance (2013) [73vgyf].jpg,6860c4cf7f2c2d0135d8a9302c599672863f64e19afc4a6a7659f284e358ce19,cards/73vgyf.webp,73vgyf.webp,480,688,39628,ccfeae1a841c0580f86d43ce8b142a0537da673fb8f3e699d8fa7991fffe25e7
73vobf,18 vs. 29 (2005) [73vobf].jpg,659a954786b06e89a82e1337e27a4d628214a1449d6ab8bba34305b20e6d0869,cards/73vobf.webp,73vobf.webp,480,657,42976,8b9ce60a481e12aa89763b5dd06111d9bf7f5bfa5b92fb3bab20773c75b53040
73xmqb_4f,Wrong Number (2025) [73xmqb_4f].jpg,d669b24fc5cd8dfbe519d4b9e644c53f57c43a8dae7993cef57f272c7813d682,cards/73xmqb_4f.webp,73xmqb_4f.webp,480,270,7528,8ac5082ece9e7cf810025e9feebc7d765ce3a36c94f18d15b1c87143992107c6
7Qknrf,Baek Hee Has Returned (2016) [7Qknrf].jpg,5dce37c8894aa04753844841beddc74d93e690a6fe75528011951a847fb03aa9,cards/7Qknrf.webp,7Qknrf.webp,480,680,55090,7d50e031b374b166d98e72fe6ac5423e471f0009095ae0fc72d831e9bedfe4d7
7glRyf,Heart Surgeons (2018) [7glRyf].jpg,63f423ecf73a261fc00de6d68971a655ea14a85156ffc750189f27ab786b21ce,cards/7glRyf.webp,7glRyf.webp,480,718,29036,d83a0a6671d6fde7ba1bec09bc939775bd4fa9a164b39a388287b3e4bb9df4bd
7nE7jf,"Good-bye, Mr. Black (2016) [7nE7jf].jpg",ae434b7d65021459999134870037f39e5b04026e85a0ca6f15ac57998d3e6fe5,cards/7nE7jf.webp,7nE7jf.webp,400,550,24310,628788f61188e7bc32ac8724050cfbc9117fdbd440f7bb0998c2e29e82e34479
7nKBDf,Manhole (2017) [7nKBDf].jpg,11efad08dd5c950072e3307f3316cf98468288db1f07abf2a02b98439cfbba32,cards/7nKBDf.webp,7nKBDf.webp,480,680,33722,726dbd79eecf59e02fa3bd1d9f01058488ffb22667791933921de1509008d814
7nKlef,I Am... (2017) [7nKlef].jpg,d4e8f155c20cdb58505726f4272ba3689e4013f152c54379b2310affc2aba6ba,cards/7nKlef.webp,7nKlef.webp,480,664,21772,6790248823a2fa09f6c92388fdfecf7c2475ef9fc6b8ef0ff75cb0f23c9bf172
7nkprf,Becoming a Billionaire (2010) [7nkprf].jpg,ba7ef2d4f7bcf79b106727287100dc9d61bc87e9890c4d92b68c856845e0506f,cards/7nkprf.webp,7nkprf.webp,480,612,53656,380e965124b9752f2127d8b4aa85c10b09fb48c6895bab474dc16c8f1000b0c1
7rxqrf,EXO Next Door (2015) [7rxqrf].jpg,9a5b9f1c3377d543ba23945fb82f08d85b451d87b02e9f70bea477ecbbc8fa45,cards/7rxqrf.webp,7rxqrf.webp,300,431,23178,3d213a11e90bd5153f8b068dfac09d11b5fd1dfafd229edad5adb76d027dd21d
7vQRLf,Because It's the First Time (2015) [7vQRLf].jpg,889f34415c7fac62f044bfeb11311850b31a108a64748c0d106b01763eee2c4b,cards/7vQRLf.webp,7vQRLf.webp,480,679,53248,296cb84860f3055aee2bc41706e9a0976374ccf9263261828aff76948ad3d35b
7vgNrf,Falling for Do Jeon (2015) [7vgNrf].jpg,9dbb2721507cc127ff7d29019b3ea9908bc77e02caaf5736ec6fe7c30fa7a7aa,cards/7vgNrf.webp,7vgNrf.webp,480,679,57754,949d80682f5f57ac61c08382cbf1859012304501098792a32c63ad4e328419e7
816kQf,Iris (2009) [816kQf].jpg,016844732a896e142a8ec8e73d5eacf6e6aa5f6da0ad0f09709fa0be8ef73eea,cards/816kQf.webp,816kQf.webp,480,690,42966,74961b9025eab169e062c7fc36b33c1ee58d504ed521af1ae83ce1c7334c7460
816zAd_4f,Reborn for My Happy Ending (2026) [816zAd_4f].jpg,b5833eb12285f8a36a422d14606270dbcae273ee3329f857c08ff152a08cfd6f,cards/816zAd_4f.webp,816zAd_4f.webp,480,621,28852,0cc9801c3ace103c8f2c87b781f1059b1b85e6f60f60b713e663f684bdc36a50
817L5m_4f,Hunter with a Scalpel (2025) [817L5m_4f].jpg,30cafd1c43698de6f094b95a4a240e4db463a0d49ecbfbf39f23ddf15c27591b,cards/817L5m_4f.webp,817L5m_4f.webp,480,600,34326,996f541f8106f42cd6288436a19272aa61dde38e130334129a0a25b51609c5f7
81Ajvd_4f,Confidence Queen (2025) [81Ajvd_4f].jpg,0c1e30656bc916d6dc3208c33f8584ce0e81429f98143fb5db816bf212e322e2,cards/81Ajvd_4f.webp,81Ajvd_4f.webp,480,688,50380,bc49b21ab3d0b8f1495ae42483d75af98db2afa1da18e6c08c72366506381ce9
81LKdf,"I Summon You, Gold! (2013) [81LKdf].jpg",b871b5a55845d55d3ce86e2943815573aad11a3782ea9fd4765af03f48dde57d,cards/81LKdf.webp,81LKdf.webp,480,715,60948,e263e436e318a10ef816e2e180ed535aca944939e1a1ab9696432217e87aaf30
81VObl_4f,The Practical Guide to Love (2026) [81VObl_4f].jpg,5aeaf83350ad7f5c83cb279a1e96e7e09cbd5a94f08a57795fb7cdb151e3dc6b,cards/81VObl_4f.webp,81VObl_4f.webp,480,686,34732,28706095ed0d5d46a512fe9466b61205838be1afb51203209dec156b6689c48f
81WYLD_4f,Friends with Benefits Play the Swap Game (2025) [81WYLD_4f].jpg,f76aff82e20a8bead6866a8fee62b1244bbac148834d72e09fdb3e6771432e49,cards/81WYLD_4f.webp,81WYLD_4f.webp,480,640,23562,4a461ea6f0dabf287db2c7046bc847063ce2137fcda084211b6ae250c22b20a2
81Wojm_4f,Summer Fever (2026) [81Wojm_4f].jpg,d02c0c14a65152724cf175e781d2fc65ab30c1aed4f61d30c9b2a7c89fb41586,cards/81Wojm_4f.webp,81Wojm_4f.webp,480,690,25018,13d115be679683b1d149c66b7e3daf44d1f48ea88c39130ffd98905ba64e2b62
81Z3jW_4f,She Would Never Know (2021) [81Z3jW_4f].jpg,b260a7ff9a2fd8ac438b44798b3b5ebce3693e688664f014b7f899bf6726c2be,cards/81Z3jW_4f.webp,81Z3jW_4f.webp,480,720,35046,3b8e6d4db35375c25bada8b8f4aca559423d28e2fe7f553d459f3cf45c56801b
81jzYN_4f,On & Off Season 3 (2026) [81jzYN_4f].jpg,bb13e28e7cda037b820d73864b41bf8ae3a8458a1a22dcc4f1658c264905f749,cards/81jzYN_4f.webp,81jzYN_4f.webp,480,270,7872,b692784ef9a1bafa9f0c8f9c459f67dc06a22833898c1ddca8762057254f42ee
81wLQf,Bel Ami (2013) [81wLQf].jpg,1670ca212518bee5c73897a38a2f91a8202dd4e374cb8129eee25d448c7fa8e4,cards/81wLQf.webp,81wLQf.webp,480,698,72900,1bfa9bda0f7a48e6505b1f1330232153560543ca85bfa41c999979f1d9ffa557
81y6xd_4f,Dr. Teddy Bear (2026) [81y6xd_4f].jpg,2af266e5b72cba95ee675e684f229e22cd3654fec9785251613deb9666d2341b,cards/81y6xd_4f.webp,81y6xd_4f.webp,480,720,25584,397434146c692c66908e6d12ea55447f6a3f0bef93e757653a76b9c7fa6506b2
826d2f,Longing Heart (2018) [826d2f].jpg,e2fd8ddf34ce73efa3c0662784408a3abf4e8d77822d185a86eac20aa30563f9,cards/826d2f.webp,826d2f.webp,430,612,19462,1bbea8f3afc77b28b0c970f73c8246baa5a1a9863e69fe2e2dbb68caae2d79bd
82x4Qf,Duel (2017) [82x4Qf].jpg,5dbe11aa5aa2598c7ad0a8bc12ad02e3b0419f0199f7eb2764c8ee2a8d343f18,cards/82x4Qf.webp,82x4Qf.webp,476,720,52110,1d4f3c71fc9d9d03c4bfefdc03e60e5dfa03ba0a104a1d9f386c7c9563e28794
850XQf,Twenty Again (2015) [850XQf].jpg,66ad3aa5aeb1a17741407295dc416b28ae4a9177b7b2219919c47165c0e6d375,cards/850XQf.webp,850XQf.webp,480,672,50174,c7b4a26b1a84b953ae53e1df4ab58816f069dd1cf18b91db6d686d883f71b38b
850xAf,To Be Continued (2015) [850xAf].jpg,dc60256bda3a6df91ee752832489154664ecfe186f056d6f64c70b50cc663d04,cards/850xAf.webp,850xAf.webp,480,720,20412,572713845bf63d724d4df8cf0ea57d7dc2a2db1a7a91a6840b3864c4e4713245
851nAf,The Suspicious Housekeeper (2013) [851nAf].jpg,239f7213fd424a72d8f6c076e801e32a49a9eee55a45065fc7c02c5490d47c7a,cards/851nAf.webp,851nAf.webp,480,716,49442,fe6b80eda93f6e26f5534e897d9a466b5bf69a63967b2f2007142ce84325bb76
85qEbf,Alchemist (2015) [85qEbf].jpg,93eddeb345aba0b67402764aa56d4827a6da59dccfe8873a4cf78e1baefdbd0c,cards/85qEbf.webp,85qEbf.webp,400,600,44726,43bc7f3765cfa3a8af33b13f19d00bcdab7ba5f24df650028986bbac921d3608
85r7Wf,Lily Fever (2015) [85r7Wf].jpg,ce505c29a604a57c2aa29802d4e5478ef9ab7d8e97ce2fca572f2e23f68934d1,cards/85r7Wf.webp,85r7Wf.webp,406,720,19810,d06bc02868e59bf5a06e67633aedc571a743caa9fa185390ef25a4b04f5eeaaf
8Q0pRW_4f,Love Penalty (2026) [8Q0pRW_4f].jpg,b9403956ccc5ba8310c40f249230bf8d9f9ca62cb027f6d3967f9dd2d48720bc,cards/8Q0pRW_4f.webp,8Q0pRW_4f.webp,480,720,23888,3e5edce5dba46190d5d19309dac5f9dbe8301a79167c80b66077e3f373482c1d
8Q0qVQ_4f,Psychic Gambler_ Betting Man (2026) [8Q0qVQ_4f].jpg,8c90dc489af86f2b9de62b4475b0519badec2a97ccec7c505a4c0d900b0f09e3,cards/8Q0qVQ_4f.webp,8Q0qVQ_4f.webp,480,720,33950,5c9e9c4c716c262ad67938c33c0dc6d7d8ece4f372520069f0fb67363c426a3d
8Q5BKf,All about My Romance (2013) [8Q5BKf].jpg,01e4f87e2279acbc74651543f34513fb2d6d6e22f861907f4b0f6e05c639e298,cards/8Q5BKf.webp,8Q5BKf.webp,480,718,46068,e3f8b4063686c7273060bec289c346c674b84fd3fc5026c1687608e78ee557ee
8QgjNf,Ex-Girlfriend Club (2015) [8QgjNf].jpg,9b57d5741d014249a7dfa7297a9a2a1fcbc92a772c7ac9b207a536157d9259cb,cards/8QgjNf.webp,8QgjNf.webp,480,700,53404,b2421a69185784218c41fb30cbef7f75fc98efd5de5fa4193d67c86e6c464d87
8Y4q2f,Freshman (2019) [8Y4q2f].jpg,a1e935cd187392cd2ecb78d6f29e72b0b094fa0b942466ecb55b85af882cb03e,cards/8Y4q2f.webp,8Y4q2f.webp,480,679,50440,b853c51d215a2068115ada4c2f49566e883de2dfc6d1309a1672515ade35bd62
8pBZDf,Partners for Justice (2018) [8pBZDf].jpg,3fab88bb3f405e42b43ed27f0a13358b7a40a717874388a570b4aadf72cb1a5c,cards/8pBZDf.webp,8pBZDf.webp,480,718,51368,641ec55a5e3b123d9d7f87eb29ab4dc841a56cf49662eb5c11c8c565faab294f
8pX2bf,Room No. 9 (2018) [8pX2bf].jpg,936f52720a151e8c8713a1e3eb99927a2155fdbb27bd6ed471fcd1d57b7cc4d4,cards/8pX2bf.webp,8pX2bf.webp,480,693,56468,f3883d68e67a92559b45635691988e0c810434268e08c715fe90cfead7540ce3
8qzDlf,Positive Physique (2016) [8qzDlf].jpg,0814d0cf86078660cab61d099c16f89e4acd355d7ee9b67330fc29c256a4df01,cards/8qzDlf.webp,8qzDlf.webp,480,688,58920,d5589f13e1ae30eb53aafd5347234c6489b9523bb624de72f7e40320d8abdc48
8xXANf,On the Way to the Airport (2016) [8xXANf].jpg,da157008a47468c459ab819e071861c9474252d04fff19a1ceeac76816002062,cards/8xXANf.webp,8xXANf.webp,480,720,95106,86597ed282e19b51660212fd1d66b2dbf052f1c6f1b80f7b16d58cc28fb5f834
90o7af,A Man's Story (2009) [90o7af].jpg,357efef42f536d6fc721716313c147ff58580d1c18cf4716ffbb6a1a06ac7c01,cards/90o7af.webp,90o7af.webp,240,342,14176,d3105f02189c4a4bea5df1ef136ed6cfcf37e97dacfddf016d56ff7843d0962e
90rkMf,"Smile, You (2009) [90rkMf].jpg",96c5c39453ac2da2f07b52197eef2a800c05263cf7d7233d040e359b12a2b786,cards/90rkMf.webp,90rkMf.webp,299,437,24116,0e516728e3c6288fd9f642e609001c95f79f0c36fd8c2c44115e1b3d7eb80d28
922k9f,Biscuit Teacher and Star Candy (2005) [922k9f].jpg,41b5f03053a1568c95407025b4bb28bf3dcdcba3bf1945b8e32f6e2413fc855e,cards/922k9f.webp,922k9f.webp,480,480,27166,cebbeb51f4da3bd5a72827a61a3c95bd9c0463151465fcb4239fab0bdb4ee027
927qdf,I Need Romance Season 2 (2012) [927qdf].jpg,ca3db35e2e30fea5f440ca1dc76acab89b47bf82d23351669005a6f0beee0499,cards/927qdf.webp,927qdf.webp,400,566,43836,61fa9c7c146f6240b5170ab723747e2fff01d7031200951e726dfd4cc7a05cc9
92wwEf,Ja Myung Go (2009) [92wwEf].jpg,7867aa49ea9848d87d10a5f49ca1950ea46dfd30847a69e77cf58fff04972957,cards/92wwEf.webp,92wwEf.webp,423,599,45000,a6d7a51ffb21a6a9b12edca137fda67605b4828a9d7ae8e48351e8d3111d51c5
94ZJMf,"Delightful Girl, Choon Hyang (2005) [94ZJMf].jpg",98941f1fd7a9570925b477e99c411cdf1c0d8aa0309580896fb8273e8b6dc950,cards/94ZJMf.webp,94ZJMf.webp,250,350,17820,d342261938fd59da64d313bbedcdbe5e22bbfbaa945a0342302c5bf470ab4757
960K0f,Myung Wol the Spy (2011) [960K0f].jpg,b2c74101c4f46b614142ba65ddabb4c3968f0b82b5be3534ee13d49240b6eb75,cards/960K0f.webp,960K0f.webp,480,720,55426,51e1f3cb4807fc512161386c15b4e5e04c59b88c22aa384eb8ca9270bdc34cc6
960ZPf,Vacation (2006) [960ZPf].jpg,dfba447263f6253de72e060459bc2204c809695ca61facee31f5a644070f4db6,cards/960ZPf.webp,960ZPf.webp,350,475,23402,7eb788f86aafdd38a72d2f87e944aedccde006a179e09d033e2b8b2a9507db60
960opf,The Greatest Love (2011) [960opf].jpg,e7e36b7c0cb39a54140995897299e7f2963f6856a7b9b485b98cf7fd9b5a933b,cards/960opf.webp,960opf.webp,402,599,51862,a7f9f1a4d3aa213d2a487b94d4ce56877557640ba0e6120b75a2ce2eeaa24766
966P9f,Call of the Country (2010) [966P9f].jpg,536f5c8904cc2741f9d3e40a6f8ed1e3aeeb80698c2c8cca91a285f8783fd516,cards/966P9f.webp,966P9f.webp,412,600,48240,d6af9d68e2ac7ad6bc2bc25e3a91a649438cea85372221c48dd3201b1c8fc2b9
96Y2af,49 Days (2011) [96Y2af].jpg,5b9e3e29a728dd33a28f09df3c7b02e4984514fdeeab205127389c4c7bdc0e94,cards/96Y2af.webp,96Y2af.webp,480,720,41778,b2f7abe495add2c8a3db2dafddbbf0e7b1563e8fe6bb58b671c19b5418c92905
96vwgf,The Color of a Woman (2011) [96vwgf].jpg,1ca66a8bbfe20e4e838b0c112428503607b63dc417018339668eec9ced4c3f1e,cards/96vwgf.webp,96vwgf.webp,461,599,35586,2fc2539a67762c814dfc25e3b84932ba765b57ad8737c1557da8f3852af34869
9O83yf,Romance (2002) [9O83yf].jpg,cb3a7da0c3a0c91c53ad0fc0234356f94c93ce02e790683486d031e93a4848c0,cards/9O83yf.webp,9O83yf.webp,400,300,15420,808f5ba5557b2781b65d1fd21f3bed08fffb1a71b5ccdf3d70f64d331f72a80f
9Ozmgf,The Innocent Man (2012) [9Ozmgf].jpg,50747329fb63b2d687e2778a87730d892026ae01242d68b6fd67858dc8045aa2,cards/9Ozmgf.webp,9Ozmgf.webp,480,686,36484,d1289120e1bcd2add3be8a4ee5614923eff18167dd6d026dce2c9903e316023d
9YYwdf,Heartstrings (2011) [9YYwdf].jpg,70469cba812a7fe1df4463a89938b931a0a58ac85e625e79977ba8d44cd73743,cards/9YYwdf.webp,9YYwdf.webp,480,715,46942,5259cd9b62e73b7c33b3d5e7bfe12f519870115dd45ed2b05b3be1983e9bdd48
9YegKf,She Is Wow! (2013) [9YegKf].jpg,48867af5d949cfbde6e4596534e806a8a94d1ee9f24d528cf6413f7168acc66d,cards/9YegKf.webp,9YegKf.webp,400,571,42230,180db2c7e363bdb45a2a93ec03177b85dffa064f4ae5a95a3a409ca246aa93dd
9Yg5gf,Can We Get Married_ (2012) [9Yg5gf].jpg,19ef4176d40d8cb38da3ba304c21c0ca197e6f471133bb19b1b9cee4443bbd22,cards/9Yg5gf.webp,9Yg5gf.webp,480,691,54594,432b37b1afee78cbc133a825ecde67133201de4c38517be8ba9e9ff0db686b60
9YqKof,Five Fingers (2012) [9YqKof].jpg,5772a07309afd60849275628d922900359ebb4af86cd49418f46d43be65d50e8,cards/9YqKof.webp,9YqKof.webp,430,643,34902,827e25294fb9a7fdd88ee5fd94f9ee7768534f819e3dd8c77c650f3ac721ee21
9Z48kf,K-POP - The Ultimate Audition (2012) [9Z48kf].jpg,38b3b9d7601f5ff33742e3437f09fb081654f9c2280866840d5fe1ede95cce60,cards/9Z48kf.webp,9Z48kf.webp,407,600,43872,acf687362a33be74092779438ac0336acf7fb2a7786bf6b4686689da12ae7186
9m4kaf,Loving You a Thousand Times (2009) [9m4kaf].jpg,f6324e0427e678d4f8aa3c842c44abcabd842453d9775bc7bc3798fa8dfdf397,cards/9m4kaf.webp,9m4kaf.webp,354,500,26134,4f940c25a401e59f7e477a929e02778a6cf8f446037c4dec24dafcca19c7c42f
9mOD3f,Vampire Prosecutor (2011) [9mOD3f].jpg,9993645e4e4692719785ce6f24bc2cfd95bdbeec7df55dc80b966c952220254b,cards/9mOD3f.webp,9mOD3f.webp,250,353,11646,5dd9215f315679d1c51aa8ad9aca3ae88f956260ec46a13b501fab8e125f71c6
9mw3Mf,Lucifer (2007) [9mw3Mf].jpg,6723f83b568a6d6ee071263c4b302087bdf5a8422d335ee258349180ebe9663c,cards/9mw3Mf.webp,9mw3Mf.webp,420,599,52776,51310f37570c7e90b2f772cdcdb056903367e19dad78f5c4f7417f35395ecde3
9o816f,Poseidon (2011) [9o816f].jpg,c26c5d429067fb698d40e069827982a6ace8f470508c093fdbaa0a70c7cc28d4,cards/9o816f.webp,9o816f.webp,480,716,46652,5a0fe1382ba3451b04b3ef1f0c843a8c14340de195166767024eb8c08559fc05
9oQvPf,Emperor of the Sea (2004) [9oQvPf].jpg,25f791da2aea13bf233ce0527fa674a24d832b5ddfb32cbe1bee649f4c58a7a4,cards/9oQvPf.webp,9oQvPf.webp,250,351,15984,9ae042e446e44ff07c5162c52028509d2ab37ab974266883968e9a15cee50e75
9oVZEf,Queen and I (2012) [9oVZEf].jpg,ec5ff25f771d5ce60da9e22bf835b9655feff34b2ac3e808b11ca579d5362af1,cards/9oVZEf.webp,9oVZEf.webp,423,600,59610,69a0e9a6fbf8a8894b31822d4e1a164a9ec8d4e4e7b9bf484c796da115d4a354
9oX6Gf,Bad Guy (2010) [9oX6Gf].jpg,6c08117fb8d12107fa3656624a2df5f5b28d2214388dc91cd43b5d1c8eff7cbb,cards/9oX6Gf.webp,9oX6Gf.webp,414,599,31610,f0eb6b3e76f069c16d8a6a894753efd0d4b404dae22cd35c1f49a4b1ef1a7200
9ozEaf,The Painter of the Wind (2008) [9ozEaf].jpg,356d90fb8cbe112fd5cb495ea238763cc3fd160c6e9e733f9722291627f13da9,cards/9ozEaf.webp,9ozEaf.webp,400,550,47676,6cd34112d51c96c33708a89a873a67514fec62beaef2baca20f246e8b444679e
9r4mMf,Last Scandal (2008) [9r4mMf].jpg,fa8cd817492557aeea3a2164034a6123e7f2ae17021be2c6e04fbdd8778a0546,cards/9r4mMf.webp,9r4mMf.webp,480,374,22264,5b08a20d6a2768c8a51bf8549ef0be68e362e6056e53848b1421e444e896ff2d
9rDgMf,Midas (2011) [9rDgMf].jpg,469b9df0dadc120e9e710ee40e70ea66296d6c3e0511afb8842fecfec13d2ea2,cards/9rDgMf.webp,9rDgMf.webp,410,599,30014,0f47b2515637036f98d608054cec7a2a5742d4c7fc064a152eaefda58fbdcef4
9rNeEf,Save the Last Dance for Me (2004) [9rNeEf].jpg,b5d39a40774cfef85114fa83849c1188526c8470e3c5b3f297f079a5c359854a,cards/9rNeEf.webp,9rNeEf.webp,300,427,29154,17cb620319793b8731470edf729e2979e684a662abd1d1c307657964bf30ae64
9rO0mf,Ghost (2012) [9rO0mf].jpg,a4a582e2f2fa812dd706ea0d2a7becc95a35da7759088211176c351e9807d2f8,cards/9rO0mf.webp,9rO0mf.webp,400,601,37420,46da8c238c6603cfa045a5a52c0ae688892ce42177d3e85842f6b7c415b48b77
9vbp9f,Prosecutor Princess (2010) [9vbp9f].jpg,c5a3e450c34038d6f3f204e1eaccd72fca256c977dafaadd90dcb34b8b9055f2,cards/9vbp9f.webp,9vbp9f.webp,428,599,44712,090a8762cf1ccab62a3fedb04b71d58590327216b96581c69ffb3f388711f982
9x4k0f,"Smile, Dong Hae (2010) [9x4k0f].jpg",69d4c03e4d2d1eaeb2d632d007d461fed80d03793662714d59df8b98b7a07c0d,cards/9x4k0f.webp,9x4k0f.webp,250,363,22630,ce6332ff0e4be83e64fc95f75ff698631d8441c287dc63e05bf575d791fabc24
9x839f,Stars Falling from the Sky (2010) [9x839f].jpg,1c87dcb881c9f4ec37e0406e9f8e417ab1c2c0c95066dbda62f92b7473ca50a5,cards/9x839f.webp,9x839f.webp,425,600,54454,63c8d6b215dceaecfa25cb8ddc5c0b351c472de34c5b7f97607c79a446536980
9yD4af,Obstetrics and Gynecology Doctors (2010) [9yD4af].jpg,270019c8195f9c936d5f8d6ab4435aeb295a261cc7a0f3b3a932510e77e21fb4,cards/9yD4af.webp,9yD4af.webp,423,599,20852,2177545f414df1cb090d735d21a9278f658bedcadc5a96c06cbfdbeb3852dd7e
A7eQvf,109 Strange Things (2017) [A7eQvf].jpg,afdc707d63fd53c3fa32039b758aac322f64773d1182fa377196aff7ede9b81f,cards/A7eQvf.webp,A7eQvf.webp,480,688,50828,514b3f6c09e7f134d0ef32c10c55d73f60acadf1d67d5ad13e9f437ad13b3b3c
AB0Jgq_4f,Thundercloud Rainstorm (2025) [AB0Jgq_4f].jpg,29a3c7d6920dbaae822c791dba98452fba06ef4f4403ecf4b7d46fedb6766faf,cards/AB0Jgq_4f.webp,AB0Jgq_4f.webp,480,678,17676,e6376c30b0290dd3671dd89a8d9bd8630ccee968ab1851b6f895d5259d0fffb5
AB0bJ3_4f,2025 tvN X TVING Short Drama Curation (2025) [AB0bJ3_4f].jpg,00bdd6a58e04fd62d5a5821463d36ad35f48cffe0f1d7740890c889a7f6d0438,cards/AB0bJ3_4f.webp,AB0bJ3_4f.webp,480,639,8690,42889a4f2e70af11e0dbd23400d5cef64ffd82a1b4186b457d35416af65c2b9c
AB51mv_4f,Doctor Shin (2026) [AB51mv_4f].jpg,35fc284c32d89034ef3197b7fb50249c766022dcfb845da857f8a9e10871297b,cards/AB51mv_4f.webp,AB51mv_4f.webp,480,678,20408,1a3ce6e18e14c9031e1752c81d1449fe7f11dcf904b94bbf7d486c956991695b
AB61Ef,Full House Take 2 (2012) [AB61Ef].jpg,5bc501aa90f503a11e0c8246d05c823a3a8c08b81cc38b5d1d58c44cfdef555e,cards/AB61Ef.webp,AB61Ef.webp,480,684,68980,c28509c39bd0473a247dceb490ba0e43921d32932adaeb0e50e5db748e230eec
AB6y6g_4f,Check in to You (2026) [AB6y6g_4f].jpg,7afa5969e9e3c32d199e37d8467f8e095bb11c6ce70b91713967eccbbd1be6ee,cards/AB6y6g_4f.webp,AB6y6g_4f.webp,480,711,24968,f173bfb12bf53ff1ce2e3c131bf63ffb4cf763bcfef2581809417315c36ad7f4
AB71Lf,Vampire Prosecutor Season 2 (2012) [AB71Lf].jpg,940f66ce4860912d18ee7a9fa0bd6707541d3ba1b2acedcb58be7ba3fcbf1281,cards/AB71Lf.webp,AB71Lf.webp,400,572,24280,21bdd901382778d2de170e5cd7b2e5e1167f7bf4f1572845638c93e409846726
ABAQWv_4f,Resident Playbook (2025) [ABAQWv_4f].jpg,6b5f622bc5fb3f4b42dcfdef3c21433838c77767f1ca010435f183d28ad376d8,cards/ABAQWv_4f.webp,ABAQWv_4f.webp,480,680,37520,63217eda553a2aed0844d3da015f2ba61e51140eaa8807bf0505c74925debd48
ABAngf,Invincible Lee Pyung Kang (2009) [ABAngf].jpg,9f9f30b6abd4bd9419603340c8fc34982dde68e9c0af99fda567cd5ea9f90ae3,cards/ABAngf.webp,ABAngf.webp,480,693,66756,f9c0e3bbd7c8bb89181e29d8aa1a13e29adaf30065123836cd296d5ac7e1c7a3
ABK6Zf,Modern Farmer (2014) [ABK6Zf].jpg,aa8bd5da5681f2930d84de139b84a66fbe42c5c81ad108fbcd5094a4977a6701,cards/ABK6Zf.webp,ABK6Zf.webp,480,720,87388,48237fc07393e545ed702061c871f16aca17c465073c7cf9f1fe60f01941d443
ABKWng_4f,Summer Crush_ Vertical Series (2026) [ABKWng_4f].jpg,2283cf6ff5f886e198430a7e94bd79414ece083e29d48798cff35cc56f092b4c,cards/ABKWng_4f.webp,ABKWng_4f.webp,384,538,20458,26021d3f95dbfd6efe18d60575e6d46079479fa30c7429b426fe46521ebb130b
ABKYNP_4f,Spoiled by My Billionaire Baby Daddy (2025) [ABKYNP_4f].jpg,ecde3dc36f69a96500a38afc124209e93256d9ba68bffb6011b93293fec4638b,cards/ABKYNP_4f.webp,ABKYNP_4f.webp,480,639,32724,813b5762a5470b24ff84bc78d86072db0df9302dfeeb41ee2786aa99bf0c54ce
ABQE1L_4f,Sweetheart Service (2025) [ABQE1L_4f].jpg,a38280305813dff6e677c4a089461a239a8d54985445bfe8b172c5cbfe6d97bd,cards/ABQE1L_4f.webp,ABQE1L_4f.webp,480,711,38262,122a10418fc5b0da36573a24d1900646a02794b9f9ddba489b296dec7197b07a
ABR884_4f,So I Married an Anti-Fan (2021) [ABR884_4f].jpg,67aeec6d8e6671f60740d76782180991ce2632aef68aa6cc32319c4aa17d4977,cards/ABR884_4f.webp,ABR884_4f.webp,480,718,46512,d4f06a015f5ea4936d9bd3dae960f0fa762ad30023d408ad9f32ae3328dd98e6
ABRNyg_4f,Study Group (2025) [ABRNyg_4f].jpg,e6c6ae2c3f3c5ea2c3fd6d9070e8414c35add8f45aa47c696539fb15dc6ecd5f,cards/ABRNyg_4f.webp,ABRNyg_4f.webp,480,688,37706,ac19cd4e8f63aaca83a228252171017e6f1ac2e3f4b4afb93ef38994002a9bf9
ABVJXg_4f,Half of Me (2025) [ABVJXg_4f].jpg,7d35c5f84cae6b27dcda3e646f78ca7c00461e40c9e61af7cf04d7abf5de4228,cards/ABVJXg_4f.webp,ABVJXg_4f.webp,405,720,16684,774e62d469c2d0afa9a839e03d8e94a84a6f2e7dde37150b90cd8a6389d9330f
ABVQYL_4f,Shin's Project (2025) [ABVQYL_4f].jpg,3b557cd7f0ddc3a5cfe7bcce2e0e2ff8d97cc3e257bacfbd15d35dbc2553c5e2,cards/ABVQYL_4f.webp,ABVQYL_4f.webp,480,684,49246,595e20d125895da0ef33f2b2c6abce917b567404826480f521c5e1e2639380a8
ABWnxP_4f,Where’s My Hero_ (2025) [ABWnxP_4f].jpg,3961f49d44186b8f160c13d2403d34dc57d66a2d6e0781977d2ccaba6d438f30,cards/ABWnxP_4f.webp,ABWnxP_4f.webp,480,686,37734,e0199fa5bd9083eb34d18fd29e651c791fa966160f9947863ca852d7fffb8c4b
ABZ6wE_4f,The Trunk (2024) [ABZ6wE_4f].jpg,b679bdfbeba5c725e965cb37f0dbe8fd0c78dff7142259c0202771c93d79066d,cards/ABZ6wE_4f.webp,ABZ6wE_4f.webp,480,711,21530,937e92d83fec2a8845c33bab6ea3d2916fa26f3f36a4eacd64678fc0abc61fa0
ABdB3L_4f,She Was Never a Good Girl (2025) [ABdB3L_4f].jpg,9c9feb1f82c91de213aa7b9c9824220afd7f27d4a29e50311a81da721c1ae94e,cards/ABdB3L_4f.webp,ABdB3L_4f.webp,480,640,39170,d90745b4af1685624e389b17c6dc0cad20657bfa58c587a1668bb1a64837f2e6
ABdgWP_4f,Kiss Kiss Sxx Season 2 (2026) [ABdgWP_4f].jpg,8e4fa1ef342a22841f923f6ee48ccdf15113ccbd9977e87381601393903a47a0,cards/ABdgWP_4f.webp,ABdgWP_4f.webp,480,711,24870,e446fd3a07e548860f54a32cb9bfa8f11958c466742606efa26f8bae606e11fa
ABdggL_4f,Absolute Value of Romance (2026) [ABdggL_4f].jpg,4dc1973d7d32f336a8f1fbbb0bdc6aeecfb79d62e0d9a3b20610c05fa9b330ed,cards/ABdggL_4f.webp,ABdggL_4f.webp,480,686,45272,b8d826eebbdb4ed652725577b6d096424d89eab4df5ac05e1bd56cc42c1f9aee
ABeKxZ_4f,Queen Mantis (2025) [ABeKxZ_4f].jpg,260142920d41fe2070bf58c78502c7987c009342bf9b35bcf33ad0a0a214601b,cards/ABeKxZ_4f.webp,ABeKxZ_4f.webp,480,687,30100,2569596386a8966c4cb316c573364d8fb2f222b68174932b46a1fd7fd6a732b3
ABeOEg_4f,Looped in Love and Death (2025) [ABeOEg_4f].jpg,979b8a0cbc53293ee8edace02c55f67fc1dc91b14efb565a96e3182bd7f7cb0a,cards/ABeOEg_4f.webp,ABeOEg_4f.webp,480,719,33880,d80e8c5ca6a3b9f5ef8f1d5c0f997d0d1e3a61759d33ac81f049cfc7ac1e079e
ABgO8f,"The King's Daughter, Soo Baek Hyang (2013) [ABgO8f].jpg",db8d875fe30ffed1ecea047f757631b8601076b0bada0afaca3404415aabaf7b,cards/ABgO8f.webp,ABgO8f.webp,480,716,47290,fd5a418ce023fcc369395aff93aecd7fcde5a72bf26460c64696f0b0856cb6e9
ABjb4X_4f,Fan Service (2026) [ABjb4X_4f].jpg,420f4bdc6eed86f3d6e84a0cf0ab848d24ffc3f8ca838b1125aaffed5c937da9,cards/ABjb4X_4f.webp,ABjb4X_4f.webp,480,600,25836,87e2f1bd9a2e888e14075bf6cfd5e26aa932b291abd005ba8eef59679969f245
ABjoqv_4f,Recipe for Love (2026) [ABjoqv_4f].jpg,84a18036629f3053f80a293c14b1797bcc9924839c0b73d84ef474556126c6e1,cards/ABjoqv_4f.webp,ABjoqv_4f.webp,478,720,39894,5178b754995e7be42a18c114f20c7d77ab1054c81684cb1740daa8b2885c119f
ABo2bL_4f,Motel California (2025) [ABo2bL_4f].jpg,82046ed992fa0a39b75014d7e71dcd85c7886f5f6f824b07189764f3b1030048,cards/ABo2bL_4f.webp,ABo2bL_4f.webp,480,687,55660,9d47952021bc6ef2a7de77c15e177c8ae1373f65613609b6ae8f78d729040943
ABq2E3_4f,The Worst Villainess (2025) [ABq2E3_4f].jpg,1e9482f9391d981cc24ad8fd8c0878cf6babe22f5393c3a8bc3ebd6b445e67fe,cards/ABq2E3_4f.webp,ABq2E3_4f.webp,480,711,21326,bf6e792c7cf67115cd644f354a1568048fd8382ffcd4b1e838ea868842040411
ABq8zv_4f,"Please, Yes (2025) [ABq8zv_4f].jpg",d7b132d0e59960b5d9df236fc6390a71f00eea72a4226ca302085b7d0376073b,cards/ABq8zv_4f.webp,ABq8zv_4f.webp,480,270,10590,2fe2e531d8933885d520630ebb9866b11eb8643452bb1736ec312014b6d3c280
AJB0Pf,Love Cells Season 2 (2015) [AJB0Pf].jpg,b228fdc6ce7aa4d55db17125f8d9e493aead680539b298c5f4ef901c7ec24d45,cards/AJB0Pf.webp,AJB0Pf.webp,480,679,47212,96fe5c68fc805c23e42f21b8590cfb04ccc7edae1ad3d817bbb80979d818dc2f
AYJQPf,Queen of Mystery Season 2 (2018) [AYJQPf].jpg,759c5db2f2cf3f9450166e07ca37ae13e83ec84dd48d25b58045c7c2eda27272,cards/AYJQPf.webp,AYJQPf.webp,480,685,35526,ae0a6eac92f4cb85924b29e09e99f58a96462a24f3443560c126ecc5b99f3e27
AYNE8f,4 Kinds of House (2018) [AYNE8f].jpg,1879a4b13a58ebc724852b5100a50d8a541ec2c6761a8fa54494a59f71b2ae25,cards/AYNE8f.webp,AYNE8f.webp,480,678,30252,68050af77cb192e3530b3ca118882c17a45fea8f523e1a1b925fbf60257b36a9
AYNW8f,Goodbye to Goodbye (2018) [AYNW8f].jpg,4a4ccb920cdf51ac8d3c16e8c885a9305da9d72f0bda8df22a074b77775cbcab,cards/AYNW8f.webp,AYNW8f.webp,480,720,53982,f260f8f8acbc900dec4347210320f23677d6fe737dda9403343b87405724a62f
AYxZ4f,The Best Moment to Quit Your Job (2017) [AYxZ4f].jpg,5064c7acd31315c4a13497f4a10a86013c9c6f8891472402e0ccc60c08aa3ebe,cards/AYxZ4f.webp,AYxZ4f.webp,400,586,24130,c92efae6f380aea5fa1aef085884add8c7c47b8126348ac2e82acd478e720a86
Ar3378_4f,Off the Record Season 2 (2026) [Ar3378_4f].jpg,21fb48249b7374414e7f4d764a1582d97dd9f1433abaa27964b6eea573662502,cards/Ar3378_4f.webp,Ar3378_4f.webp,402,720,17570,4c4212a59c624180a3a3a671241c00f6aab8add1878fefade216b87aeb98ed04
Ar3vDq_4f,The Ordinary Jackpot (2026) [Ar3vDq_4f].jpg,4869df7205d232032340143a92edb4d61ffffa8088bfd332bb22eb026ef41f95,cards/Ar3vDq_4f.webp,Ar3vDq_4f.webp,478,720,53382,c30c3fa7df71443b5be40a3b0e4f2d4bddae0f681038c87cfcdd33bec813f28f
ArmK3f,History of the Salaryman (2012) [ArmK3f].jpg,9e4f6d7ee9592edbbf0b30b146b8c2cd888f23d6de7d6b16486bb59850536729,cards/ArmK3f.webp,ArmK3f.webp,480,654,36000,57f08c85ca28a5e29e63319ae69b7a8e7711766d19614e8f8160bdb969aadc7b
AvL7vf,Her Private Life (2019) [AvL7vf].jpg,0d9ca0c703f396aff4ab0ab618ec142eb0797fc530cd60e46b593dfa2464c54c,cards/AvL7vf.webp,AvL7vf.webp,480,684,36298,1e40a66ba4a20dde169bd7f67197cba54ea12c37811b16bdbba8e22cd7dc60c3
AvnE4f,Best Chicken (2019) [AvnE4f].jpg,e86b469278fc268d6002835feebbc47e5352b50bd499c9069796dc9b32233272,cards/AvnE4f.webp,AvnE4f.webp,480,659,42318,d4c24ee714b0628ac980dfd291c14e073951055883b1c350c01c31d04bbe321a
AvzQZf,Priest (2018) [AvzQZf].jpg,7200b46514c1d28ee30bf2dfc9d04097015d7474c8583cc3308cd0d2808f3c56,cards/AvzQZf.webp,AvzQZf.webp,480,683,33330,0650010d3252cc0e6bc352d1c6b93aacc38f4ac7688a8061ff3be33134e0cfd2
B0dO6f,Taste of Cat (2018) [B0dO6f].jpg,4fbc78aa44b20ab681855bc1eb161188a7ff3303250f0dc1c280f838f3acd6c4,cards/B0dO6f.webp,B0dO6f.webp,480,600,50950,01ec143d49645d995453b2b2d99d80de3a9581656fc758e102f240d69bd9ec08
B0gEqf,Tower of Babel (2019) [B0gEqf].jpg,3d26fb5299936b2fbb80f6bc4174837d3049918d1b88b669fa8539aa7f83d25f,cards/B0gEqf.webp,B0gEqf.webp,480,720,36762,093aecdc17b8eb3b56224362177917ddc15b52c759334a73374ec509bc201056
B1YWl_4f,To All the Guys Who Loved Me (2020) [B1YWl_4f].jpg,f6329928437fa491902fb5f02004d688cf3de80114203d9c0762b7ecc58a14bd,cards/B1YWl_4f.webp,B1YWl_4f.webp,430,616,35744,3abea78e86fb1fcf1c1112e9bf40e3d9bf8ca7bba06fab2f69c61294f770ed4b
B1rl6_4f,Oh My Venus (2015) [B1rl6_4f].jpg,7b6ff1dbcd3244b863787fcb3eef46fa292aa63b829e0fb3faabcf81ce8e72e8,cards/B1rl6_4f.webp,B1rl6_4f.webp,480,680,40698,535cba2a328f322027109856e69d14d7e0fec7474bc48e3679ed8bddc2b12d72
B2QQ5f,Love Alarm (2019) [B2QQ5f].jpg,930103ad9f93d0341b6ec8cb856849624b13ee99f6b6f8a34bfb7d96a8a4899f,cards/B2QQ5f.webp,B2QQ5f.webp,480,684,24244,3b01b14446f7e5b048a6f1fc8bf34e8779c8e05fe73eab8cfc209a0381c15cda
B2ZEAf,Happy Home (2016) [B2ZEAf].jpg,a3b9bf93e800bc1461c33e3bc37d74dd6eae167728cd9c34073498710fac1d18,cards/B2ZEAf.webp,B2ZEAf.webp,463,720,34918,a11b8a3292a65871bafc2092c47a0b51c1183ab326c411e6b6343b3584b87b38
B3yVzf,Nobody Knows (2020) [B3yVzf].jpg,c6b9d270f038f704001f65bab00f42731621134ca211fd3cc5567ce8eea3db45,cards/B3yVzf.webp,B3yVzf.webp,480,720,67360,20340a8fa43f5017d1ed404bb878c2552bd250b1cd48effeedc525e1b1454ffa
B5OKq_4f,Run On (2020) [B5OKq_4f].jpg,86a516dd0ef18ffa4f88b5e8b9a086645c8afb8d169856df4486b8f2b9947534,cards/B5OKq_4f.webp,B5OKq_4f.webp,480,688,46138,5aab2191fd17dfdd2d66effcfeb65edf715b3e77393280f9fcde4dd9a4c8e068
B5wVA_4f,Tale of the Nine Tailed_ An Unfinished Story (2020) [B5wVA_4f].jpg,9fe786ea287a0b8f0f34826cd7c09313c1bf58fe9e17b8dda8465668f413aa7b,cards/B5wVA_4f.webp,B5wVA_4f.webp,480,600,22554,2746945e5b0f8d6eb2f711f215f56173a46e238288daa0548a6b5bfd2a00e18b
B5zdR_4f,Growing Season (2020) [B5zdR_4f].jpg,2b5ed7201c8333557e1bb8a53c6f999c7e0ec42f53e196dcf96ae532d16e62dd,cards/B5zdR_4f.webp,B5zdR_4f.webp,480,686,68930,2755a2047b0a779d970b98b7448b9358d5382bbeb483b6642d96f56ed3c2c2af
B70Qbf,My Love Eun Dong (2015) [B70Qbf].jpg,b53cb99042f345950821597dc5a737cd0254d13eb39292d680d3e7d057d8a754,cards/B70Qbf.webp,B70Qbf.webp,480,686,57204,75f9507de16a948bcf769121cffcd6fc4006fe29fbdfe5bf9aa0213a1f185729
B77yzf,D-Day (2015) [B77yzf].jpg,dd5a787378c9938a0b315199fa309dac7002244cf11d8148136908ca36cefd6a,cards/B77yzf.webp,B77yzf.webp,480,679,51610,1d060f426bd103da6e081957dd6f75a91ca3e48e5c7a59251db6bd796759c1fe
BAwvb_4f,Sh__ting Stars (2022) [BAwvb_4f].jpg,19aa682bea455e4cf18cd2bb7623f29785f690ee23ce058d631c651ef9ffc68b,cards/BAwvb_4f.webp,BAwvb_4f.webp,480,679,27860,d7a09de474efaf78db068be6c8ea7c08e5260f8ef9d04d0bee2fa35d42317435
BDKkV_4f,Search (2020) [BDKkV_4f].jpg,fc89a8af2ffb25174e4279c80f645fb3877dc5c4fc5a1df356821a01643016fa,cards/BDKkV_4f.webp,BDKkV_4f.webp,480,676,63932,6a3f9ba7eed4338caa6a69e94b063b2aeece74e0570bc29ff0816848263b83bd
BJ5d7_4f,Doctor Lawyer (2022) [BJ5d7_4f].jpg,fcc424e1eac31b06f4603e84af5bdd720b0a81d5243e3100d944b598b827e2de,cards/BJ5d7_4f.webp,BJ5d7_4f.webp,480,720,42018,ce97cfa86e93689016f7b5ac20ecebf553596b98551ccb31acc12e58e5425047
BKZ4z_4f,"Now, We Are Breaking Up (2021) [BKZ4z_4f].jpg",433e4eb6a1a7d6157db22df79c2b4c128acd98eea5bf9b2f98c8dc7a9b236881,cards/BKZ4z_4f.webp,BKZ4z_4f.webp,480,686,20164,5656749159aae164c9911de1490b27a22597221d9fed2621b0498b87d61554ad
BLp2A_4f,The Tasty Florida (2021) [BLp2A_4f].jpg,88f49cc41e16875367ffc7e3695bc31f4fb5a2973ee421f8960a20d730c44aa5,cards/BLp2A_4f.webp,BLp2A_4f.webp,480,720,37360,41c42672ae1483a2c776b15c2577053714fb3585e3b198ce87a9bb323557b9b1
BLr41_4f,Love in Black Hole (2021) [BLr41_4f].jpg,62f3ac1647c6c6a018f3840f37f4e1bf417299700a137b5c277f74be706c8e0c,cards/BLr41_4f.webp,BLr41_4f.webp,480,679,32404,861b2741ec5ebe7f46b302b343371ff3fdd504f159f4535098ece2d9ef178eb0
BNk5b_4f,"Cheat On Me, if You Can (2020) [BNk5b_4f].jpg",6167a157ad236eede8b32c49a47fcfe5db0e86ca4cf45b32df3a488faa27dda2,cards/BNk5b_4f.webp,BNk5b_4f.webp,480,685,44592,ee5ce1a896ab48592b789a5e274c0420a19610de770346d0810c175e12819000
BPBo7_4f,A Superior Day (2022) [BPBo7_4f].jpg,78dad014e329e77f94dfc1001b324c065d73acc1d0cf29dc7e5f1e27b559da52,cards/BPBo7_4f.webp,BPBo7_4f.webp,480,680,27252,9dde539d254e1dacd41c51cd6a961c91f2b48e229b39e6592afdf668e5cfde9c
BQgvA_4f,Shadow Detective (2022) [BQgvA_4f].jpg,ffed2ad4f3d28251f674f5a6915ae2546bff3ad2b9031aa73791eab0f4f11013,cards/BQgvA_4f.webp,BQgvA_4f.webp,480,687,27502,7f76391bfe254d9f58f017acd078b80eb72ca3ed9ff66a6a305e7b379d453248
BRZK7_4f,Kokdu_ Season of Deity (2023) [BRZK7_4f].jpg,f857a6e4abe752097bb03e90ad8e38fef5e78a2fb1aa33536c879193c1c9363f,cards/BRZK7_4f.webp,BRZK7_4f.webp,480,678,59994,da36ef148417b55b5f8d0e0398fe0ffc637b8bc23f1fc24d6cf2d105ec2948c2
BVQ11_4f,"Hyde, Jekyll, Me (2015) [BVQ11_4f].jpg",9af29a521371ad5cd9959fa5fe1b923d04ba8dde6ce6c12e119651145d3853a0,cards/BVQ11_4f.webp,BVQ11_4f.webp,480,718,77396,95b4d0e0fbcf198a4a808faab0cf8ec6f34b617d1e5092adb2c880097e815073
BVoz1_4f,The World of My 17 Season 2 (2021) [BVoz1_4f].jpg,acbb46ddcae7697498d78bd82e2b90a4b7063fe13549bd9857e21506dba75a35,cards/BVoz1_4f.webp,BVoz1_4f.webp,462,720,45412,4656c9320476b016382666e01070f3e331b4bce76d30f3f4e3d56188688738e3
BW8Jb_4f,Bite Sisters (2021) [BW8Jb_4f].jpg,b60822e48dcafb470a7824d46e9913de75eca454dedce27cd24b2d3db51dfdfc,cards/BW8Jb_4f.webp,BW8Jb_4f.webp,480,680,37406,7e32bf115596d25248bba3e7f6a0d82dc593a4fe1f0b8f4478120a0fd56ba51a
BWXjV_4f,Happiness (2021) [BWXjV_4f].jpg,25ae433997aec1f3d8ffec387bb5f316ca962130813bf306847bc41b5844e94b,cards/BWXjV_4f.webp,BWXjV_4f.webp,480,600,23392,6662fd7ab2685f5936b28b3fde6b5cd4b8ad64cf612b6ff9866d1ca5eec0fc45
BX7AA_4f,Revenge of Others (2022) [BX7AA_4f].jpg,5ca49b73347a1371f600366a474996d862510d9e29792e1cc3f88be19f51a32c,cards/BX7AA_4f.webp,BX7AA_4f.webp,480,685,53088,599e4f45d8efb440e63fe42079a54e7f8e40b4584d9acef96b6fd70faca1bc16
BXmn7_4f,Recipe for Farewell (2022) [BXmn7_4f].jpg,c216efafd9508a34f67f205d3da348a2638e7cd7386fc022e44f518f45146a31,cards/BXmn7_4f.webp,BXmn7_4f.webp,480,676,41476,63034d6351ffe8022307e4904551e8f3bcbbf1d4bbb8b688dc303a21dab9178c
BYP31_4f,The One and Only (2021) [BYP31_4f].jpg,68a3b560631c32fbba6f965698bbb26ed5766353360528dc532a6726514e88f1,cards/BYP31_4f.webp,BYP31_4f.webp,480,678,25134,a50a08b3fd7eb7f6953c0af761096d55e0e55dca4a9f2ad4ac8338a50afb4caf
BZ8KR_4f,Replay_ The Moment When It Starts Again (2021) [BZ8KR_4f].jpg,42ad9f853f8c2c85dac71da16121c548af20f984e101721dadc1db317dcb726c,cards/BZ8KR_4f.webp,BZ8KR_4f.webp,480,640,48508,fa4a3a487738546a13d2df76667677adc03ce5a6b6ab4ef456a429c87a7b8c53
Bb1RRf,Black Dog (2019) [Bb1RRf].jpg,e92c5f82691ca5d72269fc8990ac241b849834fed17290f11f6d86d0d6817038,cards/Bb1RRf.webp,Bb1RRf.webp,480,678,52686,779f3e0826db83eae03ff7b26d32f4d534612a4888686db9a4bde2d971719533
BbKo6f,It's Okay to Be Sensitive Season 2 (2019) [BbKo6f].jpg,f941ad77ef137730ce374622eb9b3a009cf4f67b7f07add307c83684819df24e,cards/BbKo6f.webp,BbKo6f.webp,480,647,33330,8c59cf927a292d8636cade96aed17f8330974b0eeb8708d23559fa669eb4e061
BbZY7f,Out of Breath (2019) [BbZY7f].jpg,98338e7ee64ee99abc1e61540a57e73f0006918509129fa823e4a79ed6f6cc86,cards/BbZY7f.webp,BbZY7f.webp,480,679,24186,749a87df79a3c728736a61f6ddc6c0105a6a5b3e7539d5a45230aad993eab0c2
Bd2Dz7_4f,Marry My Husband (2024) [Bd2Dz7_4f].jpg,e23cb9514e2aff1d282406e9f2aab0169ce6501d7e82e25b8fe57c0c3572f83c,cards/Bd2Dz7_4f.webp,Bd2Dz7_4f.webp,480,680,25068,2ad9c7d6141039c896ee32638aa1181e3ec7600da6b2d041c4ac18df65d9c1d8
Bd2Vjl_4f,Captivating the King (2024) [Bd2Vjl_4f].jpg,02e2c035af0749b1c1978c8e4b9fe506e741688847d598f0acc48d3d05736fcf,cards/Bd2Vjl_4f.webp,Bd2Vjl_4f.webp,480,680,33306,91a1063cd9ebe56b9514a86379ffc92e836125c73925442e318bf7055df2d5dc
Bd3KQb_4f,The Escape of the Seven_ Resurrection (2024) [Bd3KQb_4f].jpg,7ba985012d3f40cd9cbf48d28c9d99406f21c1e16381ffaa93e393642a778c5b,cards/Bd3KQb_4f.webp,Bd3KQb_4f.webp,480,684,46154,300c9515411a54576eb26e685597a82465ce2d10e1a3e7e82314f89ac654b495
Bd5kzf,Can't Lose (2011) [Bd5kzf].jpg,655f1688f81465d52d3d5e16376a6b678c5c01869fbdbdaf321c8230c79bd8a1,cards/Bd5kzf.webp,Bd5kzf.webp,400,578,34874,685686a2374b758010cfcd86cc1123d96aded05cd82f15ee310342a37e6eb4b8
Bd7Rzf,Couple or Trouble (2006) [Bd7Rzf].jpg,6a0d612f4c346a348046cb9655352237b308b62677c3a1b497c48eef9d9ab67a,cards/Bd7Rzf.webp,Bd7Rzf.webp,480,689,62866,3ecfb726ab7a6e1e030ffd55de4ae328fa64aaf980708d8639f2a60ab3317016
Bd7Ybf,Nail Shop Paris (2013) [Bd7Ybf].jpg,578f3a2c72b96af03b784ead43abc2c859deca64d0677f9425a157b533cf975b,cards/Bd7Ybf.webp,Bd7Ybf.webp,480,706,50632,632891183093863b82221ff33738018c8eca1a6d1b50acb0328e69b2f52322dc
Bd7mAf,Reply 1994 (2013) [Bd7mAf].jpg,9cd6c9025286b193d7ce9021492cc478225c622877e8e016d314a99c254f7ed9,cards/Bd7mAf.webp,Bd7mAf.webp,480,679,57202,14fad7d4e64d954aedb716500a03ef8dd4f1deb8f2b7f73aa64256d1cdec60e2
BdBgXb_4f,Love Mate (2023) [BdBgXb_4f].jpg,6cc518a7e20b655a346c8bbe321a70f3eabe03343095dcb7dcc65f6c1bd16434,cards/BdBgXb_4f.webp,BdBgXb_4f.webp,480,679,72166,f20f0e65757e72acb53c0c72f8b25fab74d5dbfcbc510557cc1643c648ca386f
BddB47_4f,Island Part 2 (2023) [BddB47_4f].jpg,39f86ccba141f3437a1d807e67a2f445752514d2eab84aab0015d7714c1eb99a,cards/BddB47_4f.webp,BddB47_4f.webp,480,684,39322,31ce00a5dbe234032aee8bae5c2bf7adcf7278c746c44ababbc300ddecdbe107
Bdgzqf,"That Winter, the Wind Blows (2013) [Bdgzqf].jpg",e97fafbb390efddf5b04e88905bdaf33dc3ce6c2a930d9c166678ce689fad12f,cards/Bdgzqf.webp,Bdgzqf.webp,480,685,34984,4949af64ca2d2c4d4750890fc590d337b16f915218e6284d13685f6c5608b8ee
BdpXkz_4f,The Worst of Evil (2023) [BdpXkz_4f].jpg,181caddb9f4d56b98ad86eb42096810fb911a85e61f0ea1091c17270f80b5410,cards/BdpXkz_4f.webp,BdpXkz_4f.webp,480,679,56212,75858da3f8d4298e028077073214fad7140f4722d5d6ea292c66721e592e84db
BdpgYz_4f,A Time Called You (2023) [BdpgYz_4f].jpg,f6bbf873b4df00f8f9d2c5598fee196796972eca9a25cdf0c82cde107a400d3b,cards/BdpgYz_4f.webp,BdpgYz_4f.webp,480,711,45356,18a3edb8699623ca9090910ac8017068ba3f393fb380a58019aa28130b566557
BdqYxl_4f,High Cookie (2023) [BdqYxl_4f].jpg,8c1d3f6d0ad9cfe549e2e89ee13b23e69c8a05c85421faa87e88de1d42de17f8,cards/BdqYxl_4f.webp,BdqYxl_4f.webp,480,689,55812,e23cbbf4b17d4fe98df14a44abe72ae05caa695966072c842856b6e931ad2178
BdrXdl_4f,The First Responders Season 2 (2023) [BdrXdl_4f].jpg,e5b5b56dffa43512aa2ac91c2490c0baea961aa4416b52bde26cff2e88599af9,cards/BdrXdl_4f.webp,BdrXdl_4f.webp,480,678,50428,b279ab5ccc0b4d14d6dda067ff4be24eb5fcfa2fae5daacb3f7a7ef5fa3a144f
BdvWqq_4f,Delivery Man (2023) [BdvWqq_4f].jpg,139d78a4c6c8846e7bf0a90734d234d4ecbed26bfaa0243ddd62b247209aada0,cards/BdvWqq_4f.webp,BdvWqq_4f.webp,480,686,42112,b7d7e032b8ecc016ed3513226e7dac7c25f59bb5257bc1160ffb019bb08a382a
Bdvn3l_4f,Individual Circumstances (2023) [Bdvn3l_4f].jpg,b18b0a59c8f54ab3981b151938985c8dcca0e47acf2308df8c9535c20fea5a16,cards/Bdvn3l_4f.webp,Bdvn3l_4f.webp,480,684,37482,7de5c30b9e4f652375e6cebbc1094237ab77164a415b31dc67a6f71e8d7f7d9b
BdvnL5_4f,Big Bet Season 2 (2023) [BdvnL5_4f].jpg,d007cbfd955a102a195909b86c1e465fa1418893f02d0111fe09648f2025faf1,cards/BdvnL5_4f.webp,BdvnL5_4f.webp,480,682,27446,aa8d916275bc8eb64ed92decb197d1c003cea55b320d8d0d34008c5e7a42342e
BdwqVl_4f,The Chairman Is Level 9 (2024) [BdwqVl_4f].jpg,09a193075e8049b5ad8304491bf56a2629c4b8108a4da74cb61428a92078753f,cards/BdwqVl_4f.webp,BdwqVl_4f.webp,480,679,37260,bc9c877be0875cb0ff5ee54a6956a51ae2ed9dbb2f00c861c943e6ec1a0d6ab3
BdxX5f,Beethoven Virus (2008) [BdxX5f].jpg,e3600c55665cfb6b6a06a295aa8420740b69ea2bb40bef474cf1809306e81b1f,cards/BdxX5f.webp,BdxX5f.webp,480,717,39208,8ef728236308648f2e76f7c602e4e47ef1447cb837f707111898236362c1fdac
Bednb_4f,"Alice, the Final Weapon (2022) [Bednb_4f].jpg",cc8cc66120523be3fc12109ef5956784555dedd1c4dd2d3adcfb05a326112bc0,cards/Bednb_4f.webp,Bednb_4f.webp,480,689,40582,d8081f3da46fd374f2d83c93967c73cf7e051e23c00708a4590f1894e8f38306
Beg4z_4f,Alchemy of Souls (2022) [Beg4z_4f].jpg,bf4af130a06ba51d4e77ed1efb931c241db5f90e052ddfe77c54777b2e50b13a,cards/Beg4z_4f.webp,Beg4z_4f.webp,480,692,32328,6e191b2249f8dc7ed3041c085169cb00609d13bb457723a9c0ea77031923cf9e
BgXjl_4f,When I Was the Most Beautiful (2020) [BgXjl_4f].jpg,a0236d51bc5ab09b7881c9b2b476c2e6a307a37f582f399c6b2b4612183fc619,cards/BgXjl_4f.webp,BgXjl_4f.webp,480,680,33452,9a804b1b47352339a420c69efa281fd6d394850c8d0b267b232209eb90ae58b7
BgnKz_4f,Record of Youth (2020) [BgnKz_4f].jpg,5c5e9960a51cfa6a7bf929bc5ebc718f72771043a678ac1ee595f46eeddea756,cards/BgnKz_4f.webp,BgnKz_4f.webp,480,680,56112,3e4e2d23815f50a2d0d0c7798e5792ddd365a2cd6430f7bed2b5fb9a1296cd19
BjEp1f,Voice (2017) [BjEp1f].jpg,7750b66c2bae7756ab6af5f6165ddd94db8115d176cde8c666f3d73345a7c720,cards/BjEp1f.webp,BjEp1f.webp,477,720,33106,4e6385632744398fc31db7babb0de2e8b146f96711d721613be194397f232088
BjZj6f,The Legend of the Blue Sea (2016) [BjZj6f].jpg,514d71ffdfe23c72bee23058bf334d068c4321ae9d20e0175aacfcd9d146f827,cards/BjZj6f.webp,BjZj6f.webp,480,684,49610,0d3dbaf04170ad0732f7163aa082e4f550fb53c7cad13faeceb7a861faaf346f
BnjE1_4f,Here's My Plan (2021) [BnjE1_4f].jpg,da112e98d9208172b30eedbfeede29d2fe939d789cd8786be9e79ef58dc1f94f,cards/BnjE1_4f.webp,BnjE1_4f.webp,480,716,79308,94fd36c76a566d970fd0f905a479993b2bde2474c1db0cfb8df6c2730d5b65d1
BoPp5_4f,Oh My Ladylord (2021) [BoPp5_4f].jpg,77a41b717926da0bae9c51a62d8355e41f0bb2e23e5033d9f991de0756439d21,cards/BoPp5_4f.webp,BoPp5_4f.webp,480,696,27094,ed50c82f1ab8faecf4bb7760ba1394985841cc3e97459bd7d3dc4faaa57de9a2
BpKqqf,After the Show Ends (2016) [BpKqqf].jpg,133c2a48edc481c81c70fd59b71e02c3045f3977b0e07a7d0ac6c438c8175ba2,cards/BpKqqf.webp,BpKqqf.webp,300,423,21306,d3a2d1d2a8bee57390a359a29b2e9314cd2358ae3b7b8f1531742fb49272498c
Bq6Z6f,Twelve Nights (2018) [Bq6Z6f].jpg,bb9f9740e81f6c1f613c683be51fc186432b57bd322d309088f8dc407ba53605,cards/Bq6Z6f.webp,Bq6Z6f.webp,480,680,18270,b83074e46b6b9fdc27343b8161c7f518b99557399394df1f4f1f338ede3da974
BqZxqf,7 First Kisses (2016) [BqZxqf].jpg,7d6fcd67b1d2baac5715ead7687d7c72ce1c9161d10ed1cf6da5ead453fe105c,cards/BqZxqf.webp,BqZxqf.webp,480,701,38546,77201aecbf7abca21bc8af2c977102461ccea0028e37dac9e599bd545dd7824a
Brdq5f,Mirror of the Witch (2016) [Brdq5f].jpg,623d4c888321fd4e3258362a20c0bc621283ae044c473325a0e7d0407bc40f10,cards/Brdq5f.webp,Brdq5f.webp,480,685,42698,ddcb739e651a86b5e99c914553f634b6192d5a39caa25e66ed985b3063994c86
BwpKRf,Blood (2015) [BwpKRf].jpg,5cb520a82db0b3e6cfe3e2d7481f9eaf2cc6fc737523ede9d371c7abd1c4c1f4,cards/BwpKRf.webp,BwpKRf.webp,480,686,25608,49318b18c2c38c971abcd32b1054aecc87d1e0ee43efd603f1d3750904cae2a4
BwpVRf,Falling for Innocence (2015) [BwpVRf].jpg,274cd686d90acaf46294bcec950f27cee417c6410fa9ccdf87aab16e9e741cce,cards/BwpVRf.webp,BwpVRf.webp,480,686,38254,db75b139d42f386cef547278ae66b9edf0a0730b2f141c24746fc028e7b5c2c7
Bwzxbf,Dinner Mate (2020) [Bwzxbf].jpg,587ac8f5d58d2a64f933c231efcbbfbe9c0b29b7882666adbfebe55f3eec15ef,cards/Bwzxbf.webp,Bwzxbf.webp,480,660,45746,fcadebb16763ebc33ad7c6b03041d3756451192665bbe1f852f179e842e0bc1c
Bx3NAf,Triple Fling (2019) [Bx3NAf].jpg,9d39ea818e2ce30e1c216bda144574ba6894b590c3f3efd1594e88f7885bdf24,cards/Bx3NAf.webp,Bx3NAf.webp,480,666,29758,80b262dd9f8a16276c97dd7421f6dd93a7d077688e03b8c232a417ec18bc6116
BxZxbf,Miss Lee (2019) [BxZxbf].jpg,94a3d1ce959e0f20d731a4e709fcc2b9e5f2edec0156ccd9432f5482c5da03ab,cards/BxZxbf.webp,BxZxbf.webp,480,684,81684,2f926c56a750639af7d2b67f95e25a5897d79cdfc66cc42a26c78dd46fd6698d
BxqWRf,The Guilty Secret (2019) [BxqWRf].jpg,1c276d36d83672c27d5927cb044aedc1cfad437cbd566ec1debadecc1aa33781,cards/BxqWRf.webp,BxqWRf.webp,480,662,45824,9817604ee9f6beb8350e1e243d8c98051533f1b4d93909cc426b0bf413ffcbf7
ByEAq_4f,One Fine Week Season 2 (2020) [ByEAq_4f].jpg,77e0b709626ec7ebea36edba9a8dd8fe40880a834eb26e2b0ba94e34e1881497,cards/ByEAq_4f.webp,ByEAq_4f.webp,480,679,43824,a4e92dd3341a91e0f6d72f63680a38785a7339a555bdd3f26d437ba02274186f
ByXXV_4f,"Breakup Probation, A Week (2021) [ByXXV_4f].jpg",4229cb5deeb26bb1bf41bcfd5cdff634c73aeba65aae5e60a10e044d1010e590,cards/ByXXV_4f.webp,ByXXV_4f.webp,480,686,28844,134ad5cb23c0c3baffed2daa0a54fba4f17ffe80d67aec00ed1dc112a4045c03
BzeWl_4f,Lovers of the Red Sky (2021) [BzeWl_4f].jpg,0a697fb1668525a71863c3193ab967fa5c019cf7e65ba1088d8fce727c3aab70,cards/BzeWl_4f.webp,BzeWl_4f.webp,480,677,33608,b6dbbb4eb42ff1a067b237a472b2ee1a3034d9d661598b4f8b3da1e765e7311c
BzwYV_4f,A Poem a Day (2018) [BzwYV_4f].jpg,9eb558b11df1dadb5594e67c8d153eeaeebc835d4136e73734f20c42efeaa6d3,cards/BzwYV_4f.webp,BzwYV_4f.webp,480,679,32664,8255111dfb05f569720643358483293d3273bd25bfc4bfc1b6a61d18af801ec6
D2X7Df,Weightlifting Fairy Kim Bok Joo (2016) [D2X7Df].jpg,d4db17f705d9135a2a6a8b14cee41af37346400cc515c6f2b6b218117412b526,cards/D2X7Df.webp,D2X7Df.webp,480,716,44938,4608d33580cfb18f08cb5c67d7b690d3999a373510a3f39640c5c24b992a4e59
D8xjzf,W.H.Y. (2018) [D8xjzf].jpg,605707756f87d77f6f01c92eaa4e6699c92b2dc37607d15be4a0b63cc0c1f642,cards/D8xjzf.webp,D8xjzf.webp,480,662,54456,75d2a31ee048499ddfc2e5e4378f4f0c5816e9dce8e0f592a6c69d6933cab958
DX3K5f,About Time (2018) [DX3K5f].jpg,1c92ccfad2ed683ea4c817086a40e580472559844f3b933bd21ec9ee68829d10,cards/DX3K5f.webp,DX3K5f.webp,480,693,28090,6ec41a2a1a8cebffb293e6db88a2057d096edd9d0e42a43df2038af4f1a8f294
DX4Yzf,Life on Mars (2018) [DX4Yzf].jpg,86c91497da4bcff98b28da4c57c16a72bbd0a9fe5bb9b6444874b98085a78cc4,cards/DX4Yzf.webp,DX4Yzf.webp,476,720,77506,5d9c7bf7f19117a35ed2d713323eca6a4bf25996eea537e4f4312479bfd73ee2
DXAEpf,Hide and Seek (2018) [DXAEpf].jpg,e820429375c2bae2d663f7dc66d084baa5e27df826ffabaea789e3893b10cdae,cards/DXAEpf.webp,DXAEpf.webp,480,681,22446,dcd7875ed202ff748cb5aad849329c34b5832d70d5ba12c4798d7de62e610414
DXB6rf,My ID Is Gangnam Beauty (2018) [DXB6rf].jpg,b058268b5b18b9eab3f2fc06b1eaeb8ca61328a41605ebae41686396a6d332bd,cards/DXB6rf.webp,DXB6rf.webp,480,684,44700,f75249788e51b12f47db5773676098baa9ba7c303477155658362a6cd26fe1d0
DXmrrf,Time (2018) [DXmrrf].jpg,a9781b713105a0d4751e980c4c9304ffb6bfdae9df14b458af286fa416e88d3a,cards/DXmrrf.webp,DXmrrf.webp,480,717,30898,dbbe44411e3e858a3d8d0f3cf547fda88424eacaac0fedbad99088a8edc65c63
DXrxzf,Let Me Introduce Her (2018) [DXrxzf].jpg,f5513d2042dc301daccc2d03cbba529272a27c1b035f535ef413a75ca15e007a,cards/DXrxzf.webp,DXrxzf.webp,480,680,37460,a0ce66084773475ecbecff9951076fdaa70c2d98f4c26d607ac096e265803d45
Dk4pNf,Can You Hear My Heart (2011) [Dk4pNf].jpg,740128cba58048dfadfae280bad9e48e238ae037e32298ef3c5849e1f69391d9,cards/Dk4pNf.webp,Dk4pNf.webp,480,715,57294,7d9e66be444cbc722663d03b1399771e15547cf4283fb4fd63f6be54afa6b070
Dk5v2p_4f,My Secretary Who Once Was My Wife (2026) [Dk5v2p_4f].jpg,2ff5aad3ddf47bc75adfef6a6475782cb8c432b396aa6912860135a734e1a816,cards/Dk5v2p_4f.webp,Dk5v2p_4f.webp,480,600,24374,8e06d5526d8c444d6080ac252cd3ad7977e0e9e840c7991854d6bf64eea0cee1
Dk5xNp_4f,Sweet Blood (2026) [Dk5xNp_4f].jpg,105a33e64c9fbce2c7e9f824eb9c1be3e53156bf1d98c683deff1bf2d0563108,cards/Dk5xNp_4f.webp,Dk5xNp_4f.webp,405,720,24156,d260906e3b1c2a710c6eb5367af2cddf49df2a1be856abbb6e9e6085fe447b8b
Dk5zyN_4f,Love Reset (2025) [Dk5zyN_4f].jpg,5ec03d596d73c3d08d7d22453babcfc9d1f13170ef5f77b2308210aef83d1dab,cards/Dk5zyN_4f.webp,Dk5zyN_4f.webp,480,600,16782,60341920127f1f035ba08a65540a8a6362cc698d8e091294b381a8b6a8a805d5
Dk61ey_4f,Reborn Rookie (2026) [Dk61ey_4f].jpg,ebae5f6b0a4e42a9c6d50ffd716d9134810b8c499354f3d7611c4267e9914150,cards/Dk61ey_4f.webp,Dk61ey_4f.webp,480,687,16634,d3b01e74b62872044b42fae29a6db627204f2e20364f2094566dcbb6dfda7dfa
Dk6oro_4f,My Overly Innocent Wife (2026) [Dk6oro_4f].jpg,5085359c0bd7e2965418bd1ae32073d7d4dc9661834944a2e28465d9f4e8f6ed,cards/Dk6oro_4f.webp,Dk6oro_4f.webp,480,686,47354,3e933dd2282a775ea88f61e487e1361e1d053b27b573511bc638997d59747765
DkB67D_4f,The Haunted Palace (2025) [DkB67D_4f].jpg,77b590d7b303571dbd8e6bb08b0ab6fd6f02e263e21c78e6d02ac0b7e0520319,cards/DkB67D_4f.webp,DkB67D_4f.webp,480,686,34678,390b6f8ad3e75e0c77bc375252baa25db9b54bee010df5f8ad6e801355f646a9
DkD48p_4f,Checkered Shirt Season 2 (2025) [DkD48p_4f].jpg,d15223c1425aab6d1107c3c60bec5d3aad63224d56ad380e35896c7c602142aa,cards/DkD48p_4f.webp,DkD48p_4f.webp,480,270,8836,1570df8615c127471d5cea1398e6263a5f02fd9ca1b091f02b93236a226fe547
DkD532_4f,Love Track_ When We Were Wired (2025) [DkD532_4f].jpg,6e2637c4af87203e0e78e75edb3f37aaf28a0a1b0eaef770b900c91353791235,cards/DkD532_4f.webp,DkD532_4f.webp,405,720,25216,1dc758a7f05395118f8a679dbbc6003c8d2401d71e3161b6f1455969c25a5180
DkD5rn_4f,Love Track_ Kimchi (2025) [DkD5rn_4f].jpg,fb934871772950809ce40d7aba109d6d0251707d0d5220bf83b818b8f45fd90d,cards/DkD5rn_4f.webp,DkD5rn_4f.webp,405,720,19084,271ce093590198b876514462a7661fd02c0858b0ac9b606a65d304240a4bc333
DkKoQN_4f,Nebula (2025) [DkKoQN_4f].jpg,f4aa050f8724b395a6b2b80470ee4ca346b331717f57ff929ee11bb05b4c4e7d,cards/DkKoQN_4f.webp,DkKoQN_4f.webp,480,640,38244,cfd490369c5e54b55534882f1ab4423350c3557b7992b9b02f375b73aa00ba0a
DkO21z_4f,Tide of Love (2025) [DkO21z_4f].jpg,d2295c2d38ddff898f45c2df653c93a41631b287875c9ce7e0c03d8bd3415d5f,cards/DkO21z_4f.webp,DkO21z_4f.webp,480,640,32512,2b3ac197f393e72091e5a35c59f19eb353344e1c5c6e4f8c13c7a9630ef49fca
DkX1Df,I Am Your Teacher (2007) [DkX1Df].jpg,6a6cff81bcf48ef6a992795ef8a9df2bc23dbdaa857e13477ff7ec29c3d44586,cards/DkX1Df.webp,DkX1Df.webp,480,685,39142,19a54e1405120a897e6a0e183488a6de6c1beb77d0d045f990a1ee0fd330835d
DkeDeD_4f,One Night with the Virgin CEO (2026) [DkeDeD_4f].jpg,386990b819fecc8e66273877d28ac34ec95895becb92fa6c2468daee4583f73b,cards/DkeDeD_4f.webp,DkeDeD_4f.webp,480,640,35268,ac5173aa1392219c8492d6a23050deb5517bbdc005dfc159375e7481a0587dcd
Dked5y_4f,Love Love Change (2026) [Dked5y_4f].jpg,20febb3ca82f2dd93d4ed4e7e61fbaedd8ff75e1f9db94b29b6d76a8b0973525,cards/Dked5y_4f.webp,Dked5y_4f.webp,480,679,36360,5e20080806f180b8c2fc18966079297ffaa153678655abb9b142a8223c32614a
DkjYBy_4f,Made in Korea Season 2 (2026) [DkjYBy_4f].jpg,33af61083ec1abcae8a2840e60d446a031e3076725a5d838c7047bf115d33652,cards/DkjYBy_4f.webp,DkjYBy_4f.webp,480,686,31696,0792d6432847eaa20bde5a43d4ef8ad992e86230a0c3c73869a3efeb49a740fa
DkjeZy_4f,Eyes on You (2026) [DkjeZy_4f].jpg,c959b2f5a45af65a3f19ff38033a135045b0289185931c8657a38158045e3890,cards/DkjeZy_4f.webp,DkjeZy_4f.webp,404,720,25896,793809f1e7e639102fb395cbc4a62c45501346743aaa7b38eabc3df787e4e7a3
DkjjOo_4f,My Father's Table (2026) [DkjjOo_4f].jpg,c406a0a3a259521c4259556b103ca37317c8735b11ce5562ca2cdfb85050e018,cards/DkjjOo_4f.webp,DkjjOo_4f.webp,480,685,63956,9fb1ed6d188312b67d34adee3a2ae715a751662d081cf0635bc8e319cabe5005
DkmKVN_4f,The First Night with the Duke (2025) [DkmKVN_4f].jpg,a912c0977951bc433cab0e5d977b5a94c34e6c941d47fb7e12b2356bb7607eef,cards/DkmKVN_4f.webp,DkmKVN_4f.webp,480,684,43104,6a084f0fb95af858e2cc78eb56fd4cd6359a764a7f211913d0b83fa9911c04e1
Dkmvz5_4f,Spring of Youth (2025) [Dkmvz5_4f].jpg,b6fc4772ef2e481be96471cac6a25ac62dabf599a8baa7ad14ea6622b9c46ea1,cards/Dkmvz5_4f.webp,Dkmvz5_4f.webp,478,720,38576,6e1d5bce58931a54156fb40651ba6b7497827a755d5f29f3e6408a0429d06d4b
Dkql0r_4f,Save Me (2026) [Dkql0r_4f].jpg,6d6beccbd8a4000fa8a32d33d7b025c8a45f094c9a3006f67eabf65da6a09316,cards/Dkql0r_4f.webp,Dkql0r_4f.webp,477,720,50748,4e6ab7d1b4edd894b94ff345f4eac13547943ed3723102c1c87585eb40ba37bf
DkrqqD_4f,Shark 2_ The Storm (2025) [DkrqqD_4f].jpg,a9b35b4a316992562d161d6a236b6e311ce0a04101f06d39a1d3323bda43e8cc,cards/DkrqqD_4f.webp,DkrqqD_4f.webp,480,600,47698,964fa046b5b25ae544dabfa37afe4fb8439de5bfd33d97a5064f1432067d2bb2
Dkwg3n_4f,The Husband (2026) [Dkwg3n_4f].jpg,bdbaf482920a0b00908896b130f98f384a809211df5893622f0cd189de594755,cards/Dkwg3n_4f.webp,Dkwg3n_4f.webp,478,720,30864,c133c1260325e8c5f748229d5c61283b6f14306b41015b0f540081bf981e1566
DkwoZN_4f,A Life That Shines Again (2026) [DkwoZN_4f].jpg,55db9de4aea5c0ef5cf6b46dcce68deb0eba118d24638a99b799674a7440dc27,cards/DkwoZN_4f.webp,DkwoZN_4f.webp,480,640,23228,3a3207f02775b7dc7a3dbc165d6f3b73fa04a7f07c82b81fa27db97b62db7ab6
Dx8rof,Entourage (2016) [Dx8rof].jpg,223644f43089be6c425b692e4c509c96582bb13c7e988b36876456ccba7ea9eb,cards/Dx8rof.webp,Dx8rof.webp,480,694,79038,ef12b88df785fdc83f38f8732d21e353a4ad872e89204db9589c719f54c439d2
E21Jbf,V.I.P (2019) [E21Jbf].jpg,b8aa9c66a479b33d528d4f4cd89966e43418c04d488e97999d7e3eb784379af7,cards/E21Jbf.webp,E21Jbf.webp,480,687,40194,bc09bf821f69df690e60cdc7377f8df0dacbec664edfe849b943645e66e11b9c
E24zpf,Extraordinary You (2019) [E24zpf].jpg,2f28af1c9f1b1b10a065828a735b5f17bff7b021a0361802d9d18ec67b6fe0e2,cards/E24zpf.webp,E24zpf.webp,480,687,32480,474029bc1a9d72f9dc71c175d4b9bfb676c5fd74f3ee022f456298303bbfbecb
E2LWWf,Dal Ja's Spring (2007) [E2LWWf].jpg,9856b0bc160f37d631de0e276f91c0597d2c588a3a5e53179906e68d69cd7ae2,cards/E2LWWf.webp,E2LWWf.webp,250,350,16258,7aa22ff51b06d4069da2c2513606a8eb02f0caf28b270430b6ffcfd972eeb908
E2nNWf,Dr. Ian (2015) [E2nNWf].jpg,5f54c0109d70459657b153e22383f232a852041aeded9c6774145f70aa791b6e,cards/E2nNWf.webp,E2nNWf.webp,250,350,13120,3a4f75ae230a79e9cbb18cf497ddf45a843745be1f52473b02942282e603c06f
E2nZmf,Girl of 0AM (2015) [E2nZmf].jpg,faff7a15a44a6a16ea852feeb5b977bc92db4aa13c60deacfd46625759e8f087,cards/E2nZmf.webp,E2nZmf.webp,250,350,10032,e8e28f68d6b1ff806d02a88f37471e18e95758134f9a70e7e16c9db2b3a8fd38
E50pmf,Unstoppable High Kick (2006) [E50pmf].jpg,8908fd8076a94c081cd739229a1fbd48649285d96bd7b0fadda061d7caa34295,cards/E50pmf.webp,E50pmf.webp,320,454,28452,5769b1927a7f0ffb587d1ec62554fa803b7f6dc468c120940a148420a6f15e92
E53720_4f,Uncle Samsik (2024) [E53720_4f].jpg,369eb3034b6c0e5bcc313b7567bd1be88eb28298340e67fc4f51862baada0ab9,cards/E53720_4f.webp,E53720_4f.webp,480,686,37010,f82f538a01af54b6432a7890771733eaa0bfeefb9b007bd41f3f9ffc0d58e9fc
E53g1b_4f,Fake Buddies (2024) [E53g1b_4f].jpg,972170b2b318fbf49efcc8dc7ef843b60ab9b441cefd4020d7ce61cdd8153f10,cards/E53g1b_4f.webp,E53g1b_4f.webp,480,360,3826,e6c142c3c4f3e3baa82dcd8abd2e68882c6b394c825ef8d06a0ae8d0fe478b7a
E55KAm_4f,Pale Moon (2023) [E55KAm_4f].jpg,b6f487001d141872b66c954b28af8bcf9b9db49effbc3b4f15202d2ce3bcc353,cards/E55KAm_4f.webp,E55KAm_4f.webp,480,687,21228,fff4d1971c7b31d9a1fa8d44de90b8ff5ea79e71bb5b4204b34142b27487ee46
E55le0_4f,The Secret Romantic Guesthouse (2023) [E55le0_4f].jpg,45f827536a0d576d1407afdd0676a5df59788ac6247b16679f6bf8e1d308442a,cards/E55le0_4f.webp,E55le0_4f.webp,480,719,61008,ed305f44468928c1a41668672b1503bdc32b6bff3c75025d0a1be88f148cf122
E57DpQ_4f,My Lovely Boxer (2023) [E57DpQ_4f].jpg,24c9b5782e25ace8b4de992cd0042633d8807382d73ec48bbdf4494384baf879,cards/E57DpQ_4f.webp,E57DpQ_4f.webp,480,686,60714,4b42e3bc81b18595f0f3d8c35b779caad3f0dca803a0091de69146b56d2e2a60
E5Ndl7_4f,The Frog (2024) [E5Ndl7_4f].jpg,57cb64c4edab99d2afc1382f2480c9220944f78dc190448f426bc37f27645be2,cards/E5Ndl7_4f.webp,E5Ndl7_4f.webp,480,710,39214,fab181b392da876e83cf63a94a5a183d7735ac5b90aa254b9f3c560ed3e870ac
E5PN7z_4f,Love Alarm Season 2 (2021) [E5PN7z_4f].jpg,7d5dc042d7c6118419f5efd053a2a125ef3711eef55ae3883b3175937cd11bae,cards/E5PN7z_4f.webp,E5PN7z_4f.webp,480,711,26594,26518f95b067b04662cb18ef1283e0a4d39afb4bdea75328ac1a46e20b5265a5
E5PpJW_4f,The Midnight Studio (2024) [E5PpJW_4f].jpg,9c11ddf3487bd7856184cae5db8e5f896499d42cff6615cfe28f1e3d4779b292,cards/E5PpJW_4f.webp,E5PpJW_4f.webp,480,684,39624,9952411af18677b061b83a2d8d52aa8c9a359a808f8900596a658b3a0b5f6bfd
E5QXJb_4f,Your Honor (2024) [E5QXJb_4f].jpg,f71ef0ee5d1d44ad6f60f66c0e136c70663b94e8dec17d4af01af390ec6d6f6c,cards/E5QXJb_4f.webp,E5QXJb_4f.webp,480,686,38068,517004e92f27c6515de934b11a352eaa160218d05f5cd34856d229c6fb27ba47
E5YR7p_4f,Han River Police (2023) [E5YR7p_4f].jpg,3418266361382eea4e8581ac11406d7f15fe68abeb54f4d621b24fa1280ad800,cards/E5YR7p_4f.webp,E5YR7p_4f.webp,480,684,49210,7f22349030c105d2bfa7db8740a8cb7559345dba18da0ee9da304e782c40e8ba
E5YVOf,Golden Rainbow (2013) [E5YVOf].jpg,6e96a0d2abcb322732b98249e10a17c9854877a1d5604e07debc5c89c01e4ab1,cards/E5YVOf.webp,E5YVOf.webp,480,716,91262,62b883c03da810135597d301f131d6b63aa5e03ae133fcd474eed2f4a42e9231
E5YnR7_4f,Song of the Bandits (2023) [E5YnR7_4f].jpg,a513139b69e2d8202c291ffcee969d7d9411b6b7fca922be5520ae39d05b0bfa,cards/E5YnR7_4f.webp,E5YnR7_4f.webp,480,711,49184,d9fcd0251bcec058b610f625d2501ed5719303f551c5939bb057e74662eaae33
E5kEbf,Hello! Miss (2007) [E5kEbf].jpg,f3635ec09620e89e1426ce74f45894e2d1b79fb8d64c43c85d852006aee3cb3f,cards/E5kEbf.webp,E5kEbf.webp,400,570,46756,79b8f7aed1b8d79924a3dcfb49ccaf7f2cdfbbd77003529e0419c0bb9114df0e
E5kX4l_4f,Love Tractor (2023) [E5kX4l_4f].jpg,d5122f0513405a33b1d4c0422e8c1dd4f631cc020e8bbae8825ac6e6acb96abd,cards/E5kX4l_4f.webp,E5kX4l_4f.webp,480,684,66000,b71b2f124eb15312d88bbddca2c11c6d4fbc0a1b3e6321e0026d57c14a800934
E5l4pf,Wang's Family (2013) [E5l4pf].jpg,2ab217dac6f9c5e75c210b8a733465dd875601b87bf5790f6973ea1737a69d21,cards/E5l4pf.webp,E5l4pf.webp,480,720,60596,14c77cc08fbf10aff874215e30c42e788c69dc0708f6dc41891c1e5e4c5f8b22
E5lok0_4f,Gyeongseong Creature (2023) [E5lok0_4f].jpg,2f363d589c38e75390896b88718b5ed802b946105928ee6da6a5789c839449a1,cards/E5lok0_4f.webp,E5lok0_4f.webp,480,711,66400,c640e265799e05ee60e0c51c0e2582c190dc53a3c3f6d0a0a3ee33d66ad9b12d
E5o5Of,Who Are You_ (2008) [E5o5Of].jpg,9625157411a91effc88e92e3c5a23386a51bfad5b3dac0a89e8a630dda857a55,cards/E5o5Of.webp,E5o5Of.webp,480,454,37656,b868303753f62150555fa88c22a71723d05d2ad3ce648446a1a87535b5bd321c
E5pQJ5_4f,Gray Shelter (2024) [E5pQJ5_4f].jpg,618a990352206d352ea03e0a44088622a3a3ebed4f48b7eb83a24bd161921b6b,cards/E5pQJ5_4f.webp,E5pQJ5_4f.webp,480,679,23892,61ec0cc8f246de5d90419d7c5d6e7b0291255364a9800d703d6c1d0934e6ef00
E5rp5f,My Girl (2005) [E5rp5f].jpg,489c6bb11e3d1bd9cb1b4ab4eff651864c878aaf6f1eb4a42b6c18ac6cec5c89,cards/E5rp5f.webp,E5rp5f.webp,480,682,42262,a48a8839d02a042dac88790c0c4c3370234aeb4eaaf050f87dd4542155c540d3
E5vbjl_4f,Stranger Season 2 (2020) [E5vbjl_4f].jpg,15ff2c9b05fae3c233fa6f76233d0c5a9fdc15d19a447b95cb6595e1e7490477,cards/E5vbjl_4f.webp,E5vbjl_4f.webp,480,679,27078,58f8928adb40d85aaad2dd414c683bdc39de8aadd8e5a7480ccc5a10a4a37e7d
E5x540_4f,The Good Bad Mother (2023) [E5x540_4f].jpg,c7ef208c4d8cef228751d6121a2e854a839c3eaf8cef3b2b87d4f8d52d98040d,cards/E5x540_4f.webp,E5x540_4f.webp,480,688,74298,c88092af6455e9e1dc5572ffa56582954440d6531c1bee6bf8eda02f63d5be5b
E7ngzf,My Runway (2016) [E7ngzf].jpg,e9377888c5c3431e9de81e7a5e04f59b17292a1bba722e546279503e141f37ab,cards/E7ngzf.webp,E7ngzf.webp,480,600,47682,98b55dfe787369bf4dd2d36b511952cc20159beed6978a8c193df77f6f0e68e8
EDgJzf,Ga Doo Ri’s Sushi Restaurant (2020) [EDgJzf].jpg,14e8956cb7b534476476b246d5089aa3e8fd6364d4dbd072b85ec0515b6a7532,cards/EDgJzf.webp,EDgJzf.webp,480,600,37402,624d9f50d9b5912e7511e07b473fcfc53b3da1aa7d5771b65bab5e65e54ff4e8
EDwzbf,Avengers Social Club (2017) [EDwzbf].jpg,e7156378854bc65f0ba8c07333aa29f322ffbde395671ddee04312ed275749ae,cards/EDwzbf.webp,EDwzbf.webp,480,688,63490,c3fd22f91a9f90d72580bf594871527cc747bf6e4790839b7b6edd3b5c5ef2ae
EJJBWf,Tempted (2018) [EJJBWf].jpg,47d1ccd029bd364ed8bded897fad25a9fb07e4bc5b0e12c134db222a59675a9d,cards/EJJBWf.webp,EJJBWf.webp,480,717,21568,a621af79d07db3f89fe6aaf6332dee8d73d0689f2614e753a5c8938def4673db
EJm55f,Bad Papa (2018) [EJm55f].jpg,9cc5f5ce07a37b77a3423903b57b584ce5296107a4ab97fca13d612876e13429,cards/EJm55f.webp,EJm55f.webp,480,684,35164,a2e322815df12856f2a181b04fa6335f511bdbe55f167b1bcadceb451ba7cbd5
EJyvbf,Love Playlist (2017) [EJyvbf].jpg,bd640bbd42a30f27e5a40511ed550c40b860cf0c6174a6a5db7e71fc5a7bade5,cards/EJyvbf.webp,EJyvbf.webp,480,665,25396,5037e4407ec885ad76a0379a38668a86a729646e13d5fc326f41caf96abd2a7c
EN4Wz_4f,Kairos (2020) [EN4Wz_4f].jpg,7cf30d14af8a8244108929fd6554872ab740446a04c71753e2f1ad480e469eba,cards/EN4Wz_4f.webp,EN4Wz_4f.webp,480,678,35696,19361994c481d88376e4aaf0174b39318ad2b0e616a31e10a57393751afa3801
EVJB5_4f,Dr. Brain (2021) [EVJB5_4f].jpg,72f98ec7be44445919eb73b6911dde60561738d59075c637323e721e43fd7a58,cards/EVJB5_4f.webp,EVJB5_4f.webp,480,720,31236,e98d0db57db796b49b57cb0130acdb6b4def8d35c9fb5d331c1faa6ecc2de02b
EVe0p_4f,Reply 1988 (2015) [EVe0p_4f].jpg,94a3c628b92f9ec0ea8f9ca687bc020f61232d9f99a213c31e08388b5d87539d,cards/EVe0p_4f.webp,EVe0p_4f.webp,480,680,74682,48c4ce5decb2c6dd93b6194ff4a43465c65c915cc90427a8a5cb7c259288c85b
EWwp0_4f,Would You Like a Cup of Coffee_ (2021) [EWwp0_4f].jpg,32f8951ab44a928d79454fa91bbaea6ddd5ed7f10f3acbe06bbd18ad12f761df,cards/EWwp0_4f.webp,EWwp0_4f.webp,480,686,20888,1a6222a639b61c4d096bd602bac545351f7c1e438386603c038dc4a1c8ba7ae0
EX1Pp_4f,Uncle (2021) [EX1Pp_4f].jpg,22f2134cbd0009d9ccd830cc5361343f8513e9d8ceaff8691c1b42311d835fab,cards/EX1Pp_4f.webp,EX1Pp_4f.webp,480,688,46580,95055d0d0595585f82d7867e0f87b0e36f9940c1d9103390d183e639268e163a
EYm4mf,"Bring It On, Ghost (2016) [EYm4mf].jpg",80df9a7719814abb950596de59f19fa28ceef652687d3cc92569e875d504a7ff,cards/EYm4mf.webp,EYm4mf.webp,480,706,66752,6e67d03610591a14abc44f86739dfac37dfe692b5b93691dcbf3c7675087fb5d
Ebmym_4f,Autumn Tale (2000) [Ebmym_4f].jpg,820d3b8016d8374ae1331e4d7c30cf947a8658701248a960df7e190cfb4c6a8e,cards/Ebmym_4f.webp,Ebmym_4f.webp,396,604,64222,1cd4e781fd1573c83c5502e1d17b37ebd166ff156723cf18f5abee921e1c1c21
Ee3KQ_4f,She Is Nineteen (2004) [Ee3KQ_4f].jpg,9d80c42f09d55c71b535ee21c8d84232f7b431d9024a76c5bbc1437253d8ee14,cards/Ee3KQ_4f.webp,Ee3KQ_4f.webp,300,424,20366,28e42a3d596abe7b7969b5ba0b128fc0b871240d745a6857f3f652585312b7cd
Ee5EO_4f,Big Mouth (2022) [Ee5EO_4f].jpg,b7bcaded89f2fa83a76fcc86ab71e4f1a074180b5c7b8cad6d0dd6bbb7d12625,cards/Ee5EO_4f.webp,Ee5EO_4f.webp,480,677,32336,94baf34811307485bbf0062a12823ab37088f1a0652fb244fb3aca700f26f4d7
EenEO_4f,"Poong, the Joseon Psychiatrist (2022) [EenEO_4f].jpg",afe762f6173b0db725b950b9ec5e6fa2737ce1d01654678994ba5cc112c8df64,cards/EenEO_4f.webp,EenEO_4f.webp,480,682,37772,4a1dbdfc187caff88f22d73da46b4d9bd634c3d545a0588d0789670b546689ac
EgNWW_4f,Into the Ring (2020) [EgNWW_4f].jpg,bb3f269e68da6161b73739894f9eecbd7ceaae957c08a3933416ec47e591c86b,cards/EgNWW_4f.webp,EgNWW_4f.webp,480,660,34432,1e9a6b230234f39bcf2aa5b3425378a01adf62799b48f64593b18c0112306c5a
Ej5XO_4f,Dramaworld Season 2 (2021) [Ej5XO_4f].jpg,64b3b26f8d68e4d8db76886dd7da554e1e1609ed3716f40047d3283bcd15f821,cards/Ej5XO_4f.webp,Ej5XO_4f.webp,480,680,48966,15056c9a3e4b1da0bf489a10ab6f6315d67c4ada7275b33bf4f1cae3df12cabc
EkoZQf,Puck! (2016) [EkoZQf].jpg,6ec18527f330ecd6a4e1a2605223a0ff265015dcdbc9c293911ada1341f3d94b,cards/EkoZQf.webp,EkoZQf.webp,300,433,13010,e94e2933b7760e5f8dda7356374b9f762cda10677620c5d8c3f175b20c85af95
Ekvemf,Family (2012) [Ekvemf].jpg,bfb4071b44e99a719719edd748e84884ec455b926b610e061771b88673ae9a97,cards/Ekvemf.webp,Ekvemf.webp,480,679,51432,a5fe66799072c90b2503425bb6e6a42f8cb49d4b49ca32168252fb1ac573ebf8
Ekznbf,The Royal Gambler (2016) [Ekznbf].jpg,a8ce767692ccff76bc0b7aff2993ef7ad4318217f3b2bf2a576182012b16e6ef,cards/Ekznbf.webp,Ekznbf.webp,480,718,88380,14ca36a8aa1f5d7c41046a9febeeb82a7ab5013ebabef95bad630e6bd801c0b3
ElJXzf,Manny (2011) [ElJXzf].jpg,0162f3969af276f4eff02ea26a522e6145698f43e3d59e55bbe988654270aca0,cards/ElJXzf.webp,ElJXzf.webp,480,690,44586,847e15cf0e618ee918d436ee0e9785c90f879b8a3daebdd92550ffec34a45910
ElxBWf,The Wind Blows (2019) [ElxBWf].jpg,e5d07eae747a434b32855e359a0f2a9caab1ea7c47d1bbcc998caa29366cc3c6,cards/ElxBWf.webp,ElxBWf.webp,480,687,51110,7b4095c317ca22d6226a45fd891029c0595ae28fe50c165355f989229bb024eb
Em7BO_4f,Somebody (2022) [Em7BO_4f].jpg,87b5131228dab5cac9c179ed0078a26f496f33a514f49c697cd774f89471d4f5,cards/Em7BO_4f.webp,Em7BO_4f.webp,480,710,19936,a749dcb699453085a92a10cb22365858153d4c1aebf31fc51723ba378c74ac6b
EmBz0_4f,The Sound of Your Heart (2016) [EmBz0_4f].jpg,62188b161b614611e275245d8317119f0a9ef9cf7e8b0c6088445241366027a5,cards/EmBz0_4f.webp,EmBz0_4f.webp,480,680,55696,e8a5de734435a464e7a41cacfc05101b7470c8c31bceb3eb1c1b792cf6aa64c1
EmQoW_4f,Behind Every Star (2022) [EmQoW_4f].jpg,15837c54674bc6c0e171736fb28a0bc4e3d40acb05d833ef4f93f12e3e74f4c5,cards/EmQoW_4f.webp,EmQoW_4f.webp,430,610,29194,0c90787f6b79cab3d9bae132c08bf628d5d741698e3836737d97812b24985129
EpOqOf,Born Again (2020) [EpOqOf].jpg,7af03d6859810e49001b7725dffacbf66e45f5e68577f0a70a879cf5fd3faf57,cards/EpOqOf.webp,EpOqOf.webp,480,685,26604,17df6f3a4aac7f7fdfdad47dfe887923b05e8ac7ff9956bd3a89e86b0ea7da9d
ErXmQf,Beautiful World (2019) [ErXmQf].jpg,0fbcecf332d4fba2a26cb28d4b481af8f7a442a3980b5857172dcad37296aa7f,cards/ErXmQf.webp,ErXmQf.webp,476,720,31174,c25e1e309a85fe6b9b68d7d25057b70bc132ce365932391759116316166656e6
Ewn2p_4f,User Not Found (2021) [Ewn2p_4f].jpg,ca5d6b576929a1a9acf7deb48c63a3cbe61d9dc80aee5c88f352730d3d3871a5,cards/Ewn2p_4f.webp,Ewn2p_4f.webp,480,701,35622,dd900e9e2086c0a9d12b75ed69a3922149b3c6d429101c57749c06fbc37b60d2
EwpK7_4f,Jirisan (2021) [EwpK7_4f].jpg,0f3a3f804768812458cc594b24ec55b6af26fd07ce17783da407fbb3093551be,cards/EwpK7_4f.webp,EwpK7_4f.webp,480,678,32500,f1f27c2fb4acc11ea027344186cb850b988b9d514835f57094433e4ac57c8774
Ex3rQf,Master of Study (2010) [Ex3rQf].jpg,20d971c44542ccf9b4e243972ecdb30e27fc718e5dbec6b4fca37c0653b253c8,cards/Ex3rQf.webp,Ex3rQf.webp,480,686,53550,12394e0c2b1de42fb70f9aee4a5a4602f3517035a8bfa7d6f7a1b7ac34271109
Ex40Of,Jumping Girl (2015) [Ex40Of].jpg,7300fdfa6e31a04c36807a619e6065137f9f2bb49b4d63c776cb85083e5ecb47,cards/Ex40Of.webp,Ex40Of.webp,480,680,38278,19fa989b9aff8d7061160465f9440a6de36515143d41a7ea809452693e66e629
EyqL5_4f,100% Era (2021) [EyqL5_4f].jpg,7b49af749eb794d9f26af9cea4a183768e6b56a539942eb6d30c552c69ec4fb7,cards/EyqL5_4f.webp,EyqL5_4f.webp,480,682,28342,79048f5d653845f4f7576835215e716367bf571de5aa72fe80d7ed79085ff091
EzEB5_4f,Money Heist_ Korea - Joint Economic Area - Part 1 (2022) [EzEB5_4f].jpg,31709c6ede28ced3d45b0b051788aba3a610b762dc382a1af69a42532de57c47,cards/EzEB5_4f.webp,EzEB5_4f.webp,480,711,44360,297a37a8abf95c95efbc01df1d3733e0b712a1dd89b4e7aa45068c8ba7762f29
G1YRGf,The Return of Iljimae (2009) [G1YRGf].jpg,0de647a5f20a1fea76bfcca514ad72181fae743dfd045598d34085ba84fcf9fc,cards/G1YRGf.webp,G1YRGf.webp,404,600,37956,cd35d376529964f0585acb239e9bd06c31bcaa28fb068d1114c87c363827875b
GJ58pf,Birth Secret (2013) [GJ58pf].jpg,59f5d22dec498f7247cd5294c4333fa24c2fbb8bbe17a60b2f60789deb73a757,cards/GJ58pf.webp,GJ58pf.webp,480,320,32364,8c7930c0d607355a04131004d01882ee1840dae3942d0ec32fa83770287d5d1c
GJBPwf,Secret Investigation Record (2010) [GJBPwf].jpg,dc8bd92018f391d69b2305419267130c7896481216d3c632ef50956b45f11c5a,cards/GJBPwf.webp,GJBPwf.webp,413,599,38344,8214570d892a6990ad358e70437150f4f801952e43dc23ecff066cd614aac252
GJODXf,The Queen of Office (2013) [GJODXf].jpg,d24c4d2751027bc3e0b54a509497d177c9e52109b88de6d5dff23ec9a3b806fc,cards/GJODXf.webp,GJODXf.webp,480,688,49438,8ce2c78535ba4746d017c83a5c1e21daf73e12b081df15bb808ea1f78ff0fcf5
GJYYyf,Brain (2011) [GJYYyf].jpg,2ac37e54cbd76b61d16d9e2a41aef493432abdfd2f1e4944bc1698edbf533644,cards/GJYYyf.webp,GJYYyf.webp,480,720,34754,3ece26087478be4431834e8dcefe97ba8ec396f82e15441990d6166fbc78dd74
GJmY9f,Dr. Champ (2010) [GJmY9f].jpg,da649c8e2edf7b62bf9b9f8cead339ab8d72e7836c53c3b45bafe7d780aed938,cards/GJmY9f.webp,GJmY9f.webp,400,600,37362,c82d3f0d34121243601f820e3ffdf25fda93800d7cc24e883ba4c60e53bb29a2
GLKr9f,Baby-Faced Beauty (2011) [GLKr9f].jpg,e21e082a72af991d665f6f35a79fbe51653c122d1d2d5ed37ce41e959d5422bc,cards/GLKr9f.webp,GLKr9f.webp,480,698,56688,9d9c9636b532352d2358bf398334da21c3d204165f85dab119792b1e58273ee4
GLl5Lf,Heaven's Order (2013) [GLl5Lf].jpg,e81700b36b2d383a2b13aa7cf7f746f6a241c8df959bc0152f432fc8f38e8df5,cards/GLl5Lf.webp,GLl5Lf.webp,400,600,34468,737abfefca16fd5dd56fec0f04d41089ea30d151762dd84608f1a55851208f2c
GLodBf,Shark (2013) [GLodBf].jpg,4d3a0a23e7bbea41f6c8721b190f93867c52e7abe557ed1ca0d7bfb59b851b9c,cards/GLodBf.webp,GLodBf.webp,480,696,33374,5efa860a950d2f86048ad3e811ecebf2431346a4d9577d76f6a17c71e20075de
GLox9f,New Tales of Gisaeng (2011) [GLox9f].jpg,e07ba9507368441199b87ca931f928454f5d969e309931995dd614eb6ee94f8b,cards/GLox9f.webp,GLox9f.webp,400,600,42716,f3dd4e3e773e8bf074b33363860be389eb570c5435b4303f235e02a5f51d5fce
GNL2Ef,Advertising Genius Lee Tae Baek (2013) [GNL2Ef].jpg,0297bbf50618642b5174c225acddce4c48b2378f779982519ee6bc7261d8de42,cards/GNL2Ef.webp,GNL2Ef.webp,480,697,48322,5f16111e78d08943803ccc9ce346e1e737b84791ed225ea8e7849e8c7d6f8366
GNvlEf,The Equator Man (2012) [GNvlEf].jpg,364fc5e2d9a281ac4e8f166f456078fb56c14fb1b3cfd3e0b730f4d6d1aa69c0,cards/GNvlEf.webp,GNvlEf.webp,400,582,27038,cc1f740dfc049c04ec3fc5ea8354e7a4fdb9feb84bbdce51ba74b2ddb914c678
GPR38f,Arang and the Magistrate (2012) [GPR38f].jpg,d2894c28a1f43312be11d4cd1ad35ffda7a105d7e5428ac13b3e7a0bd663e7a4,cards/GPR38f.webp,GPR38f.webp,480,716,52738,79d676351af4b19820bf029fd363d26aa80cf841f6ae825afa5c0f8c08e7682a
GQdRAf,Holy Land (2012) [GQdRAf].jpg,afb41f062247b0896bbcec259652e723dcc77333d8495e1bb4a2e90a0ee9284a,cards/GQdRAf.webp,GQdRAf.webp,314,448,16500,8d7f15f1f8fefe125df24a9dedaadd4296d51aacf7942b1c5be32d9dde5b3291
GQny6f,Twelve Men in a Year (2012) [GQny6f].jpg,ce2c191f94c33ac7ff0b521731b62f654ed9f5727e1af3243f593089ef541cc3,cards/GQny6f.webp,GQny6f.webp,400,600,47114,c47fa20ded946ed5c34658e727f77fce62865243e0aded9a64b0b4470be5c1a8
GQw4af,Creating Destiny (2009) [GQw4af].jpg,a61fa9034f801feefc8e8cfb8446c0a61a401abd11b0aec84f807d9cf0394b49,cards/GQw4af.webp,GQw4af.webp,250,350,18120,e9a37edfd2c3c5b3308d11627bb2d95435ba333861ac9ddeb192baa8e4c8c538
GWqBpf,Playful Kiss Seung Jo's Diary (2010) [GWqBpf].jpg,808bf7ca5dd09f35e087516a3e26190aeb32661f082e04cd73a3c945f19aae15,cards/GWqBpf.webp,GWqBpf.webp,480,366,29574,dd77916cfdc076a4e32eb60cfe457c00bc1f808376167547a8dc74e89cc97cac
GllVJf,The Great Seer (2012) [GllVJf].jpg,3c2f1506f365ae42d4f65180de933c5034c18584225f128f86c904c1b3893816,cards/GllVJf.webp,GllVJf.webp,442,626,56028,71a121f597e56ad33c387328ad896ff632d6fb0ba6ac9ec744bf6a1412c3428c
Gq459f,I Am Legend (2010) [Gq459f].jpg,5435f28f682027f07eedc2f400b9971a9b66ef26c1568d363100a92e7da09a43,cards/Gq459f.webp,Gq459f.webp,299,420,24148,b125af2310d416472a8aab8de99578e71e95ad7f1c546fb8aa8f86f2951fb63e
GqYO8f,Jungle Fish 2 (2010) [GqYO8f].jpg,e54bad3013e34bc040758c6503cc791346fdd93194eefcf8dabd38105acc9daf,cards/GqYO8f.webp,GqYO8f.webp,480,672,42746,bf1d47b32bed2c202db966c44379494c6c04a75e493707178ff729cc8e0bb2f1
GwlBAf,Can Love Become Money (2012) [GwlBAf].jpg,37df390717446c7fd0e9f5cf95586ac3d5926ee4fa5c26025ec898229cf6ad71,cards/GwlBAf.webp,GwlBAf.webp,399,599,40390,4cd62e21e0a40579c196ba58b3dec01e19d2f54c83c3381e91db773787907ae9
JB00oo_4f,Thunderman Season 2 (2025) [JB00oo_4f].jpg,2f074bfc24ff62579775f965231835ede29ff76233f5a18cfa520d59f57801c2,cards/JB00oo_4f.webp,JB00oo_4f.webp,480,600,45572,e83290e582cfd3ae189b51fd99f39cfc8510437167b2909936d6ef43c38a43a7
JB0lno_4f,Dream to You (2026) [JB0lno_4f].jpg,4107b35febc00bd374551bfa708d772bd94905789c182ee2b50fe70f7c93a098,cards/JB0lno_4f.webp,JB0lno_4f.webp,480,684,39780,6812966b20bd8f4ec5fe0f34f7809b8e043b0303a2e85db2d4e14e00c8669d74
JB486X_4f,My Puppy Returns as a Billionaire (2026) [JB486X_4f].jpg,f86453b8cf3b2fe22e83a6edef0c241fad1e33ab2a4800a9303addc3c3f74dbb,cards/JB486X_4f.webp,JB486X_4f.webp,480,720,37522,66e7c7d7dd15c897c26200b22127df23b4bc7ef7f95fb2b8b62e718b3cdee532
JB4Jmp_4f,Backdoor (2026) [JB4Jmp_4f].jpg,789a4b4b124364ad0434d51e969b28d4d2af3c2f2e597c116cb390a3c549a2b1,cards/JB4Jmp_4f.webp,JB4Jmp_4f.webp,405,720,21396,f124fe198d3345822425462a23c8f97e659218f7071e3b9c4f337d029df496e1
JB4VJm_4f,My Little Chef (2026) [JB4VJm_4f].jpg,db75f2857349e08f7a0642f585e09dca71df8c29f7ab0cd90a3b1774fd890db5,cards/JB4VJm_4f.webp,JB4VJm_4f.webp,480,720,37496,b8a6dbe741d0b33f53d1dcd9e314702ee01fd5f6e3875aac2f4f92d50f7b70a9
JB4k0J_4f,My Silent Bride (2026) [JB4k0J_4f].jpg,e8a63e21ab2775d162de9209dc70ebec085f46f27a3c13e3021f628ad69a7803,cards/JB4k0J_4f.webp,JB4k0J_4f.webp,480,720,38904,86b151b3266a76795b39108709dd21895dbb2cc88f1773e9101569dd863bc13e
JB4mBm_4f,Love in Sync (2026) [JB4mBm_4f].jpg,13bd58ec839044128b5f62515c2d65cdafccdc78087554ec24a4e892103ecf70,cards/JB4mBm_4f.webp,JB4mBm_4f.webp,478,720,32302,77e5539759353d0a2a96e2ae6b63ce73e7769795d972f5985a2a3c41181e065d
JB5Beo_4f,Undercover Miss Hong (2026) [JB5Beo_4f].jpg,2e314044f93aaa4672d561e938eaec37f665134f444ff14a97e40a13c8677e69,cards/JB5Beo_4f.webp,JB5Beo_4f.webp,480,680,31404,1706f6e52906d0e159d3ecf6366ee4b7ffa415163133d533f7d41e6484a82de9
JB5X3p_4f,Cross Link (2026) [JB5X3p_4f].jpg,5e3e8b582ea1bcc1947e92a3effdca938cfd9268fc46bc07c0a2c552b8b44922,cards/JB5X3p_4f.webp,JB5X3p_4f.webp,405,720,12184,71c8a641e97f43d189a9f588144cb62de88aeac3c1d21406e72e9c7130977141
JB6gEX_4f,The Legend of Kitchen Soldier (2026) [JB6gEX_4f].jpg,7084beab425e1a1d134746944f41a642641b9f981a085d0c9f2d118ab7e39c1a,cards/JB6gEX_4f.webp,JB6gEX_4f.webp,480,678,72154,bb26eab222bd97f1f258bc180f787826014ac09e859d5020d26de4e5717d96e1
JB6wlX_4f,Private Lesson (2026) [JB6wlX_4f].jpg,b6971f64fc7830821b15f730869f5ce7cff58af240b9f44959cecae505804b93,cards/JB6wlX_4f.webp,JB6wlX_4f.webp,480,679,20758,59054ebd32ec7ef659603fcbc418784927b5f12dcfa4cefaf03bb738aea49e05
JB7BWJ_4f,Would You Marry Me_ (2025) [JB7BWJ_4f].jpg,aca51295236b966e6ef94b1a5f49c9774ed21c743f3cbeaf594b2d458b7895b1,cards/JB7BWJ_4f.webp,JB7BWJ_4f.webp,480,678,19106,4e6c49fa87afa0e45c332149e7af0d6a933a6ca96fc77d24e158a80b01c48717
JB7ngm_4f,tvN O'PENing_ Hwa Ja’s Scarlet (2025) [JB7ngm_4f].jpg,8e65544046311a27d651089e707cf2ff01d013314e75322070afee1d40040b30,cards/JB7ngm_4f.webp,JB7ngm_4f.webp,480,680,31690,3f1f9958e6be1a67087f07bb4b4ad5a9303e680a6b72c0c0aa350f60938fa326
JB818p_4f,High School Boy (2026) [JB818p_4f].jpg,d601eafdc4f57fd8e28bcebfa94c13a508089f427d85fdd27029905b6d2c1b86,cards/JB818p_4f.webp,JB818p_4f.webp,480,720,44144,0d32956c3e421b172801232a7cc729f8bad6eb9a607deb90c3626b8b1a08e8f1
JB8ROX_4f,Long-Term Relationship (2026) [JB8ROX_4f].jpg,c49f37bf8a50cb22e2db8dfbcee813971e75db8356c8dac5e78c7e92a5f4567a,cards/JB8ROX_4f.webp,JB8ROX_4f.webp,480,600,27196,e5da4613004dd2af3b240db8abcdd2833e2e20acd1cdeb96ac200f70898889e5
JB8jRy_4f,Bloody Flower (2026) [JB8jRy_4f].jpg,64a367c8dd685f65deccd748242dc649feeba87915724ff1ee1c602145a97010,cards/JB8jRy_4f.webp,JB8jRy_4f.webp,480,686,26420,4ebfa49b8a43a2b4d870d5324f3ffdb5a519ac62a7ea5e2184b19e1a651aae74
JBDjwf,Witch's Romance (2014) [JBDjwf].jpg,3e6183e22c97dcc5384b760cbebec38680512dc1c3f1798737d40a667d306e69,cards/JBDjwf.webp,JBDjwf.webp,480,679,43678,54c63bd87e406edd2e3534a26f405a9c784ce57e2cb6018a7772c77087fc2fca
JBDzBj_4f,The Fiery Priest Season 2 (2024) [JBDzBj_4f].jpg,c423ed618dc639426f4696e8cb9db7469395b8ed7259d4a1bc8f8e0e57665548,cards/JBDzBj_4f.webp,JBDzBj_4f.webp,480,684,69092,59cf36700b854f8d4079d4bbc00ba137262b6659499833d6015d68e36ceba46b
JBEZmf,You Are the Best! (2013) [JBEZmf].jpg,e49c64b31ebceb77532b9fe1ac9c9f76fd4ee97bad50ec2deed1b8181283afd1,cards/JBEZmf.webp,JBEZmf.webp,480,706,63166,08214181a446b8930a41aa4008566195e3868ac395cb08c95f7a148c42143142
JBOEgX_4f,My Love from the Field (2025) [JBOEgX_4f].jpg,df88cab5a621f09035c6561615452c3e60a214df8829491ab841717babccad30,cards/JBOEgX_4f.webp,JBOEgX_4f.webp,480,648,31208,f243b2517a8801cc0df9ec5b1a1ba095c3000343823a26e93ac5bcf59b6050e1
JBQ7VX_4f,Delicious (2026) [JBQ7VX_4f].jpg,ff0f78551cd3c11823228e9e47e793ba961d1a1c2acfe353863bc242b6d14897,cards/JBQ7VX_4f.webp,JBQ7VX_4f.webp,480,720,23676,67ade92899cf8060ebd8d372e285d983676e94f74ec2de9ef442993f99c88beb
JBQqVo_4f,Summertime (2026) [JBQqVo_4f].jpg,6b43587fe4ff8496545cfd09dc048c8dc459b4c8d698b069b4bef04f3521580e,cards/JBQqVo_4f.webp,JBQqVo_4f.webp,480,720,43660,b4917155b7eafc38467dc67450e9b5ff6e2c7da48f7db70735658517c2d37e45
JBRbwf,What's Up_ (2011) [JBRbwf].jpg,0be6a5281c084e965548baf246371dc2f18b62dc4e8ef2bff0d64d8f69ce93e1,cards/JBRbwf.webp,JBRbwf.webp,480,679,48676,d7db60ef55a15d254fc38c679073140c969c8ba21bd802b576546f5000ffb5b0
JBXzmf,High School King of Savvy (2014) [JBXzmf].jpg,e9eed778fdf8bb3e1a6c852654ee74ee272d5a867d0a30626885a1db3c951025,cards/JBXzmf.webp,JBXzmf.webp,480,680,41438,4cd2240ece5674de55d115168c2048fc64a75d193a8f5e134cf4aaa8a2ee07a9
JBY2Xm_4f,Spring Fever (2026) [JBY2Xm_4f].jpg,8ca530399d614b1aa700981b16e7f81d396a3827af56f6ebbfaebd239333739b,cards/JBY2Xm_4f.webp,JBY2Xm_4f.webp,480,688,36152,4215782fcd81bee0269bbfc6dff5d161c361cd71fa7da94bf0669bc8a9b377a5
JBYLVX_4f,To My Beloved Thief (2026) [JBYLVX_4f].jpg,8cc83eea43a0b1c34c13065cf484d626cafae681cfa43b9a983c0e591c3c7493,cards/JBYLVX_4f.webp,JBYLVX_4f.webp,480,684,29450,2fd2a03eca25304c8b57e7783c3657cd1b5ee809dccefa84472fe76e9ca8bc90
JBYoyy_4f,"Be Good to Me, Ghost (2025) [JBYoyy_4f].jpg",93bf6cbf8ab5fbf97864afabcbb32e3c110fd57d39cea91b66ac12dd014e85fe,cards/JBYoyy_4f.webp,JBYoyy_4f.webp,480,720,46600,36ef00a3bc344f1e5fa7c92beb9686b108a23cc2ed70066d07e5357f11a51926
JBbAkm_4f,Heart Stain (2025) [JBbAkm_4f].jpg,7e7fed33a01347a46739179ec1e13a4a001f1ddbb9f8869d79d2cee748ffac82,cards/JBbAkm_4f.webp,JBbAkm_4f.webp,477,720,21834,3d400f3f56b2eb8ab175d75d41e75da6031424dbd302d986a957e8d5ae9d4cdd
JBbbbX_4f,Newtopia (2025) [JBbbbX_4f].jpg,1aeeebee4782cf3dd16178e5ca77f1e5d8b598f7b562dab2ce301468681dc37d,cards/JBbbbX_4f.webp,JBbbbX_4f.webp,480,686,45532,316bf4e27200e6e0c6fcd684b22ba97aba1ababbef28c65886275d788150130e
JBbg0d_4f,Friendly Rivalry (2025) [JBbg0d_4f].jpg,cc32e510f1edfb6b116e8b14f99240d176c90a44c2768f0926e0b42c374116e5,cards/JBbg0d_4f.webp,JBbg0d_4f.webp,480,684,45862,7854f261b1dfaea7f812cbddd12bb448fec1d453532a92ffce58484209d35066
JBdWNJ_4f,Shaman Girl and Her Mr. CEO (2026) [JBdWNJ_4f].jpg,77774c6b00377c8ff797e1befa50887edd9430523a619346a52d87667a653052,cards/JBdWNJ_4f.webp,JBdWNJ_4f.webp,480,600,37962,0ebd0ce2044fecb6a94a6d35a614f888f0a3499536154f24242830bf1cf8d431
JBdbWo_4f,Snakes and Ladders (2026) [JBdbWo_4f].jpg,30108d7753cc44da7bdf24ddc38f94ea29086c549f3e1c35132a0405784441a3,cards/JBdbWo_4f.webp,JBdbWo_4f.webp,480,720,15146,3d7f2f2b11ecc432bc24c3cf1389a16483fe5f1ec0cb8c62b5d3ade12af8f061
JBddQo_4f,OK! Let’s Get Divorced (2026) [JBddQo_4f].jpg,a6639d4c6a1e1f3d973cf54e57a6f557311ea7dd9421a082c12601c04047a492,cards/JBddQo_4f.webp,JBddQo_4f.webp,478,720,27786,51050e8c01a5b3ef26be3a4b9da485b60f9b0dda0194b25ab47e43c9f0ef9c26
JBeDoo_4f,Blue Boys (2024) [JBeDoo_4f].jpg,9762130b5f1866af65b8bdd13b24adbae610312d2737dd04730352a9eae7cfa7,cards/JBeDoo_4f.webp,JBeDoo_4f.webp,480,675,14252,7a187ce8d62e645e5dc451b5b5c6ba07fed58ed541c7ba31b97efef688021462
JBoEXJ_4f,When the Stars Gossip (2025) [JBoEXJ_4f].jpg,074ce3722d73a028338293c68146251d8aa3ffdb1bfdaee65a21edc15e610f07,cards/JBoEXJ_4f.webp,JBoEXJ_4f.webp,480,680,29330,2e191b4ee053a734e87e10ef9997bcb695eee2f161068586f447d4ad4249290c
JBoRJX_4f,The Queen Who Crowns (2025) [JBoRJX_4f].jpg,432ff6b5f55b8f28fa88c89723b829a46688cf22c16ea62539858007eb7263fe,cards/JBoRJX_4f.webp,JBoRJX_4f.webp,480,680,25292,ccf7eba167ddab5bd2616a7a1f96376c6b71867c5f690827ce3a4fb0ac2668c6
JBpElf,Empress Ki (2013) [JBpElf].jpg,88814c122f043efb912c9c3609fb516cc74849f1e67010f048a26a4a3f356e2b,cards/JBpElf.webp,JBpElf.webp,480,716,64600,1baef90edc81bf90f0253e6fcc26f279bae7476cd73adb41ae65f0b4e267536a
JBrDZp_4f,Siren’s Kiss (2026) [JBrDZp_4f].jpg,afd9e5856b49bb85d830c46d55df19d0730e95f57c90dbb27e57541e03d39bec,cards/JBrDZp_4f.webp,JBrDZp_4f.webp,480,684,22496,b7fe5c499590b83d456e1d2893fba019fa3c627e1404cf4b8661530b1b295be5
JBrONy_4f,All In on Highschool Boss (2026) [JBrONy_4f].jpg,f11babd50284fd2d6f2ad32801438fdc33fa853b6f5f45c48de0ab8d838d0759,cards/JBrONy_4f.webp,JBrONy_4f.webp,480,720,36352,74d1073e8f1335d4e48f3651175305c0d69cff627edc43f7c1b1b02190983ae1
JBrOgJ_4f,The Return of the Nation's Heir (2026) [JBrOgJ_4f].jpg,099b3a12368d4eb82923bceb51566e74c564f2bf8548c9e1b9268414fc807381,cards/JBrOgJ_4f.webp,JBrOgJ_4f.webp,480,600,42574,245b41b13f46c1d9ed3e16d74d3c71a4c1c6f9bf3e81f96bcfa938ae05b05c9e
JBrpnY_4f,Always Meet Again (2026) [JBrpnY_4f].jpg,ba15d9873f0566a32a32df41a24074d5a450468689a1456f8495a245a5fbafdd,cards/JBrpnY_4f.webp,JBrpnY_4f.webp,480,679,29630,f3d2b5a3150408cc13fbf1e1f9fc3955cbf14e4d3105359d51480fe48e5889ec
JBvnRm_4f,Who Is She (2024) [JBvnRm_4f].jpg,72ab9fc75e3ca5cbf64dd0e78a5e36347e2772312316eb5521bba82946a00819,cards/JBvnRm_4f.webp,JBvnRm_4f.webp,480,680,41124,c1b8c523713ca0653214ddd05e3a827bc79c84ce3938ea26e94a34b2a147cdc0
JBw0wf,Golden Time (2012) [JBw0wf].jpg,73193157c9fd11629e7b487486fae5c6b9f3f829394536ba486f6eec74098fb6,cards/JBw0wf.webp,JBw0wf.webp,480,716,48092,d8a04d319b3537c4552bb0079e5ca0d97b1c767aee229f3292fdcf47ffc6e82b
JBxPwf,Thank You (2007) [JBxPwf].jpg,39a05653534bea636e0af05051cb332af5caa9f821aaa9c9945090bbaaf5ca92,cards/JBxPwf.webp,JBxPwf.webp,402,600,46266,075cab63835d2c65418ae548e42be3a999fd48c91f4f46960990a4ccf7e2c8b3
JBy1Vy_4f,The Killer Next Door (2025) [JBy1Vy_4f].jpg,e9aa1367e38b04b63f4758844970d0ef19b3098d4e50e1b95703a0887a1845ca,cards/JBy1Vy_4f.webp,JBy1Vy_4f.webp,480,679,32220,4dc656e2e49f007f582cd44009687d3e63e59d41241ecdde280cc3c546f990df
JByBKj_4f,The Nice Guy (2025) [JByBKj_4f].jpg,0b9bbe647e68deac844220147cd997ee8183148bea7b8b526ee03e22d9553782,cards/JByBKj_4f.webp,JByBKj_4f.webp,480,678,18042,a23bfa44d1e97f3ecc05fd196698635e498448e4705e1a25aa129c4089fecbe3
JByrYp_4f,"Bon Appetit, Your Majesty (2025) [JByrYp_4f].jpg",737f636b50df6aac280ca8c455a84f244310cfbd04dc1a691677b4692d7112a1,cards/JByrYp_4f.webp,JByrYp_4f.webp,480,680,60898,c8fab8167f5291e3f9049e1b5f1988f81601e497ea2885deb1a4463b48107c1e
JERJlf,Remember_ War of the Son (2015) [JERJlf].jpg,5714842b8d3a3f1bc5ab1829933ec5e6ae3b92913c8ab649a952a5b68d00a828,cards/JERJlf.webp,JERJlf.webp,480,718,86700,b0a670dc5d255988047777888a81f44e32e65db13c9152713ed8696a0406e968
JEZQpf,Bubblegum (2015) [JEZQpf].jpg,915f92f6cbb6973f596e94a3109d92e84f8fc20bbc47a6361b7963e488bca77f,cards/JEZQpf.webp,JEZQpf.webp,384,562,37408,e52cd70760237ebe0a36242710a204af6a0f87315eb7c4e7e287b11767e0d956
JKzZlf,Haechi (2019) [JKzZlf].jpg,e5d8e39631a764ef5eff426ed89f42e1d5388f09d3e5cd31a2f79e0c4177dd53,cards/JKzZlf.webp,JKzZlf.webp,480,687,44812,d31d90de61ea93c4482fdfeaa0fb7d684ff41a6cabe41d9268a669adbdb8bab0
JZ03Jf,Something about 1 Percent (2016) [JZ03Jf].jpg,e94b6469af201f335665e9b94f50aa1ff26034f47972170ecae4097a7085b8d8,cards/JZ03Jf.webp,JZ03Jf.webp,480,717,53018,c45e6d480e549a6be25cf33512cffa51e3a6e3b5a4e840dfc293a59a068b6978
Jj5wpf,Secret Campus (2006) [Jj5wpf].jpg,b80be7c29293e8ace27e790f53bf3147f30afafaac814680fe72a8820b48b857,cards/Jj5wpf.webp,Jj5wpf.webp,426,616,24786,b0dbff020c48a64477afb1b798d0c935ac831535d2c780c6b243089047ce83ac
JjKqjf,"Me Too, Flower! (2011) [JjKqjf].jpg",74e29e8f1ed984280bea940e610546e351e1ddfece730eaafafc253cf675d9af,cards/JjKqjf.webp,JjKqjf.webp,460,697,63690,3aec50c691ebc311568d8efcadb03e1fcb23bebec5d1a54d90ab7f8bdd1ff81d
JjPDRJ_4f,"Hello, Stranger (2026) [JjPDRJ_4f].jpg",f586699f5f2379cfcdb16fe6f0617b5847b5ce32abc17c1f02e784e36b2d02f9,cards/JjPDRJ_4f.webp,JjPDRJ_4f.webp,405,720,15262,2f076fd2f8fc9d338f07de3e68753427872637e915daa3dfa044b6e7e9819925
JjWDwf,Divorce Lawyer in Love (2015) [JjWDwf].jpg,57cbeaa8d997fb17b015db85a963e4b4750ef3bc74c27b577efd301cd15c2ff6,cards/JjWDwf.webp,JjWDwf.webp,480,718,42938,b9ea0df0d814c98e6361195aaba66b9a52925ee52ba961fdf83da3c525b3e7b6
JjjBof,Love and Secret (2014) [JjjBof].jpg,d2202f0325275a8fde1886cc607b39db0b1dead7b2cd84be39acdcf34f0545e1,cards/JjjBof.webp,JjjBof.webp,480,699,64942,3d33e490794f9fbd51c6e526bc2e51dbf5d484754b6ff9c7db9de6fa64b03ccf
JjroXf,Unkind Women (2015) [JjroXf].jpg,8cff1895fb28c339d07d226bc87db74f5452de5485e92caafccb874268ee8698,cards/JjroXf.webp,JjroXf.webp,480,679,49172,89faad1e2be3eb8eb08d6c31345f47bf137f7f0255c625415080c924ac2b378d
Jjx4wf,A Hundred Year's Inheritance (2013) [Jjx4wf].jpg,e482c935c69900ead05b866490f5668ca824d66e1eaddc80cb72d0283f409c23,cards/Jjx4wf.webp,Jjx4wf.webp,480,704,32928,07a725779fb648e4bdd4fa40a8bdd127d27c7760b040ee5cd85cddf499886c01
JkD8Xf,Guardian_ The Lonely and Great God (2016) [JkD8Xf].jpg,14c1e2001850c58c2facf4851df73930a49c2e1587f983021869b1fc412e4442,cards/JkD8Xf.webp,JkD8Xf.webp,480,694,32106,6f7018fc7b5f268d4d8e2ca20658fefbe1fd43a27eaf0c235cf4ec13533ff2f0
Jkd1jf,Chicago Typewriter (2017) [Jkd1jf].jpg,c8edd3ba12407e7f94343fa05ded0a5617f9437b787ac48a0445b5a196ea5f88,cards/Jkd1jf.webp,Jkd1jf.webp,480,693,40294,cd695daa554cf0950f29349514c4ce78a562c265c94394fd9af873cafdc9de8e
JkryYf,Tunnel (2017) [JkryYf].jpg,fc1e75f8e11c3bd38cd41cb0f9c218c73d3a86adbdf2675b22a391306c632b4a,cards/JkryYf.webp,JkryYf.webp,480,684,38038,61598c6d7f75a8da1b2af131de46bb5f4c25c0e100d291192969b98530304256
Jp5lmf,Second to Last Love (2016) [Jp5lmf].jpg,aa1d4c64469d55edddf0484913022a5a3e7c7b16e4b2c2cc0ae4c604c146b579,cards/Jp5lmf.webp,Jp5lmf.webp,439,720,67062,356b8003ac5847bafe365a04bbef5ee1202aa9a17c297bbf27b56ae72fdf0736
JpW0df,Splendid Politics (2015) [JpW0df].jpg,5cf6a53c75afa55ba0335c95e798b61b9fc8755182283a3b49f93916cb23eda6,cards/JpW0df.webp,JpW0df.webp,480,616,50386,2b588d6baa3887f0b267d42123b74aca5cec01891bb9dfae6ffc0b8c06b55ed7
Jpexmf,Yi San (2007) [Jpexmf].jpg,cc5e9b390b626b5b0a8f21092de82716aa82f4e4444830ba1ca9fe3b5befa379,cards/Jpexmf.webp,Jpexmf.webp,480,636,39938,c328c7108d1c2e1fb079b9df543123e68a823f93471289b6634ade7416526ce0
Jx4LYf,Matrimonial Chaos (2018) [Jx4LYf].jpg,a8b8929721134d4b499376a2d6b8885df833894c162c3ddce5bd41cb397542a8,cards/Jx4LYf.webp,Jx4LYf.webp,480,681,26934,05fb882b5ded4f21f51ed0063da4bec5b51b8df379bf2ace0748e5310e0c21f9
JxRjYf,Rich Family's Son (2018) [JxRjYf].jpg,44fdcf7d227913c63dc3f54026e3c2c08e27d5113383730eb68b259256afdb1f,cards/JxRjYf.webp,JxRjYf.webp,480,684,91832,9e19f9a5e07a5068aa0b1dae0f51045a547e4a40ae09df8177667af2edbbcd7d
K52K8f,"Sweet, Savage Family (2015) [K52K8f].jpg",c5e59c7ab9249eeb050182ad81273649d08bac9e6b467ced3a84b4bbe73be9c1,cards/K52K8f.webp,K52K8f.webp,480,716,66668,bb69507b45729f973670bb9aad4e1e91892303813d7bf7bcd5e0642e98d51196
K5bQXf,I Have a Lover (2015) [K5bQXf].jpg,3b339af488cdec3dcce34fc3a1da8b36f3ffc0ab1e9a27e0908d958236bd6d97,cards/K5bQXf.webp,K5bQXf.webp,480,717,35628,076d580b9f041fad2bb50e83392fcc35f8cb84e0dcaa59b0f30c2015e3ffca87
KA1w8f,Lawless Lawyer (2018) [KA1w8f].jpg,ff28f49110db2045db6bcd7df01dd7b05069a78613a6c429e2dcb979c6061895,cards/KA1w8f.webp,KA1w8f.webp,480,694,64480,a004f9cf33745a67e78bb2980151c9c77c902db4c8a1ea516a55243fc73ebe32
KDL5Xf,Shopaholic Louis (2016) [KDL5Xf].jpg,b68754a58cc84c80392c49a829e1434cc995267b20ef053e557bccc3c634d681,cards/KDL5Xf.webp,KDL5Xf.webp,480,690,63174,5a0a434a1e62b9abb7e7230369bfa679ec15aded7adcb3811bc7586b44da4702
KnJ74f,Angry Mom (2015) [KnJ74f].jpg,2e38199f3b9b7e364edab93b1377ea52097db6d94db9b3f0c814b5ae17c41781,cards/KnJ74f.webp,KnJ74f.webp,480,716,65744,29430d6d8b467803fb1d08e9d9dac9f897ae61cbb3f5d4b5c368c5d75365a7a7
KnO1nf,The Man in the Mask (2015) [KnO1nf].jpg,b5e536e9746fb3b8788fecef51a22529b0f90c7c9a97c40a3d74328f0a20bd45,cards/KnO1nf.webp,KnO1nf.webp,480,659,38776,c5403b0fa18ba4d9b760967121642354ff8857184d5bbade37df85b7643cbe64
Kp45Dn_4f,The Secret Night Tutor (2026) [Kp45Dn_4f].jpg,41a28e195bf26e388deba1f48d62049ee4a0c80fa51754290a0f07bec4f2cfb9,cards/Kp45Dn_4f.webp,Kp45Dn_4f.webp,480,600,25506,865022c642fb955ea149b8911f10f21ded8ab2c76fbc58fa491905a6b15c1fa0
Kp45k4_4f,We Are All Trying Here (2026) [Kp45k4_4f].jpg,7669bf7e232f80b19513bdb803f09c39435a60ef978385d492d86cbdbcad4d95,cards/Kp45k4_4f.webp,Kp45k4_4f.webp,480,684,42490,cb90dec58ebfde7bcc080d7dea0d5ffc8267ae652de397dd30fa1ce9099e3f09
Kp4E44_4f,Reverse (2026) [Kp4E44_4f].jpg,ad74ab47586ba882594e83c5df2fa36ed78695dd9769802151d1271d37ff334a,cards/Kp4E44_4f.webp,Kp4E44_4f.webp,480,688,62060,8329ef7ec8414a01e75664928a6aa42041c4aab19e421df8ae6888b483a67d66
Kp4L8X_4f,Because I Want You (2026) [Kp4L8X_4f].jpg,02990ddcbbec1436172f07bb7c4b9aa140952df9387d0cdbcb2916e11be65f9c,cards/Kp4L8X_4f.webp,Kp4L8X_4f.webp,480,640,6808,73265dd427740d9c2b14564d6f7eb1aa1e2bf61a5eb3c073b38574bff77e2806
Kp5wRf,High Kick through the Roof! (2009) [Kp5wRf].jpg,3547974a410bc7b9a8b5c08c87b9ade4e85e25902e88e96c270ff6934d83e70f,cards/Kp5wRf.webp,Kp5wRf.webp,479,675,65956,7fd1198816640b80268a1cc6a3536720650ce88a698d69d406475a5e2783e643
Kp6byX_4f,My XXL Wife Is a Mafia Boss (2026) [Kp6byX_4f].jpg,a75936049f8a7891bf165b8054983f5f693e3e051a2e87fa78345b71c74c400c,cards/Kp6byX_4f.webp,Kp6byX_4f.webp,480,720,53782,6af95a4edfb9441bd33f6afa28b87e853022029d91fa7e0049d7f25e0704d4b8
Kp6qmq_4f,The Whole Family Dotes on Her (2026) [Kp6qmq_4f].jpg,96c0a93d476d8a0e0c2536816d5e433bde52c028a6ff000f12eb63509814c12d,cards/Kp6qmq_4f.webp,Kp6qmq_4f.webp,240,320,15212,36ab107e6bd819f255f6d326cd86a65548786d787fb73f261f62e071d8c6397b
Kp8y4f,Pride and Prejudice (2014) [Kp8y4f].jpg,ad061a5f416c711968a72dbbaec1fafa739d901f721e4816c8de386bbf8698bb,cards/Kp8y4f.webp,Kp8y4f.webp,480,716,45958,756c98f8bec94576c1592def67baed006fc8787ee7177b8185e4822aebc303c9
KpE6vR_4f,Business as Usual (2025) [KpE6vR_4f].jpg,a16a96a605e8dfb128e72e1c1b8906afe31e0cfaa77f400840e553bc2b7739b9,cards/KpE6vR_4f.webp,KpE6vR_4f.webp,480,719,27248,5562cf80e24b0c62a7553d157cb1dc5c52e03bbdf681e9fa73e119c4e1c6d85b
KpJ8y8_4f,When a Man's in Love (2013) [KpJ8y8_4f].jpg,e77a669534a6f5ae20f16f1a8f05206c5666a634e7314eec10a39be7636dfb10,cards/KpJ8y8_4f.webp,KpJ8y8_4f.webp,480,716,30192,e2dd11bb45feb121a52decc9fe0c5abec9841f028ef8a30252e7531e71711577
KpOvwj_4f,Heroes Next Door (2025) [KpOvwj_4f].jpg,757dde1b1d40d94b0e0fcc466664e002a0f8217781d92e92bab1be2e3d3ac4a7,cards/KpOvwj_4f.webp,KpOvwj_4f.webp,480,686,43842,764d0f86d75ca8d13e56cfae1d672bff0054a70b5fb48967bb02f271148a50b4
KpPWJf,Nine_ Nine Times Time Travel (2013) [KpPWJf].jpg,6d8f71d7de2d9a27352ee63679d3a0121a36adc0eca8c6a06bb6fbbbe376811c,cards/KpPWJf.webp,KpPWJf.webp,480,680,38578,abf35eda9facd9efb86752ce3ada2f54e2372786d7a449b21482003b35d63255
KpR6ev_4f,Forever Young (2025) [KpR6ev_4f].jpg,99fc5a9cfbbaf80ba5d1ce6fb3eaf563c9010073faadcdda0e3b94327d80d13c,cards/KpR6ev_4f.webp,KpR6ev_4f.webp,480,686,33924,6b3224855c8a96ec89cbd16239381fc087db2901508ad4bfc08ecbd037bfe8f7
KpRB8j_4f,Share House Part 2 (2025) [KpRB8j_4f].jpg,7b0fc26ef3bfe759eeee9fc27ff150731b9cbd4d18f47c28beb1c502e8451b0d,cards/KpRB8j_4f.webp,KpRB8j_4f.webp,480,600,20456,cacade1415688b93273d887b6818137e8e4cd2182490f6350f7f717f65b75714
KpRD7X_4f,Trapped in Dangerous Liaisons (2025) [KpRD7X_4f].jpg,18cc91409174e60ddc8a991259b379cc769a2b807fe0b16151ce626a8c745d0c,cards/KpRD7X_4f.webp,KpRD7X_4f.webp,240,320,15100,85d5e8bccc5e73f5ca2da82c83c314b69e700da42cac36672f199e61de6cc877
KpZADf,Yoo Na's Street (2014) [KpZADf].jpg,1f284c511c4f361016ad7ac06f50976c1c711a491e88a3e892301011669e5c84,cards/KpZADf.webp,KpZADf.webp,480,708,58808,c22831a9d7951a7901406710878d4cc056b83dd4b9a57792483cb60cb1b64184
KpePnX_4f,The Romance of Zero Chance (2026) [KpePnX_4f].jpg,8532258e9676fbdb668766de57d3b8275cdfd3e7a5e77845e462c34b658a2e36,cards/KpePnX_4f.webp,KpePnX_4f.webp,480,711,38924,587d52225eaecc490b6fa2ef646b9fd40cb8124f9a66fbbfe3b5f0555379c373
Kpkj8f,Sword and Flower (2013) [Kpkj8f].jpg,f34a3af78edd9fad1a453ae7d79f45714084244b87fbedc531a365648eec9e3f,cards/Kpkj8f.webp,Kpkj8f.webp,480,719,62808,88b938903f4997a122dc5fa22b4da1dfbec4228612ea3f91f2ee9d45973ea116
Kpkwd4_4f,Idol I (2025) [Kpkwd4_4f].jpg,3cd81d9cdfbbb0886aa8fe4e0acdebc8b807b9f28fed30ef8bacecbaf80b3d01,cards/Kpkwd4_4f.webp,Kpkwd4_4f.webp,480,684,34342,0325672005d5f552d61d1604faefb7ed49693b3a65b1f7cc1d1cb2f251648b5f
KpkwqR_4f,Pearl in Red (2026) [KpkwqR_4f].jpg,a7c2d1d8a9bf78add06e7b14e64c3c102a088f09940e671fe90d6ab125b3dee8,cards/KpkwqR_4f.webp,KpkwqR_4f.webp,480,686,39470,7a82a1271e2011db26090671c8e6121ef008edf6a1b68891a6e6344cc3379592
KpoyEX_4f,This Is My Second First Job (2025) [KpoyEX_4f].jpg,04eec6b0fbc01db75e89ab2799172e7289962e5661b1aef3d799511725f51071,cards/KpoyEX_4f.webp,KpoyEX_4f.webp,480,640,27372,2be89efc54d62483d8ff720915347164b279479cb569d9bf9cc655bbf49c203a
KpygA0_4f,First Page (2025) [KpygA0_4f].jpg,c278a45d900f94823c24c5e6c126575d9b7935d1b86c31b866ff093dbcbb22b9,cards/KpygA0_4f.webp,KpygA0_4f.webp,480,600,21588,7e6005cb390f4c1fbd54c59a380528d6f6b8f3896c33aafa83b50f7f232929be
Kpyj2n_4f,Sexy Marriage (2026) [Kpyj2n_4f].jpg,51a7145074df6ee8f6402a70c1af07b0ad85b0233cf38411b3712d2e7e7833b2,cards/Kpyj2n_4f.webp,Kpyj2n_4f.webp,480,720,27538,6df9124648a12df6ef398027f680cbc12bd38b6b36bd0d2b0f83831b8138908b
KrmrJf,Liver or Die (2019) [KrmrJf].jpg,4b4ddbb478c06bb1b44384fb6a91d156e9f8a5bb3bbb347cb2fd957d3009b609,cards/KrmrJf.webp,KrmrJf.webp,480,680,37368,5aa6b8aa481a70ae3a1895ab7f09bbf2a4824e2d7e8226b6b1022cb08cab99fd
KrpBnf,When Time Stopped (2018) [KrpBnf].jpg,b9237403b2952ddb1087ae462ea931152383b00fa97a9d022225e17d7dbf39b4,cards/KrpBnf.webp,KrpBnf.webp,480,679,37680,8bc6b937ddc8e4d1724d4d122737466170b787f81c6a3872c822f3d3b98a8cc4
KrrEnf,Gangnam Scandal (2018) [KrrEnf].jpg,a6376d05b44817b57c946669c204ebf7cacc7758363db10d0ff647a4038cd979,cards/KrrEnf.webp,KrrEnf.webp,480,696,42706,ca350dbcebcc6c1eb73bdd0531369c8379c086fb4a23ad8f993fd540cef1dfaf
Kxeb4f,My Only Love Song (2017) [Kxeb4f].jpg,b9196ae11cebafc3cbc52ea20bcabb97ef79a77a8bc7382df2ff29b1f90b5782,cards/Kxeb4f.webp,Kxeb4f.webp,430,607,50318,edecf55df1edbfe61732acc1dcfcfaf720fe0016902e3ee1f0671710901149ce
KxgYRf,Dr. Romantic (2016) [KxgYRf].jpg,0407ef31582c01751695c6b8bfd9af22fdd6eb8a03771c3aadfb9e5574c261e9,cards/KxgYRf.webp,KxgYRf.webp,480,718,79202,362836e91d6b478ed7f69f7e3969970178a625fe57dbe206ab0dd3892beeff09
L2DXRB_4f,Help! Trapped in a Crazy BL Novel (2026) [L2DXRB_4f].jpg,c361163233850c2a4ce3e13008bcd6f22a6186d4c4c3f856bbc8cb19934881ae,cards/L2DXRB_4f.webp,L2DXRB_4f.webp,480,600,42184,4fa92b96c97e290863e29bb54504a3e3e084c0348cdd36684128fd1d6cae2a85
Ldnd5f,The Good Wife (2016) [Ldnd5f].jpg,e316d18078256317a0b209e159f579f9cb06036a895ed8714306c9cde46d8361,cards/Ldnd5f.webp,Ldnd5f.webp,480,686,46274,2c1dfee4ec102fa44c0ac2d6b586c8ce42393042d5d1c5a744bcdb3058e546ca
LeKNbf,"Saimdang, Light’s Diary (2017) [LeKNbf].jpg",cf721b1b52d55b300a6bd5a38bee299de6980df7c4b745b1b15d15c40d25c643,cards/LeKNbf.webp,LeKNbf.webp,480,679,23580,c75c438cd17fe4a2426d5bb595d2c1fe017c826ddae9bc273c1872a92fdc060f
Lenybf,My Wife’s Having an Affair This Week (2016) [Lenybf].jpg,07e3ea3f4c7e659049e14a07232a8e9fad384a826389413fb9283f32b61b6393,cards/Lenybf.webp,Lenybf.webp,480,686,39866,ebdfbc8ac03943438f0502273dc39af5c1dae67ffdc06ccf6066f8b9d94a8b5e
LpQwbf,My Golden Life (2017) [LpQwbf].jpg,e3ac803e4d06ef0fdbbea2fc4ab2fe58a5e073c4a62cc74467017be01173f5d7,cards/LpQwbf.webp,LpQwbf.webp,480,706,36042,e64271f4d3f1262e0437569718127422c8c4d95b91a6cd20467df256226b1079
Lw06oD_4f,Cabbage Your Life (2026) [Lw06oD_4f].jpg,814c9a1f2b9d0819b15125450341c3750e9f52a1687ed45b92832f52c53a66bf,cards/Lw06oD_4f.webp,Lw06oD_4f.webp,480,685,45588,0c7f39f77aa17a21544dd8b5715d621286acee9479dbe20b11008d20b67c9b84
Lw0gV5_4f,Because I Want You_ Shorts (2026) [Lw0gV5_4f].jpg,6bac1f3a03c8ce00fe2fcd73270ec1eda147cda2dba698beacb3f6c343ab1308,cards/Lw0gV5_4f.webp,Lw0gV5_4f.webp,480,681,22138,100717ae15e7ba99212958b255f3c7439ca8cd0bc04b2dbec6349ab8722ab30f
Lw0pZ3_4f,Mad Concrete Dreams (2026) [Lw0pZ3_4f].jpg,e883bb6f7681b8194955706c3c0b1de64395bb77b92b68081ac5535757342d6c,cards/Lw0pZ3_4f.webp,Lw0pZ3_4f.webp,480,686,33874,21eed884c9a3826a6ad4c1d47c0b5c79a4044a287def9407338ed471a4623208
Lw0pbx_4f,Still Shining (2026) [Lw0pbx_4f].jpg,f523fa1a42678c72f639426a6b2c77a59e593cd661f91570849a7b730336c0f5,cards/Lw0pbx_4f.webp,Lw0pbx_4f.webp,480,686,36136,6c6ac03475463a9eb40044ba1a168b27284e28067f25eb79a4e5421b50743081
Lw3l7f,Soulmate (2006) [Lw3l7f].jpg,f4194abfeef0fe45f07cdf29c9a282b45e7e02f999117ec2f6ed26f051bd2b7a,cards/Lw3l7f.webp,Lw3l7f.webp,300,435,17444,37faa9f2523053e3d9bc0c8a09c44cdcdbf1f755e45c84bdaf9a672554ecd83b
Lw4YvD_4f,Her Garden (2025) [Lw4YvD_4f].jpg,8e14b8974aad1201a03dce5c01504c30465a20c3c800cf3fff066863fffe4630,cards/Lw4YvD_4f.webp,Lw4YvD_4f.webp,405,720,31748,cd49933c1a724ed74259ffde8d4e0cd8321d58db182121cc8dff9941a6a6f80c
Lw50k5_4f,Lady Boss's Perfect Revenge (2026) [Lw50k5_4f].jpg,ea862f5c918d6072630c4012590f70ebb0e9038f969ae320fc3447d9f61cf1ae,cards/Lw50k5_4f.webp,Lw50k5_4f.webp,480,720,61548,455fabc48c7f1acbb0c8b3182e7fc8308b5fdacd34e873686a48a905e22679bc
Lw6ny7_4f,The Mysterious Old Money Heiress (2026) [Lw6ny7_4f].jpg,db5af4d5fb495e54b3493677b2216c6ec7a882d350f584312c9625ed02d6466d,cards/Lw6ny7_4f.webp,Lw6ny7_4f.webp,480,688,26730,8f8275abecbc0bac3f925fabd393ff6c23d8af27beb13f495d96449aab661e93
Lw7Qvy_4f,Heesu in Class 2 (2025) [Lw7Qvy_4f].jpg,826127ce129e738a8dac8906a5ae8450fb90b1e7ae53470b7d8688fdab231cc4,cards/Lw7Qvy_4f.webp,Lw7Qvy_4f.webp,480,678,46168,f1195f49247a261588ce1baf45db0a22567193e8cfe614a905701fe66f41aff5
Lw7jrL_4f,Cringy Romance (2025) [Lw7jrL_4f].jpg,24e1109eabc8ce9ad448e942c8e0fe612a1cfadddd995e2aa77f8c6babf17516,cards/Lw7jrL_4f.webp,Lw7jrL_4f.webp,480,600,36262,a944fe19c91816eff0f4657281f3dcb02fa692762598aa4958f07e6b060b27b4
Lw8DY3_4f,Kick Kick Kick Kick (2025) [Lw8DY3_4f].jpg,920516c59fc6a048b9ae497ee8e595eb2a8c5fba81329e0c02da4e6c21b74ee6,cards/Lw8DY3_4f.webp,Lw8DY3_4f.webp,480,678,33170,69dc68a4c78389f81f5011405980a62ccfddda1fb3aca653a053418d09bb3340
Lw8pBf,Stairway to Heaven (2003) [Lw8pBf].jpg,82d73b21714876c38fa7f7856d878cdfc1ac320688830fb7349be47bb55ffccb,cards/Lw8pBf.webp,Lw8pBf.webp,480,632,38150,0f7f925adab627924b691b9514065c9274e85bb58446653f3e306f1f5911768d
LwBY3f,Coffee Prince (2007) [LwBY3f].jpg,391837c7a44a97ba9443e01b3bd16997767585bb71516dd7aa75dbf4f11d444a,cards/LwBY3f.webp,LwBY3f.webp,480,706,57266,301500ac6bd148f1695ba62d4bdf274bb43161889e0bbc217a7afe44a0fdad3f
LwKV45_4f,Platinum - Behind Their Lies (2025) [LwKV45_4f].jpg,b516b65fb1beff150df2dd0d6f399a099f7cd66956962eaccf5632cefb4560c5,cards/LwKV45_4f.webp,LwKV45_4f.webp,480,720,47618,0a49d71077b528e71c3e75d17bef36d100271e4becc9706b700a30ef2859c009
LwKjA7_4f,Save Me with Latte Kiss (2025) [LwKjA7_4f].jpg,2df95de9b304656408a1de9e646200340cfbf141c185115d33d8814f47724b49,cards/LwKjA7_4f.webp,LwKjA7_4f.webp,480,600,25796,fb2d187fa6c74e4eaac4d0d37e468dca13df6fbf2b31dde4f241ed9e7a534f0f
LwO6x3_4f,Couple Scandal Season 3_ Forbidden Temptation (2025) [LwO6x3_4f].jpg,80757cbaaad68cdabd69748f5ec53f4c3c4e37238da72c0ff3bcf121a2d67bee,cards/LwO6x3_4f.webp,LwO6x3_4f.webp,480,710,23714,34edfcf6622610b84a91840e86d00635510487c090d2240ca58f513f89f1d6f6
LwP8rb_4f,My Lovely Journey (2025) [LwP8rb_4f].jpg,d24f347535e873e5286d69fdd23def85439926a3bbcd94d2e73ea75e6c1b9eb3,cards/LwP8rb_4f.webp,LwP8rb_4f.webp,480,687,34106,bc3fca94ac514f5983baa112b2ac16b95933b7b52ae3041e3ebbbeb4603f225d
LwPA1D_4f,The Nameless Season (2025) [LwPA1D_4f].jpg,adcccb5c490dbfb290fe18267f0232ce16e1a52c3d1b052e5f2977b276d959c8,cards/LwPA1D_4f.webp,LwPA1D_4f.webp,480,679,19000,f510cb448c0669a7dd866323006cd32f8d746e5afa2a9e85c60bd82bd9b7189b
LwRdyr_4f,Dear Hongrang (2025) [LwRdyr_4f].jpg,92cfae4e09e9eb0a6543cfb12ed96e7a39a87f9d1687219650e11175db442105,cards/LwRdyr_4f.webp,LwRdyr_4f.webp,480,600,28876,0512fea80bf8a2eeb6e149572e81d9285368e06680102bea2b92e5910ded003e
LwZPrD_4f,A Stranger (2026) [LwZPrD_4f].jpg,1aac5196462754c475dad8084c4e3edd353a5c533ee533168ec17a32b8bf6a78,cards/LwZPrD_4f.webp,LwZPrD_4f.webp,480,586,18786,bcb744431a03383637f0ac20547063800308433cf68869607d736e81183e9e7a
LwZWvB_4f,Love Hurts (2026) [LwZWvB_4f].jpg,849b540e1ee68001f5d6bee6ecf90932d7716ce5ac352b8a5b2379e168e888d8,cards/LwZWvB_4f.webp,LwZWvB_4f.webp,405,720,18218,504581fa41a57969a21ab0878d30889c3581f32a113e7dc984012e3f356757c7
Lwbj0b_4f,My Boyfriend Is a Sculpture (2025) [Lwbj0b_4f].jpg,5864e8df10199932d67fcaa1f77d08cbe26256ed5caa34d4c689e78e1b0f3243,cards/Lwbj0b_4f.webp,Lwbj0b_4f.webp,480,600,18282,5ebb15f00a62453a9105e61e4e2ae0384b6bd7bb6016ae7404746a398c274f07
LwkQrf,Que Sera Sera (2007) [LwkQrf].jpg,710f853a9a82cd38149319ec9f1a9f4c7145732ac74db58459daebce4337b5d5,cards/LwkQrf.webp,LwkQrf.webp,480,411,37440,080b1a0a0bd8876e57003634bc376845c09fce5545099b872ff84f62c7d58fa7
LwoxKy_4f,Deepmate (2026) [LwoxKy_4f].jpg,c17868e4abdb79d67bdb4237c22e8b77e377fa48fc683b055faf630dca35cdbd,cards/LwoxKy_4f.webp,LwoxKy_4f.webp,405,720,16632,d07545441c0d417dbf3053306d55c8a623202310d0b492e27f71fe006624eeef
LwqYm7_4f,Cinderella Game (2024) [LwqYm7_4f].jpg,1e06eb1a715c744b485bee22be2476a754190ed4618aad0bf660c8d626c8de9c,cards/LwqYm7_4f.webp,LwqYm7_4f.webp,480,688,32728,8f2c94aa9c200d37fe59286c22e2efce5dcd7603e8fe035f997a4a55f5aa5633
LwqnQg_4f,When the Phone Rings (2024) [LwqnQg_4f].jpg,ddf1edd0c57ebb7c660b882d65e7f11ce0a44963b980655c2cb1494ddb0fa2cf,cards/LwqnQg_4f.webp,LwqnQg_4f.webp,480,680,24328,f5f9591c3432c137c5deb7661c3fb27196398c7aba4f46e33e2ad0747c93a226
LwrPoL_4f,Checkmate (2026) [LwrPoL_4f].jpg,42a2afdd1af52f09f960452e75b11294b9d8891622f50afdf41cedee1116a613,cards/LwrPoL_4f.webp,LwrPoL_4f.webp,478,720,34004,e745967d8f748a0b489e18e6af56993a8458c90e5e9784a4218f3f2aa2fa498c
LwvNgf,Golden Cross (2014) [LwvNgf].jpg,a24bae4bc1dccb423de6855cfa76113abc8f599291ffd3e748474cc406b137f6,cards/LwvNgf.webp,LwvNgf.webp,480,701,44848,9c438f08dc7dd80bf4c9d1268db9297435561909be14a1e30442b2be13fd497b
Lx1NDf,Trap (2019) [Lx1NDf].jpg,d1f0233fde13d9bcb0df18036cc674b7f79d1c3bb17006b232a6a7c9a7938c1f,cards/Lx1NDf.webp,Lx1NDf.webp,480,684,48470,0c2d8eb76e13c5ae4f6957aa20ffa16f9c6286964550148ae38a33673c8fea84
M36eGf,That Fool (2009) [M36eGf].jpg,ef76b0af49195d866d64e1846b5ef23ceecce72cb374ebca4df37d98c8717189,cards/M36eGf.webp,M36eGf.webp,400,600,30540,b500302b1d971b351f9d81335abf596780ccadff43c5a0a560c20bbefdf859f0
M3OAMf,Playful Kiss (2010) [M3OAMf].jpg,10e2dda7bd676cb5257926b921eaf0e45ad4e1f02d07b536960488da49b655eb,cards/M3OAMf.webp,M3OAMf.webp,423,599,75676,1f0d3c65471b8665abca02296d62091fa901ba926744a3b9eda0db4f39567039
M3n5vf,Goddess of Fire (2013) [M3n5vf].jpg,1bf68748f7897a6aa5e3a59d9f4cc166891b6461d2a6b667bf03f1a15a4ec8cb,cards/M3n5vf.webp,M3n5vf.webp,480,716,34294,c0fcff0b727ad258524b05b91b1607a7f5625e6e66b6f0032f896b7bfc386237
M5Zwaf,Hero (2009) [M5Zwaf].jpg,e62820598bc060609d0db78369545f7fcfdd805e30c601441e02265b0ece23a1,cards/M5Zwaf.webp,M5Zwaf.webp,430,641,27038,23a328bef20ec09fdce33d41ee5cdc72e68c61089c1f074ae9d501db66ce88c3
M5nEBf,God's Quiz Season 3 (2012) [M5nEBf].jpg,ce95474b1a0b573d9535d41a2f49d8b9f5c2cf3991ca09ec69758b85bc968d92,cards/M5nEBf.webp,M5nEBf.webp,400,566,49426,41ae6a5009c5513eb31df0133aea575dc427795394711fc1ac0695de32e610ad
M5v84f,Noriko Goes To Seoul (2011) [M5v84f].jpg,22c9cc27785063d42a038828c920932886ef8cfd8448628574d3fd347749e7d7,cards/M5v84f.webp,M5v84f.webp,300,424,24114,d2f174dddcdcd7e1a6a0ed40028682e1a5a5687c199633b047e586871b01101a
M7EkLf,7th Grade Civil Servant (2013) [M7EkLf].jpg,e45df17df00959c26224ac1a77f58fcff7f500e3d61ee30a862a7c6db15f86d7,cards/M7EkLf.webp,M7EkLf.webp,480,720,37098,ca47b39404dc9bc87d1c1374b4d809f78519a5445fd6278b5251df0828d2387e
M7KQyf,Haeundae Lovers (2012) [M7KQyf].jpg,4b6f1a71ccb26bef9cc02b3427844205c9c7afe766486b586009ff2d34b83aeb,cards/M7KQyf.webp,M7KQyf.webp,480,719,55452,b915bdf8c085c32116320f686294e5afbed29607187dbb3b7ef9d7253f31e807
M7vwNf,Wild Romance (2012) [M7vwNf].jpg,58e8aa0eed4d1988fbf5f5db9e167e33ca7a38a43dd8916b6aa4453438109f3c,cards/M7vwNf.webp,M7vwNf.webp,480,699,63148,338c8e91f3a2be940ab020a5c874bd8a166559d08a094adb5302d36b35314633
MAJz4f,Dangerous Love (2006) [MAJz4f].jpg,af521f252a6387bb3d16b5d4ea9d08794aa15e6902dfaba827257f3de096dc74,cards/MAJz4f.webp,MAJz4f.webp,480,304,5762,d6522bd7f8232ad4afdefc643f28e1cf3cc77400b5b9d0032e026e35e488916c
MAmoXf,Queen of Ambition (2013) [MAmoXf].jpg,923b276758bc604466e23b257392ec58a29c1d5803c1cc3327d8e21964f36fc3,cards/MAmoXf.webp,MAmoXf.webp,480,716,43324,453edf1f40a445fe24efa234d314c9c730ae70d1f7f11e4724dcf5e4301e552d
MB34Af,Temptation of an Angel (2009) [MB34Af].jpg,917292cb588eb69d42ce7e7b73e60cdd8b85292321da103ab4d0501b0b40e71d,cards/MB34Af.webp,MB34Af.webp,400,567,21544,d507812d3d19735932f4c27656acd30c6df599b2b8192204a5b13416be104099
MBJ1Mf,Athena_ Goddess of War (2010) [MBJ1Mf].jpg,b0998580729e4f5f69a6e280320d629a48e80d585f6ad87639e88ae6978ec425,cards/MBJ1Mf.webp,MBJ1Mf.webp,250,393,21064,20e5ba66261b46a1c12335774189df12383b798b9a64d72de16a2d4b14cfa5ea
MBJzMf,"It's Okay, Daddy's Girl (2010) [MBJzMf].jpg",890c9ef13d33d2fd49f2adef3caf90c6c8a20894dd996895c3b6ac64fd22d6be,cards/MBJzMf.webp,MBJzMf.webp,400,600,37088,e9beedc5d1b9fa6aa26bcd136c35ab10975e3fbb79df5de36963ede1248d5f89
MBNqRf,I Need Romance (2011) [MBNqRf].jpg,32f159c18df264caedcbcd252605d9c9b39ecdc8271bd17283da7501ebc7ff90,cards/MBNqRf.webp,MBNqRf.webp,474,720,38724,d897512cd46913aabbbac6cbb0e20b75c275f91a989c61854e70affcdd440f2d
MBRLVf,Two Weeks (2013) [MBRLVf].jpg,4d3e7fe4cf6a2d34fb7c3d5bc280cf673e869a16ac54accbe7fe6598f7c47c93,cards/MBRLVf.webp,MBRLVf.webp,480,716,58008,f51e615252fb9a18ff862db31640c1d5cae2cd4763082469c30d652d163e7b63
MK62Xf,I Hear Your Voice (2013) [MK62Xf].jpg,8f6fda5f7d90abc5eafa56edf92902e61a4fa9c10b7baf9ba74136a840279b2c,cards/MK62Xf.webp,MK62Xf.webp,480,716,34364,9c11f725c0511b5acb3d090400d4471b98cd5f1718c2f77f07ba4a469b96841e
MR7Paf,Cinderella's Sister (2010) [MR7Paf].jpg,a7f67f1a3bb0e0e2bb9ee3d273ae839e35c6e7f13e43b3a310600097eee97d66,cards/MR7Paf.webp,MR7Paf.webp,412,599,34938,ce0c4eb1822989389af20940210f2c438f28dcb25548cbdab369c7e435a0f467
MRvgMf,Cinderella Man (2009) [MRvgMf].jpg,f3de6ab649ef9d62ffa96c60e27a655dcb02f56037727ad121510df26f36a693,cards/MRvgMf.webp,MRvgMf.webp,412,599,28772,15fc7f3089fca0c56e2f71def48fb90ce275990a789b8f2f90eac9096f8cb0fa
MRxr9f,Thorn Birds (2011) [MRxr9f].jpg,760e16bd96393715a9eaf2afdf9e4b84fd12348936349b7b77f29d062e5a9987,cards/MRxr9f.webp,MRxr9f.webp,400,600,24678,9bffd14af04facd4d197a8d739a6009fc9ab186d403cef8b3cbaee8c30877030
MX2znf,The Princess's Man (2011) [MX2znf].jpg,0655a9327f65b486b41b6bdb469bff968fa21be330c0f7849d65ef273d5f33eb,cards/MX2znf.webp,MX2znf.webp,480,699,61762,cb6b6388701f2f371cd1e188fd99a14f0d2678fcdf4e7807c9937126d8eae34e
MX8dwf,Scent of a Woman (2011) [MX8dwf].jpg,036236d7734a5ba8db405251587a9c2e1b6667832c402dc55241dfa9c4d2c62c,cards/MX8dwf.webp,MX8dwf.webp,400,566,43468,89961a1b377eb6b58e1c7f6b062077fd4950bcfd5b796a688ef4703c553228f5
MXdApf,My Love Patzzi (2002) [MXdApf].jpg,36e2cadcd4836f3a178aeb6a8f5c163cf6059159ae45310ec14577c11b509024,cards/MXdApf.webp,MXdApf.webp,270,382,16412,aec34e4c444b642d305abc853c981a5fedd707b90b3ea09a237f056531cbd16d
MXdrxf,Playful Kiss YouTube Edition (2010) [MXdrxf].jpg,f8607e0eb64cbe7c7a2e898be3f24c8f95c0befbdbc546e41f1725d0c794d999,cards/MXdrxf.webp,MXdrxf.webp,250,350,24794,aa9127a9148506594e03942d678463df0ad3aaa64922dc2782c60e81538dbde0
MdQ2ef,The Thousandth Man (2012) [MdQ2ef].jpg,5f69da745e1b6dda633a0d23227f64924da1bac2f3ecde5e1b51b8488decb57a,cards/MdQ2ef.webp,MdQ2ef.webp,450,671,55674,2fae2a2ce7c812ed2442a6dd4d52581ed2397565c1858f1a785dcd8d007d9326
Mg3k1f,Good Doctor (2013) [Mg3k1f].jpg,25ab5939d69e2d7f8d96dc1acafe66ace9457b4023d3e9f3e4b7577ee6c420cf,cards/Mg3k1f.webp,Mg3k1f.webp,480,699,47952,4c7dc19c5823e1489a36ebabc4411fe6a8f8b733cc3ad366ecd1bc0ecddc4f30
Mjepyf,Ohlala Couple (2012) [Mjepyf].jpg,f401aa373e058ef2d3da5f5cae53855b71d5cb5c51f6b7ee395637d3b2a5a277,cards/Mjepyf.webp,Mjepyf.webp,480,695,44914,58c6ed233007ac365be21a7b8212407d1f11ea9223a5fdb2eb3f991bbfc73ead
N75Yof,Just One Bite Season 2 (2019) [N75Yof].jpg,63d86dad7c5e0197485c44ed5486893734a20971a846c2bf81d028bbba76be0a,cards/N75Yof.webp,N75Yof.webp,480,662,39168,03871bad53e659b8f337273dd2d3a5e7f56015ad8bcc75ee3e8ba288e4f0d669
NRE0ef,The Girl Who Sees Scents (2015) [NRE0ef].jpg,f033eecd10d30f6ad7b3b948f93a48732d52d972a580b47586ea1d85a03d0578,cards/NRE0ef.webp,NRE0ef.webp,480,720,43724,8ff884636563e93381d4fd64109a47d5a5f70d7bd4b23c8f7690a1cf9da66daa
Nd0zWf,Birth of a Beauty (2014) [Nd0zWf].jpg,80e3c35bb4e58c08bbf3e6586cdbe197876d1a69158b944f51e699f453365e68,cards/Nd0zWf.webp,Nd0zWf.webp,478,720,66064,21470e79791f3192a542ad2e60212e74d661e870f54c57a01ded28bd187fb263
Nd66QY_4f,The White Angel Has No Wings_ Fallen Girl (2026) [Nd66QY_4f].jpg,f3d62770e5eac56bb5a86425fe970715597b29a57fdc6d6445ad53a42629ea64,cards/Nd66QY_4f.webp,Nd66QY_4f.webp,478,720,33328,46ada03ad7dfd298e1cbe2083f4d4b12823af05b6ef9b51b59f4bd9ef5f07200
Nd7QAf,One Well-Raised Daughter (2013) [Nd7QAf].jpg,dcc8da450b5984b21ac6d79667bcd28608c4b0de1dab9b72594827d046f24446,cards/Nd7QAf.webp,Nd7QAf.webp,400,597,39184,d4c2689c0c031b0cf79ad4ba112cbf5e5ff6a52f04c7f0e6dd0b9eccc44f78ae
Nd87lY_4f,I Kill U (2025) [Nd87lY_4f].jpg,83dc52f9cd8139df71cc92872709c737ffd469b19c69925054fa211d43d54cf5,cards/Nd87lY_4f.webp,Nd87lY_4f.webp,480,600,41620,1281ba6c5027502b080f4f670d34459d0fc4dc81704dc933a6fc862d28e46f9e
Nd8NpA_4f,Thrilling Blind Date (2025) [Nd8NpA_4f].jpg,17d391260d0f4ae5aa671733239a0aa1a2269d250d9745f99a59256055b58733,cards/Nd8NpA_4f.webp,Nd8NpA_4f.webp,399,720,18316,efb1b249a2c57769e753354f7a2c81a045a321a2b6700fd8fad0aa4f961dffdb
NdAzWf,God's Quiz (2010) [NdAzWf].jpg,6ad589b0c68884d79d4dad665e39f70c757dc6e164e2e978ec0bcba8ceefcbeb,cards/NdAzWf.webp,NdAzWf.webp,480,676,59604,336285102e54be549ba6d95b04ceea440df478dd1355aa0064d5636100a353b6
NdEgQR_4f,Something's Not Right (2025) [NdEgQR_4f].jpg,7c649387251589f6ab0b3f507c3a711b49eaa4b6b9b9a81f51eb52308f7280ed,cards/NdEgQR_4f.webp,NdEgQR_4f.webp,480,678,36774,2441eb68fe6ed409b8668f4f01988c9c0cb5b0b4722d61d89ea6be986027ca1e
NdEn1A_4f,Our Unwritten Seoul (2025) [NdEn1A_4f].jpg,98bf8eefc369a46993ada503df54dee0832243d72806fe9cf3b09b3370ef1e35,cards/NdEn1A_4f.webp,NdEn1A_4f.webp,480,687,25786,4e4ce82c5f5fe660cfae9fb9f3899397bd9f19563f223362c2344812f041301b
NdJY5Y_4f,On & Off Season 2 (2025) [NdJY5Y_4f].jpg,39d4137f317203a1895789764231c4b892c3050665aff445296fecbadd2db714,cards/NdJY5Y_4f.webp,NdJY5Y_4f.webp,480,270,7036,63a9e1b62a5239e761282e52770b423d5a936e7fde79d26898cdaa152af74339
NdN8nJ_4f,Sorry Not Sorry (2024) [NdN8nJ_4f].jpg,4ec40a8368247fa4560823a2f7167529537e889300a36d98232a6c9d9c47cce7,cards/NdN8nJ_4f.webp,NdN8nJ_4f.webp,480,686,30854,ceeb64735fddd5ddc5f60a5a144d8279b27546fa81e7912e653c074a45a1a14a
NdO21J_4f,LOVE.exe (2025) [NdO21J_4f].jpg,1b8cc30f5643d9586fef9cc6a0bb5fc499821acb115f3931307eba1edda3073b,cards/NdO21J_4f.webp,NdO21J_4f.webp,480,678,34698,23833750314fca4bf5996a77dffe95dfad6a680a8710c101b3a19a584d1394e8
NdOWmy_4f,Secret (2025) [NdOWmy_4f].jpg,b627d834f2d925c22afe94d6f01a6e1d9ac9c121b7f632a52f9176885956a1ec,cards/NdOWmy_4f.webp,NdOWmy_4f.webp,405,720,24892,a796d48a9834659dd2e69e498587ab8d1ef70e2912e5dab778adfa67ab787383
NdOlNW_4f,Peach Trap (2025) [NdOlNW_4f].jpg,23199f632505a23f9f8f468f6d74075e8a5ab6d3824ba18bf14a418f4b449614,cards/NdOlNW_4f.webp,NdOlNW_4f.webp,480,700,36436,49777fcf4ed65cc226e74bc24af7942a20f9e83ac8f1fa9a21064ee3e8d14adc
NdPpYf,Something about 1% (2003) [NdPpYf].jpg,7a778955617090d03fdf936b8ba6e173ad10833de4d1821e487335d56a0c9276,cards/NdPpYf.webp,NdPpYf.webp,250,350,11260,48ed93d613c5fbda7a438ffe76a1d6934c59cb62bd45682a63a9e51f34e73fd8
NdRKef,Lie to Me (2011) [NdRKef].jpg,936d4003e6e99bab25e498ec9c541d3ab7e80c09105c5c9faf5bee29d836b215,cards/NdRKef.webp,NdRKef.webp,480,706,47200,fb91fda3fc7e23eb9bb8ead6904bdccc7b036f0d4f1e646da6635ab31fc4c405
NdV8mY_4f,Romancing the Ghost (2025) [NdV8mY_4f].jpg,847956a71ed36b32eee24fe87263294925bbfdee470317ddf8176a75e863b3b5,cards/NdV8mY_4f.webp,NdV8mY_4f.webp,480,600,20438,1b7df0f1c2db5227338db15ff55307e80500f3d1921afa5136ed60237235bafa
NdXOkn_4f,Top Star Yoo Baek (2018) [NdXOkn_4f].jpg,56a8b54900b06fa6552c16d5b043e1df7474f3aadb7d7d35d30d8e24c402897d,cards/NdXOkn_4f.webp,NdXOkn_4f.webp,480,694,80196,1bef7a339c6fbbdaa5dc6572fe9779405108c567c9427a46cb59e04263c90ea6
NdZKle_4f,Winter Fever (2026) [NdZKle_4f].jpg,b2bdb885810ea3700d3e54e7f157047ee51bac920c9f51d1cafb301bda478e24,cards/NdZKle_4f.webp,NdZKle_4f.webp,480,679,24980,473e93090738d733a46ebdc1a97cc3c66ce0f2f1822ac5ae39621c57201638c9
NdbodJ_4f,Buried Hearts (2025) [NdbodJ_4f].jpg,1205048e259531440f133d18941ba55ceded2ed0c98966666c4b922a0c270862,cards/NdbodJ_4f.webp,NdbodJ_4f.webp,480,678,21322,2df4a1c883fbf4000bf01b7f371e1a9b9291807f016c0b61f86274192f05f375
NdeRqE_4f,Death to Dignity (2026) [NdeRqE_4f].jpg,db0fdea91f31c728a82a4daaf4de5c6072f0a7c5705628dee1bba25b9033dc6a,cards/NdeRqE_4f.webp,NdeRqE_4f.webp,479,720,25604,16d4ae3fb60748c74c1b7c51a4c77623c92ed43ddfd1821044cc7470ed21b891
NdeqqY_4f,Play Me (2026) [NdeqqY_4f].jpg,d28e44d35c4cc3baae09eaf196b4d022b20b1dad70e1cd0f1b65657b0a87dab2,cards/NdeqqY_4f.webp,NdeqqY_4f.webp,480,640,16328,baea14d965dbfecf3e9d64dbd146d217a6d85956a9b1d11037431676771cf696
NdjXYf,Let's Eat (2013) [NdjXYf].jpg,8acff98dfcc6dd4b08f77591d7686dda9130c9e2f9d928285c1dfb9371c083ce,cards/NdjXYf.webp,NdjXYf.webp,480,680,45092,cd0ffe2b87c21a98bd0c5455c369e0c582aa482c236844f8934121b606e07d1b
Ndz5rW_4f,Honour (2026) [Ndz5rW_4f].jpg,a8ffe63a5933ccc83fdd06b6aba9aee1977f14872677f244c7ae24a02808ecec,cards/Ndz5rW_4f.webp,Ndz5rW_4f.webp,480,686,19686,515a672f0193ff47eb4010e2fae56654d37ba538ac50af984538dd2a5c27c79a
NvD1nf,A Thousand Days' Promise (2011) [NvD1nf].jpg,f8d597ad645327ef30377de6abd085f899492462d8f75682e8df8642d28e8cad,cards/NvD1nf.webp,NvD1nf.webp,480,690,39634,d925497258f828b0bc410ffb1b547abee74e6108046e2e07242a9e2380befe10
NvVXnf,Last Minute Romance (2017) [NvVXnf].jpg,a842461f6db90e4243e7454b301a09773d4d120dbf34e6b3a215f03698b01cf7,cards/NvVXnf.webp,NvVXnf.webp,480,677,25710,5bcfcf192ff39d1c285040a793908bc7f46cb6d90f83c3f78bc633b78aaaa992
Nvw7Ef,Andante (2017) [Nvw7Ef].jpg,272488de215d16c6608f9f5675fded4853ea92e62e3c6165cfba83c268605670,cards/Nvw7Ef.webp,Nvw7Ef.webp,480,677,34540,07a3dd75ccb79ffcf932f28c813164b8cc1b2b02132e2b5a773478b4bf6a5e58
O5Dk3f,My Only One (2018) [O5Dk3f].jpg,919730a598359ce3bafd932075d2e366d0bca986991bcec7dd85bfa65e1c16cd,cards/O5Dk3f.webp,O5Dk3f.webp,480,718,31912,ce0cdd636267ff0c55bbe5377c1d0159055790608364fb32866907abb3d79de4
O5ZXxf,I Picked Up a Star on the Road (2018) [O5ZXxf].jpg,acdd626d2e1e1f3d93c03d9f40f225be8cac8b057ae68fb5bfbf760e9f5dac9f,cards/O5ZXxf.webp,O5ZXxf.webp,480,686,53356,07ed91b8e7d7fb54510b7b8a9e94b75a96ee87a46af75b410ea666f8699380f4
O5dxQf,Life (2018) [O5dxQf].jpg,d84fdf9013fb650d24d860dec0087949d4cfaa6ea15f3b225077a56861af7262,cards/O5dxQf.webp,O5dxQf.webp,480,717,16298,9a58ab62c119b925fc148d042910477affbc3629f36bf8192f34ae179739eb84
O5jzQf,Your Honor (2018) [O5jzQf].jpg,f78cb7907823389777ce19b8d20fd9bb4194644771c82d299e875d82a9d7c923,cards/O5jzQf.webp,O5jzQf.webp,480,684,36802,58702e1129294bf1d9cd32094737d51246ed43ed37623bcbf3623221ccf8bd24
O81Abf,May Queen (2012) [O81Abf].jpg,ea97bb460b2d2a6bf6383ae37c28f3debb8613d312439d6ab0dc933d7f429f34,cards/O81Abf.webp,O81Abf.webp,480,716,56638,746d974cd0a9b63065622e1903ab8169d9306b718c94c01d82782392dc34cdf9
O8777d_4f,Second Shot at Love (2025) [O8777d_4f].jpg,fa7ca8a5f1514d5a3c3fb392dff19313479e022310f552df154650740477def0,cards/O8777d_4f.webp,O8777d_4f.webp,480,680,27856,d37c8641e9c15d3eac2c9431079ea83b2646809f542bf48403176cbb96811fab
O8DY3k_4f,Calentos (2025) [O8DY3k_4f].jpg,54ccf6326747b7aa45c8da2ce07934527ed27773b05dca36b405fe567ddc7b84,cards/O8DY3k_4f.webp,O8DY3k_4f.webp,474,720,35064,15988201ad221ede691abd50a1be3831399efce13dd04860fb1c87a094cf76b3
O8EYbf,A New Leaf (2014) [O8EYbf].jpg,d8f6c2d2530e4e600422bd8e636448b577738ce9e61ed67de0ad979a986592b7,cards/O8EYbf.webp,O8EYbf.webp,480,716,52766,a6cd7829371352d01f95e1ad1bfcac836e5b9a17dc69fb3235f7e1cfc50fafb8
O8J7Pf,Reset (2014) [O8J7Pf].jpg,8c676a3fe046a706b659fe368ac2b28a2b502a8702e3da71241235b89389dfa4,cards/O8J7Pf.webp,O8J7Pf.webp,477,720,65320,2ac0b55b65dfb410ae9471a4f91364bb56c14fb148546d7eddcb315c0646896a
O8KkLk_4f,Our Sticky Love (2026) [O8KkLk_4f].jpg,28befe03f567bf650d5fec575f3c12ed40e4a528e75a1e343c2bc6484e374883,cards/O8KkLk_4f.webp,O8KkLk_4f.webp,480,711,43470,a35dfb779480728f222c7de71d9e4f97639339d65d3105c7548980b68af4f003
O8Kknb_4f,Deathwish Covenant_ After-School Revenge (2026) [O8Kknb_4f].jpg,54d10c63efd9d8f0bb02b457b4b9629d92ef7c6911024af7d5ce6ac0ca8c18dc,cards/O8Kknb_4f.webp,O8Kknb_4f.webp,479,720,47052,d901cad05d78e6ebb73f317f0c3e61f5688ee65f0e59f0ce484dd621a0b1f2ba
O8LPEb_4f,Head over Heels (2025) [O8LPEb_4f].jpg,93439170730b63c369af4e2b458a1a629959de70166f357abb777975d3494c6b,cards/O8LPEb_4f.webp,O8LPEb_4f.webp,480,680,26076,a764f25e0c3903d783561e1092b1224bf3b5dd4b78f0475f86b31559283f4bb0
O8P1lL_4f,The Lie We Lived In (2026) [O8P1lL_4f].jpg,2b7df60159fe0fedcc1e343158e51ec0512cd82ed95911ae72b6d9e497e380a2,cards/O8P1lL_4f.webp,O8P1lL_4f.webp,480,720,26464,91ee71f40d0438781f467153b7317a7e87aac0cdb4597947e90508d52fea1571
O8PDKb_4f,The Apartment Job (2026) [O8PDKb_4f].jpg,7b3fe9b3c7bf4b0ddfa4611cc2fa591b5175fe77c7db8a2497e0e4f8efbb9d63,cards/O8PDKb_4f.webp,O8PDKb_4f.webp,478,720,44908,9145509f98137fd707af8ef1d4794f39404a681edbf0bae4fc84909f7e5a5633
O8PQ6Y_4f,An Unwelcom Guest at My Wedding (2026) [O8PQ6Y_4f].jpg,b00368a53c29e17eddad4c842c751279544978de90f73acf2cc867880df05a76,cards/O8PQ6Y_4f.webp,O8PQ6Y_4f.webp,480,720,30588,71daa9250d068aa38cb369f48356f6dd1593d7892e5a4aa0b5712adda3621a8a
O8R1df,Lovers in Paris (2004) [O8R1df].jpg,ae28995362543991d39a61f2d2c389380d4c10428da03cd7374e11ddf9745d0f,cards/O8R1df.webp,O8R1df.webp,460,697,36656,66fdbdf0e0d40b03e50928a28c44e574a7fd42a8e71a7ce9a1778df3c8c8ea58
O8W28L_4f,The Winning Try (2025) [O8W28L_4f].jpg,d98e343e3a9fb8678a2b0d15d617b43d75a1a303adaeef5e42f73f3b1417ccb3,cards/O8W28L_4f.webp,O8W28L_4f.webp,480,684,53084,d7bb9b20ddc3544be245b4ce0dffa03f7c854c8d34102d6d7e18f0427f94566e
O8YNQf,Soul (2009) [O8YNQf].jpg,744d5bb41d0efc0e5743231a301be47c8488ceda17fcdc3faf44c81998a8bd1d,cards/O8YNQf.webp,O8YNQf.webp,480,698,33190,5c087d5a6ac19fe0e48c98f575ff5e063f67583201e90233745b11a45d11fdf4
O8ZYrQ_4f,A Love Other than Yours (2026) [O8ZYrQ_4f].jpg,134fac4788ce3c3fb731e806e8fec6b05aad5cee27541e35ec0d71fa9d4cc88a,cards/O8ZYrQ_4f.webp,O8ZYrQ_4f.webp,480,687,26622,8d27d282906a85d26040a74090a5e86d0c17566f69f03c4e78756c7bc82462e9
O8d8WY_4f,The Witch (2025) [O8d8WY_4f].jpg,b7256aa380f1dc1f847f4541e36e585b7d1e30adbb10a3591f21a650a7fabe6d,cards/O8d8WY_4f.webp,O8d8WY_4f.webp,480,600,33936,e8a69ff46a2082b6b518db31f276764bbbaeb7224ce23ffc3761297665f5bcd9
O8jdyf,Inspiring Generation (2014) [O8jdyf].jpg,ceb00784cfb3a12d348693d1eb028737eb8211bd7d49810d6e6e69652365fda3,cards/O8jdyf.webp,O8jdyf.webp,480,699,65086,2e87c9f74dc0f95e5474f6ebe395a040622a85aa51a1b2c9c4ed73ef2a937426
O8jy5b_4f,Villains (2025) [O8jy5b_4f].jpg,d03147487bb86d9cccbe3bb74d2714d0b7fe63ac2b0c2ce74316bf02a1b41629,cards/O8jy5b_4f.webp,O8jy5b_4f.webp,480,676,40664,c43976002c330a34843c2d0cfa167edd0d65faba2db8ac060d133faebe99eb5d
O8kA0k_4f,Last Summer (2025) [O8kA0k_4f].jpg,9113cc031ce9cdd8f7facfbd90c2c0094c9f77b37710c05ff7a7b0bb0fb7a65c,cards/O8kA0k_4f.webp,O8kA0k_4f.webp,480,684,48476,b733b3ac85b25082c964656ebf6081e4c8feb2f4304efb647b8ae5eb01f7e9b1
O8mQLY_4f,Crushology 101 (2025) [O8mQLY_4f].jpg,bf2988fce185f37ea7de03c13b58b99239deb353d36813dc46a43d10d8379fba,cards/O8mQLY_4f.webp,O8mQLY_4f.webp,480,684,34900,674f67787f45d6a79f2418326c0423fe2ec345cf9bca77ad7dc639541e6d6b49
O8mxbf,9 End 2 Outs (2007) [O8mxbf].jpg,c3c55dffb93dd29d5f72a099bab67b56d5c8a457053f2588b3a7f5fd9ec5cf43,cards/O8mxbf.webp,O8mxbf.webp,480,696,57882,133eb00f197ac3ea5fac4e5f816d7d31b40a4a318ac5b5e0c04e25764734a62b
O8nQkf,Flower Boy Ramen Shop (2011) [O8nQkf].jpg,47074e5c94920256eafe49f26b21f4337a42be8fc1fd8d069d8c2c3cf4858b8a,cards/O8nQkf.webp,O8nQkf.webp,480,706,48378,b954077020ab26ecb3a0e33ea2726a1761c4caead95f1a19c0850f78a004691b
O8pO2k_4f,Dear You (2025) [O8pO2k_4f].jpg,8ec6996f3975f74460e74ae3981a48be6f057d25efddd5420f54b5de2a442ac1,cards/O8pO2k_4f.webp,O8pO2k_4f.webp,398,720,11470,ce0547e7d6dd4d100e3bf9057688d673005cfd74eb096cb045b41911fa7a9b20
O8pYpg_4f,No Mercy (2025) [O8pYpg_4f].jpg,e0593f4a4c0066b2773ced82b3671461d2cd42ae1f486c578766834f9c31f32e,cards/O8pYpg_4f.webp,O8pYpg_4f.webp,480,677,31434,e7d2cbfb7a219081a8b71002af4ae665560300f63f18b0eee7b30a054428e463
O8pk1Y_4f,Kick in Love (2025) [O8pk1Y_4f].jpg,da657b8e8d931b64f6626e2fd1127879d15aca0fad65547b9c9cfbe868c314b0,cards/O8pk1Y_4f.webp,O8pk1Y_4f.webp,480,672,27676,1c7dda17011098fb3db076c661fe775781c2e603a5188ce4793c72dc7a720454
O8pn3Y_4f,You and Everything Else (2025) [O8pn3Y_4f].jpg,0cdc309747e2bbc6716158b45a95aaf115835ad8a655a3cfc62e6af77e06c60f,cards/O8pn3Y_4f.webp,O8pn3Y_4f.webp,480,600,27872,0093a93bfc6110de3d56db95e2415040184cc568da99c743d82c802aa64f23d0
O8vyxf,Faith (2012) [O8vyxf].jpg,0da6a0b8d509c94945a97537c7bcb8f3fef8ef959fb416c08cb1b903de674abb,cards/O8vyxf.webp,O8vyxf.webp,480,679,38506,6d5ab93b888e31abe5fdd1ee9fb37bdc418827489c1cd799cb3d897cf9320394
O8y12y_4f,Gangnam B-Side (2024) [O8y12y_4f].jpg,6e53319d054c82076939ac395258405a856069155f646c2655edf7970c39c3f7,cards/O8y12y_4f.webp,O8y12y_4f.webp,480,684,34928,437aa5ee6fbe0799b4cf595ba331fd99626cc9de296f2011862ebd4b4ed0e25d
O8ye8Q_4f,Family Matters (2024) [O8ye8Q_4f].jpg,b0d5819048424350ed47a9790cb201add478082424cd5d502e2f898f055f68ae,cards/O8ye8Q_4f.webp,O8ye8Q_4f.webp,480,601,33626,3bdc3c414a5c9418cd0ca5bd581575368cc849f4f279a89a783e4b68f1d6b9cc
ONxOkf,Miss Korea (2013) [ONxOkf].jpg,23bd83f2215235525b8edd985fbbab57c88bb329ba7d0739dedb8e7255ec328b,cards/ONxOkf.webp,ONxOkf.webp,350,496,30966,6239d159bc29e988c191d26432a025e89ae3d028cd0721a5675cb1c10b635511
Or17df,The Bride of Habaek (2017) [Or17df].jpg,4faa4f933df6e28610e2be522512a062d8090109d9e70560903b61cae0cc72f1,cards/Or17df.webp,Or17df.webp,480,686,31816,83fd82b25c8986d01e87ed24e0e6e32b8b15d7f7151c9b346e790d2f2420ca35
OrD4df,Doubtful Victory (2017) [OrD4df].jpg,b7728fee81d154856aa977ad0dd0f3e3d8cdbe16fcb98a970c3256e6edb02a2c,cards/OrD4df.webp,OrD4df.webp,480,660,70622,eaf73ed0de50f70c24c41b15c45fca7b3edec62bf469edcc40491f03e4b0bffc
OrP1df,A Korean Odyssey (2017) [OrP1df].jpg,12ee2ca406c5479141101c663ca7af7cda79f1f183f5739eb53dc44f5ecb11af,cards/OrP1df.webp,OrP1df.webp,480,694,36040,4446a766dda8c1d71ca1edc9a6f409283cbf51045c7d459e420192ce2db2c72e
OrgxLf,Band of Sisters (2017) [OrgxLf].jpg,ee760d73a5336814413720d13fb60a9faecb8ee431490b391005ea75604e4a48,cards/OrgxLf.webp,OrgxLf.webp,400,598,42424,b8c063eb397a873af50ccad95cc6e60d7536cf875b35e97d6283c5079fae2872
OronLf,Dream (2009) [OronLf].jpg,aae454b65a70577e7e03a24ced88aac282d50781a12ec10eef528e18d3d34b9c,cards/OronLf.webp,OronLf.webp,460,669,49128,cd4f9c673630c2ee45f8ed1fe9db6661ca05e2493772a0de73e645e8d0927036
Oxnqkf,Spring Turns to Spring (2019) [Oxnqkf].jpg,000c585aa8c6aab1b16f21d208c6bb02d50f3c4931fda9a9e45c0d21e3b36b9c,cards/Oxnqkf.webp,Oxnqkf.webp,480,717,101866,8e1ae86bdbec838f5af9f4b1b8983b5dc047e2176b9b3998bd8d49a03ba43fee
P05rRf,The Miracle (2013) [P05rRf].jpg,a073979d36a188dd7e74c0e6e0686d016a66b7a475b0ba557a14cb8435b2a800,cards/P05rRf.webp,P05rRf.webp,300,450,8792,3d8db053b8cef975e6a583a644028eff0087af8e1b7f993703bfccce45e340a3
PWLk0f,My Woofy Poofy Love (2018) [PWLk0f].jpg,e0cdfb424a67ec717f48ea102c876a610dc09f8ddf27beb7f28271aa0b251956,cards/PWLk0f.webp,PWLk0f.webp,480,679,47700,b636ea274245a9ead375a38c78d5dbb54e19a7bbc495509f090e48250c5377ff
PWLw8f,Risky Romance (2018) [PWLw8f].jpg,2b48309652098c94fd531dbae629c1261a8e23426a08f7a5ddd13b6ad79ef900,cards/PWLw8f.webp,PWLw8f.webp,480,720,59196,bf59a72a2cf34c28b0faaca2202a0caf951d35d87c4d2c5f02dfaea7fce8ce0e
PdBoyf,Because This Is My First Life (2017) [PdBoyf].jpg,d3b18a16b3759351debb3170ad2db1948f3d4fefb0a47339119d58ede1160a05,cards/PdBoyf.webp,PdBoyf.webp,480,684,74620,0d7b2fae78334667313bda1dcc0f98b0c0d72a1a4ebe4736220866cd67a05417
PdJJ0f,Seventeen (2017) [PdJJ0f].jpg,a7c208ef18aac997332d80a8d03e4e9a1e3aebda78c7ba79694ff0c1d9af6584,cards/PdJJ0f.webp,PdJJ0f.webp,350,517,26690,769a9fc99761399ce8c6ea450e2b9db27c8ec8f21671fa769c11c0fdf162b507
PdR0Rf,Reunited Worlds (2017) [PdR0Rf].jpg,395a8a5e51b6fb39c4eea3fe4fff4a427cb208fd4fdd06bb0c2189d77b75e88d,cards/PdR0Rf.webp,PdR0Rf.webp,461,690,60018,dc1debf1fdefab6d3eaa2b68dc0db3f7d9fddc3b32174649419e8796940210c7
PdZjZf,Drama Stage Season 1_ The History of Walking Upright (2017) [PdZjZf].jpg,39df643fb82e88d6825f6419e41a3c9f81b50f13766dcf36e29ceec410517bdd,cards/PdZjZf.webp,PdZjZf.webp,480,660,44142,6141669d37d99a354f3ba28f26e382a8da4d1f37ab49fa0ed2139293a665db33
Pe5b5f,Orange Marmalade (2015) [Pe5b5f].jpg,4cd53debda971bd9b014521b9fa9e2e8b14e1ec2e76e2b32b3f2940693d96c35,cards/Pe5b5f.webp,Pe5b5f.webp,480,672,53296,fa2d2b17ca09ad0d50d705ca8d78cf35387b02ed3a8ead349940e4a3183296eb
Px4RJ0_4f,Heo's Diner (2025) [Px4RJ0_4f].jpg,07fdf6bba741630a318d86b451efd8963ea8661767f185e7e8d95ed038357d1f,cards/Px4RJ0_4f.webp,Px4RJ0_4f.webp,480,686,33540,0933b38c4b799f4c10825253de891dbf91f718454147af7e3babb622adf3ec7e
Px5QnX_4f,The Heart Never Forgets (2025) [Px5QnX_4f].jpg,917f70f2b4033b450716217251b38ca05024e92e091630332b43bf6ad6acae5b,cards/Px5QnX_4f.webp,Px5QnX_4f.webp,405,720,44546,95377f0e032cd3e6639a3514bd4a9c8c58ee8126da49cf0835750dab26f12c2b
Px8zZf,"Marriage, Not Dating (2014) [Px8zZf].jpg",6914ab947d2c7fa9ed921588482c8ba3beabc7e16dda3d9d99109f6b54c81b24,cards/Px8zZf.webp,Px8zZf.webp,469,680,61146,b39f12159ea5daac297d45e1b6f75a4748a038c23a664421735c84779643a265
PxAA70_4f,Positively Yours (2026) [PxAA70_4f].jpg,45e457c334232a669341447ed7df21cf32d8c2557efc77cfb1868d20e7c7c752,cards/PxAA70_4f.webp,PxAA70_4f.webp,480,679,26290,2cbc1c775066aab7d2ad9faa71a15ecb1173cd89c66ff4cb60210931f706b275
PxAXXy_4f,Pro Bono (2025) [PxAXXy_4f].jpg,ac6402a3228038591818b1102af717d22313d71719b4af80388b0ed57d8bbb68,cards/PxAXXy_4f.webp,PxAXXy_4f.webp,480,686,36018,73874b7f6ede6e66ee50a27f36869bac0ab02fa2847eace6626e13d865c51b6e
PxDRyZ_4f,"Love, Take Two (2025) [PxDRyZ_4f].jpg",4295c147a0ed5cfcbcebb4c565cb50c92f78b2eeef572240a87d7ff8725cefeb,cards/PxDRyZ_4f.webp,PxDRyZ_4f.webp,480,684,40468,60a779aba174e64cf5b7cf13baed143ebffad017b12b889a0e97625b831239bc
PxDly3_4f,The Defects (2025) [PxDly3_4f].jpg,87e5002d490c9d54ee1cc507609deaedc6c4fc9d3bdf669744c45122bc537d1f,cards/PxDly3_4f.webp,PxDly3_4f.webp,480,686,38850,de030af7911aa4f767ea3c5f67ea8a2356902fe83e2d9e6084d8db58827475a5
PxNq13_4f,Hellbound Season 2 (2024) [PxNq13_4f].jpg,72568778ebd780263f1b55a08793c69fc2ba3178c759eca189fa10224efb1e3e,cards/PxNq13_4f.webp,PxNq13_4f.webp,480,710,36106,04b2b014c5eb57ae2eab81035b2a2b64fe0361d5ab9ec77d991c3696ea8c1076
PxOZA8_4f,Deep Office (2025) [PxOZA8_4f].jpg,5e29a4fb3dfd9dfb6a0a65ff746156fbbaef983b6d771c4eedffad671b5a45ec,cards/PxOZA8_4f.webp,PxOZA8_4f.webp,390,720,16442,6337762f45433836fac9bdd06786d7f21b4716403ae2e7638e4115e493a868af
PxOmdz_4f,Folding_ You! (2025) [PxOmdz_4f].jpg,3e99d5025c21f40d5f3759264b56cf36fa64d62d079f437c30b83561eb01367d,cards/PxOmdz_4f.webp,PxOmdz_4f.webp,480,640,5868,6964362cbc30fde5f6b049b6d800a48acbbb03287374d1d0036dad8f5da43464
PxPEgZ_4f,Method (2026) [PxPEgZ_4f].jpg,2737f22b1119f5b9e1f2d5f54c33f322875bf2c32a73f695ced97b571072fe03,cards/PxPEgZ_4f.webp,PxPEgZ_4f.webp,480,720,56232,bf66d713d59af67d606d38f05251b53141bd2f84940c0c49283389dfba0b8039
PxPwP8_4f,Bad Kid Good Partner (2026) [PxPwP8_4f].jpg,fa8c220b886b2c320f6f1cb3ab32bdfc38c48b62e83146ebeefd2b78caf8a404,cards/PxPwP8_4f.webp,PxPwP8_4f.webp,480,720,25260,8e0048b78d3c9492707cac9cab4b8b93f1f5e357fa6a3ebd3b2755b4dde2a7e7
PxQZJ3_4f,The Poor Couple in the Billionaire's Mansion (2026) [PxQZJ3_4f].jpg,224ae60a81e8ea9fa5bfca3b0168da33352ec867d6541d1e6bd3430ab9221c06,cards/PxQZJ3_4f.webp,PxQZJ3_4f.webp,478,720,41520,6f49a0b7d230945712bdc46c7f106fb49682b6a2340e3f7ead221fc2dd6e3a0c
PxQd3f,Aftermath Season 2 (2014) [PxQd3f].jpg,c0469b861b09daa33733aabc6538b56d9ecf1ad8363803df34999f3b823d05b8,cards/PxQd3f.webp,PxQd3f.webp,480,690,25334,d7bc296b92898108dff029431f50b93c161b3183d71bc48943fba2070eeb807b
PxVQq5_4f,The Story of Bi Hyeong_ Enchanted Master of the Goblin (2025) [PxVQq5_4f].jpg,9a813f00b1b46966bb74af749adc96ee900a2214d14c4568a74e1f9081adacd8,cards/PxVQq5_4f.webp,PxVQq5_4f.webp,480,676,67824,f58116f088bb88e2853c6d348e102b807eb4252d7c259e5d7351be1867307f40
PxVq0y_4f,Ms. Incognito (2025) [PxVq0y_4f].jpg,ae3191c27d7d85a7d9f6543f8728b6e6b495e0984eee74542044c93dc83830a0,cards/PxVq0y_4f.webp,PxVq0y_4f.webp,480,686,29356,883af55a6cea1677669c31def5202cafccb449e8f13cb7586a585adb91af9c95
PxY0y5_4f,Sexual Lessons_ The Side Story (2025) [PxY0y5_4f].jpg,845cb5620a6f644952e336942d479e408d862b909a66d3e9f45fb60c0bd9bb7d,cards/PxY0y5_4f.webp,PxY0y5_4f.webp,480,600,17518,26a06ee43a1df2fa75bbd9ee7d7a6400fdc56194dba83646b98cfacc37f8953e
PxZog5_4f,I Raised His Mistress’s Daughter (2026) [PxZog5_4f].jpg,9fcf5a08a0796154428d950fac7f72ada0abd97f99aa8ff46c2e3dd3154fc619,cards/PxZog5_4f.webp,PxZog5_4f.webp,480,640,24564,0ea4233a06e7840d19704ab4e9c3f4de661c692f58493d67599e5bcbc5ba8b84
PxjZ15_4f,One_ High School Heroes (2025) [PxjZ15_4f].jpg,2fe2e0a2981508ca0afea6c8e0fa73dfe63fa5ab04ffd1d780ea4cd52a158dc2,cards/PxjZ15_4f.webp,PxjZ15_4f.webp,480,600,41724,956225af95e5aa00c511de5cd84257fa25705f53b0b14d892357cea1ed5aaee4
PxmQdR_4f,Dreaming Freedom (2026) [PxmQdR_4f].jpg,8da0c35f670453e7f288776a987ddc615694bd0e3491cdc0d5a4d168d5f92b06,cards/PxmQdR_4f.webp,PxmQdR_4f.webp,480,711,50838,a3ffc6017781611f8cf269b9e4eee0bed216a950db910575a6a1d7c030e44c95
Pxoqm3_4f,Unmasked (2025) [Pxoqm3_4f].jpg,a7bac84d4d0847a6b0bdbe3244a200af3b7989dd92121b1a14d4bcc92ea8ab81,cards/Pxoqm3_4f.webp,Pxoqm3_4f.webp,480,680,40374,72bbf07d0a4439f13e309e1f183e5fe63d2da7b9e61daa5c9b8405a95ee83262
Q1NO6f,One Sunny Day (2014) [Q1NO6f].jpg,f5122031a687b5bdf26c58aacfd5ca6c324736602fa69a7736daeb3c7b55dce1,cards/Q1NO6f.webp,Q1NO6f.webp,480,565,36286,4b5883501876b6849e6c08333d3850c0f3b573d8f61d7d02728adffbd2a9f5bc
Q2Al4f,Pied Piper (2016) [Q2Al4f].jpg,1ce2afc45cd1284632c809b32cb3086176c7a1e612067e4a13b31a3b4b33f597,cards/Q2Al4f.webp,Q2Al4f.webp,480,694,61070,2d80647bec27949367934d8323de0ec575e8ceb9ea81e805dd9731a67834e84f
Q2jl6f,Snow Lotus (2015) [Q2jl6f].jpg,8fd1152bc66c251c7c8e9bcc51347ba2d439e921f80235e8dcfe5908d996184b,cards/Q2jl6f.webp,Q2jl6f.webp,480,677,45278,480f83b66e6fb8dfb050067a904795f044df1725d37aa93a8a9422c69b3f467b
Q5pwYf,Mistress (2018) [Q5pwYf].jpg,0d6a9b9c3c631876e6f31a1a13866f37816bb848e944a9d9e19ac099395a35f2,cards/Q5pwYf.webp,Q5pwYf.webp,476,720,34652,34eef14391f35b2307b3cc855d1d9e93126d35d792d233fb03757bf4836cbfb9
QARr2_4f,Racket Boys (2021) [QARr2_4f].jpg,eb8f60713eb8d37e57819d2b4295ad672d728e99df7670e943cecf0054096a14,cards/QARr2_4f.webp,QARr2_4f.webp,480,677,46832,d29215fb87e986df492484206c83a9c3b4071d289b31602e85d4b11c577388dc
QAVe7_4f,High Class (2021) [QAVe7_4f].jpg,d55ae5b9968e0dbd21c31619cb6a940af123b7c2ec54361d0c0f64ea3d0e5ee1,cards/QAVe7_4f.webp,QAVe7_4f.webp,480,680,46492,6b41ee6d88f99346e8153409ae1ef1599918a19434e1e6dcbd6c46cae8ec0254
QDEYg_4f,Glitch (2022) [QDEYg_4f].jpg,76d2aa2a19d8b0e933f0177fe9593c55e4b71187c92098999d7d459042f489b8,cards/QDEYg_4f.webp,QDEYg_4f.webp,480,711,52754,37c9a454f1919cda8a82d26f2ae8e39b43f96d2c68f05ce5df82b2fc27985455
QDO55_4f,Yonder (2022) [QDO55_4f].jpg,6d590b7935e89fea928420ae0209c0e02004c99a8888d5499ac1419a4fad79fb,cards/QDO55_4f.webp,QDO55_4f.webp,480,687,26782,801101372ec9d83d82d781daba51e6a0e23a49ede1dc90df507d59e205fb47ad
QDnoY_4f,Seasons of Blossom (2022) [QDnoY_4f].jpg,4ec1be091cac6af6fd1f52797248d22d367f7302d2d19c428b99e420492f2019,cards/QDnoY_4f.webp,QDnoY_4f.webp,480,678,37418,6b4d16889c41659848a885ec7bf42b8fb217907fe6baae81346e4dbbe550b510
QJ08d6_4f,D.P. Season 2 (2023) [QJ08d6_4f].jpg,a003b3b9e3722d8f1a96f6acf07d081263a62af761e1d2606989847f91d46488,cards/QJ08d6_4f.webp,QJ08d6_4f.webp,480,710,28952,61c33490f95ba50391d83b6c83002c577b03ed41d70207341c5f9c57bcc06b49
QJ0brv_4f,Why R U_ (2023) [QJ0brv_4f].jpg,52bb98a444144f7e948f32b67df06573896c55cee610b36b508d68f5da5e6c72,cards/QJ0brv_4f.webp,QJ0brv_4f.webp,480,678,41366,2dc3891ed8609e318cc7536856b063b3a77932c133d108950774c3174a1a2635
QJ1Vw6_4f,Bitch X Rich (2023) [QJ1Vw6_4f].jpg,ec17886f7c3ee705badcdbf9116c9ced9485214b3c0bbb7029b17e7f93d06885,cards/QJ1Vw6_4f.webp,QJ1Vw6_4f.webp,480,686,45104,398c38472953f8a84d7a4b1ed13f328f62f49ad2eff672601321e6eafda67359
QJ53r4_4f,Moon in the Day (2023) [QJ53r4_4f].jpg,5a4a6ef443cbbfdde8c575617cbaf26e25436ff41f4c15501306d0d309dbcbc3,cards/QJ53r4_4f.webp,QJ53r4_4f.webp,480,687,26442,55030a3dcf06d8a7b5c7935832efa6deca628dfc390b70f65a23205954421b0a
QJ7eg7_4f,Show Window_ The Queen's House (2021) [QJ7eg7_4f].jpg,176654442d8acd778a0fba9076b8f044a033ed394a2517b0ec721e9351b03e21,cards/QJ7eg7_4f.webp,QJ7eg7_4f.webp,480,679,32860,5f2b88fdece7b55065ab0770bd226c860b2347339133d7e1ff2ae852f7a62df0
QJ7qQv_4f,Pyramid Game (2024) [QJ7qQv_4f].jpg,fab5d8c8f89667ae3046f7bc07daf472253dba4f153e5caf57ec3944f1e76540,cards/QJ7qQv_4f.webp,QJ7qQv_4f.webp,480,684,46128,ae65e9d8d931275ea9d1f61b8c28ed8e342634e85e55d6ebc93836f9b4a0a8b2
QJ8zQv_4f,All the Liquors (2023) [QJ8zQv_4f].jpg,f7efadca9ee8f0a962bad38d14465dcb8979df93ba4dcc3b408f7c44a899acbb,cards/QJ8zQv_4f.webp,QJ8zQv_4f.webp,480,684,41594,1715a176559653c8996f43625886194348d30fb682e1244ea202bbcf80fc29dc
QJAO7f,"I Do, I Do (2012) [QJAO7f].jpg",01ff0b419fb04c0e86ccdc2c450c48dbd891190322396f6b3d9725d8be5ee120,cards/QJAO7f.webp,QJAO7f.webp,480,720,35388,ac1db8ca4f247f7d776794d914e28c2fbfb1cb334bb5d411933c26c8f20df4b4
QJJ4PW_4f,Duty after School_ Part 1 (2023) [QJJ4PW_4f].jpg,a9e3cdf623682d7b4b9c5911ebb3b5196760edc216c49d935a0baebeb9fa25ed,cards/QJJ4PW_4f.webp,QJJ4PW_4f.webp,480,685,65566,b98ac0cb774f9f20fb703ef6711873d613132320f91398258e4e1a9ec475ab48
QJKJP7_4f,Daily Dose of Sunshine (2023) [QJKJP7_4f].jpg,ec0f98bce872f14d33fb81f86d7a6518cf066dfef399febb8a0bf7bad37f2a2a,cards/QJKJP7_4f.webp,QJKJP7_4f.webp,480,711,60582,7f1effc8f4b8cf4df2e9522b017c4db70db4a353c143f8bd8649953f9bdffc01
QJKVK7_4f,Death's Game (2023) [QJKVK7_4f].jpg,d90e0b4042f84b5ae35fc1a1ca66f39f90730e7ad53f951eac6ce5837a479c0b,cards/QJKVK7_4f.webp,QJKVK7_4f.webp,480,684,38538,2941820599ef77761f5b214389331859bb03469112dd879cb173005e610b06f1
QJKkR7_4f,Sweet Home Season 2 (2023) [QJKkR7_4f].jpg,f3efbeab23750a741dc6fbcfea8b1846a1e0a9348409e4664820be0ab965d1c6,cards/QJKkR7_4f.webp,QJKkR7_4f.webp,480,711,51522,ce30c07f889299f11dc68b26b34f574d097f641435ef9018157bc76e7c61f3f2
QJKyzA_4f,Maestra_ Strings of Truth (2023) [QJKyzA_4f].jpg,8564cfe8c417a08ad593b4aa150c832eac0c6aac156262ca86a7b42aa843a39b,cards/QJKyzA_4f.webp,QJKyzA_4f.webp,480,679,19960,f246b1f40416eb207d00a5969bb11dac17f557e356a759f7d76dab919ad66dfe
QJNjwg_4f,A Shop for Killers (2024) [QJNjwg_4f].jpg,7ce3b666a8a5767a941f04c8f9915bade7f942dbba49a6741ae172c06a2f0d54,cards/QJNjwg_4f.webp,QJNjwg_4f.webp,480,686,62086,22ae75a2216e275e44c50f0a2b95c7092844a86f24e3a03980fe7fd4a485281b
QJXBqQ_4f,Frankly Speaking (2024) [QJXBqQ_4f].jpg,5047f148ced0bee6d7a471dd1914bf17b8cd915f8583937dfdf404d17d7455ce,cards/QJXBqQ_4f.webp,QJXBqQ_4f.webp,480,686,44600,e6f56b0cd4f092e56a7e4a543f87a7722557677dec5e73103b37975e3fbe58cd
QJXek6_4f,The Midnight Romance in Hagwon (2024) [QJXek6_4f].jpg,96d433b10c8272c2367c4a6e81209da5cb677f44d90554c0fe02b437607c8580,cards/QJXek6_4f.webp,QJXek6_4f.webp,480,680,26634,8f2e3e896165ee4f502735f058ad593c0cdba2038d27b8c2175cc6aa54908f94
QJXj4f,My Princess (2011) [QJXj4f].jpg,a71a8ac5da677048ec9af5043defe5162586c0d7526d5b91d4b7602cf35f1b86,cards/QJXj4f.webp,QJXj4f.webp,480,717,64306,9b3cdf7ff79d7c9da847d6bab3c80ca84ff1fa108bf531c581656d35618bd6ab
QJg1kv_4f,What Comes after Love (2024) [QJg1kv_4f].jpg,d6fa987a6fb7781a07dfd66549a850341d93dbfde9ad7cafda23051f8a3b1e3d,cards/QJg1kv_4f.webp,QJg1kv_4f.webp,480,686,21798,3b65c6ce77d5f5298066777386cc5e087bff8c75071fc062d09f0638879ea1bc
QJlO12_4f,Serendipity's Embrace (2024) [QJlO12_4f].jpg,61487752a874a3ebe8a9ea6cebeee34a1746992b05e5bbfc7724364333b9e2f3,cards/QJlO12_4f.webp,QJlO12_4f.webp,480,680,31500,b0100e5b3cb7561f3a616bbaafd059701d1bdc2f2f81126dc10e151481fb1b68
QJm7Af,Green Rose (2005) [QJm7Af].jpg,650de211bea766756b53801e686afd7b6c7e659df8fc79f068b11e4c5198451a,cards/QJm7Af.webp,QJm7Af.webp,360,505,25712,f06c941caf79ce3f1f54df53edb7ffa9de03b95ed0f672b338f6182ae86a5cb4
QJmY6g_4f,Please Teach Me (2024) [QJmY6g_4f].jpg,d9a7500cf684c2ade800119f17472e02345ad27328a0601afa646f0036fb53f8,cards/QJmY6g_4f.webp,QJmY6g_4f.webp,480,680,18702,3c2ef9ae12da740fa376fe48aa6e7db7207ba329f481150066f79ccf494a7afd
QJpQB6_4f,Chicken Nugget (2024) [QJpQB6_4f].jpg,82da2bf7e89b2d5e0b143ea14cf27db619e70870c0d1b119af9b7ab0fe129b37,cards/QJpQB6_4f.webp,QJpQB6_4f.webp,480,711,49306,dabf81ffb782288561215cef6f7e1aecc01dd87b055737e0dfe5740e65512936
QKRW2f,Abyss (2019) [QKRW2f].jpg,d3719fc097bf1dce99724023ee50be1ed31268452aa193663896f7143ad3272e,cards/QKRW2f.webp,QKRW2f.webp,480,686,31222,a846ab9006fb678db2fe1fa64c403e6718d664d2f70b542b7590f7acd38e2b2e
QN30Af,"Beautiful Love, Wonderful Life (2019) [QN30Af].jpg",a922fb1fb7b461cee2024dbf9e6f5544252caed500c529f602719e3701b74ff6,cards/QN30Af.webp,QN30Af.webp,480,718,37040,dd2797ef51ce8af2869aaf5f5511ffb47573b706edc519dcccd2d80d49dbe491
QNDrYf,Dear My Name (2019) [QNDrYf].jpg,e5549ffc0171609f560c27f96a72636b9494defef77980ede0613d4cfb68af30,cards/QNDrYf.webp,QNDrYf.webp,480,662,36144,b0771fe82d46f914aabc6f27f058c38a1c53808bbb5b08d3477a6fa376ac9395
QNqYgf,Melting Me Softly (2019) [QNqYgf].jpg,248763698d724beb6843ca762466af2abfc018656a7e169dfeb6863b193ce043,cards/QNqYgf.webp,QNqYgf.webp,480,720,24104,6f92e412b7d38baf9ae86c2260c96ba45900b0af689d761a139ef95be3c487c9
QW3XQ_4f,I Love Lee Tae Ri (2012) [QW3XQ_4f].jpg,7896050c05df9b85d7b0ace606204bc4f79cac1d173dc03d7fb1c010e5c41804,cards/QW3XQ_4f.webp,QW3XQ_4f.webp,480,679,37602,5540a643577a937528f27c4edf73da6d5f619324befd707c8c55b431a89a1e0c
QYZZg_4f,Backstreet Rookie (2020) [QYZZg_4f].jpg,92caaf06e1ca90151b08d8da668d89e9b61b87ed3218141a04465b6beb0f9365,cards/QYZZg_4f.webp,QYZZg_4f.webp,480,686,58114,610a86453502510f958d3f28a2fdd1c26c16bc4489eaf318bfe87e136d4e1d7b
QedgQ_4f,To.Two (2021) [QedgQ_4f].jpg,d0acab9ce3fa956d8212c25cf071e74995cf1267c6c5f9afa8c01848f7007868,cards/QedgQ_4f.webp,QedgQ_4f.webp,480,684,15090,f68718ec353b6890f527f4559079f7bc670d55ec300fcca25b9653c6902a121f
QkVy4_4f,Monthly Magazine Home (2021) [QkVy4_4f].jpg,6d723766a7290c8b07ba33ec12bb7c1d4468ebcffa6a690f3ab1cefcbb50158b,cards/QkVy4_4f.webp,QkVy4_4f.webp,480,687,42566,368f11208ec1c2bdcbcf7833fdb6e60506a753fd98f83b4c8161b6c6de5f963d
QlKB6_4f,Kiss Goblin (2020) [QlKB6_4f].jpg,240e1d4583c9f84147a3f1c957722eb430fc10556b3765d225e36b6bc49ee097,cards/QlKB6_4f.webp,QlKB6_4f.webp,430,608,20314,05789af3cf540bdfd70441152f5051e3b87fefccecd39c267aa36fa44c891ead
Qoj34_4f,Voice Season 4_ Judgment Hour (2021) [Qoj34_4f].jpg,6065453048237f5a3877d697a132860c84454134e5f5320abd4b1f56145ce803,cards/Qoj34_4f.webp,Qoj34_4f.webp,480,694,25942,943efb10853af6ca16147e25a0e508f62f61f023ce6f0f80ad63b3c01c4b3e9e
QpB4Qf,The Temperature of Language_ Our Nineteen (2020) [QpB4Qf].jpg,2ad37ae80a258fe4c30e84cec3a98a47c1c8117807d0a76b0ba16d6343806f4c,cards/QpB4Qf.webp,QpB4Qf.webp,480,679,42954,5d644c463917fb53a5eaf2d93953691b0931381e91dc85db4aab7407d900673a
QpzY6f,Best Mistake Season 2 (2020) [QpzY6f].jpg,c618caa9403c3563f169f725ba1c54e2d08a0addc9abd02f73eae4b39a9496e6,cards/QpzY6f.webp,QpzY6f.webp,480,678,48698,15ddc8cd86bd743d89526314352d99cecbb5a07f1e3bc0b1c77711b210bea97a
QrXPg_4f,Must You Go_ (2021) [QrXPg_4f].jpg,201956b00c92e50ee22c08d9de3c142a1f3e268700ed463ec17023a5c9827a26,cards/QrXPg_4f.webp,QrXPg_4f.webp,480,679,26994,209d6350df2404265411f378b4541eb1a1e9d8f85784513af31b73bdfb9ced22
QvNJ2_4f,Payback_ Money and Power (2023) [QvNJ2_4f].jpg,e73bb818480c4ab74d5d3914149e152fa7e609447da4b3b10d99e40d86f87d78,cards/QvNJ2_4f.webp,QvNJ2_4f.webp,480,678,90452,87bc9a5a01f307103598f7672d88b8b2428dbca2517b110fb236afb3ac84993a
QyBA2_4f,The Penthouse_ War in Life (2020) [QyBA2_4f].jpg,c356b86a55c6bcd175384cd54a7f97370c70b6b1c39a31bbf1d59a7b991d8bfb,cards/QyBA2_4f.webp,QyBA2_4f.webp,480,684,50542,46f894dfc0201878ff7d4e22bfc9c813f9ad34ae55433fc66fbbe3ddfc847be5
R0NlPf,Missing 9 (2017) [R0NlPf].jpg,1a802a10bf1eec374c8dcbb6933e1104362ac728e2d21c6a6465aca0d5acbe07,cards/R0NlPf.webp,R0NlPf.webp,480,714,62498,afff8b74af18571f7b70c41e109a111a3d69ce64a69c1ebc362d3158510c53a1
R17lx_4f,Roommates of Poongduck 304 (2022) [R17lx_4f].jpg,8cd6349082efc9b470710af8aef644382d529cfcb0c2ee72a97307c3de49dfd3,cards/R17lx_4f.webp,R17lx_4f.webp,480,688,39876,6280aae18dd7340cd11fc1fee486fa2849dee866d70cf049accf4d5307873c0c
R4O6z_4f,Mr. Queen_ The Bamboo Forest (2021) [R4O6z_4f].jpg,3741bb68eb413f04f284d657e3868ccfb288be43f194616aa8528e370824ff23,cards/R4O6z_4f.webp,R4O6z_4f.webp,430,613,27244,f5ca99ced6b38549e32221894df3d337420fcdc39f0ea6c1ce74e49a74ded115
R6Nkr_4f,Little Women (2022) [R6Nkr_4f].jpg,10be64b64306b642b4c486994f116735ba84efb46602c159647fa5a2c8f8a084,cards/R6Nkr_4f.webp,R6Nkr_4f.webp,480,686,22682,44fa41c4e015d6631ca107e6407272ef252dd036be12836b35d7672216de5887
R6YzP_4f,A Model Family (2022) [R6YzP_4f].jpg,98c056c581f1f7155a74f455be18b502843d738e983b88a5899aba4e11319474,cards/R6YzP_4f.webp,R6YzP_4f.webp,480,711,23318,2b2b84fc42ced8eec978d470530c9e8d118c9dcfb03b7cb673c649831370351d
RApq6f,Hotel del Luna (2019) [RApq6f].jpg,102408b38f239a15c6348df2585cc31329b0c1edf49c944ede22735d42d3494c,cards/RApq6f.webp,RApq6f.webp,480,678,47466,ea97e07ee259e171c5e521d022e0cbae5dc1ff67bd6f16556dc27383e248f7f7
RB2Bgf,Oh! My Lady (2010) [RB2Bgf].jpg,7426cba4b782dfdd6e1296c38831a53d633df3effc13fc6e67ad2f9d0f4401df,cards/RB2Bgf.webp,RB2Bgf.webp,480,706,41784,e1ce85119592f10a228dde5333e8d9e6089ebcded05de698c03ae7e99ed7c595
RB311x_4f,Jazz for Two (2024) [RB311x_4f].jpg,f04b70b92b1889c939b1f2c8c545f192d20e0960c104ce5d75ed7d7f4b6ec555,cards/RB311x_4f.webp,RB311x_4f.webp,480,678,53138,f4aa0af88d0395447f671def81fa6a1518ffae291140e955597b543715cfff27
RBBJ46_4f,Unintentional Love Story (2023) [RBBJ46_4f].jpg,16c238ac339e4b1d83314a2abfade3770591b550a03f208443861bd62409fd19,cards/RBBJ46_4f.webp,RBBJ46_4f.webp,480,678,36198,211ee68a758d439ad3a4180639412dccaaa35f85cf8ac2de049857bf2ccc80e9
RBPwLg_4f,The Story of Park's Marriage Contract (2023) [RBPwLg_4f].jpg,f708e212b3ee86e31c23b12bd9c5edeacfec9d16cc128c688cac3fb22dc7e2e6,cards/RBPwLg_4f.webp,RBPwLg_4f.webp,480,688,38636,039b5ba50f15610f17fa9c26c3433071e17f037853610209cc71162eeea20934
RBWq7P_4f,Night Has Come (2023) [RBWq7P_4f].jpg,df4760b90395b097dfc774e38416e3cfb512ed7d5c3048c1e8f0eb0a459c70be,cards/RBWq7P_4f.webp,RBWq7P_4f.webp,480,684,42088,f1cbffdf73a152d4690642bd77c92a8f4bb72bafd088e78aa831149df3f95531
RBbxzf,Looking Forward to Romance (2013) [RBbxzf].jpg,44e985c98824bfe6e9a5479ad453eeec099c0ac51f5b5718b822d13d9ad262ea,cards/RBbxzf.webp,RBbxzf.webp,480,686,46872,407dd8dfa8cdef02258ba3ee233ca170a9ff0983cb7e537325fe1f09c1e7e071
RBgjnE_4f,Doubt (2024) [RBgjnE_4f].jpg,48ee88a6fc592e517a13dd0aa2bd187bd5ad71a768a4112563413601f0be7f47,cards/RBgjnE_4f.webp,RBgjnE_4f.webp,480,684,18326,e13730e9126d1b67bceb08efcab987a6f91958ad9da5d045e360289010fac5ca
RBk0gf,Protect the Boss (2011) [RBk0gf].jpg,c407c58b7cc09d753d971027a922e177be45834a650a3afd549914619fdda478,cards/RBk0gf.webp,RBk0gf.webp,480,720,46130,c241e1fbebc9a33aa00166da872fdce7f941d23dced76a3571280d92af96ad7b
RBkzEf,Cheo Yong (2014) [RBkzEf].jpg,f58252e2153a61572893ecd283cb88b1aad8dcbb71f7b01b9295cf96defd6fca,cards/RBkzEf.webp,RBkzEf.webp,480,707,32048,7f56821666b126a3a7efecef1f0a92ef90295df7ea95fc010f0f3d40ab4d9b26
RJ6wgf,Timing (2020) [RJ6wgf].jpg,4c82db434ff067f251314eb32a4da749acb5c4375990e9159683e344deb8db2e,cards/RJ6wgf.webp,RJ6wgf.webp,445,644,21982,17c4b6e089c98cc26af39bb5c194d2af5df1b92469889c587283ad4fd3e14f0f
RJNZxf,Winter Sonata (2002) [RJNZxf].jpg,626d35f12a58382729116b4787db968c7c7e7607126a81b89e92fc59ae019ff4,cards/RJNZxf.webp,RJNZxf.webp,480,680,40582,c281ef7ac1b9bc88e7232e84dd6db7bd3e6bb96c552dd6dd41ad7f4990d8130f
RJP8gf,Chief of Staff (2019) [RJP8gf].jpg,9e285344c4e11f387ad031f720b9e8856543396cbbf0c3366498c312ab19eb4b,cards/RJP8gf.webp,RJP8gf.webp,391,720,26804,5a6989bfda7a269f1d051923b268655e9dbdf558000b44d1c09e9380cd482233
RK4kV_4f,First Love Again (2022) [RK4kV_4f].jpg,484c79598d27e19435a8f02af4f45f9727b6e510ca875d1d0e75b5aa71a33122,cards/RK4kV_4f.webp,RK4kV_4f.webp,480,672,20546,35ca6529935069c170a0f81017d0437419d16bc917a82038755f4d27ca8cfba8
RK73P_4f,Young Lady and Gentleman (2021) [RK73P_4f].jpg,8b7fd14f2209e1bbf3a03203fb4ea4a3f82f5b453056d48277900465ccade5b8,cards/RK73P_4f.webp,RK73P_4f.webp,464,720,42820,3ef586a075b7060ab8002c6e0ad178c730c48110be6d563067edf1b233d4711d
RKBWE_4f,Snowdrop (2021) [RKBWE_4f].jpg,c372e9a4857a7e727aa9306785eecd8abb34a7a806446cbeaa49bb0c85dd100d,cards/RKBWE_4f.webp,RKBWE_4f.webp,480,689,24380,81da713130a2bf5d53016b2ac4aa57daa8fd467843d65adfde3d8212d09acabd
RLd8R_4f,Cruel City (2013) [RLd8R_4f].jpg,85881ae72d9633866514ab4f9ed9f204c57b48544073e809a1f3cb8d40cfbf66,cards/RLd8R_4f.webp,RLd8R_4f.webp,480,706,39296,a3142bf17204bddb78d002ab73acf7e288e561fe772180da1e9196e0b84f18fa
RN2qP_4f,Jinx (2021) [RN2qP_4f].jpg,49aa9da9c22084460f5de250f575c265dda3db10032c272443cc962a948546c8,cards/RN2qP_4f.webp,RN2qP_4f.webp,480,680,32500,0b260b8fd011c52506237d4e37abe4a54fe3cc0095e94a9589badf77708a0766
RNVVV_4f,Secret Royal Inspector & Joy (2021) [RNVVV_4f].jpg,c42d21b3eb62f2053ad49f94e5ec970e8f127ad0e8cf57344bf4b2de7ceb4e8b,cards/RNVVV_4f.webp,RNVVV_4f.webp,480,681,69536,27a3c0126082d9d0c0e6dd210eaebe2d4f460a905da77f29f5c6682dd2fe8d57
RNoko_4f,Chimera (2021) [RNoko_4f].jpg,4223c11bd7a351e5850be21dd97a371c98fb29c23b1078c6e4570e1c2f583480,cards/RNoko_4f.webp,RNoko_4f.webp,480,684,53580,51f3428a0fe7369bd99f0881f82feefdd66e65f2fe153aaf0aa5d90c1638fa3a
RNw0z_4f,"Work Later, Drink Now (2021) [RNw0z_4f].jpg",2fe8c4174dbdc7bc75cbaacb1474d049fa27617ac1de75335fd35f987f4fcffd,cards/RNw0z_4f.webp,RNw0z_4f.webp,480,684,49752,8654b3b355e154ee6765c07592d3154cf8d4aa19e2d4d8aef597fa74f4c9d622
ROOPo_4f,Twenty-Five Twenty-One (2022) [ROOPo_4f].jpg,301104c329ff2aaeffda24a48856ee163d37c3c3d6d63844c500b9a44e0fbdfa,cards/ROOPo_4f.webp,ROOPo_4f.webp,480,688,29860,febe4ee08ae792c1e3015c8a22bb95201dd32bf4ebc83cbc3e7bb3303c801f96
RP8jEf,Long Time No See (2017) [RP8jEf].jpg,6f2b75ba852f87023de04cdc61f36bbfcab6403c9ac18d697737a419e41318e4,cards/RP8jEf.webp,RP8jEf.webp,480,711,45012,e96981331786d8a80085bd18403e3d03cbae143fbab19c5ff9de65708569219d
RPPorf,Nice Witch (2018) [RPPorf].jpg,659c2f7964a0efe19ff65abad425a8387b1729783e9b33c7ed7f2bcab3d2d33f,cards/RPPorf.webp,RPPorf.webp,480,660,60958,0cff7b87ee75e5eb96c98c7ec452e86f0b7f6f8caa99916546cedf091e5d2c8a
RPX0Pf,Night Watchman's Journal (2014) [RPX0Pf].jpg,ff0840d223369348d8287033b03ea3701ebee6bb5043a06803b40127087a8591,cards/RPX0Pf.webp,RPX0Pf.webp,480,684,57512,63a22de090bdde07be11f2eeacf76180e303fba8acab3a1349a4b53e0a80a655
RPjLrf,Welcome to Waikiki (2018) [RPjLrf].jpg,e5999f1dcb53283b2348ff49ac08e6fea0fd2299dbf5018f570ed1c4176f4675,cards/RPjLrf.webp,RPjLrf.webp,480,677,59770,4fef36178e49e9df5864f7f7e7a9deb15419da43fa2e6299875e22e020269df8
RQLeY_4f,Start-Up (2020) [RQLeY_4f].jpg,8503b8296547c876dfb490742d27349ad5382160d752225f48a768bc66c7753d,cards/RQLeY_4f.webp,RQLeY_4f.webp,480,686,26370,331ffbc53cb37f6fd0132d6c8ec6d592751581410a3112b577c001535fd72d8a
RRXWR_4f,Memory (2016) [RRXWR_4f].jpg,33030e88ce7b3282777f0a53fa9ac374a1d32545e1a391d9ca05a0b80007d0e6,cards/RRXWR_4f.webp,RRXWR_4f.webp,480,700,53160,bb01c02929cced4e91d98f3ee735bc14794410e45289cd5f3ad01dc055cec0f2
RRz2E_4f,The Good Detective (2020) [RRz2E_4f].jpg,3c0e939f8cd11cdd51924923ad3a4f6191fb69a808e3b7af0cb0b973934e7a66,cards/RRz2E_4f.webp,RRz2E_4f.webp,480,678,54390,f6fd214a1bfccdbe2251013e7659b369a06487971167eb343094b65e9a2be8fd
RVbJz_4f,Bad and Crazy (2021) [RVbJz_4f].jpg,c681cc4b62aa94fe3b4a510a4a316587835b04a3304f9a4e2fca7eeadefbe9d7,cards/RVbJz_4f.webp,RVbJz_4f.webp,480,684,69776,ec65fc0d1ecbfee580fee1b486eee9c2bee8adcf2aec23791c83a19a505a36d4
RWW6Rf,My Strange Hero (2018) [RWW6Rf].jpg,0255b057fee62ef25069b38cd6637ba98cdf017b9d209ff129fff4a1c60e0108,cards/RWW6Rf.webp,RWW6Rf.webp,480,718,23276,f2033729d409e174e8152fd35cd405749a5e9e375e3ec7a29fb9be5c199f2917
RWmyxf,Love for a Thousand More (2016) [RWmyxf].jpg,954260cc09e3e3121e0e1c360921a9abc11317aa00d232b6031334e684db942c,cards/RWmyxf.webp,RWmyxf.webp,480,613,53584,e12038c0c5d7c1c0b998b1578aa6fd1caefcb00a768c6ebeb5b8c7ab05267097
RWnjxf,Kill It (2019) [RWnjxf].jpg,e8a5a47f1f9305c712fac0d3dfd7412dbbe9807843345127348b09583883b31a,cards/RWnjxf.webp,RWnjxf.webp,480,684,34956,608750a6bd74d2613d84212e69f8a890be4c78486e661280622147dd33ebe0de
RWnmof,Doctor Prisoner (2019) [RWnmof].jpg,2e1bb3c836dfdeef5b11bcaacda6e6c59d9e8d3936358d8077b78a43bb60d4f3,cards/RWnmof.webp,RWnmof.webp,480,720,26190,eb60c94787a5653d53ef0a8c014a091ea14a9a9c770f701935216ab2fb9da1d5
RX2og_4f,SF8_ Joan's Galaxy (2020) [RX2og_4f].jpg,479da4bccda33b161b3e4a57d9a77d26cdbc52b145b0c13bdda863afa55bcc62,cards/RX2og_4f.webp,RX2og_4f.webp,480,678,13750,cc1f81b079c16f64bf8d3b3df4d6cf899d78702a9729d507a7bb052d212f37e5
RXXL6_4f,Hospital Playlist (2020) [RXXL6_4f].jpg,34ece445d68329c0339177c530dcd87548259733ee43b3b6a717a8a104006001,cards/RXXL6_4f.webp,RXXL6_4f.webp,480,698,34512,ffb4d1839e33cc1e9cb44e983535caa39e4311f282a16c0ade72dae53eba2509
RXo6E_4f,Alice (2020) [RXo6E_4f].jpg,199ca138268a626e2bd05dafd6ed80171668bb7aa4e423717b72663df23168c8,cards/RXo6E_4f.webp,RXo6E_4f.webp,480,718,31762,644b1b3d29b65d2e912a747320e95e90bad02ca9ddf48458f6f2780360ddebfe
RY026f,Glamorous Temptation (2015) [RY026f].jpg,4cd022628a195235123518c8ca85e9e1e8d721448b918d0ecaf22614b7ba1002,cards/RY026f.webp,RY026f.webp,480,716,53304,1c93b97bc22383f9491f05433e1444d4ac92b43c3debc1c47cb7fc590d0dacbd
RZ16Pf,Failing in Love (2019) [RZ16Pf].jpg,4c9921d77218055ee8ed458f4e584b1af20ce117a731ef6e2aebde3930ad3e7b,cards/RZ16Pf.webp,RZ16Pf.webp,480,679,53238,db852d78d4e8b427cb746df4e20b92fc8191416d95971586e10cb1cefe035645
Red2Vf,Rebel_ Thief Who Stole the People (2017) [Red2Vf].jpg,6e35c0e2be2396049b5484df41655a9d50b2f74d415239b8d43b188c90c2d6e2,cards/Red2Vf.webp,Red2Vf.webp,480,690,51594,026f087fdb5c15216e20674d9c8e768ba132a23c912276ba4adb0f8248ad0545
RgW46_4f,Touch Me if You Can (2020) [RgW46_4f].jpg,ca516b6dd4386c67ce3fd0e2f07b895b953c15f4c7cc95c8fa990bc2357aa663,cards/RgW46_4f.webp,RgW46_4f.webp,430,608,30548,8f76915ebec0ad5cc4265e6da31c38796e7868ac19e3b23af0f384a0bad51b04
Rjw7Ef,Mrs. Cop (2015) [Rjw7Ef].jpg,9a4d38aa860d819fd11d87f0995067dd4632cdd7af6cf8c944ef8f1ab1f25d62,cards/Rjw7Ef.webp,Rjw7Ef.webp,300,451,24326,722757ba8d99dd504c7b3c74884f8fc1ab78fa0a32bc19b66da10305cf2aa4f8
RlEAY_4f,The Mysterious Class (2021) [RlEAY_4f].jpg,4ca7e55a1f2d05d1efe390ad15ea17673e7eac3465875d27a4b9beb39ca39427,cards/RlEAY_4f.webp,RlEAY_4f.webp,480,687,47186,b8a33dcad992a78b5f00fc44244131ef75c22edf63532cc3ccf3d384c46ddd1c
Rle36_4f,Move to Heaven (2021) [Rle36_4f].jpg,79cc05a89bc23498c5b1cfbbae4be4d2f39605bc79711346935242acaa0c36bf,cards/Rle36_4f.webp,Rle36_4f.webp,480,720,34542,0566df786d92b16e6350b277788c24d45e4360101e7aba8d6e2f17a8710338c3
RnxbP_4f,Romanced (2021) [RnxbP_4f].jpg,b5091dad936da63140d7d621b3465a28532bc36553b0a37a7371487c6143a343,cards/RnxbP_4f.webp,RnxbP_4f.webp,480,671,22534,13f36be3473baab1c0a77e49343f1927513e41bfa8fd4c52008eca3f308f4080
Ro3Ao_4f,Pachinko (2022) [Ro3Ao_4f].jpg,1838eda3632d858cfab7e62838008c215450d126cbe2ce5f451a4a8379f55913,cards/Ro3Ao_4f.webp,Ro3Ao_4f.webp,480,720,35724,86aa1cb355da2d6d8bb6130ab3ec1e1ec6e81e6b5055e34e15d33ad66d49381d
Rop8R_4f,Monstrous (2022) [Rop8R_4f].jpg,b1445ac5d8db734693a04a658ad440e37f35a67ea7c5a15e0009a4822b942544,cards/Rop8R_4f.webp,Rop8R_4f.webp,480,684,63388,64f5b1e175a675c312120f92976c7968dbbab69c1ac7e761832b7192e6beb6d2
Rp0Zz_4f,Cafe Midnight Season 3_ The Curious Stalker (2021) [Rp0Zz_4f].jpg,4b6a926f5b550e02897c83287e9562490c26d9c0b322a1967571405c35955ccd,cards/Rp0Zz_4f.webp,Rp0Zz_4f.webp,430,615,29754,20f32499cc57f1936772bc5950d32859946ef8c818a95f9a8245236849e90e23
Rpdng_4f,Recipe for Youth (2021) [Rpdng_4f].jpg,04cd45503ed9250c38bd4f58aad2074f9e1232f4d0202b7999de96ee36af1f02,cards/Rpdng_4f.webp,Rpdng_4f.webp,480,679,25262,8ca552f0bc342d79db7d6b1c724f4f30e900cbb750237a09093ad765dff427be
RqL2g_4f,The Witch Store Reopens (2022) [RqL2g_4f].jpg,2cce3cba5298d4c8f3e4ed9ab936e9882fd3d447853aa2d7162e6c33239d9c44,cards/RqL2g_4f.webp,RqL2g_4f.webp,480,679,37326,9e4dc90d4785e40a5fcd78e735e206b6c5a6c45feaf00173ae563716bbcc9e83
Rqp66_4f,Reborn Rich (2022) [Rqp66_4f].jpg,76d3e9d4783f0a5a6365679660973e0b3d76434106e243fda7f8eaf8ece82170,cards/Rqp66_4f.webp,Rqp66_4f.webp,480,685,26818,4a525735befbdecee827bab2d90d8b341a7b2b0839f91d6cca68b16b26df9354
Rr7DEf,Dr. Romantic Season 2 (2020) [Rr7DEf].jpg,f9ef897fa586171f947eb31a2e1decf25eb4c7db10346c597200d0bda07df98d,cards/Rr7DEf.webp,Rr7DEf.webp,475,720,64832,8b3fe2554ca1e4d5aa2dc853f133d648c008616aa6b9745549ce3dcc30b5a905
Rzlwx_4f,Mouse_ Restart (2021) [Rzlwx_4f].jpg,4868294fd9580edd7ee61325d8eae556965bbf29f26d686df19a62e5bae9f219,cards/Rzlwx_4f.webp,Rzlwx_4f.webp,480,680,20188,8b693b7510e4e3bb3a35ab7f74b601106402a8ca28fa93512a609601d4a41917
Rzrng_4f,Nobleman Ryu's Wedding (2021) [Rzrng_4f].jpg,8c35802c5c28b25f7c21848ee76e806ca33bd3979f85e5fe883b46577d5a4a92,cards/Rzrng_4f.webp,Rzrng_4f.webp,480,720,38850,6f882954ca722078d689ff9bb01d6a29b54d42efa8b3194262ac109e73c7056f
V42myf,20th Century Boy and Girl (2017) [V42myf].jpg,2e7f73ab17a6f64b3e301146956b5270f63387eadfa1368ee18b65bc36af5917,cards/V42myf.webp,V42myf.webp,480,716,55700,1f73df8a4daa68b80c4587a77b5f583960f94e3e424b25f8473fc4576235ce85
V453Qf,People You May Know (2017) [V453Qf].jpg,89801659f92f3b970df15da559ea2a228f4d83dde1cf787fbe6d5af264498b85,cards/V453Qf.webp,V453Qf.webp,480,692,14838,3cb3bffe0bc936b144108ad89d09c24b765c78941a2bdd11df0e5c45cc4619e1
V4zWEf,Girls' Generation 1979 (2017) [V4zWEf].jpg,4213494d2e5ba71ba1e6c6866e568f02524ad715ba917f670b92ef168e6781d4,cards/V4zWEf.webp,V4zWEf.webp,480,679,59728,ece8cd8d3f1157c048177e48896e8a0cd26adaab377c54b250924d6a18169937
VBw6vf,Heart to Heart (2015) [VBw6vf].jpg,d172748023f4d57c096d1f2c8969eea012d22c49c9579bd4bfdfb5a8db2e7704,cards/VBw6vf.webp,VBw6vf.webp,480,699,52144,e9ff903a55534eb047ad7dca201927e78d193d44c1fe3f90ab1b455aca2a7969
VJQeQf,Lucky Romance (2016) [VJQeQf].jpg,190211552e1521a2b079e0987dccf148f14554054a695b69c9daf7cbb57b05f4,cards/VJQeQf.webp,VJQeQf.webp,480,714,58466,52753ef28ce1dff6ffc0a9519b1e9d0b8e1a1edd226f4869063ca5745821270a
VJvyzf,The Fugitive_ Plan B (2010) [VJvyzf].jpg,fd843cd36dd5e669c1a132c231f6ef2379511be41fa0395752ebbbaa0096a7ef,cards/VJvyzf.webp,VJvyzf.webp,300,420,24288,d6d6e3f8793220f6c8c32f988732c2fe71092b7a110ecbc7a20778d9976400a4
VKAjEf,Vivid Romance (2017) [VKAjEf].jpg,1a2efd9d76c5c348d2a379433151146ca4f3e7175ea6d80745e2dd781a828b10,cards/VKAjEf.webp,VKAjEf.webp,480,716,55600,5531a3a4b202c8f8350a6a34adfd3083757e11c1699e2b354bef7938220224e5
VNQpmf,Wonderful Days (2014) [VNQpmf].jpg,58960bb43f53f259fcaf4e3393dbf9684c8c35ff95f75c3f07e2faf2a1f43aa3,cards/VNQpmf.webp,VNQpmf.webp,446,640,67226,30ad1879a61eb01ab5d75972da1e59bc2d6c0b435141cc8afbecef6b48dff443
VQRALf,Discipline (2018) [VQRALf].jpg,30195b8165bbf55563158f1323a2be3964704864a721e69eb804f17ded35a375,cards/VQRALf.webp,VQRALf.webp,480,360,24392,7b6136e88f715cc077de592145e1276539e929ea3f75830db2f51b48c5c4e865
VX1rEz_4f,Taming the Bad Boy (2024) [VX1rEz_4f].jpg,30b481274d9c2123519252d3d429450b7402bc198c3e48c0301329317f18b780,cards/VX1rEz_4f.webp,VX1rEz_4f.webp,480,600,27292,62f9e4d184021dd05c1432a29dcf2b35c7889417f6c13697bc84b55997b52f6e
VX3z3Q_4f,If Wishes Could Kill (2026) [VX3z3Q_4f].jpg,4ece77cf1aa2a9e5a28e5b1d41b64b91f7277dc809cb0580bdda0ac8ca2c903f,cards/VX3z3Q_4f.webp,VX3z3Q_4f.webp,480,711,33010,a86c000a1d39a3b40cd93c4eb6dbd731575cd3aeca197e88f67becb77583a821
VX6yEL_4f,Our Happy Days (2026) [VX6yEL_4f].jpg,91b7e62ac5743fb25463b16f5c2027403b988394e5e962afd7297da2b7ca2623,cards/VX6yEL_4f.webp,VX6yEL_4f.webp,480,685,51802,43fdf49201c868b679421baa4327281a3a182ffcd32fe3d918aae75a815bb21d
VXOmlJ_4f,Check in Hanyang (2024) [VXOmlJ_4f].jpg,53b01cbc65c2c366470fc96d8cce154113d51225fe133f907e7d4e1db313fd6a,cards/VXOmlJ_4f.webp,VXOmlJ_4f.webp,480,679,46968,cd4ee67224724d3deb4306b10d44dcf0cf950f7d01351e6c271bff155163c934
VXPd0z_4f,Opposites Attract (2026) [VXPd0z_4f].jpg,48384b0fd6fcabdab9e51207cb71451c769e38c307610acb6e144a3426470ea2,cards/VXPd0z_4f.webp,VXPd0z_4f.webp,405,720,23158,24567736adc5ad53c5421ce406bc4a3f62edba243cf7915899c713d1e08dbed7
VXVAPv_4f,"Goodbye, My Brothers (2025) [VXVAPv_4f].jpg",3c970e6f135b2484db44cdd44d4bdba9ef8c8b9b793688800a88faae5db3a33e,cards/VXVAPv_4f.webp,VXVAPv_4f.webp,480,637,67168,fb699d28c9972fbbad49b538b6c111e740157189ea16ba09c2905a6fb03f3042
VXYNvL_4f,Don't Call Me Ma'am (2025) [VXYNvL_4f].jpg,6b904ae7bd3be781f80371b10163f035b44a38609d820d61855b21292d063e4d,cards/VXYNvL_4f.webp,VXYNvL_4f.webp,480,686,34402,5c8143d0031274efcb95d3f304f3c3d924e9d2a600cb91a6ecb1c261e30c6d5b
VXkJJf,Paradise Farm (2011) [VXkJJf].jpg,46a6afc78b14060273fb06a170cb4fe2b29d3b0e132cd1b46d52bd31546d06fc,cards/VXkJJf.webp,VXkJJf.webp,480,720,67366,d486286b48d8281cebe40b49b480b826c0c622281671e2f48682b6005dc3e132
VXmBWL_4f,A Graceful Liar (2025) [VXmBWL_4f].jpg,735f26a07707b68d4a8fc1b32ead47a4443c7e9dd7623ebaa31a63d2d5943748,cards/VXmBWL_4f.webp,VXmBWL_4f.webp,480,672,67962,ea1211e8578f0336f60502500383f475d16ac8b7dc63d94581a5831abfb30a97
VXp6E0_4f,Lovely Death (2026) [VXp6E0_4f].jpg,b42c0138639ffefba15f1f278e6a174ddc43e735f483fd294885e3705f51ec33,cards/VXp6E0_4f.webp,VXp6E0_4f.webp,480,720,33710,1840618d2bf1ed82c4807386718f3b1e36aedefd7086564729f8253af07f23ad
VXqRlJ_4f,The Stolen First Husband (2026) [VXqRlJ_4f].jpg,d2bdd2560ab8eed90e688e413e237183167a607ee4665328a12274d53c300c08,cards/VXqRlJ_4f.webp,VXqRlJ_4f.webp,480,640,24750,9780c3925f2c205ee4383e358f4b8d37e1b8f6827f28b8789ff65b8559abc29f
VXrmvL_4f,3XLOVE_ Nerd Guy in Love (2026) [VXrmvL_4f].jpg,0ee48b01bee16d3354c28c2ae42b06031fd6a2cbfaca0ccb090807c09bb6dbcd,cards/VXrmvL_4f.webp,VXrmvL_4f.webp,479,720,58716,f05772a68ea2b899962bc9b68f7f2db5cbaeec1d443e3a012fe3069b2947124f
VXw5mf,Partner (2009) [VXw5mf].jpg,7bfc12da01239fc869d1b4c6d4b33bb60f9100104a5c4541dd978c1d7e34f85a,cards/VXw5mf.webp,VXw5mf.webp,480,670,41950,e7a31fd20edfc82036f73efc6bac371b0d71f4416d1195f00bb5d0af52b98519
VXxpVy_4f,The Prosecutor's Proposal (2026) [VXxpVy_4f].jpg,0437120bf50092fb8d606c287af4b245a2014ad84f5b788231cfc2f0d823c4a5,cards/VXxpVy_4f.webp,VXxpVy_4f.webp,480,678,29412,871d462b7f83f9b066353751b3b830a151d1c1a443ed1f279ef9eb2df528a6a4
VXy10L_4f,Love Phobia (2026) [VXy10L_4f].jpg,106b5b05c26d72759d27954f377d82bb120b11806c2016f488eba5ffab4f9bbb,cards/VXy10L_4f.webp,VXy10L_4f.webp,478,720,18016,be3601fb600a83895432f119b0abbd154f92e8532a0a5a77d97a0d738c59aa37
VXzEmy_4f,The Potato Lab (2025) [VXzEmy_4f].jpg,a4c70c8fbaedf6b17f6c2929b1e48fbd2952fa35feb10a5ae05339655a99c576,cards/VXzEmy_4f.webp,VXzEmy_4f.webp,480,682,35116,35f03feef2afb81fb63ea23423a7c8305818913045d430cf069703a3172ed469
VbE1mf,You Drive Me Crazy (2018) [VbE1mf].jpg,1732f2ee8ca0ae2834791eaa546169b7aa09c81f217631868dd2d0925a59f3ba,cards/VbE1mf.webp,VbE1mf.webp,480,712,64014,5e814d92778813c13318e672ab41a38d7481cbc6e84ea9200160b3f5ca4e92a7
VbJnQf,Flower Ever After (2018) [VbJnQf].jpg,0a553dea3083aab4f223ce9751f8b2234b97252665769a2bc341358f0c33e47d,cards/VbJnQf.webp,VbJnQf.webp,480,666,33912,f1643928f0ecbb74cd5ff803ff57dbdfec5bfb7a3e8dbbc9d3d1f61510227ac7
Vbojyf,Love in Time (2018) [Vbojyf].jpg,9c79653736dc8bfd049a039276bd79d89ec7da1499e45a63ed241c4f9c4f7c3a,cards/Vbojyf.webp,Vbojyf.webp,480,682,31312,4b4f3cf1444a588300440cf52ead9eaf4a07d5febbac7e0e0052744c69584e20
W3J1pf,How to Buy a Friend (2020) [W3J1pf].jpg,4dea5bcb41adeab2488ef9b5eef2e84163225e9d706a74f67878169cb10ba4b1,cards/W3J1pf.webp,W3J1pf.webp,480,600,40980,a590884cd33f01156a4f70a8cd7b3a8ffa1315d9a040733ac0cdb012605477b9
W3gKXf,The World of the Married (2020) [W3gKXf].jpg,7c0067cdd45e0080ea3b47b351f7b28a133e7bfdca14cff56d16222d0eff8c56,cards/W3gKXf.webp,W3gKXf.webp,480,686,34444,f548d0e5eb4440aac369eca5a185628a9b92a6d46666aaaca5eb7b77927d26c8
W4krO_4f,Bulgasal_ Immortal Souls (2021) [W4krO_4f].jpg,86be94ffff0d73b1c2050de5d158968ea28a49e5a7a7045654e078434d06a34f,cards/W4krO_4f.webp,W4krO_4f.webp,480,680,37668,efad3d31b1b9595e33d6b2b8e6c3ecc5ccb77ec43f7dba84d80eec03918a81ff
W6yo5_4f,The Penthouse Season 3_ War in Life (2021) [W6yo5_4f].jpg,d05561355ec59c3b97f2cfaa60851d2eb50a7717e05c24a61dd072da73bc6da0,cards/W6yo5_4f.webp,W6yo5_4f.webp,480,684,48732,f76a9c0f3b2b429c13c2589d43637f227433baf8bae9dc9f7b18ed01b0f79189
WAEAp_4f,Flower of Evil (2020) [WAEAp_4f].jpg,bb45f1593a09774488144976fe2bca829c13698fb11c68121bd84d928fd6bf86,cards/WAEAp_4f.webp,WAEAp_4f.webp,480,680,28646,096c33da4ad7750841e8f110f8a71dadf5fa58f6a267febfb29d41d2beab58db
WBj3Rf,When My Love Blooms (2020) [WBj3Rf].jpg,ede4a3239540fbea0688df6e033f96ff9ca62ee23068be3926b80d4ab09db14d,cards/WBj3Rf.webp,WBj3Rf.webp,480,683,31958,ed1d775a059da4f24b796a04894d2149e01fd7da3d3f850541224ff9e7516189
WDQ3O_4f,The Penthouse_ Hidden Room - Hidden Story (2021) [WDQ3O_4f].jpg,78940c8807837dde554b3a772666624d24c69666e7f3e05bf05c1c3cca04a654,cards/WDQ3O_4f.webp,WDQ3O_4f.webp,394,720,13748,905e6ac843af6203e37518801d3afa7846d5742110e99a88f1d274bae33243fb
WDk13_4f,My Sweet Dear (2021) [WDk13_4f].jpg,74dd96c8517bae8170551955de0cfa35dab7de6a1fd3312b5693b80ceb58de55,cards/WDk13_4f.webp,WDk13_4f.webp,480,696,41396,d09c16724a00b0ed2088d41d52c21637e071a8f6a2a34f567a1c534a81018376
WDo4P_4f,Melancholia (2021) [WDo4P_4f].jpg,ff34f2aa6dbfe7e019facb5da5d420995bfc39b1cf3cebea523b5a2fc80eebd3,cards/WDo4P_4f.webp,WDo4P_4f.webp,480,680,70138,c2ef64d139596c4d998a9137dbe9b7efff9f7297ec541b0bb6e03e94ae7cff07
WNgPRf,My Country_ The New Age (2019) [WNgPRf].jpg,140e911a45b3239287859ce379c0078ad38f0401fceddfeef54edf0defc4e605,cards/WNgPRf.webp,WNgPRf.webp,480,679,33394,f9d548615867753fac87ede643bcee061def0c535b30f046374dd9891ccb86f5
WP3xKp_4f,Love ft. Marriage and Divorce (2021) [WP3xKp_4f].jpg,019055e5a694ac4d9cdd53132221a002217213f72adc4a32881089b15fbfb29b,cards/WP3xKp_4f.webp,WP3xKp_4f.webp,480,660,39672,1616cf1c6b4455927b5483f81f1c6c9b4a7f43f2b25e3dbadee6dc06bf722dad
WP7VbW_4f,Love in the Apocalypse (2024) [WP7VbW_4f].jpg,6b3beb46d5c303e8071ac505b14a93c4073845bea818ca8242cd75c2fe6cb99e,cards/WP7VbW_4f.webp,WP7VbW_4f.webp,480,603,24358,2e2e600a61b336aced8bf69d05d05e66e51ae8adec2c856947998580a61f5e85
WP7ZXp_4f,Sweet Home Season 3 (2024) [WP7ZXp_4f].jpg,2d8587e158f8a195100881614563e03bf441b446d8a2eb322a181044f482679c,cards/WP7ZXp_4f.webp,WP7ZXp_4f.webp,480,711,67982,a2cb40f4f6ce023f1c3b6d36e8856a8ea8a6edb1696cd134621e0637f0425ef4
WPB3lf,Cruel Love (2007) [WPB3lf].jpg,73bc1b3acffd98a3e2f7dbb19f3a014165c3a604b2d73d4dc3bb0600b90f7f32,cards/WPB3lf.webp,WPB3lf.webp,480,688,32984,16efaba1d733155a65d8e305e592c6a77914d0cc7292269d82c041fd7886b59a
WPBQOf,Secret Love Affair (2014) [WPBQOf].jpg,3b5faf1397d6bca0634010e2d11cbcd9d9f810a42a7c73d3727a3da017cca1cb,cards/WPBQOf.webp,WPBQOf.webp,480,676,35480,2ac9761c177e5327ccad66d5054e17d1d9966bf3cd0251e331d855b3556ff5ae
WPQ3pf,Boys over Flowers_ F4 Afterstory (2009) [WPQ3pf].jpg,9b1f8453a2eb42c9fac0bfe260b925dcfddcbd95c7b8ed2a7fa134ac2f8a3e98,cards/WPQ3pf.webp,WPQ3pf.webp,450,640,35974,8094e0f7bf63531ed72a54c9dcd292b6f0e0adb6aa4dcc5a8908bde0b8adaf92
WPWygl_4f,The Tyrant (2024) [WPWygl_4f].jpg,9b7cbed603a519e9329e633c735b848edec4848d3e08a7217f067af8f13fc292,cards/WPWygl_4f.webp,WPWygl_4f.webp,480,686,48868,581b599e638b11606f2cfe60817229b4f3522ac6df2bc2b3ffb05f35feecc10a
WPXpXf,Bachelor's Vegetable Store (2011) [WPXpXf].jpg,b9ebfaf757bd9f96d2c76ec14eda8babf3ec791f5f881c1d4e5a80ac0e0228de,cards/WPXpXf.webp,WPXpXf.webp,480,720,67070,7bff7a5d7c9bffcbfff494830e540da187d2192a9ea1eb3286b638b3b42c9c95
WPble5_4f,Live Your Own Life (2023) [WPble5_4f].jpg,7b07d54cd4f2b794c3c336cda4eda4535004df36d3c61b35a613edc3e45e47a1,cards/WPble5_4f.webp,WPble5_4f.webp,480,685,37066,66db7513791dbffd95b02a734c2aa846ea719f0edba49c95a859a4331b0d5803
WPe0lf,Big Man (2014) [WPe0lf].jpg,9245ae7cf1489b63d87a434ba98628c34230838b3f1eb735054a87d34d10d2ad,cards/WPe0lf.webp,WPe0lf.webp,480,686,37668,35bda2848fe2f215fa104b17a4d98e09983b7c8287f6634f9d7936e90dc40923
WPjO4P_4f,Our Dating Sim (2023) [WPjO4P_4f].jpg,29423346ee464a75211761a49623c21c32a5a03ad56f5685ffddb111a58f22c6,cards/WPjO4P_4f.webp,WPjO4P_4f.webp,480,679,31004,6b011d7b317d6d75dd596384995998a1991035fb801808c3b0b388a06cd69153
WPlBXf,Dong Yi (2010) [WPlBXf].jpg,a1a06f6e15f82ae8ae6eaf361e1fd8c06b5892acedbbb5d98a8af3ce7bd427c6,cards/WPlBXf.webp,WPlBXf.webp,480,679,52828,4e8c0db59b022f9f4b4640cfa44ed743db66020a722da9cc6feabec4c4672a32
WPndVP_4f,Tale of the Nine-Tailed 1938 (2023) [WPndVP_4f].jpg,214d1b419a6758f415cfceb1d3b070cf449b4f74bb4d849a7f17da9597161744,cards/WPndVP_4f.webp,WPndVP_4f.webp,480,680,53970,c074258dde6d7e038c08feb8eee20dafc97a12b5f7a4dafd4b98f753d77630c0
WPnpLX_4f,Star Struck (2023) [WPnpLX_4f].jpg,325638598af533b99d3fdf43b610d5e7670baa45b73c36ed13cc75c9597880d1,cards/WPnpLX_4f.webp,WPnpLX_4f.webp,480,640,21726,6f5750f01f4adfb70f3c6b16cd7a4ece1bf657b1d67f99c114c4f409450cd38a
WPnyRf,Capital Scandal (2007) [WPnyRf].jpg,74d17c523c9396425683a582343480ba5e92922c28f16a8e3ef42d66f11f65b7,cards/WPnyRf.webp,WPnyRf.webp,480,689,48630,f24e9d75ac256d3b05a3619e28c438d085de029ba6e8c34211068892c09f376c
WPrA7W_4f,A Killer Paradox (2024) [WPrA7W_4f].jpg,090b500e36053e57add88afd561dc2f711497538e1150607830498f3c37dd66a,cards/WPrA7W_4f.webp,WPrA7W_4f.webp,480,711,62930,533f4e6cc39180e34f688d964d1e99a7fdec76716a78f84ac7efae58074f8b98
WPzLmf,All In (2003) [WPzLmf].jpg,6e72ee40f25e7536943b405c14784a5b09462747f8b6347a0a0591427d7e640b,cards/WPzLmf.webp,WPzLmf.webp,480,682,27636,4652722249f5bc173f2f7e6d8cda7c79114453c28739230f55f05eacba6ced21
WRQmX_4f,All of Us Are Dead (2022) [WRQmX_4f].jpg,0b8c6568f30110e474ec6d993251772825e179a4f311faf4d1bd0c069d41d29a,cards/WRQmX_4f.webp,WRQmX_4f.webp,480,711,37984,2bab38daffd790c1d1418b3321c41a68a2a708037caaffa791effa4e886f2795
WV4o3_4f,Romance Town (2011) [WV4o3_4f].jpg,0e32a04202f34e12d2e306c08946fee254c1c229bbe3bb5fa2fa131b0cd65547,cards/WV4o3_4f.webp,WV4o3_4f.webp,480,699,35668,e389b8253ccbe25bb99170d35a0f838fde542d6495b826b2db80c345116d2af9
WWr5p_4f,"Legally, Dad (2020) [WWr5p_4f].jpg",ae2c7c67bcd9ec56111192b4022e4c46d6f0c28ee8b05e570647ae4d81b36c08,cards/WWr5p_4f.webp,WWr5p_4f.webp,480,679,39070,5788b654ad221e01ea273e9c9e71d7beef03e030732ab407b2cb884649a09c01
Wb2pWf,The Guest (2018) [Wb2pWf].jpg,a99613a5fa98114496266ba37fa6176a26a359e2e5afd3d3e81387a543a061d5,cards/Wb2pWf.webp,Wb2pWf.webp,480,687,48688,49da107ea63fa1c3488a9b034ca7294657fe126d8a945437d08a19b9c3c78ebe
WbxgPf,Love Playlist Season 3 (2018) [WbxgPf].jpg,83e65bdb28c3266edebce5aab86f19fbd79c547e61e4f1529de473d0756bbe86,cards/WbxgPf.webp,WbxgPf.webp,480,662,52406,6ac775a3b650677a04db37cce9238756f30c2b559ee029db0d09241aa468be53
WdX5mf,Five Enough (2016) [WdX5mf].jpg,ea81e26c7485b27f84ee8627609408f57ce2c10ad33c11b8db7283e03f742dfd,cards/WdX5mf.webp,WdX5mf.webp,480,720,37820,6d88a5de20b88c936958f6b124bda2c512bfe910ebc9df7c69a3347b5eaada69
WdnR5f,Under the Black Moonlight (2016) [WdnR5f].jpg,b9fb977676378feab1e5a36541c4ccd66845beee77878cf8c2d2c8065d04cc99,cards/WdnR5f.webp,WdnR5f.webp,406,598,45992,72da08545c3bf7c4146ffa561267eb98b9372871a38a73c7a840f0d44c5dea97
Wgkql_4f,Beautiology101 (2016) [Wgkql_4f].jpg,6d9d891aa88dd182e5037cbbd5ef1df8a29ae569f6e5f5302cb6a665ec6d34e0,cards/Wgkql_4f.webp,Wgkql_4f.webp,479,720,37300,9314a3769f23d9317ca96e889cacf54ac637b2e547e0495a659578a1859f4693
Wlm4O_4f,Encounter (2018) [Wlm4O_4f].jpg,8e884cf453fc9b41c0b490e736209f0ddf822674bb07f5cd55420eb3d7682c12,cards/Wlm4O_4f.webp,Wlm4O_4f.webp,480,686,35270,8d799cb795da0c669300502e54e1836cd610571943e12f9841c6c8cb03c0ea2c
WmXwXf,Love Affairs in the Afternoon (2019) [WmXwXf].jpg,2de15826f5382a34c56621f0824c03e7a525c6ba500c1410c695e4022741630c,cards/WmXwXf.webp,WmXwXf.webp,480,684,30668,9346b2be99109a4e7722db4b9d55f21a2d7d72ec36a7518e54a9fd2f6e336ea0
Wmq1Rf,Designated Survivor_ 60 Days (2019) [Wmq1Rf].jpg,63c125066a7d8428cb27e32bc6832a41d936d264ca592a5d41e2f8953b6ba1ca,cards/Wmq1Rf.webp,Wmq1Rf.webp,480,680,52896,51710c3c68656043d6c1fd12e6b46ed9337270fd3f075cf537b13f5766d39938
WnR0Of,My Love Eun Dong_ The Beginning (2015) [WnR0Of].jpg,1eba63134f4e922ccaaa6413551d7157981ead8ef082700e2a16ef2a9039f042,cards/WnR0Of.webp,WnR0Of.webp,480,312,14760,39eb235f96e16f17ddab9c662d5601e0362015babf2b7c8ea52854e5199affc9
Wp4LW_4f,Anna (2022) [Wp4LW_4f].jpg,a6cb460e2f4fefb24cf27234dff122a2656d5bd06a33bf848bdfbfe16751bbd0,cards/Wp4LW_4f.webp,Wp4LW_4f.webp,480,688,36574,d9b2d762367c5a09c89ccbdbcbe96c4637054b4b6d631c637f3dc2dfbefb872c
WvvXOf,The Cursed (2020) [WvvXOf].jpg,38a2ae231b177c05dd92cb7c68721870418e177f222b7fc5f4030c89044267d1,cards/WvvXOf.webp,WvvXOf.webp,480,685,47858,5319e4256e27e88ae9429df6aa1f9a7be66b58c35737112bc76e1e99a1eca1d9
WwbnX_4f,Imitation (2021) [WwbnX_4f].jpg,dff25bf891adff6b6cc44eef387c42d3530e7fc6aef723f9c4b9cc3594a2b4a0,cards/WwbnX_4f.webp,WwbnX_4f.webp,480,686,40638,069585949b88879211d10004bce747ad4a64f9cf1741f910cc13579615ea700a
WxdkO_4f,Mimicus (2022) [WxdkO_4f].jpg,eac30ac6b490f0901422c572d89d7d8b831737f5fd3f14abc465ff3532efe647,cards/WxdkO_4f.webp,WxdkO_4f.webp,480,686,55760,5cefb395f3e73039c6649e604ce7ca70e8263357d2bc3c91884193b6b4f828e3
X01EX_4f,"Work Later, Drink Now Season 2 (2022) [X01EX_4f].jpg",728a4fc2d86fb43fa54729ab10f9f41ca35fd259a8332a7ca951f8278e156ebd,cards/X01EX_4f.webp,X01EX_4f.webp,480,684,95150,1bff763cf4c91a10f19be093358df825f775cfab3b38dd94ebe067a586395871
X06Rd_4f,Alchemy of Souls Season 2_ Light and Shadow (2022) [X06Rd_4f].jpg,84dac6d319afde2c934d5d3700fba71689b136df3e2c3583b4fba4923dd80fd0,cards/X06Rd_4f.webp,X06Rd_4f.webp,480,690,22862,858115e843c4803855082108af7d0c811c2978c4474d4d1de5bfd9b04010b421
X08VZ_4f,Money Heist_ Korea - Joint Economic Area - Part 2 (2022) [X08VZ_4f].jpg,eb8fee117189fab7812fe561edc40312c736c8e92bea766bb99f22a277610df5,cards/X08VZ_4f.webp,X08VZ_4f.webp,480,480,54580,16f8bb97a431745e27a7dfe79622e24ea477cd5e948d44a992ebc128bdb67c43
X0EKn_4f,Red Balloon (2022) [X0EKn_4f].jpg,b2449771a1d94910f1b025498c52ea98909c6c36685ede9226fd992990701910,cards/X0EKn_4f.webp,X0EKn_4f.webp,480,678,39712,3a82c83639c2ab98a8f1ab907f2dde396f986e3ad3563d8b056fc177e8690aee
X1nRX_4f,Secret Royal Inspector (2020) [X1nRX_4f].jpg,a3f1aa897a2a358ffbaf3db55eae0ac54b4cdaf3dd139273fa0ca67eca469592,cards/X1nRX_4f.webp,X1nRX_4f.webp,480,707,41380,ba0bc7eabe74fb4b0d8e9914525fae13c4f0b6c21ce4a87c98698da393cb8dd7
X2LwOf,Late Night Restaurant (2015) [X2LwOf].jpg,7691fa07936e856076989df584abeeaf89f06919990d9729df6e352fd1de8907,cards/X2LwOf.webp,X2LwOf.webp,480,680,28526,a619248d085ac7303ddcfb2ae21b31e21cd59a5124ae8d77c58802dd52390b90
X2QrOf,The Lover (2015) [X2QrOf].jpg,f3b81f65473eb97406c1d7f42ed59a95c886beefdda26ac9c1fc3af143ff2f3b,cards/X2QrOf.webp,X2QrOf.webp,480,672,61098,a46bd30d378e597c36db0690a5fc542bcbacbadba836c288776f1c809d7aa33a
X2vVnf,After School_ Lucky or Not Season 2 (2014) [X2vVnf].jpg,17a60b57ce144a98b579f9f95219fef9888c264f92992a6e2dfe76ee75dd32e9,cards/X2vVnf.webp,X2vVnf.webp,480,680,26020,3c1b43f410e98e149dadb13b554f59191e0d95786a8d7e1b75b5cd7d549ef72b
X46pwf,Beautiful Gong Shim (2016) [X46pwf].jpg,b42b4ae2d036e0515c76db9ee1ada31ea4c6cfce36940e5705f7e09e7c12f880,cards/X46pwf.webp,X46pwf.webp,480,660,53630,71f23243cd31da89a92a51bbbc860059da82128e1933a65706308b0f1bd7d6f6
X4L4gf,Go Ho's Starry Night (2016) [X4L4gf].jpg,c8e4e57e338441d87554e6f2f41e0c7f20cc49d49e708790d632f473b6364bb3,cards/X4L4gf.webp,X4L4gf.webp,480,699,54856,c9cad8f7f79654915c72436676deee865809bec8dd69d0b55a5d0bc06a1cbf27
X4LAdf,I'm Not a Robot (2017) [X4LAdf].jpg,fdb8a464c9f220751f656fca9ee14ad7c0cdb2539d8bad2e9383d6f5ab960aa7,cards/X4LAdf.webp,X4LAdf.webp,480,708,27092,aba208d9667a7ef5d65eee00d2ea809c8a6f382c9d03a5eabd62eaf62989274e
X4NBZf,New Heart (2007) [X4NBZf].jpg,1e20a3a1dc92a6525080367e7957b94d7d829e7538862420e390f0cab6e4d663,cards/X4NBZf.webp,X4NBZf.webp,468,600,53216,ede12bb58a69f4028af9db627dc166a4f9174373696fa80aa161c871aa60d177
X4Q3qf,My Husband Got a Family (2012) [X4Q3qf].jpg,0ffbace0aee247541761bb9c784b4265d7d440d129383ae9f2267905eb1fdf1f,cards/X4Q3qf.webp,X4Q3qf.webp,480,690,94892,cd0298249cf2764496ca298a6bf826ac2de4928ed955e879fb47d2ba041dafa7
X4QEZf,Black (2017) [X4QEZf].jpg,8ea9b75b7f8afd7ed6941bc082e8b020535d6ebc52ea7df02ba62d24764b1d6c,cards/X4QEZf.webp,X4QEZf.webp,475,720,28184,5ee5a18d3f4f802dd8f4fd8572e236eae26eef84753f853ad4e7204ac42593cd
X4Z0Of,"Bad Thief, Good Thief (2017) [X4Z0Of].jpg",29e195e65c6811b199181946fe705098e89e36f0ddd07bcfd46b6db80ee693c3,cards/X4Z0Of.webp,X4Z0Of.webp,480,720,42404,cf49af8be39467ccb9607d252fc10b74c4f3dc8d179dcb049a8866505acd6def
X6m8J_4f,Temptation of Wife (2008) [X6m8J_4f].jpg,196e1a33ce064aeb1e6ee34deeefe543f19060c536447cfcad59d5d8e7ceeb74,cards/X6m8J_4f.webp,X6m8J_4f.webp,480,717,41166,25340b1814483eab2e13c15a824846c4aa8ff7a943ae3857bcaff81f8df4a23f
X6vkX_4f,Squid Game (2021) [X6vkX_4f].jpg,30a4f9d1a08eaf135d863fce6f2aef5a45b85927988ea6894dbef71808cc4fd6,cards/X6vkX_4f.webp,X6vkX_4f.webp,480,711,61384,52512afcb8a2f10ff4d3a5b0498218f45e374e76e2195826e1e00630eb59356d
X80Eqf,The Third Charm (2018) [X80Eqf].jpg,5c1cb6663cbfdd9124ebf01d379f06fec6a67ee68dee17ab095d092c48a2d8d4,cards/X80Eqf.webp,X80Eqf.webp,480,687,44988,0af1b366ea9bdbead5e38c35527cd9d783a749f9b44b633268b5b13e52a6b1d1
X8Bwqf,Come and Hug Me (2018) [X8Bwqf].jpg,a242dd62d8a4788f4994d530f4c230efd158661c86fa1e193f46dec50a0c120d,cards/X8Bwqf.webp,X8Bwqf.webp,480,718,44538,d409ffb7c1a0b94f0a482112569ae111e6c4e060e8590ede2f9521105b2ded8d
X8LAZf,Devilish Joy (2018) [X8LAZf].jpg,7242cf869f5a62027105b99ddc15658c0f536b5794586922947c5c3e1c50085f,cards/X8LAZf.webp,X8LAZf.webp,480,667,30286,4a2ffa35e43be42ec49da370295d52b4244de4210fdf3c3bec1733c43395ea02
X8e6nf,My Husband Oh Jak Doo (2018) [X8e6nf].jpg,9781a71c7e1bafdafe50bab449856e8e801203f636883b8644d1b89337207383,cards/X8e6nf.webp,X8e6nf.webp,432,720,49934,85f069663d3537a11d506b77db1462871c5e6aac3b8e76dbcce04f94098bf4aa
X8gqnf,Her Legend (2013) [X8gqnf].jpg,06cb6398999f18298f37f7ac40c8ac8d1c5aa52e0a3e213f6bd72ac8fe323342,cards/X8gqnf.webp,X8gqnf.webp,480,720,58350,a09a8d6b389970edfcdb222d6705f15e866fb9e1568105d02161d225914affba
XA0Qnf,Entertainer (2016) [XA0Qnf].jpg,3d85eacaf0f768bf76ac547f1399f0685422ce0d45fdefb8af50bfedd54c6fbf,cards/XA0Qnf.webp,XA0Qnf.webp,480,718,57692,03f4fd35448d33c40c9423ad0f9bad15812ef46b7f80ab26abb7da7f0af0c86b
XA3Lpf,"Noble, My Love (2015) [XA3Lpf].jpg",988d08cdd6172b0e288cbde872b1494a940c7360cb9bcae8e68b8c214467e170,cards/XA3Lpf.webp,XA3Lpf.webp,480,679,59680,954e7302f927626fed1b4498f09008feaac43f4a1c583e5e4c0bf09f9824ed21
XAJBpf,"Please Come Back, Mister (2016) [XAJBpf].jpg",e24af3b6515cbb5b809866cf47578769bb14e671ecb9727501f1384d13f14ad0,cards/XAJBpf.webp,XAJBpf.webp,480,680,43448,cf622b1b6f8f6d1f75623b5cf8847bcfff791df10b313ba5280055e140048221
XAd0gf,She Was Pretty (2015) [XAd0gf].jpg,cb880d6a10588a45eae057ed9ec400dad4d3b8fc2906ed4f09dacde3872a6852,cards/XAd0gf.webp,XAd0gf.webp,480,680,39920,051cd6854359feeec28a3e3e92615ab4ecc2f38325c9496cc2b03d7f875bef1f
XAyeJf,The Promise (2016) [XAyeJf].jpg,67d9bc19815acc97314d4bc790e471c4c952f86ee0332aa8571f77054f513fbc,cards/XAyeJf.webp,XAyeJf.webp,480,680,35292,d9ab645b457f9290c5796e370cee691fe0f28cfe140482a13464590c9ae9bb71
XB5ex_4f,"It's Okay, That's Love (2014) [XB5ex_4f].jpg",e418a607b84e564ecc49da4fad788d5221a90dd1043c4a1869b2b314aa2f7ca2,cards/XB5ex_4f.webp,XB5ex_4f.webp,480,686,45692,c31e76e01ca96c7ede6b0cd66f61025b8159f26dec6d7605b9252efe4c4e7a15
XDBgO_4f,Blueming (2022) [XDBgO_4f].jpg,efa41c9eee79f46257b288a11acf6ca8d76fe255a243ca984c355bf18ffd32bf,cards/XDBgO_4f.webp,XDBgO_4f.webp,480,684,33312,1402f0b6cf704adfc9d7f4a1cae6949d1539c256939ae338e4d83bbbcc475a56
XDKww_4f,Again My Life (2022) [XDKww_4f].jpg,dd7b970cf614fca10832b79da0b204ed04ea655876644b0c9177b1c3556fe9e4,cards/XDKww_4f.webp,XDKww_4f.webp,480,720,32860,b13dfb86011450fa09cfb7b04aec7d8d5bac79c82a9284c3fef19d67ecddd68f
XEoKn_4f,My Girlfriend Is a Gumiho (2010) [XEoKn_4f].jpg,aca3ed2abf94e2abf62f20e033b7e52ffce2e5176567304ed5727992316354c7,cards/XEoKn_4f.webp,XEoKn_4f.webp,480,660,47654,d3ce59360a2051f21b76a22e835a0ac4cd4cbbbbe740b31719ae9f1959f7ebcb
XJL7Z_4f,The Devil Judge (2021) [XJL7Z_4f].jpg,56bcc0a05fbe314b77044cfdc8f0a57730c460e7a6bbb7eb09ea36cc19391428,cards/XJL7Z_4f.webp,XJL7Z_4f.webp,480,684,66704,aba325e01ae1ce90912f18e7c8867932fcc3fbd8eee15c3c58bbe088e46577cc
XJVEO_4f,On the Verge of Insanity (2021) [XJVEO_4f].jpg,5ef3b1a80fc563371f28b6e8bd4bda47fa14a93a71f1bc554cc80d2a32ab103b,cards/XJVEO_4f.webp,XJVEO_4f.webp,480,720,35960,3d150d3ff98da4ee0a56fdcb9e48ea4309a7e7e14c7b243fef4081e0fe9e96e2
XJWdX_4f,Light on Me (2021) [XJWdX_4f].jpg,10c463eec222c4c0f040d940ebfa801649d39c95c3163de520ab348101cb2424,cards/XJWdX_4f.webp,XJWdX_4f.webp,480,679,34238,36ecf0acff4f2acaebf52aab2f6af9e848bf5b692aa1fb4ed4c29df0489e1b64
XK5dnf,Wednesday 3_30 PM (2017) [XK5dnf].jpg,fc95c353e599660de78fc31975af5f3f1d7a0de37214915c6c367bd7505e649f,cards/XK5dnf.webp,XK5dnf.webp,480,692,43096,a36ec3192f4c87d792b125f31a950a8d8af849107dd4e1e75824a40b05d7abd4
XKdzpf,The Great Show (2019) [XKdzpf].jpg,befaa0058f651d917251ce45adf206b6e42489d8d26f94282ddd5c30e33a35fa,cards/XKdzpf.webp,XKdzpf.webp,480,680,51534,2922a205c13bed83371f81c95093f808755d22da987b4f4c4697f5999f65e896
XNeKO_4f,Mouse (2021) [XNeKO_4f].jpg,e59859ec482fe39a722a9eac3e9257ef53c5cb0aa0b52bc3ca9185234b9e67bb,cards/XNeKO_4f.webp,XNeKO_4f.webp,480,680,39778,5ead59d91cd7f2246207d81c25d3750220c3ec88a4ce1afee5272e83b0def54a
XO1yd_4f,The School Nurse Files (2020) [XO1yd_4f].jpg,78395e3f4e4364ec4f5277e8ad474204af698a3e3a06f5124d1c4f6d86568947,cards/XO1yd_4f.webp,XO1yd_4f.webp,480,711,46444,73feee2c74d43c8f924a8fb7608850b3e30eefe2bd36a06819339f4c2fc37d05
XOYRZ_4f,Birthcare Center (2020) [XOYRZ_4f].jpg,1ddaf301346484076392d496e3923e5854147f5f684c106758057ec371ea25d1,cards/XOYRZ_4f.webp,XOYRZ_4f.webp,480,679,48704,410cd0505c7b948aead6fba8c0d1ac1b6aa01627b37a18e9c17885f23e8cc685
XPg0w_4f,Woo Ri the Virgin (2022) [XPg0w_4f].jpg,e6ef4ca39293cee73385357fd791e35ca5a4c9ccf32b36fe1c1ece3e2af0b74e,cards/XPg0w_4f.webp,XPg0w_4f.webp,480,719,51178,51a7f1ac0f0fb1be85b3b427d7cfeab65a40c620f0023468be253a8e8d866b90
XRdJp_4f,Be My Dream Family (2021) [XRdJp_4f].jpg,961441a210d5fd462965198d8506ab1e3b68a10c85fe6cc15d3a9acc71c4ab88,cards/XRdJp_4f.webp,XRdJp_4f.webp,480,688,45248,480bbba494dd37fcb28d9d0c706fcc9d5796bd499d24ed919fc5a652b4390662
XVVjx_4f,The King's Affection (2021) [XVVjx_4f].jpg,93d50bdce28a0515235d0b0868e070ff25445d2f0ac133d95311b0b73e56ead0,cards/XVVjx_4f.webp,XVVjx_4f.webp,480,684,55128,36078752a900adb5d3805426c608487fc54a0fa45945fbf125d1f3fd502206c3
XVg6d_4f,Moonshine (2021) [XVg6d_4f].jpg,a1ec697619ef5cee3fa3d99c114a6acac1ee699c63b768f923db013efc34e65b,cards/XVg6d_4f.webp,XVg6d_4f.webp,480,684,45344,98ef1d094e84243b6cb01f019ba3651b114cca71afb19f15b09dcd31e8dea69d
XWgdq_4f,Bargain (2022) [XWgdq_4f].jpg,8f0309e805d559d75a9f75fb9cda36fd3f42941f19237d678d315b522d30d4d2,cards/XWgdq_4f.webp,XWgdq_4f.webp,480,684,69378,94f8916603ec553ccd9ea3b7230cbaeb8e1468731db521daf27146d30128c863
XWvlw_4f,The Golden Spoon (2022) [XWvlw_4f].jpg,bff63e1eb4f3ef53f471f01cf66cb8aa57ed77efaa42bb7030a729f3c87a7050,cards/XWvlw_4f.webp,XWvlw_4f.webp,480,678,33834,bb281b24e4053fc09a85aafda2712598e44d30ea8a15a9c740e7e3b3b818be8f
XWxNq_4f,Love Is for Suckers (2022) [XWxNq_4f].jpg,5febadd69d3beadaaa97a593b8b96a2505000c2a87f3fda667dab8c7e12e5df6,cards/XWxNq_4f.webp,XWxNq_4f.webp,480,684,58514,a4e10ce020b8ecafb121f4c7cbca904fa174cf80a062312427b12888d78724be
XZ1Enf,Oh My Geum Bi (2016) [XZ1Enf].jpg,540b27822b9565ba3e41f6a0545995ad534b746d979ffeb3911e8e0a7e883925,cards/XZ1Enf.webp,XZ1Enf.webp,480,680,64566,5e4f140e462034ae5d48f0e337b33c390edd7befc300aa30dd04e74cccc26ece
XZWAgf,The Liar and His Lover (2017) [XZWAgf].jpg,2e6466ef1a8ed7c070e8fa536bd499f70275ec4a212213e88773e26b2f6e7b72,cards/XZWAgf.webp,XZWAgf.webp,480,693,89318,2cf4d61636e4e422b572b0d527f7fa2ba9fbf472f3074c60d99cf8e415561d5c
XZkXqf,Ruby Ruby Love (2017) [XZkXqf].jpg,5fa8a43c1d4c75ac2c48913aa6bc7dfd926782ed2051e86cc3e0f8e029db3f8e,cards/XZkXqf.webp,XZkXqf.webp,480,700,46418,212c887ce29ae8e73f158d615ea2023f3affc454a5492722556ccef80bde08bf
XZlzqf,The Boy Next Door (2017) [XZlzqf].jpg,8327833fd7c9ac8a8bbbfd6975229319b4c07b90becde99e30d9e2b85f77fd11,cards/XZlzqf.webp,XZlzqf.webp,480,693,81278,3bbb8d3185c155f98ea9ae0a351df0f7dd123a34dda5795937ca5f8b7fce3c9d
XZnXxf,Whisper (2017) [XZnXxf].jpg,929533ea920dc97a3ef8782e1a24d9363bcaa762bd1d3d543ec1f1969fd528f4,cards/XZnXxf.webp,XZnXxf.webp,480,717,49510,f4b0d094fa68d8f4386ebbdcecbe5bb6488126683aaf5cc0834e3634ef27042f
XZngpf,My Secret Romance (2017) [XZngpf].jpg,e102d472267896d84519a7357eb62599f50495a1ffb740a34c14fd01a79307a8,cards/XZngpf.webp,XZngpf.webp,480,717,45268,8849cb79d509a28b006f276f7a136b188aaf3a2b1ce3d6493be19a60ed05e72d
XZqYJf,Strong Woman Do Bong Soon (2017) [XZqYJf].jpg,1df8578fd2205ca3d60dcef9862b0527df911f4c1d4cc1f6e772d3f890536249,cards/XZqYJf.webp,XZqYJf.webp,480,684,60846,35ac65be10e361d247178275596b2ccf2e38d0cba13f636d07b5bd4ec08dcb47
Xd3qEg_4f,Not Others (2023) [Xd3qEg_4f].jpg,5df3e3b70e1ec080c772fa562298b3b63b73f5bf95c77f46ee31d1ddb973bac7,cards/Xd3qEg_4f.webp,Xd3qEg_4f.webp,480,686,27922,b2c337bdaf6888a92de4392609ba1a5db47ef2bf75f050aa34b71531afb2a033
XdAWyp_4f,Numbers (2023) [XdAWyp_4f].jpg,536ffd4603842b2e3bdc9c7e920c3640286676d1e92cf5572d58763e4c64b6f4,cards/XdAWyp_4f.webp,XdAWyp_4f.webp,480,683,40852,8bab830073bf6111a7540ffa1eac7e4f90cdb774856b6e77b77c17c279017b56
XdAlXf,After School_ Lucky or Not (2013) [XdAlXf].jpg,bc376c4dbad23b031a448c4163f414436db8173a62da6a046f0e40d7baa16458,cards/XdAlXf.webp,XdAlXf.webp,424,600,39704,358cb4b43bd0c06553e50d1f9091c66cb94387b8f7f34e4bad3eb78ce04d416e
XdOwZJ_4f,DNA Lover (2024) [XdOwZJ_4f].jpg,d1f36f1c7e59557a617c84b2bd95a605cdfe82a21721bbbe87dae1d047bd53f4,cards/XdOwZJ_4f.webp,XdOwZJ_4f.webp,480,678,34006,809eb940cf3f017b6d6c95846d84d064c0bf18549a43658c0b6cb664ba57eb39
XdZ8Dn_4f,Sing My Crush (2023) [XdZ8Dn_4f].jpg,1b37dea7989371b045781122a731b1c754719d4cd5b9f49d6ed142cbb38ac2f4,cards/XdZ8Dn_4f.webp,XdZ8Dn_4f.webp,480,689,28304,978f6aa62604454e034f145f222d405bfecbb8c7f04315522e2eb339506f484d
XdZbjx_4f,Cold Blooded Intern (2023) [XdZbjx_4f].jpg,ca0e1d7bd3d7fa0d94f19266dbe57d5ebf5272f754c892b9d2e41c1252830e2d,cards/XdZbjx_4f.webp,XdZbjx_4f.webp,480,684,38046,756b320c1ee67d72460b4e0d898daea8b1eb561681ed4c74a958227950da11f6
XdbAxf,Spring Waltz (2006) [XdbAxf].jpg,6558c0bdaee55ffcf8a8fbeb34dfdc16698da9c0939bd049a16ea5b8d8104092,cards/XdbAxf.webp,XdbAxf.webp,400,570,25830,64658647062fe06eb91a8edd030abf3c1a707288810cf6068a6921b3362196a5
Xdbe3g_4f,Behind Your Touch (2023) [Xdbe3g_4f].jpg,a15f78e9f13e9bd4dd824df08e34c68055ac1a4134f5a2f9b27843c5784c222d,cards/Xdbe3g_4f.webp,Xdbe3g_4f.webp,480,684,54736,45c655dceeb81b79b74bb6f8c442e0c92e35481009615ea48f873cabe6a132e6
Xdbrwx_4f,Introverted Boss (2017) [Xdbrwx_4f].jpg,cafb811fc0aa2cfd93736c20b51b7e493e74caf9fdea6ef4bb15ec3e06b73509,cards/Xdbrwx_4f.webp,Xdbrwx_4f.webp,480,694,39968,dd68b3c43bdb520e86ce6d9b9e76234d26f5ec61bc2f5339a09e0d1c2f115b30
Xde5md_4f,Tell Me That You Love Me (2023) [Xde5md_4f].jpg,5598bcb4272a4fa9843e4ae3c0902dd88729e6cb59d27113df29c38415d64803,cards/Xde5md_4f.webp,Xde5md_4f.webp,480,680,24238,907e39167bad2b8feea706e61d866cd8b2ab8c76fb9e90f13b1fd43223f56426
XdeOxf,Potato Star 2013QR3 (2013) [XdeOxf].jpg,a0bb3c33fdbc6b4ba24c043ebacbff45802876e01e632fa93f84ec7e3d299b1f,cards/XdeOxf.webp,XdeOxf.webp,480,680,44566,1b53a0b04f09ecd0d63d70e6994a0657ddad4901c7ade06de88e737f75e2beb4
XdgOLq_4f,Under the Gun (2024) [XdgOLq_4f].jpg,a916db998f65398e8aa0448591ee37ff39b030a7387075cc15df5f2ed4b62e52,cards/XdgOLq_4f.webp,XdgOLq_4f.webp,480,682,29162,e72d89793d2e298cfd03c6ecbd14e10845a2e39027a472620dca8ad280c8758a
Xdgwjp_4f,Parasyte_ The Grey (2024) [Xdgwjp_4f].jpg,5becd34f794b0fbd4d4ea08e8d4a3bfd7322d30e908730a72ecb525ba0399e49,cards/Xdgwjp_4f.webp,Xdgwjp_4f.webp,480,711,50338,43c4e7bbc168001038ba70e453ab03e7030a9336bf028b1db4a0fc27bbb4bf0f
XdmVpf,The Incarnation of Money (2013) [XdmVpf].jpg,6a79bf891e04954a2463afd1523e5e0b3af0a3d3f0d4fbce84753de810a1842f,cards/XdmVpf.webp,XdmVpf.webp,480,720,105454,04be92a5ac66c8860446d3322b37b6ac7d41607dd0515df395cf52ff08061391
XdwWLn_4f,Death's Game Part 2 (2024) [XdwWLn_4f].jpg,d90e0b4042f84b5ae35fc1a1ca66f39f90730e7ad53f951eac6ce5837a479c0b,cards/XdwWLn_4f.webp,XdwWLn_4f.webp,480,684,38538,2941820599ef77761f5b214389331859bb03469112dd879cb173005e610b06f1
XdzX7w_4f,Dog Knows Everything (2024) [XdzX7w_4f].jpg,818fe9f32516f05f6bcf7854cb4641314540d50e2b87437ccb756679d7d8f361,cards/XdzX7w_4f.webp,XdzX7w_4f.webp,480,680,49660,0b0d82dccaa6c62e23bfc2d867aaeba4c917d5ce48ad6b10d00d9fd363b55a7e
XdzxYp_4f,Love in the Big City (2024) [XdzxYp_4f].jpg,12cf7bdea953efd3c688e73f25385b95c128063cde73b99842bf0966a94e7cb5,cards/XdzxYp_4f.webp,XdzxYp_4f.webp,480,684,32504,8c71d1823ace59674e24cd54cc78f2f651a45b399038060a51c9e590de0f0721
Xe6Wwf,My First First Love (2019) [Xe6Wwf].jpg,4d331ae2d428d229be102563bddca1ae8d0e680b070265cc5397e8ed9d8aa573,cards/Xe6Wwf.webp,Xe6Wwf.webp,480,711,38628,c7c0c4204acadd4a4a9c746f9e962de4dae7160b275f522234e06a4ba50a8f12
XeNmxf,Love in Sadness (2019) [XeNmxf].jpg,081b71af2a5d727ae2526c2ed3621395f9d2eefc91085477bae816e9f65339e7,cards/XeNmxf.webp,XeNmxf.webp,480,716,25028,6ef1a9b3a96e7d2cd877d0e7c4a8951ec74b127139c5968146ca6a45fe41cd85
XeQDdf,My Fellow Citizens! (2019) [XeQDdf].jpg,b8a670eb814d318d438a7ad13a02b017995d6f2f5b77a8e6f9e99d6bbb1707a3,cards/XeQDdf.webp,XeQDdf.webp,480,686,69428,1848959d562147ab9dc55dfde938a9770b9c52e25f1395952588b19ac6f4bb31
Xedoqf,Dear My Room (2018) [Xedoqf].jpg,2be37790bdede7c372c79508a93252d5c9d27bf07a06d78481577f4fec2854cc,cards/Xedoqf.webp,Xedoqf.webp,480,602,44830,b851046153ea2513b4a79d80536f908f853d5a99084dccd644953bd5ddc30f67
Xee1wf,A Pledge to God (2018) [Xee1wf].jpg,f6c7910117fef58f664fea97efe24e34b65b42e0c24b215252064890f6f9ea1b,cards/Xee1wf.webp,Xee1wf.webp,480,719,35336,c5ea359829aeda776059e3b209c16f3bfa62b549963fa8b0c95a905f7fe8f4ed
Xeyjdf,The Beauty Inside (2018) [Xeyjdf].jpg,3170b7364b2daa88264df42aebbc2e694a3ad68b7affeb924a7c66e12538dbc3,cards/Xeyjdf.webp,Xeyjdf.webp,480,686,32772,784fae00a77892076745203d705793eeb8403637a18dd2e41e778d2b4c568afb
Xk2Dg_4f,Law School (2021) [Xk2Dg_4f].jpg,edde1f986f4e2e8dd7362e777d066f0977c6f15f6f6ec07d9b3e8f64114522c1,cards/Xk2Dg_4f.webp,Xk2Dg_4f.webp,480,687,64620,74b231200d481992d829922a268df9aeaa78d4722279228bf1fe38af406ce809
Xk4dX_4f,The Great Shaman Ga Doo Shim (2021) [Xk4dX_4f].jpg,12bdaf3f594aaa0559d36b046df2c1c65062b52dddb6931a901e7912c76c5249,cards/Xk4dX_4f.webp,Xk4dX_4f.webp,475,720,42650,2de9fcff2af704c4ec09c3a0eb3f72cda44ab82f9b3ca0521d03927075ddc156
XkYln_4f,D.P. (2021) [XkYln_4f].jpg,d246ad2407eab47fcce1c33059c810a3a37b6883f2f8fa2c1e80f995b7075ec1,cards/XkYln_4f.webp,XkYln_4f.webp,480,710,58776,62b3ef53b8597789d4e9f40f851c13a16f7c6923d95bf8787b4f188134ca66b3
Xkn8n_4f,The Veil (2021) [Xkn8n_4f].jpg,33555b4b4ba085b9d2bb05e8d3af92d6b61b32576a1f471743e90c26ec7b9ec9,cards/Xkn8n_4f.webp,Xkn8n_4f.webp,480,686,28672,4b4643adb116a7cf3c12bf1ed0ca9badc4a0bfc96210149e000ffa9770eb4666
XkoZw_4f,Second Husband (2021) [XkoZw_4f].jpg,3973fb33e9ca5334d3d2de879ea461d6e788b66259fad80dcd71797adcbff431,cards/XkoZw_4f.webp,XkoZw_4f.webp,480,716,30330,dc0c05679c8eab2e44c044607b1ff7670d3cc887f53f389e3fb6ceadc156c6df
XnW5J_4f,The First Responders (2022) [XnW5J_4f].jpg,2fc7468a5f8bf8a9a34b1393ccbcd10e613ea603152a89d93da5e06a43aefbd3,cards/XnW5J_4f.webp,XnW5J_4f.webp,480,678,48308,705a3018adfda16606e87654c527db3cee313c8dabc09de9f99929c20d9c1595
Xnvxn_4f,Bad Prosecutor (2022) [Xnvxn_4f].jpg,9392bbb12a29a956f22c04454a7fd381265b2c1de6c287c5313dc11c8a30d63f,cards/Xnvxn_4f.webp,Xnvxn_4f.webp,480,713,82330,cbe9eea5ac4a85b6a038b643f3592b59d4a386099a91f026df10a139291ddff9
Xq58d_4f,Juvenile Justice (2022) [Xq58d_4f].jpg,bf4e4be668fa8db2d7fad6193e25eede390b52fbf6fc930b0b56568b0f9ec073,cards/Xq58d_4f.webp,Xq58d_4f.webp,480,711,38918,15061042ede08aa30c4f6ce677ce4f3c060e9c7e26cf5f18af405abd5537fc87
XqmLn_4f,Love ft. Marriage and Divorce Season 3 (2022) [XqmLn_4f].jpg,6e7376174d4723ac0a3af1700bd277203b22f37249896be7aa779e6502bbe9a8,cards/XqmLn_4f.webp,XqmLn_4f.webp,480,678,33310,5430b6e72200c4e4edfeb90fd7c2d907cbf61fe77a8c3ba551dc1e60d92993f3
XqzEg_4f,Kill Heel (2022) [XqzEg_4f].jpg,7e3536c6f7d33d3d106d9100c059a0aea5d4f9b375fa2b171d6e010a6b48b733,cards/XqzEg_4f.webp,XqzEg_4f.webp,480,680,28462,1b48219ea6e93cfe75929210630f2fda5f7816ce63c6428d9e657031d2f595be
Xv8vZf,Ending Again (2020) [Xv8vZf].jpg,97497616069eb526046d4f037b2f14e4646f884ae5661dd74a0ebf3f03d88bc3,cards/Xv8vZf.webp,Xv8vZf.webp,480,662,27514,9d5d2e60243ed0799da507099e4db35113d5afdb8e2cce97ea7ac945a406cce7
XwBpqf,Moment at Eighteen (2019) [XwBpqf].jpg,2b8631fde699503d7a2252a91562ee44f9c502e13487041ce810ecf89280119c,cards/XwBpqf.webp,XwBpqf.webp,480,686,18976,6f5e990734bf183df4c69ea9ae0749044de49e0e868fa27710f288812af292db
XwLgwf,Graceful Family (2019) [XwLgwf].jpg,f04fecf3d153be08acce67ca89f5a6b6dfe93a34799df4a4750ca143857c286a,cards/XwLgwf.webp,XwLgwf.webp,480,677,29388,2586c034ec9e0ce78d9355284c2d816f0f07dad1c523bb281cd524da11b0f5d3
XwOzqf,Level Up (2019) [XwOzqf].jpg,326f733f0863b7bf39085f1623fe7cfdc66f693c6687a28c25a53babb8793489,cards/XwOzqf.webp,XwOzqf.webp,480,717,34484,7b546b0e6f2e681a41dae8bd8de14572bd6312b0192094114ffb97c1a4dd77cc
XxW1p_4f,A Beauty of Revenge (2021) [XxW1p_4f].jpg,4ca85be8f331c1006d92aefb8a5d539bcb603d193859ce634d49b25f310fcce7,cards/XxW1p_4f.webp,XxW1p_4f.webp,405,720,29816,b21ca32de722734d6315c377b002bc6fb71ac2bf671e2ab51c84ee61926ccdf9
Y0ZNAf,Dokgo Rewind (2018) [Y0ZNAf].jpg,21c3c93d618fcd51206f02a372fbb5dc59ea6111a26ec8df392251e20a17fa7b,cards/Y0ZNAf.webp,Y0ZNAf.webp,480,678,66890,83d4a025f0815c36da860ebec90b79d3d52ed1f5f3187edaa12e6c27a6b502ad
Y0z4gf,A-Teen (2018) [Y0z4gf].jpg,8f8c54089586f357690cd73b846461f2a681e5ba7682283c93a59fbf595dc6e1,cards/Y0z4gf.webp,Y0z4gf.webp,480,663,33720,14c819916e590c6ff1e5c187d604c7287fed82408ffdd3045fa1cd548cbf1091
Y33DKf,"Coffee, Do Me a Favor (2018) [Y33DKf].jpg",64220c37c2ddedacfb40b0f21e9fd219025994753560e12b5db803dbd6dfb29d,cards/Y33DKf.webp,Y33DKf.webp,480,719,52052,14ce304793146d3bb482294215da19779776ef1823e028c817a74112fc057e28
Y3LBKf,Mama Fairy and the Woodcutter (2018) [Y3LBKf].jpg,e61bb52c3966ca4e7fc87720714ef04fa3526e321bdf0176d5343f00a98092a0,cards/Y3LBKf.webp,Y3LBKf.webp,480,480,22564,b9746ba973ac03808ddaddaae1bd88f31cca50876fabb8e17c7aaf64eb5cc25f
Y3YXPf,Top Management (2018) [Y3YXPf].jpg,7fe0bc2fa704875561e9468128fcddbefbc2a4ffca54742cdd4ff8633503d964,cards/Y3YXPf.webp,Y3YXPf.webp,472,700,71294,638cd4491a26bc888cf7d6ad6182c7795e321fd0d561b6430aaf82806da0a274
Y3wNef,When You Love Yourself (2018) [Y3wNef].jpg,2d3929e402d0b0e08f54f34891c277164a7c74825f212cb95699e3e7ffa693f9,cards/Y3wNef.webp,Y3wNef.webp,394,568,29728,1d665038e4de9c423c62e2b6e7422d2ab8da8b93def2be72bc6b38a387c6fdff
Y8PRPf,Queen of Mystery (2017) [Y8PRPf].jpg,e1a8ce6419dea9e92fbbe9e2df7a35c78a77bf0789f5aebe44e78ff6a2fe4977,cards/Y8PRPf.webp,Y8PRPf.webp,480,686,36918,602098400658a4f959510a8d733e794b4794230a31de57cca550742d6baf73d2
YA01Pf,Maids (2014) [YA01Pf].jpg,e4615385fe9e96fa8be7ac26be05e45e6d70454a39df891f03d727a80cd7f0b3,cards/YA01Pf.webp,YA01Pf.webp,480,686,30302,fe01851f9739a9f687ad63c2760e2f0972556f7a4b7622cfc93942e509e255f0
YANDof,Jeon Woo Chi (2012) [YANDof].jpg,635e9514327b160dec6cc811e0fe2f63672c72e509ef35a3e7de77a96f3477d5,cards/YANDof.webp,YANDof.webp,480,693,70954,824fdc6252e1f6eaf4d39c65345b316ebd6e3f08bb5f16f35dfb04aee35d67c8
YAWkWf,The Time We Were Not in Love (2015) [YAWkWf].jpg,77f48247503327a5ce532981303b97249b9a229091b8229ef9e92fbc53250501,cards/YAWkWf.webp,YAWkWf.webp,480,720,86528,f04763d22d21ad1de43f8f2e6db999c5ffa98edd0b15a145786fbcce96b45f95
YAopef,Be Arrogant (2014) [YAopef].jpg,37e1838da415f0961f848d576205626b18799e2018d3f18a729152f450b48bcc,cards/YAopef.webp,YAopef.webp,471,665,44108,dce3b8ebbf3f6227472124fb6572cc82373aae02bbfc0fbd074fe75a9b156c6c
YEKpof,Cheese in the Trap (2016) [YEKpof].jpg,0fa5f944f652c75130d70cb52f2957dc2aceb377e0b1299cca96e9376e7a0d40,cards/YEKpof.webp,YEKpof.webp,480,332,30446,cac96c9bcce7433545037ebdaa486fb22dfebeb181a589f39b0e053039977648
YEkyof,Local Hero (2016) [YEkyof].jpg,05e614b704568bb6dfed59b81a1b03ed3ce5e356ea8bcadcd26c4897d521a735,cards/YEkyof.webp,YEkyof.webp,455,720,64582,8480176b53027754ea5e27b2dd9a77f2714b13a4e062a7e9e280183054f0ac63
YEx2Wf,9 Seconds_ Eternal Time (2015) [YEx2Wf].jpg,a5f2ebd40546423f6d395c5236169e2b9151136d5c771159473e6bf0e1c7988d,cards/YEx2Wf.webp,YEx2Wf.webp,429,600,29206,4ccce4451e9f99030a7045614ed43007ea4c6dd9e952b76fe9f91b1a89784d73
YY1elQ_4f,Between Doors (2026) [YY1elQ_4f].jpg,32b8675ed920696c3664d459564731dc34378333c7b32246b93644eeef5ab1d1,cards/YY1elQ_4f.webp,YY1elQ_4f.webp,480,640,7226,ec70073bbc7b97e82140caf3e859da10f9ce9718eeb30fb0a043306483b23138
YY20Oo_4f,Spooky in Love (2026) [YY20Oo_4f].jpg,4010cacf715666be2852cdbc1cf3f47c5ef415c875ed88e08e4cbd61519fc2a5,cards/YY20Oo_4f.webp,YY20Oo_4f.webp,480,680,28068,1d0f58a013a6d32ad738f9d137860dcf493e1a55341cd87acb42228611e10242
YY2YBo_4f,The Fox Scandal in Kyungsung (2026) [YY2YBo_4f].jpg,f965fbab0beb96d5ce7f1a0b4b6b0234f09c37af66906368ca0d44bd7407a758,cards/YY2YBo_4f.webp,YY2YBo_4f.webp,480,684,35266,02be0d49322df3a0736acf2cbdc70a11e894ed07c9143c4a29c25b63b66ea979
YY2kKP_4f,Midnight Mart (2026) [YY2kKP_4f].jpg,e41df2493b6f69556912329b765daf7832ca032f520047b92f7395494350c320,cards/YY2kKP_4f.webp,YY2kKP_4f.webp,386,686,25186,33fc912d9c431c89b45cc24ba5f236e8048ff416627af60d45d4f84bfe00a81f
YY5Zee_4f,Good Boy (2025) [YY5Zee_4f].jpg,95eca71d8361592cb22e04086aa2590a30e9a259ca7b5c318864faf6a5167e4e,cards/YY5Zee_4f.webp,YY5Zee_4f.webp,480,687,65372,543490bd3a31b9a4cf6c2c54565f5aedc1a9f7f65a3f88f5425c8c17ed2158a2
YYBxmP_4f,The Most Handsome Couple in Our School (2025) [YYBxmP_4f].jpg,1b0bc4548bcbf50843027ce0e1a3e81af15c62b58df4cf7252c47228438f9a19,cards/YYBxmP_4f.webp,YYBxmP_4f.webp,480,270,7086,f5f5786d5cdbe6b95ef7cf6a518a7e644d95e6d4d904f2ccb3300c4d9c5270e3
YYN17d_4f,Reborn as a Teenage Girl (2026) [YYN17d_4f].jpg,2640eb09d2f0494b4cd463f043eb6d997bc11dd28038f8d37bf884590449a11d,cards/YYN17d_4f.webp,YYN17d_4f.webp,480,720,42314,bf340a4b97ea5d990ab185957fe17bfa06202e395a47c5f6daad31b41f2c334f
YYN1YP_4f,What to Eat Today_ Season 2 (2025) [YYN1YP_4f].jpg,c79fcc2752663f5f2dda9b7937bfbd84eea0e1e2918fc2dad08cf113c7f55bbd,cards/YYN1YP_4f.webp,YYN1YP_4f.webp,480,640,45692,f98611da6d06c69fe22001e19c213cf4ef16512f0f6cb783ad4b0c050d3241f2
YYN2ne_4f,Notes from the Last Row (2026) [YYN2ne_4f].jpg,3f71afd7f9127d662955b96466ad2834d1a724146a2c842b9ba887edacc9fdd7,cards/YYN2ne_4f.webp,YYN2ne_4f.webp,480,711,63310,75acabf057cebf4cc5a3cc5e5910a4b6a9332b65b237b8e730530cd50b307004
YYNZZK_4f,Run from Me if You Can (2026) [YYNZZK_4f].jpg,61ccc9653a03f2b8739939654355761fa1bb07ee8af96388dce0809607645db7,cards/YYNZZK_4f.webp,YYNZZK_4f.webp,480,705,32682,3be9ded69f33a62469d1cb7ffcf5993a11661667c5fa7b7bc26ec3d2c31e730c
YYNmQd_4f,Sin and Love (2026) [YYNmQd_4f].jpg,82506e10bdf735a28b36831b687044d76d1b796ff649e445f8ec0d0ad8e1d861,cards/YYNmQd_4f.webp,YYNmQd_4f.webp,480,640,28390,8c5803f9fd14835191d193d3995ad3d558faf511e0f791599505a172d0e4dc50
YYNpge_4f,"Brother’s Rival, My Secret Lover (2026) [YYNpge_4f].jpg",cb67d0c342e3dcfd36eee4ad131c1ec1fe5da4ac6a088175a4d104cfd8e68816,cards/YYNpge_4f.webp,YYNpge_4f.webp,360,480,26316,f2e019840f54551577fa187428107c10f9bb52f727919cfd4fba7fcbcbbdf1da
YYPO4K_4f,Podcast_ Flirt Alert (2026) [YYPO4K_4f].jpg,170a4aca7979297010621017cf64daed28d3007e079b10fb848021dfe1b794af,cards/YYPO4K_4f.webp,YYPO4K_4f.webp,405,720,34140,7a86aa57d00a55e691b6e6442ca6b623ca01e2fea07c6ea54f42998f656d85be
YYPOVA_4f,A Killer Recipe (2025) [YYPOVA_4f].jpg,1d8661634cceee3c94d1b823b43727cfd81c01b0e7a0e558ef6a83c47a1cf767,cards/YYPOVA_4f.webp,YYPOVA_4f.webp,480,600,15216,377ec865b1a8fcffc0f2cee4f1cb138056a33344038cb7ce612ae525f129adeb
YYPrxP_4f,OX No Egg Man (2026) [YYPrxP_4f].jpg,212c136e936387553c982d6b94dc864df989a4be0657fc8dbdd1cfbb347a705b,cards/YYPrxP_4f.webp,YYPrxP_4f.webp,479,720,35584,348d26a170aa95a505b6f01abe5fe8e85db9fce200ec1382143bc2d5f9421441
YYR5bP_4f,Gajja Sangsoknyeoui Wiheomhan Guwonja (2026) [YYR5bP_4f].jpg,ed95642d775d8c45c4da0b460f8c8f1f5131ee13bc9ca2e27bbc4903f4cfe6d8,cards/YYR5bP_4f.webp,YYR5bP_4f.webp,480,600,23262,66bae72a4baecd7ff05f3df79cf0a63b1415f31dc698caa2e0102b2cb496d93a
YYVvDW_4f,Heart Pounding Change (2025) [YYVvDW_4f].jpg,c2ef2766fcdd223a37ac61498ed16f0b331127e0d2ffe9e2a6f433a580c43981,cards/YYVvDW_4f.webp,YYVvDW_4f.webp,480,678,23816,69b288b9b5c90c16d9abdcacd22d109764a0cc15763be2178f88c53734f885b7
YYVyZQ_4f,Tempest (2025) [YYVyZQ_4f].jpg,603f007a3e7d0b8d2ec640f3356c39ef0f261dc83a0e58ebabb688b81f2c4840,cards/YYVyZQ_4f.webp,YYVyZQ_4f.webp,480,686,40896,24e970f9f8fdb30344cc53661ae35082c712fe25c07f5ae66e66bb6c3ffd4554
YYWLWP_4f,Yumi's Cells Season 3 (2026) [YYWLWP_4f].jpg,93debd4eaa52b6c54b59a13a63010e6ed0af653ad12fa8595431801e28bf158d,cards/YYWLWP_4f.webp,YYWLWP_4f.webp,480,687,37226,bb9b874204ba0825bc2c0e3a9c810986b30b1a9bb820e78b450ee6bc9e2e21e9
YYWYLg_4f,Rotto 2-Deungira Malhago Daniryeonda (2026) [YYWYLg_4f].jpg,25bfbb12366cf7a8f722f488ca88c8ceee3c2aa6df0aaac02600a192f561a3ba,cards/YYWYLg_4f.webp,YYWYLg_4f.webp,480,480,30716,c2641d2f0096d3937aa59b758184efdd69b431ce9812ff48d7e4443478f56892
YYWkXW_4f,Scandal Love (2026) [YYWkXW_4f].jpg,0fa63e05a7f41b2745c5766c03ddd9dfcd5f83099c36b1e83d1043b8603745dd,cards/YYWkXW_4f.webp,YYWkXW_4f.webp,480,669,25002,bb8dce31d3c4398dc993b5e157aa5a0b71c86c88cb1574bbb255078004533639
YYXJbz_4f,Share House (2025) [YYXJbz_4f].jpg,236da0a7c320f374d67403209df844ae5fe400e471049f8aa9d1a0e9242518cb,cards/YYXJbz_4f.webp,YYXJbz_4f.webp,480,600,20230,8a16141e2b1ce57447bd93b982a1ec64e9273087ea2050a5224fbcecc78013b8
YYZbgW_4f,Are You Doing Well_ (2026) [YYZbgW_4f].jpg,6c72699f0ffbe04a06b2397afb1138a5e143029e058e02a85ff88856144fa8a6,cards/YYZbgW_4f.webp,YYZbgW_4f.webp,480,600,19020,bc8905ddab2b7a571461dab190c22c213feeff4e5e854083712666308c5d3295
YYe7nQ_4f,Almost Lover (2025) [YYe7nQ_4f].jpg,0a87df8076775637577c3ea955e8a707526e7ba75be0bac8fa07e74535428728,cards/YYe7nQ_4f.webp,YYe7nQ_4f.webp,410,720,3858,2287fc5d28903010aa373c8d973d5a8c45de329dc02ded2dbdf6ef148e372eae
YYeW6W_4f,Love Track_ A Soundtrack Like No Other (2025) [YYeW6W_4f].jpg,945b98f62e1895ce7dbdc2669d2aa3b371fa6c85acf1f1278dfbd39aa7b38e0d,cards/YYeW6W_4f.webp,YYeW6W_4f.webp,405,720,26064,49e6425e26a01366623826539ffbc25ea2c4fa995a4b7b71d1fa214dda68f5ab
YYeWdK_4f,Will You Be My Manager_ (2025) [YYeWdK_4f].jpg,dc2c4dc901866200e266428645f40e1ab5e80d2ede6cd04b72e7d41fa8feb556,cards/YYeWdK_4f.webp,YYeWdK_4f.webp,480,720,78004,66468889a712c1bee50b0e8bff68a5ad625d6528068e05f7c7ac9c73abf3d463
YYeWzW_4f,Love Track_ More than Stars (2025) [YYeWzW_4f].jpg,47d192f10c2e077f29df43b772e7c51d945c842d00adb9ff870634a201f4eaa4,cards/YYeWzW_4f.webp,YYeWzW_4f.webp,405,720,26838,db6ea47899f4889fa7089dc3953541b863993db562fdba75d2549775be12963a
YYepoP_4f,Love Track_ Finding Us (2025) [YYepoP_4f].jpg,1148a6004f8293e39d449a110dcd1b82f8b75b9f7cc0802ee73a54f6272f1963,cards/YYepoP_4f.webp,YYepoP_4f.webp,405,720,38720,7e1a6808e8179a55dc1b8fb4ae05724047266aaa57b730d1c91b8957d72b1aa3
YYk3Pf,Bride of the Century (2014) [YYk3Pf].jpg,b7e1ae469fe68a6e900a5e5ab407cd0dc3b666aef153782fed3d96323895e777,cards/YYk3Pf.webp,YYk3Pf.webp,480,699,64000,bb47d2f09f26e7ac05be95e1756f6f6e8960a62b4e465f77d50e29e48f06cab3
YYlemA_4f,Melo Movie (2025) [YYlemA_4f].jpg,0b9eadff528fd0d566054728795b5866dba84202280bb028fc6def877f9ff783,cards/YYlemA_4f.webp,YYlemA_4f.webp,480,711,31578,821d714b3f7089c1f35c76fe5fd29098278b41a1551fc36af350681a5404c29b
YYnvyQ_4f,Save Me (2017) [YYnvyQ_4f].jpg,cbd0676de09209f59d54de854a147578bfa6be9a9cf90a56c9b7f5bd2231e62d,cards/YYnvyQ_4f.webp,YYnvyQ_4f.webp,476,720,36636,680f8067f33f6ccc6d04fe9265f18ecdbe86f51e3f03c01a812b2f2f0dfd08bf
YYpZWB_4f,Sorry for Confessing (2026) [YYpZWB_4f].jpg,72542e5725a49e847c0bfd11d8696d36e2f63e76464d6fc39c0effe4bd5fbf28,cards/YYpZWB_4f.webp,YYpZWB_4f.webp,480,686,48096,014ab6afacf20b1a2536b75b78483c0ea12d1ccc195975f60b85b3e6b6609970
YYr67W_4f,I’m Picking My Favorite (2025) [YYr67W_4f].jpg,8d80fa659473f45ee7a807fd7a22ac2999484956b901d938b15066099c778624,cards/YYr67W_4f.webp,YYr67W_4f.webp,480,693,28094,2450e0f4757908a565f97e084e910010948b1db4e7fee52189604df7977b8674
YYzB0e_4f,Dear.M (2022) [YYzB0e_4f].jpg,3667930fe1296388f10607cd2c39868504ec40770927b88f50f12d8d71b45da9,cards/YYzB0e_4f.webp,YYzB0e_4f.webp,480,684,29898,897435fdf795c9c3e4b0c3c9ef60b8229c320c4a75e454313fe80b58854dc618
Yo6EAf,The Gentlemen of Wolgyesu Tailor Shop (2016) [Yo6EAf].jpg,0462c424f0e8bf2ac3847dfc56abe4c6f4892366b5bc61fd6143b4c28761c6ab,cards/Yo6EAf.webp,Yo6EAf.webp,480,690,75794,a1d8b0652ba768c8fecf1e1dc1bf1bc1c4754dc38ffedfc87d9c1408019574ad
Yojygf,Magic School (2017) [Yojygf].jpg,636214af0967e835022bfc00ddc0bdee1fefec66ab291077c998b5920bdbf2d6,cards/Yojygf.webp,Yojygf.webp,300,431,26978,76d33e21bb81d8610edd6bf4c1349f185f5d48f5b73a1664cc6627accab41d4c
Z0q4Of,Big Issue (2019) [Z0q4Of].jpg,29268fc451ab5b8dd6e71883869a199c34186890d95cba249968a8d107679f53,cards/Z0q4Of.webp,Z0q4Of.webp,480,720,107540,3dc58f0b7f148f38c3212437badc60ae8eb4d861a80b3b789e82baf0b4eb2d42
Z0rAkf,Am I the Only One with Butterflies_ (2018) [Z0rAkf].jpg,05057341bb67dc94b19478dfaad9b1c23bb7e0a70199c08f116546dcd860d318,cards/Z0rAkf.webp,Z0rAkf.webp,480,388,18570,7363eb5ecd903393810d5cf89d95a801f48ef854babb3e96e6e67d5e34a5f37b
Z54vJf,Awl (2015) [Z54vJf].jpg,4c48fe572066e574f91589418d86d1e1d8035a215b353522edc2eea5aff07afe,cards/Z54vJf.webp,Z54vJf.webp,480,681,32916,0cca5be2ce6e48bf931b3b5c57b3370f5d4a5823096b1603d485ef569e681a62
Z5w0Jf,Thumping Spike (2016) [Z5w0Jf].jpg,64f3bc05b48c08b4f062bb421fe7afe2fb3ff689cfa1131b81ce718747b1910f,cards/Z5w0Jf.webp,Z5w0Jf.webp,480,716,30554,e09910d31030c5bc00cdf86f7c6327fb44f64fce59da435051bab7d04df06472
Z6oP7_4f,Dali and the Cocky Prince (2021) [Z6oP7_4f].jpg,49e80ce9df1bb3c6ade10df7316e76398c5238aa27261e18bacf4a0ad912b73d,cards/Z6oP7_4f.webp,Z6oP7_4f.webp,480,678,47816,a50ef077a5cbed4f3b85706ca1d8eb0654b87b2e4664b720bd126ea66186fbf1
Z803xO_4f,Vigilante (2023) [Z803xO_4f].jpg,64640f41890eea5f46ea339a10ba278ac34d19659466f5efbcd35f76bfc51e2f,cards/Z803xO_4f.webp,Z803xO_4f.webp,480,686,38930,ee49696a68438830849484cb9504770139e6cf83bad7b88ac11b24bd24a41c91
Z82l1f,Flower Boy Next Door (2013) [Z82l1f].jpg,67021fe8c78ca4ae3674db897b0eab13750cb60b5eefc798158fde4efcab273d,cards/Z82l1f.webp,Z82l1f.webp,480,681,65320,ffe6398e590fd87d43e1262a7bfd41e01ae37142d51a48012b832d8ff57db67a
Z8Bmj1_4f,High School Return of a Gangster (2024) [Z8Bmj1_4f].jpg,8451519bb7e92a20f0618650a975f3c4293534faccc1b328b912671d9c1b6eeb,cards/Z8Bmj1_4f.webp,Z8Bmj1_4f.webp,480,686,34072,1ae0abe8af837fa5362c0a7e405d7b1db106b6e8f428c317d0dfe8ec1e2f240d
Z8QV8f,God's Quiz Season 2 (2011) [Z8QV8f].jpg,7b04103a2b0b205258673170ea6f95d10161faf85b59edf23d50c47a8dff131c,cards/Z8QV8f.webp,Z8QV8f.webp,480,691,29106,e4ee30b2007a93182bace1ccc461a8737a5dc282c213e292a2d7cfa04a899a79
Z8RjDq_4f,My 20th Twenty (2023) [Z8RjDq_4f].jpg,87ab1bf31630712e03dc3fcf3001950b11fea071dfe9c94bf602d285e707abf8,cards/Z8RjDq_4f.webp,Z8RjDq_4f.webp,480,682,28620,1ffa0d2740b901909c251b5bc878dcf4c05707648f1068e5c63d4d26ac54b2ad
Z8RkV8_4f,Duty after School_ Part 2 (2023) [Z8RkV8_4f].jpg,f03e3d26f48641fb7fc868321550f9eaf006fbc70ac2a6c09e387d48763e6d73,cards/Z8RkV8_4f.webp,Z8RkV8_4f.webp,480,687,61426,1c5635a7cdfefdcbff010acbc2eda7c3d912e876d3079904879f081ab3c58eba
Z8Rw71_4f,My Perfect Stranger (2023) [Z8Rw71_4f].jpg,b6b36bcd5e49fd658dbacef142c54afaf000441b51e63d70d1066c1e1d12bd65,cards/Z8Rw71_4f.webp,Z8Rw71_4f.webp,480,678,37788,d2ccb1a99cad4b20268931ebf8719d8709616708161443fab18bab1797cafd43
Z8b0kf,The Three Musketeers (2014) [Z8b0kf].jpg,1101caaa2a40548ab83d5432129cb66609657a4cd409026ee6cd8f6b93ccc50e,cards/Z8b0kf.webp,Z8b0kf.webp,480,684,53788,29b6d35179e79ec0a55b60dc84bd2378b6bf12c656d8b0190b648114107c4333
Z8dVqL_4f,No Way Out_ The Roulette (2024) [Z8dVqL_4f].jpg,f7fe1c4a6452be81fba947ce5a85a34d2e5a9d27dc235f52366a9e6f0a7a0348,cards/Z8dVqL_4f.webp,Z8dVqL_4f.webp,480,684,36116,78fbbcae90840cce3cb14c0f0b640e4a19c9af986ea378c1507bc89fdd48b343
Z8kn7f,Queen Seon Deok (2009) [Z8kn7f].jpg,bd018327e89ab001829f676ed76055ee3affe1615fdc876c20ed986c6d8f5dc8,cards/Z8kn7f.webp,Z8kn7f.webp,480,716,86786,be6fd5eb697408212b7a5a5635caab44f5da276d4a89bab0c670f9fcee30cc0f
Z8kz8f,Can We Love_ (2014) [Z8kz8f].jpg,95889d08cfb4ff88e26096d5ed6fcc9f03253e2d0d6808dfdecc19822a0de92f,cards/Z8kz8f.webp,Z8kz8f.webp,480,677,45910,a325f3d375ac08327d57028953a4ef83d1147e068f5ca9af890b17cf481a005f
Z8o7Jq_4f,Goodbye Earth (2024) [Z8o7Jq_4f].jpg,ed932c2ab90532ce1b7c71a1a8b91dadbb12ff81c3b235908cc463d2c61e06ab,cards/Z8o7Jq_4f.webp,Z8o7Jq_4f.webp,480,711,37946,92d4267ec4bc2db59c3d38ef4315a6d99788cf704dbe99d3c8ee97a94a151b89
Z8ow0k_4f,The 8 Show (2024) [Z8ow0k_4f].jpg,c7c4611f041b6b395e6c890d4aead7554e073d84c37026db4a5be43c169aa877,cards/Z8ow0k_4f.webp,Z8ow0k_4f.webp,480,711,28516,6dc7bbd3ab9dc08f86a5803fb355a215f209b4d8506cb0fbec547fe03c6e072d
Z8q0Of,Trot Lovers (2014) [Z8q0Of].jpg,40e4af4e9263ba4ab393d915cd53f9e8985608b1c39c4f8a52f2305411c9d085,cards/Z8q0Of.webp,Z8q0Of.webp,480,720,77924,1e7950e1cca0f519aed08283a5f50eb7f83257b18084fad4e87730a903cda52f
Z8voOO_4f,Queen of Divorce (2024) [Z8voOO_4f].jpg,4e03945c0ade0c1308fa089fee22238e443c315968ff9a792c93dd0ae09655d6,cards/Z8voOO_4f.webp,Z8voOO_4f.webp,480,687,46320,470b2a1fdc4ef6db13f37f5111b7d6693f84e62bfe68268b209a4155ccbe281f
Z8zXJf,Passionate Love (2013) [Z8zXJf].jpg,a5bc31806c806a2633a525da6a5a051c44858f8a85eabeed1c52e2d8505cbaf4,cards/Z8zXJf.webp,Z8zXJf.webp,480,720,38420,9c4aba635a72a52ad757c447b0606d5e217c06d6651fb3823aa57cbe07585d76
ZQ8KL_4f,The Spies Who Loved Me (2020) [ZQ8KL_4f].jpg,153386642a84c9e029d9dbbedb07748603a982ce1795d0fdc976000602369ea6,cards/ZQ8KL_4f.webp,ZQ8KL_4f.webp,480,678,30510,12b9918a586f5e384433f24558af14d0ffaf4d0656f662f5397d0e2ff6d5ef82
ZWd6O_4f,Amanza (2020) [ZWd6O_4f].jpg,bb4969dd8ce30e99437bc3ed2e144536faf37d10a7dfa4b85440447ca80ea7e6,cards/ZWd6O_4f.webp,ZWd6O_4f.webp,430,616,31778,ec257987147b1acfb98fd89458a890bec0d760a88f4687ee22f176650bde1de6
ZZ7WW_4f,Happy Ending Romance (2022) [ZZ7WW_4f].jpg,7ac4419ee1b49eedeb847157eea1c4a0eae672c8f882eb87a32e905291d625ce,cards/ZZ7WW_4f.webp,ZZ7WW_4f.webp,480,676,25786,b15d531af5509a007789cf7090e3afc8f975eedf779dfc1baf425d23167399c3
ZboPO_4f,Sponsor (2022) [ZboPO_4f].jpg,ac66072a7e3c9502661ae11d0305ed1b7805ec50fcda34b0818a33234214ef6b,cards/ZboPO_4f.webp,ZboPO_4f.webp,480,686,14168,3079d2659237d919d1d3216f65d57307a4df983069618a85ae3f08c80f296c09
ZeKv1_4f,Hometown Cha-Cha-Cha (2021) [ZeKv1_4f].jpg,ad27160f35780ed6d80110a40746d9bf04056af4304b6026a3e912a2590a435a,cards/ZeKv1_4f.webp,ZeKv1_4f.webp,480,683,32864,9248719f2747a91db06f46d4d53c116c8572cadbaac9d81f5970d379f2082315
ZeVdY_4f,Are You Human Too_ (2018) [ZeVdY_4f].jpg,2c20a6ba9046eaa80be1bf6b648cb282f0c1473e6fd0c18cf461490679152f3f,cards/ZeVdY_4f.webp,ZeVdY_4f.webp,480,679,33576,22642e8486993ff6c01d46305a5bca2ab3a1933593ff6e7abc4cf5dfe9e6e2f1
ZgYg8f,Where Stars Land (2018) [ZgYg8f].jpg,f6c58d0c2c78fd925939b3c92071c6a6178794bbf6a5ade08553ef96d10ac406,cards/ZgYg8f.webp,ZgYg8f.webp,480,684,33698,174232a892abab0381f18a0e927d2a045ccbef1bcf5d6f43c8f0eb8b4027c287
ZlY8J_4f,Gaus Electronics (2022) [ZlY8J_4f].jpg,e0cd49bb7a2ad9cfbb5ff9aab9ded1f524e910ed7b696bceae41e95d58099b39,cards/ZlY8J_4f.webp,ZlY8J_4f.webp,480,687,46902,535087166d528c524565d4d36c6ac6dec31541f69af30d7ffc42915903fe7d78
ZlzzJ_4f,Adamas (2022) [ZlzzJ_4f].jpg,6912a2e3c2b71c2f1515d2499cd41c338a82beaabf119c7d95ef46f038953eda,cards/ZlzzJ_4f.webp,ZlzzJ_4f.webp,480,684,14272,e2629de2b431885ea91490badaef91b583e62b1e55b2b1e2257d19632f49a8c3
ZnjVY_4f,Café Minamdang (2022) [ZnjVY_4f].jpg,d92a331e23f6dd847fbb452f15f56c9bbf8771b7b44b5b65257dc8b3f607b001,cards/ZnjVY_4f.webp,ZnjVY_4f.webp,393,720,63926,0ae268b0fa7ed6c7111fb841507673becd080f5612d156e1da2ee92905018e8e
ZrX3Of,Hot Stove League (2019) [ZrX3Of].jpg,e32b22dbb28502d79507e059325da11bddd57fd9c0dd4e17a83d6f4d76c90bb3,cards/ZrX3Of.webp,ZrX3Of.webp,480,687,38172,03881e4dd4c94ab1e7b684b8ad412937a3f216087f24d67446c2fad81879d77b
ZrqbLf,Wish Woosh Season 2 (2019) [ZrqbLf].jpg,08b2af05381580a82eb32288161acd0ad63016ece6dbd4aabf89e3d9dece159f,cards/ZrqbLf.webp,ZrqbLf.webp,480,689,37912,17dbe377f1f11c465ef8870fd805598902b507e49df54c726d6e81fbb1064d2b
ZrwAjf,Touch (2020) [ZrwAjf].jpg,be25827d02e5526f5da774592fe55c142d58df6b2c014ac56695bd9524901e55,cards/ZrwAjf.webp,ZrwAjf.webp,480,717,58788,f98753b601f1a7908044de80f4ec5a776e65d9cfa2acf51f5726df9f55da92e0
a81mlf,City Hunter (2011) [a81mlf].jpg,f9b4cf64e11654a4e27562c597403111a743f0581a614506885006d678a845e2,cards/a81mlf.webp,a81mlf.webp,400,599,33444,5951e75f3030b855183d17bcf2d0dd3673cdc574f829b1a666098c73488d71e0
aDvOpf,Salamander Guru and the Gang (2012) [aDvOpf].jpg,9b84cb8e5c33cf301015689e81c734e8821d7335423c0d96bb6c367b3887fb75,cards/aDvOpf.webp,aDvOpf.webp,400,600,59266,396f1e8a46e0280683056851fbe83f4c5c3d64cdf8ff480a959be58a25a487ff
aDw2Df,Golden Empire (2013) [aDw2Df].jpg,57b16e5150cd3003d3cd60d0c93e7e18edd456f13f4b1310b2bf6ad1b40c31d3,cards/aDw2Df.webp,aDw2Df.webp,480,717,37064,7b2bbd3458da5097cb1825312bc78847c154f3e511cdf53d8f9da23ee53ce210
aEBp9f,Coffee House (2010) [aEBp9f].jpg,a801c345612f1e2c223fd33235b7b33299e0a5208bdecb8b7c2e3430afa620ac,cards/aEBp9f.webp,aEBp9f.webp,450,675,53534,f7b6476250121f62f3870599a2d7cfa99849f1da5c6cfc23c925b204244c6d8f
ab07Vf,Time Slip Dr. Jin (2012) [ab07Vf].jpg,c0d4db551daacc5d7e27c5a1b71d9ffc6a195eb55bcbc04c7cb16ac0b49fa955,cards/ab07Vf.webp,ab07Vf.webp,402,600,34816,bf268420364f65ad134faa7c94d054d8d2bb22d4be3d6cc0d9647dabe5a9ad2d
abOnYf,Fermentation Family (2011) [abOnYf].jpg,f232785999044da16bb43d75b3eb7c5e9dc72f128a90a93caf9e119cddb5213b,cards/abOnYf.webp,abOnYf.webp,410,599,17610,7cd74cf18d44c411bddabf2fa144f84df97ed34c3f691be49023a5f9882a4f2d
abW1ef,Who Are You (2013) [abW1ef].jpg,d840c3d053cc215fb368765e9ac07f5bdd650fcd18281c01d9435a8eb08e5a28,cards/abW1ef.webp,abW1ef.webp,480,680,33700,9a7ee80ebb674dd229312a97b7c5e0e22ca58526d2d248253d0430d82ff16575
abbQxf,The Queen's Classroom (2013) [abbQxf].jpg,8addf1446b98e9693e9e0b123e7a5b54ee6d39bf571505ddfd5f0ebbaa35fbde,cards/abbQxf.webp,abbQxf.webp,480,715,39294,c5295a8db6eb3b997cc8e1beac038ba9c18dd3de77e576238696fa35b3545c2d
aboE9f,Road Number One (2010) [aboE9f].jpg,0519c589a7f20eff5cd8fc6edec0129385328ecede7d4b07e83b8637b21ff986,cards/aboE9f.webp,aboE9f.webp,421,600,49534,a30d99a0af28ca7b05b67f46f6a76ec6738fc42c041570742f1d214190d44aa3
ae6vYf,Love Rain (2012) [ae6vYf].jpg,afe5274ded6dd3bc63da6a170debe6634c9876aa1cf0f0e689a7b79421a0a5ca,cards/ae6vYf.webp,ae6vYf.webp,480,680,54482,2722fe311477f551eef6954a10766544c37cdf7a500543c4029ede51e6c63d66
aeWXKf,Ma Boy (2012) [aeWXKf].jpg,b31946f9205ef4b3ade4419609323108ff95b9af09775d5050f5691af82bd390,cards/aeWXKf.webp,aeWXKf.webp,353,500,23452,f7eba083ccd8cefa9b6e3b1ab697a99cf6e62abac5ee8532719fe0674a6b875a
ak8r9f,Iljimae (2008) [ak8r9f].jpg,ad6506a4c5a4edf6898c0bd29e35488b5eec2e963c6981074cd0a1d9c307e43b,cards/ak8r9f.webp,ak8r9f.webp,405,600,26324,847058678d4cfc237f8f8d82d40201e2b885dcedec44e4c8ef1b8a500715b9b5
akA7vf,Damo (2003) [akA7vf].jpg,b25594b2d8f7b5d07b9c69494b20223005032c427f6416ccaa6238a557913592,cards/akA7vf.webp,akA7vf.webp,300,430,28712,656f7f6444e238b2fceda6845ff5889a17260cb10975488296bc17a6984e1256
akwJdf,Ugly Alert (2013) [akwJdf].jpg,475788d6a0e8a0d9201ef99fd7ba985ba03cc6b87778e01584ce41302fe91bb5,cards/akwJdf.webp,akwJdf.webp,472,720,59114,93e70d455cec08f697d2f3f866780ff978f3cfbc42cd0e6f0618e4ad7e81116a
anO5Bf,Warrior Baek Dong Soo (2011) [anO5Bf].jpg,dc29ce40fa5653c7799527a72dca99245639a671b1dd6ba86536240fc9927bf5,cards/anO5Bf.webp,anO5Bf.webp,421,600,39478,a4b0dba92d2ae9fa269d5395b92e5a027bfb2b0ae8a2acbf238f89037cb35e3b
anzWaf,Time Between Dog and Wolf (2007) [anzWaf].jpg,ca5741edae2441ceb0d111af8cab869c810afabb787b3cadd4f68c4ee73a0d5c,cards/anzWaf.webp,anzWaf.webp,414,599,43684,9c5627a0dbcdaadc84c0ae1f33bc643c72d1c6a72052ad50d939363e09c492ad
az26yf,IRIS 2 (2013) [az26yf].jpg,085d76beedd30d73646d65038a9c92ee9ba1e2313b9ea099f954d61c5967011e,cards/az26yf.webp,az26yf.webp,480,684,40438,c5f3eaeb32c1388da273c31c6185438a2a8951413d3bdb32c663eb705298d09f
b2D5wf,A Beautiful Mind (2016) [b2D5wf].jpg,13a1962c44f0422eacc3c29712ef72ff3a26c1acf3286f39b8e82894438c48c0,cards/b2D5wf.webp,b2D5wf.webp,480,660,28502,78116fc5b29c9776ef7995f09ae7aa87d87f06725961e27b9e94f964e7d309c2
b30NEf,Goong (2006) [b30NEf].jpg,a8f78c5f64a3bb565f5684830cee8ded9c71fec2fdb95d414b5d8015d7f70f4c,cards/b30NEf.webp,b30NEf.webp,480,686,70390,d320ebe09d39183514e44d9afa12f0cdec127483649512dafb33336ba50b5a66
b31EVf,Vampire Flower (2014) [b31EVf].jpg,0f24f70250dfda4befd8af957165709d06fdacc6c275704493212ef0838929d4,cards/b31EVf.webp,b31EVf.webp,480,676,19262,77cfdd29993256378caa9ea8e5137fd41ce1de82a12b4e76f943a9aa7f218124
b35ZxV_4f,Checkered Shirt (2025) [b35ZxV_4f].jpg,c34926c535fb02163465b2fcef791f076ca564cc7375353ddfcf0c88ed684f34,cards/b35ZxV_4f.webp,b35ZxV_4f.webp,480,675,24528,0034217b2d8d68b0b4a51a137aaf196815456bb16976c0512c33297a0a5e3dd3
b3ApVw_4f,Azure Spring (2026) [b3ApVw_4f].jpg,707e1862442f43f3e0431dfe3362b90ce1e7688f54b8cb7c7435afa4813fba6b,cards/b3ApVw_4f.webp,b3ApVw_4f.webp,480,686,35054,66aed5cb57c4d4bd0dd90d1a98aac0a7010e13ee268d62131fb48c575b2caea7
b3Axwj_4f,Who Is the Real Heiress_ (2026) [b3Axwj_4f].jpg,f9db2aa7b787bd87d6674cd18c349ee557c70537638eb4143e033f0465bb657f,cards/b3Axwj_4f.webp,b3Axwj_4f.webp,480,640,36716,187e11b4499de8421330028ed08d1e261326e3aeac0c1cd51938181ff7acb040
b3JmNf,"I'm Sorry, I Love You (2004) [b3JmNf].jpg",b11d0cf0f88bd0f460d33e39a8ea28262dd43c17b58632e9305d86e960879825,cards/b3JmNf.webp,b3JmNf.webp,480,720,62636,5aaf97b2577f4ad6255b9958720b72729166cd2eb0b491af4c91f51d9c1f65e5
b3Rk2Y_4f,The Tale of Lady Ok (2024) [b3Rk2Y_4f].jpg,8f5377d9e496160f6b8494968598a70ad1729c18ed9421449d2645ca7bda343a,cards/b3Rk2Y_4f.webp,b3Rk2Y_4f.webp,480,686,69060,9336b5e8e9ed6bff6b3a575815c7b38f487e0f7be7e3feb53623f37dc58c75a5
b3RmlV_4f,Mr. Queen (2020) [b3RmlV_4f].jpg,856953f6b3e903f56f6464ceaaa03eb9e9a4e827a6dcbebc06994cbf13bbc961,cards/b3RmlV_4f.webp,b3RmlV_4f.webp,480,680,70176,9c6d98eab072664e9c81f280c28e0ec533f9434e923ea587a9d71b82c6a817ed
b3RrKL_4f,Walking on Thin Ice (2025) [b3RrKL_4f].jpg,0dde125ce689de04ea2d74e5b92c11ab1721f54efb5bce94ebf1e511223e4af4,cards/b3RrKL_4f.webp,b3RrKL_4f.webp,478,720,45788,8315533c7a8081754505ab302d5e0c7c3fcf7021867627c54831bb04e6a27aa9
b3Rxnj_4f,A Hundred Memories (2025) [b3Rxnj_4f].jpg,e65e8799d42c9adf8b9803777eeb1f94b9e0136fe35239a661e95e0baf97eacc,cards/b3Rxnj_4f.webp,b3Rxnj_4f.webp,480,686,36186,a6d1f5068251770b24f7d7bd1c3bf26038f3c744eafe581d5ca0d59a3f96b4f2
b3W5Ax_4f,Miss CEO's Baby Daddy Is the Final Boss (2026) [b3W5Ax_4f].jpg,9d916b44e118769659c5541a536d1f0da59996723db4edcd8aed3542bfdcbe8d,cards/b3W5Ax_4f.webp,b3W5Ax_4f.webp,480,640,45284,7142fcd322a5025152781c30d1cc1cf0ade6acc57b782885b4dff8fcefa55505
b3WZxj_4f,Reborn as a Kingmaker of My Useless Chaebol Dad (2026) [b3WZxj_4f].jpg,e3230c34bcf975f186b6ec966fb41d1f3a4fafc65e301030e8b8723133270bb2,cards/b3WZxj_4f.webp,b3WZxj_4f.webp,480,640,54738,af736463ea7e269e1e9e8df84a8119032f9eaef0e9e625ef2af602e336aa231e
b3X10e_4f,Romantic Island (2025) [b3X10e_4f].jpg,215976e9b5c729ce1d8f9c1793d0dcb15858c3096ae665074e54b2b752ededd6,cards/b3X10e_4f.webp,b3X10e_4f.webp,480,720,48208,7da717abd653b89009d27d8693fa0f6c3583255a1bd7b7032d879e377a4cbed1
b3X1lN_4f,Law Firm Romance_ The Attorney and the Secretary (2025) [b3X1lN_4f].jpg,6d4215126f26e6d4df22fa581899f8c448191b57fa2799f60afc51696411ce9b,cards/b3X1lN_4f.webp,b3X1lN_4f.webp,480,720,26168,5dcf7862e21db417d7afeb518e6edbc12d9b480c94af0d657cc24d7825e1ca67
b3blwf,Full House (2004) [b3blwf].jpg,a8746d259d1b9ce137cecb01dc7b9c8abac1fe138c17ad852491766a2c638fae,cards/b3blwf.webp,b3blwf.webp,460,697,38958,880fd25a36551fd282b4a726f80937a33b2c0012ecd5b181690c1d7525e44c68
b3blzN_4f,The CEO's Secret Lover (2026) [b3blzN_4f].jpg,96f7f23c983f2a66da16c2062a6f1430611a407fb2619374140d0af28099c35f,cards/b3blzN_4f.webp,b3blzN_4f.webp,480,620,28668,de5dd6ba432d26835b3c3f6c3c91d2d9713900a6d425fd4e41ac4de149e9d838
b3bxQx_4f,Love Class Season 3 (2026) [b3bxQx_4f].jpg,60dba0400983e7e931079f3ed90ac1f92c6b6c6e2fe42abf93148c602ee6d97b,cards/b3bxQx_4f.webp,b3bxQx_4f.webp,480,683,27396,7735cdd462a49553728a13476489cbfb2edfe4587421140233b0a5a4d5049bb7
b3dxjf,Gunman in Joseon (2014) [b3dxjf].jpg,b2193bd830770b19e815c14fd9ab4204101ffa6d01e140e95978e14a131d82a6,cards/b3dxjf.webp,b3dxjf.webp,480,688,35210,ae665591c38ce4dc8aa5edc217a17a8b1b324b0e449f3f6cdbcceafc0b6c87df
b3jWnZ_4f,"Daddy, Please Save Mommy! (2026) [b3jWnZ_4f].jpg",e2dea6397b85b1a68525d04babd84d012af4502dc7a4933f3277047d18a9b49b,cards/b3jWnZ_4f.webp,b3jWnZ_4f.webp,480,640,38336,1a0538eaa68e03302d7cd6db3e6c682ef1071f60e63f9b0609a4a1d33fee6bb3
b3jp1N_4f,Delivered by Destiny (2026) [b3jp1N_4f].jpg,439212b8a10d50b003871152e92452e8f24897f21430516b71ba94e333290f36,cards/b3jp1N_4f.webp,b3jp1N_4f.webp,406,720,25970,9b13ad64002b073f3798df45bb042322fbdff2bd1c2a6a883a5759b5e8ce1784
b3nWEf,King2Hearts (2012) [b3nWEf].jpg,9b5cc82abf95758a4b353f6a3230dedf02468edc6366898c15aa54af5dea0e7e,cards/b3nWEf.webp,b3nWEf.webp,480,686,36676,eee836370c1e2077e6489a8f0ae0709b9d8b330d2498f1632be5f3c9a74f21d9
b3om0Y_4f,Mousetrap (2026) [b3om0Y_4f].jpg,2cfcfd6bf8c8cda677638cc5ae57a9cca8bd48a9652335a82057f81382415bbb,cards/b3om0Y_4f.webp,b3om0Y_4f.webp,480,711,33970,a59483d35ddae3225e8358a974e11a12d61e0c18d10678ba9e1b1bab6024ae63
b3ovyY_4f,The Affair Was Just the Beginning (2026) [b3ovyY_4f].jpg,dbaeddce114477613a0d6a549e38b43be388e5e8df1fa1be44e94d91fa99114d,cards/b3ovyY_4f.webp,b3ovyY_4f.webp,480,663,48720,4eacefe10a7040ded3b8662fb9eca365212c74e425c9859e1c8ad66b2e78e7e2
b3pP6f,One Warm Word (2013) [b3pP6f].jpg,bb98d00dcef62c5405c5a1c22005af52be4d386a2a01df727233bf382e22f540,cards/b3pP6f.webp,b3pP6f.webp,480,682,23744,f7b30c4ae1925f58121b09363b538f33913fd9bb7404cd269190fcde8387f5cf
b3x0Vf,Gap Dong (2014) [b3x0Vf].jpg,54db52b3f212aeb3764c851664d6109b9137962f0d03d472ba42769bc133f87a,cards/b3x0Vf.webp,b3x0Vf.webp,480,683,28516,c281f208a2638fd245ae4b398e6f3bc3280ed8260585de082d398019fb1ce737
b3yQp6_4f,First Man (2025) [b3yQp6_4f].jpg,7ed31846efde331e93244b6acc03bb73ed743562c6e06eace519a8e21887e85d,cards/b3yQp6_4f.webp,b3yQp6_4f.webp,480,688,24306,e0ba3de200affa2b07596d59535c8850d6c21cee4e425629ab08ca6f1b698f24
b3z6YZ_4f,tvN O'PENing_ The Catstody War (2025) [b3z6YZ_4f].jpg,3848050e49d5e78015179aaea37ca8460ec20482e5cd0972f62127952f75daeb,cards/b3z6YZ_4f.webp,b3z6YZ_4f.webp,480,680,30688,f0909a0ca447695ab1b0133bc1b6e1598a1e5221e969a62f4b8c7ec4cd305e9a
bBvWjf,Six Flying Dragons (2015) [bBvWjf].jpg,c474d2f30ec1a00529a0325d449a74be54825c8222d671c31845f5e674bd4a7f,cards/bBvWjf.webp,bBvWjf.webp,480,683,64404,99d965d6493c4271b7db06ea1ef5c43b47c7b75318daa88137e275fed51f1ebf
bKEnwf,Secret Queen Makers (2018) [bKEnwf].jpg,5da3a01fd4fd388700fec6ec805d49b92a95fff937eb54fd9ef4de470ff81cb7,cards/bKEnwf.webp,bKEnwf.webp,480,689,38766,0a6001edc27b901066d18bd253eb1b18a815f7b02866dac989bff09baefecc53
bKKlVf,Return (2018) [bKKlVf].jpg,6771e8f09fdca4e4337bf60e1c21fcd19d0664d0bedf17bc11f76d30053de17a,cards/bKKlVf.webp,bKKlVf.webp,480,660,82974,dafba5c1c46b0ca81b560811ea42fa1d3a24850e5a5bb3929538e4192d234b2d
bZk8Vf,Age of Youth (2016) [bZk8Vf].jpg,9ed98e90c40fc1ce725c144e02e93a181ab0e7bad939a904875417ec5756896a,cards/bZk8Vf.webp,bZk8Vf.webp,476,720,61824,47d254ebc44715c0ccf3ff3e85fb042d2fb0ccad8234e4171217b5c8723bd19b
bveYZf,Mr. Back (2014) [bveYZf].jpg,a9ca6a8ce16d33490c1289b7a7665a1d878c460714127c77ec63febe65bd864c,cards/bveYZf.webp,bveYZf.webp,469,700,63152,2cc5006464ecce435d84e49c6ff87008287caa6121016406eeae1b03fd056a3a
bvp1Vf,Oh My Ghost (2015) [bvp1Vf].jpg,fd4446d455765d555c56d106a49e0bb6a79365d76985241b915686638804d100,cards/bvp1Vf.webp,bvp1Vf.webp,480,702,54186,47c399cd1ee6ef83f63f2af345f943895f8c5b3a8dab6cfc7ba83a43b19942ef
bvrgNf,"Seo Yeong, My Daughter (2012) [bvrgNf].jpg",c16e1568c27d082da0b5f32be6f8646a3bc1033476914238d86567b1f1a97adb,cards/bvrgNf.webp,bvrgNf.webp,480,717,35684,08dd4c35cf927e1927b02c67015a8cbf27876fcff7cb931281f1ac926a68c9a5
bwZ6wf,Memories of the Alhambra (2018) [bwZ6wf].jpg,007907a9665e8e190847428b95c4a825c51498a09ef8c2c46c42e5ded7de0a7e,cards/bwZ6wf.webp,bwZ6wf.webp,480,694,28062,116a3730ea058844e9b5077e7c1d3624e16487f48f6e2eef4b7aa28082e7065e
d00j80_4f,Stealer_ The Treasure Keeper (2023) [d00j80_4f].jpg,8b117ede7a84f0a7872e83af16c92a198d652244451facbc91e012c10df86eab,cards/d00j80_4f.webp,d00j80_4f.webp,480,684,64688,c976b529e6602ced75a44d4ae8ae6ef4c9d176fbbab3bae4eb7a850e2da0ab24
d021dW_4f,Black Knight (2023) [d021dW_4f].jpg,5e0822f19c313c1a5f62f495a259650057e74184af162b3337227c91ef79c2bf,cards/d021dW_4f.webp,d021dW_4f.webp,480,711,44602,ec73f69a668ca12d7b3a4c5826d1aa01f20cb8d847b00666e33c6f9b5a2e2056
d02LlA_4f,Dr. Romantic Season 3 (2023) [d02LlA_4f].jpg,7c81624d057f9f76f320f15e7ed9100205715d2ae9ddfefdca628632c05f4942,cards/d02LlA_4f.webp,d02LlA_4f.webp,480,678,34788,d206aedb9ce125fabbbfa1769223f8c620d74d4e3af2e26dffd962aa462a61f3
d02VOb_4f,Happy Merry Ending (2023) [d02VOb_4f].jpg,feb25dc83c0eb5b3d3cdfca5d305ab2989621a8b9df8a92ebfd0a974d97f7473,cards/d02VOb_4f.webp,d02VOb_4f.webp,480,686,25838,539c0e1eab31f394b47eac2742ad622ff86065a972bc4c3cdba699a4ee24c18c
d0O3r5_4f,Jun & Jun (2023) [d0O3r5_4f].jpg,f680ac217c9b657c38c4651f85411e465ba3e421d98fd12a68b95bed0da4834e,cards/d0O3r5_4f.webp,d0O3r5_4f.webp,480,720,27922,6324c98400196aa38c64c5648580c0e5269b8c97e6507cf1841f2774094b5c16
d0O44b_4f,Miraculous Brothers (2023) [d0O44b_4f].jpg,16fb8f678317946bbdaf9d0a9b90826389b93d7e1318382209cd7091feb1fed4,cards/d0O44b_4f.webp,d0O44b_4f.webp,480,688,52336,13ac076e4dc3d58c68eb9c48f1e8655446f174f24511fd88d3d6632c5ac9635d
d0Q0gf,Hwang Jin Yi (2006) [d0Q0gf].jpg,31a56eb229c9326dab6384c0eb13fc80c905c916f590bb906ccd4d3b0d22967f,cards/d0Q0gf.webp,d0Q0gf.webp,480,687,42052,1e6297f2867b8bd260a700d8759a44de702884e1126da6d07e608fb0aba71204
d0QL50_4f,Iron Family (2024) [d0QL50_4f].jpg,140406faa9cf89e720d6ed3199f23c3f60aeb44885ff8cbe81971d56a4ae75d2,cards/d0QL50_4f.webp,d0QL50_4f.webp,480,680,38288,17ecb781a76a5b3e65c6e663e400ba15a6cca1201a248f2c917700c276cb419f
d0YzR5_4f,Doctor Slump (2024) [d0YzR5_4f].jpg,066f337bc54d073cc65156e2586dd423c639c26095a9df01de0571faab8abe2a,cards/d0YzR5_4f.webp,d0YzR5_4f.webp,480,686,57802,a646589dd9ca458054368442f5273db743317e64b4fdb935c9b4d2ece98d8e74
d0ZV8W_4f,Spice up Our Love (2024) [d0ZV8W_4f].jpg,4d8af29148da84e447d8c87910015770229dab2d60d23869b7e21e8e076411e8,cards/d0ZV8W_4f.webp,d0ZV8W_4f.webp,480,680,44502,35d8212f13f3e92cef28afe5987d172e2b8c5bbcf6b21b94c161f646524ee23b
d0dQAf,My Love from the Star (2013) [d0dQAf].jpg,7f840ecf2ac6e8b8e4649d833bfd06674029be6903d714ecbae5aa00bfc7b71c,cards/d0dQAf.webp,d0dQAf.webp,480,719,43008,59ebe7cc9c79c953f2a170ad4b0ee8123aea5320fd309ee2fb789735e7a13b39
d0vNef,Goong S (2007) [d0vNef].jpg,74b2a2e16cab697f82815e5439cdfab7fc8007d83f0d2819cb07f0bf57402f83,cards/d0vNef.webp,d0vNef.webp,480,687,77646,89dc3ba28996bd85c46f223f6f962f61b3ab788474dc5f9c29ad465d200ad470
d0wgj0_4f,Perfect Marriage Revenge (2023) [d0wgj0_4f].jpg,5672c920953adfbf1fa58db50aff188491ae7f112401d8a37cb3e8aac3766c8f,cards/d0wgj0_4f.webp,d0wgj0_4f.webp,480,720,56548,fd01cbb740f908b09976541117c8eef5ce5a3f6d975ae12616ac6c64d7da3e35
d0zgYK_4f,The Killing Vote (2023) [d0zgYK_4f].jpg,13b91d370089ed050698e3cbcd8013e1499ac97201892bf505b51a152c527cf7,cards/d0zgYK_4f.webp,d0zgYK_4f.webp,480,679,45484,efba171e586cee379e5ef487eddb377204f1445bd616a464f7af56decf681934
d1Bw0_4f,Genesis (2021) [d1Bw0_4f].jpg,b413a0a747bbf082cc1b3a63058461de73489b7b8b74e16dd666a85aeba3fa67,cards/d1Bw0_4f.webp,d1Bw0_4f.webp,480,720,47308,5dcc0d514589b41437f4238ae08d7611164871ef25117b1aacc003e9bdb74bbd
d2W7zf,The Musical (2011) [d2W7zf].jpg,4e16123bd2e260c4f397235b1ad9dff44ed94f7ecd8d5c04674a9fc6337e8eb4,cards/d2W7zf.webp,d2W7zf.webp,480,706,74360,ba6c8bd584d225c2dd4af7b17e6936abeaf76377df9101156c01f9211b42e37d
d2ZV5f,Cain and Abel (2009) [d2ZV5f].jpg,cfa5cb15fda374f7171690a03bd8817643d4529be9d1d06d7e8d4cb0048db24e,cards/d2ZV5f.webp,d2ZV5f.webp,480,680,31078,c53aa7c14605ba97a4c855f3060acae2f4e55a84f2ea3391e3d58978ace97dbf
d4d1Wf,Kingdom (2019) [d4d1Wf].jpg,333a629dbda7a1714341763e03642c160a6b85ef31811a42af62377fcf6d17d6,cards/d4d1Wf.webp,d4d1Wf.webp,480,711,41752,111d1602c7a3141a358701daf7d4c58ed7b34593bcab19385f30a08ca409126f
d5J35_4f,Grid (2022) [d5J35_4f].jpg,a490bd450e8667ec70f127840ab0b2952cac1fdf5eab026a33924afd3b33c2cc,cards/d5J35_4f.webp,d5J35_4f.webp,480,675,40062,f16ede5621cabefeb4e6a716f66487f979f9e1aed5a332e5fd2980b79efc9308
d5KBz_4f,Semantic Error (2022) [d5KBz_4f].jpg,a970fa7941d49fa0c352ca0da9b3c65e6bb87ca284b97720b7ad6ef0680945fc,cards/d5KBz_4f.webp,d5KBz_4f.webp,480,688,35736,1ea8f45486d383d29b935b9ae71caa83c4c2ab0d477cbc09e12279cfd45dc4cf
d5pV0_4f,Oh! Boarding House (2022) [d5pV0_4f].jpg,2afd5337376569f138e59d48058a778b2e5b4b1f6202dc791d81f0099583c19b,cards/d5pV0_4f.webp,d5pV0_4f.webp,480,663,28362,a33c80be1602c21f6d1f0134dec0073710ba7936f75361d16aa5489f74a1b475
dAwB5f,Eccentric! Chef Moon (2020) [dAwB5f].jpg,3582dc9572a5aa0f0bba850caa9330e17ea67bc72593936fb6b5a5b86c5af403,cards/dAwB5f.webp,dAwB5f.webp,430,645,40606,034d5968c1bc7f505b90ea0a40bea2e483e6f64b4e9ba5c5c2bc539450d9864b
dKY0d_4f,Hospital Playlist Season 2 (2021) [dKY0d_4f].jpg,bf81736e40cd34611e63e0ba7aa9975388ab1a2145177baadd4b2f8b622904c2,cards/dKY0d_4f.webp,dKY0d_4f.webp,480,679,47928,fb14a9bb2c048136ae827b6143fb52ee14083f005183113ad0a42fb061eea53e
dNO1d_4f,Youth of May (2021) [dNO1d_4f].jpg,e8b958582ef022eaa812394b5d9c5304fb6a65c86bc5299d62cdba2819c141a1,cards/dNO1d_4f.webp,dNO1d_4f.webp,480,720,32938,b07c3b5ca354310cf22593e265777ba67fe2af8a674f31a71c32a1cb86a89291
dOrn5f,The Flower in Prison (2016) [dOrn5f].jpg,e37cc3ad412250b5e5c266c166269d6e3b8c0d99eb256baf04e69275ce85b97e,cards/dOrn5f.webp,dOrn5f.webp,480,680,50986,aafde6b7607fef54248854ae3c44a1d2c483945a637138d4f73d128498002238
dRPqdf,Mother (2018) [dRPqdf].jpg,a8b75068e9beb33726fe0503253cfec23b956b78fc69e10ba959afdc271d3cb5,cards/dRPqdf.webp,dRPqdf.webp,480,694,33014,8a011254163b11e32a6dbb756eef3f89c12581c3e6e4c76a146632e25ebe57b2
dRYAef,Hello Monster (2015) [dRYAef].jpg,e7c28eb6c59b7428747462e475e77920a8f23b2dc5aa514b5b7ebab9bcb7a88e,cards/dRYAef.webp,dRYAef.webp,480,686,33412,274f8b2308c9fc7ecbdf115c2a04131518deabec8fb9c139dc8def08e36ab18a
dRnx5f,Cinderella and the Four Knights (2016) [dRnx5f].jpg,71ea4338bfa4942763fd4e16f58bf3cbd8798c488ae74bf7aa95fe5b4e619522,cards/dRnx5f.webp,dRnx5f.webp,480,690,65936,7db00ae8ebb7521b98639ef6cda53e1a833f5baf76d7e93cce0a4ce47698ef92
dRrgKf,Man to Man (2017) [dRrgKf].jpg,55ef243c36d725ac21012fed560b2f8036401ee83d10c985d98b1dda33364c6a,cards/dRrgKf.webp,dRrgKf.webp,480,720,52396,cdb2dcea0e6f86b8bfe4e97f4fda3d59a83a78d9ae84fa1270f47755964a3a82
dWyEW_4f,Do You Like Brahms_ (2020) [dWyEW_4f].jpg,dbaabb6d4d10d5c875e950edfd13d256f8a6cba66c68582cf4cf97dc8fdff1c7,cards/dWyEW_4f.webp,dWyEW_4f.webp,480,678,22752,d2d81beab411a0be8935b4cf80f94d63f2416d33a20573d2771eb6ad358c4392
dX5bW_4f,Behind Cut (2021) [dX5bW_4f].jpg,38d9d2edbd867e57cf0676720f9f22c547a50bf48ab0ed04dcd00b77fa181cf6,cards/dX5bW_4f.webp,dX5bW_4f.webp,480,675,39026,d84fbd64fd8b76f29685cc73e8a2c146b9a24bd0550403528d22a55555a8cd66
dY3kAf,Moon Embracing the Sun (2012) [dY3kAf].jpg,fd0a41c5124fa77b4af2845bc59e97595654d0903e8f066f30095faadc798b6c,cards/dY3kAf.webp,dY3kAf.webp,432,720,43260,3a8dd667497faa10fac5140f217d3aef23fecb521f1375b75aa6161a183b6573
dd1Ezf,Rookie Historian Goo Hae Ryung (2019) [dd1Ezf].jpg,fd7b8b77a782a71cdb7d1fec78d05f14664d97240c6c26bab6f9594ba9564b0a,cards/dd1Ezf.webp,dd1Ezf.webp,480,684,19352,d2e0a02e35d0740177b13fbf9795be7663349a312ba77a335530d9f3b8f7f07f
de810_4f,To My Star_ Making Film (2021) [de810_4f].jpg,6c33c5e8961918fa7d1d8870fa54e25545354c4bb0198a3653249898f0ad975e,cards/de810_4f.webp,de810_4f.webp,300,422,8260,5fc29fcb6110ca713afaa6bb423e3307dd3a0e53b5131c42240d1dd56512efef
del50_4f,Do Do Sol Sol La La Sol (2020) [del50_4f].jpg,4d47c076a39056a7cd502ed64be9bfd4183cb569075015858fc87f2df7335c10,cards/del50_4f.webp,del50_4f.webp,480,685,58640,eec149a776667d0b49249265b8846bb79945da2a4df65e2fdb804da4ca3af32c
dgJJz_4f,Extraordinary Attorney Woo (2022) [dgJJz_4f].jpg,7213763ec837f7c506033e88cc04f0e605888f8d396600d8b605de0ea0ea1c63,cards/dgJJz_4f.webp,dgJJz_4f.webp,480,687,50424,982b4687befc5363e6dc6cb9496b3386078d6f78026afb48c3ef3d01d9ead057
djDkW_4f,The Sound of Magic (2022) [djDkW_4f].jpg,f0fd81ac57a3b899c184211ac0a9540d0ff462d54292d603aa13defe897446d7,cards/djDkW_4f.webp,djDkW_4f.webp,480,711,76964,6dcb7aa62c628e492f6c6777b6e6c4da62163d2e300e0854e5d92f7ba84983ec
dkVP0_4f,Bossam_ Steal the Fate (2021) [dkVP0_4f].jpg,4a6fb1e06d04cd9236eb417eff938da1048a7483d0b599a4975f42b5bda46d53,cards/dkVP0_4f.webp,dkVP0_4f.webp,480,718,51518,a36fc52f788648e7c7af4fc535efd7f6976d3da704dc62e4a1af6ceae5725a87
dkrdD_4f,Scripting Your Destiny (2021) [dkrdD_4f].jpg,b2bdaf340d3b6b92752feb388eb0f542ad4dfc17eb074ce0116fbbc3d1c83103,cards/dkrdD_4f.webp,dkrdD_4f.webp,480,684,22762,21748d20f9aa813ec3084d8a84e1f6e54851559d94c33dc77dbec3eb8592bd6b
doR8zf,Leverage (2019) [doR8zf].jpg,075f758db5227aa5edd0ad6cd042c4c93f90f19944b90320aba63d8c51acaf50,cards/doR8zf.webp,doR8zf.webp,424,560,25376,8f64704c20086706264b6292a07e4a7e01fac2aa69b81eeaeca8e3d679952a9b
doREzf,Gu Family Book (2013) [doREzf].jpg,6ddf6c54e8dbd7bdc9b1a43726e7dc526a3fd5b3669e3c44815984bf5efe34ca,cards/doREzf.webp,doREzf.webp,480,615,35966,fdff991daa299a583242b5a8d2c78a098b06b51ac306c795bed3146864686d9a
dvv3Kf,Diary of a Prosecutor (2019) [dvv3Kf].jpg,624c8e893d65245bbcfcbf817de663dc9e135500ebbe8c79e75d2ca6f954d8df,cards/dvv3Kf.webp,dvv3Kf.webp,480,684,27956,872dac7726ba9fb69d35ccf5e457ede94d72797c8dc15c6cdb3d96c8c6ebc65d
dwJ7Af,Rich Man (2018) [dwJ7Af].jpg,bbef3d3a248784a385de63e3597756eb09d338e8433016a0a776905a1fa0d666,cards/dwJ7Af.webp,dwJ7Af.webp,480,679,53628,759ccd7d0a4b13a3850c6d1adb887b8540dc120c60a6dfb31f32f168497743d8
dwxJ5f,Miss Hammurabi (2018) [dwxJ5f].jpg,b3be0403e70a6a468f6333a97b9f97d55afef5890d650b1794e49391dbfe4118,cards/dwxJ5f.webp,dwxJ5f.webp,478,720,55198,4af82cdbbb751d91a166f464609786914648f423c06b6d563312bcef05bfdfca
dyKb0f,Hotelier (2001) [dyKb0f].jpg,b1e79f22f88c420499e3a336a4cf504da3842333baedf8a2e29601c05d4cc28a,cards/dyKb0f.webp,dyKb0f.webp,325,456,19960,ecc54c80616ad8ad181b6d8c39eb75e2fc1af0df4bb979f027c0644eb96e10e1
dynK5f,Marriage Contract (2016) [dynK5f].jpg,af039a93fe7b36f1818de6df64fc4c5745d71dd3be5c34751055b97fefffa5f3,cards/dynK5f.webp,dynK5f.webp,480,718,40440,cb91adba8e7e429a515141d51fd6040b1d232fdd93e1f4d9c5d6b21947290702
dyv1ef,Splash Splash LOVE (2015) [dyv1ef].jpg,09f92cb3658ac3f9d0b120ce524e433d54634487138d6439cd5cb73b9bd7c183,cards/dyv1ef.webp,dyv1ef.webp,480,480,33910,f61173b02c5c6516f8fbb573ea5a41e2afa640f79a5ea9c24ead53d8b9397718
dzDLbf,Naked Fireman (2017) [dzDLbf].jpg,b5210bb1fe78fe9fe1b06c88847a21da9fca176451ec6c1ca798dfd1eb2ad779,cards/dzDLbf.webp,dzDLbf.webp,480,680,69510,b54ad0c684df5c0289f2dabee6ae184089fa33d0fe9f1129592833ddbd75ffbc
dzQ3ef,"Father, I’ll Take Care of You (2016) [dzQ3ef].jpg",4453cb1ce983d94cfe731b5e8ae89cd334b9461deccd905690774ddb98f9fe50,cards/dzQ3ef.webp,dzQ3ef.webp,480,716,78528,3dc50ca7d19c9d0a2d4a87ec25a55b79774f0fed354b21e1138612ab290e2e72
e18Pq_4f,Kingdom_ Ashin of the North (2021) [e18Pq_4f].jpg,d9ec83ccd2f54669d61d811f0533430cafd3d5b7117edb0c0f2aaeeacd7cc616,cards/e18Pq_4f.webp,e18Pq_4f.webp,480,480,23600,ef654b35eb7200041e7b693bcd8c9cce31af4b1592954c21d708fc8b37209ccb
e48qd_4f,Adult Trainee (2021) [e48qd_4f].jpg,914bd4d1150ac5b9c2e00f56df9a192055d44e04ea20c88656c4602614b6a67c,cards/e48qd_4f.webp,e48qd_4f.webp,480,600,37698,dcbc4551a73ac6d513245a16c24e9cc72476755a1cb33ebb6db3a245585ff772
eBdY8_4f,Eve (2022) [eBdY8_4f].jpg,82eb4bb1175af7870c6a3ebb7a42d0696cfae9d56c628e1e5786d76515ecda53,cards/eBdY8_4f.webp,eBdY8_4f.webp,480,678,22624,9d91e312c5a4697a65212ebbf7b80c1cb09b73aa9d3fc87df7df859c111d9b2b
eEKrKf,Mermaid Prince (2020) [eEKrKf].jpg,522de371c02bb967c8db06bb34d0dc49e75c1bdab06e5937883bb982bad95a65,cards/eEKrKf.webp,eEKrKf.webp,480,692,33012,a974bc1456f7b9dbdb2b645a84724f0957d1c4974933d0a80dcac26773498cee
eEkppf,Mystic Pop-Up Bar (2020) [eEkppf].jpg,08dd17b38817fb40a53f1be8d56d77443d21cd2ce9cfa9349ba575868ee7d9f2,cards/eEkppf.webp,eEkppf.webp,430,613,41400,b6fce12ed4c34673fe9d7b6269a336782f18fbd3caf4491a060c4af26ef596a2
eEw3df,Memorist (2020) [eEw3df].jpg,a46fea93c74a93f5e5d121d8140e37ca256b1571d72fdca00cd28054c2270b87,cards/eEw3df.webp,eEw3df.webp,480,686,20580,00104f1012083d99408b3921cecd66cae784dbc782fe4c8737d0fa1dd98f484c
eKONq_4f,I Can See Your MBTI (2021) [eKONq_4f].jpg,4797b2b4a180f61a5075e6babacecb8d9508a0a5856c66c8097f33bf718896f7,cards/eKONq_4f.webp,eKONq_4f.webp,480,483,21942,febb0459bb7edff8e25e66725a17b80ebd512886306b27191d6b6c7d53ac51d6
eOqwE_4f,The Fabulous (2022) [eOqwE_4f].jpg,f0f4c4833ee97b48360d3b3e7f87bb2b2f969dd969b3652fab537684b8599906,cards/eOqwE_4f.webp,eOqwE_4f.webp,480,711,50984,0f99b224eaeebd826042691dfdc948e3bee29e1e7f7bdc1417d0f8fc3b14744b
eOwPK_4f,Summer Strike (2022) [eOwPK_4f].jpg,50b7054a1ca0464164997e369f0e7ed8e16598f3d5001f14c50fd6253a77cd3b,cards/eOwPK_4f.webp,eOwPK_4f.webp,480,678,35590,56b8a975a21c338c1d39b785f30ee8fd30a985b8d0e50f1d6f86b3b19984e4f3
eQrVd_4f,Next Door Witch J (2021) [eQrVd_4f].jpg,d563d37b41aca476e8d9188908b603f130916aab9094c750eed926b3f239b74b,cards/eQrVd_4f.webp,eQrVd_4f.webp,480,685,38994,bbf28523120bc5b9670344b48ed6343e8c912748f3c854a8e3bc1d698f8e96dd
eY28df,Surplus Princess (2014) [eY28df].jpg,0fa6e8dd77d35269b4bbe8098de9e8e010c53b26c449402bb35c73f142610940,cards/eY28df.webp,eY28df.webp,480,679,50618,b8e77c06db47b25309e54f9b0b09db68111974b880877318acbe43ceb3a3c667
eY3dnQ_4f,The Impossible Heir (2024) [eY3dnQ_4f].jpg,d61fca18a35678af7668bea53f4bb84a6ce9941af3151202911ebb72b9a1d195,cards/eY3dnQ_4f.webp,eY3dnQ_4f.webp,480,686,33640,f1215b14040fc509d3c1e7154982518d8af568e952ff448cc6ab0af5bf6a375a
eY8Q0Y_4f,Destined with You (2023) [eY8Q0Y_4f].jpg,feb8178955b52ed8d0dead02470911256cb2fc8c232f555f8c0381098ddb5b51,cards/eY8Q0Y_4f.webp,eY8Q0Y_4f.webp,480,688,50838,a25701e7fb2721fd52347e9fd208ea539ae12c8eaca47ebc8c6d5db7fc52fb25
eYEPPE_4f,Rugal (2020) [eYEPPE_4f].jpg,0bfac11e74aa80e3b723f52de8271c38abf45839a5f7a50733506ad225e1ae13,cards/eYEPPE_4f.webp,eYEPPE_4f.webp,480,676,36334,cffeb059d226c3b2602fb04fb5f01323c313e05f6d2a2629c9d82f4f381eee37
eYVe1Q_4f,Chief Detective 1958 (2024) [eYVe1Q_4f].jpg,457012b21c71fafb8a052bfc88dd080064cac6fada0b956a8980ecf31f3575b6,cards/eYVe1Q_4f.webp,eYVe1Q_4f.webp,480,686,44810,806727bf357c66726a063d4570c4ecafbeefd7062a7e4ddd9183303ceba2f845
eYbL8f,East of Eden (2008) [eYbL8f].jpg,1748d74353db12daf081818708886e9d9a6e0213cf4c5716a3f5cb269323b2b3,cards/eYbL8f.webp,eYbL8f.webp,449,720,40382,89f4a5d30c46f6561a63f85eb8fef7ff4b1d06f81e7077de3dc2321acdada96c
eYjqDQ_4f,Red Swan (2024) [eYjqDQ_4f].jpg,45affdbfce3d1ddc0f3ddd32546e7bef0cfb57be5bcc026d76b5500f8cb9bae5,cards/eYjqDQ_4f.webp,eYjqDQ_4f.webp,480,600,43248,d0627e5711049c962d14555343e7a5246d9e49c891b83731b4ee92b3e287c0fc
eYlLlY_4f,The Escape of the Seven_ War for Survival (2023) [eYlLlY_4f].jpg,0516aa9de92ae1163da34a3cbfcff65770ada008ee6292da17da901d970b80a8,cards/eYlLlY_4f.webp,eYlLlY_4f.webp,480,684,55580,43f8f01e51bb673175557ae6039a978ba80510e34f18f6093eb1ca96544b7c05
eYnJPQ_4f,Love Song for Illusion (2024) [eYnJPQ_4f].jpg,78c155d3322382dfd3aec4a265234cdcfd7ab61ea5f64d689973a989b17d3d9a,cards/eYnJPQ_4f.webp,eYnJPQ_4f.webp,480,686,33024,debcd522f5802cbafcdd1bd4960722ef824f3d68295915840123a511c3f011f1
eYr8ln_4f,Sisyphus_ The Myth (2021) [eYr8ln_4f].jpg,d6c6e75b6e05d99bb16bf383a8b4a29d3ab81d8626857fabd7067d3438a2f29f,cards/eYr8ln_4f.webp,eYr8ln_4f.webp,480,684,29962,ba0d3919906e4427d7dea3c561ac52e68485b5d4d4a571ac4ce7c6985803f446
eYw6QK_4f,Bump Up Business (2023) [eYw6QK_4f].jpg,d841d3f2e8552cebd49249d9bca833ca15664aa9b07348006e21935a291a752e,cards/eYw6QK_4f.webp,eYw6QK_4f.webp,480,678,20708,fc76d568b081490e7aab2868bca09ee0a0e1c1a097aed770cedc3272e86d13e8
eYzmNE_4f,Doctor Cha (2023) [eYzmNE_4f].jpg,ac85421d06e9f13fa83e77463ea2e6aaed0904c9001d6a13af38c36eb328df32,cards/eYzmNE_4f.webp,eYzmNE_4f.webp,480,683,37462,717f233fb4afbd276c79488a04c3f51c04eec9410c9b2f5c7fc2989548e12312
egd3Ef,Terius behind Me (2018) [egd3Ef].jpg,4561fb56aff3fa24f5f3b4d07654cd6a4aeacb1659d440c8ea10c0b58090a8c6,cards/egd3Ef.webp,egd3Ef.webp,480,715,29626,133d173bd4623b9b0a72de6ecc5a211445383f91f4d3a171c1ce0aa74f78a3d1
ej8ZQ_4f,Discovery of Romance (2014) [ej8ZQ_4f].jpg,e693348c49c136222d6a061f4d66bfe05949ac432f75c7d9f7abaea9a021f89d,cards/ej8ZQ_4f.webp,ej8ZQ_4f.webp,480,685,58988,a98e2df0ac11b087cf7a9bab33d4dfa068265426e5ef521f95cb2df8a4e00473
el6Rnf,Drinking Solo (2016) [el6Rnf].jpg,fa97af2642dcf147ca165f963a41d71181b2031e47f87b6853fce473067141b5,cards/el6Rnf.webp,el6Rnf.webp,411,587,21238,adc784af15540effab932986f8fb6e8c6d30eb09245f1bb369578d971770369c
elgEef,Hit the Top (2017) [elgEef].jpg,ff160fa0f4f6c4338b415e8515e33ead8a6beaf766fae4d01765e09c501124bd,cards/elgEef.webp,elgEef.webp,480,692,53874,6175e2818c7011fed07ef7d2a3c18edc124304db985a99de557f302fb79c4402
enDv8f,Everything and Nothing (2019) [enDv8f].jpg,d3cfc6dd4e4d5ec0eaefebf428f27c5eae5e76db3bfc53a0bf59bffa142b2bd4,cards/enDv8f.webp,enDv8f.webp,480,684,17540,9e83926fe1e4829b91a4a4ddf6b74a6fcd03306eaed89ffab6f33196fa8735c7
enw3ef,Partners for Justice Season 2 (2019) [enw3ef].jpg,31b567d7583ba5082852002a7debb3eb83784d22f77517e0dffc1d0109868614,cards/enw3ef.webp,enw3ef.webp,480,718,49472,0cafad3ba1419b41df8a27189eb8482bcea50655e351cb69d0d44bdd0e89ad7e
enwzqf,Perfume (2019) [enwzqf].jpg,d2c4184928799cb561b3f20e2f7c3f2017b84425a6c652d920cdf713e5503d1e,cards/enwzqf.webp,enwzqf.webp,480,720,37762,8004e1b37253434c390e48a661f04ce0e4db0bed34b55ede4029cf8b01cdd787
enylef,My Absolute Boyfriend (2019) [enylef].jpg,e99fe77f2f028ce1de807ea6810ddcb962f03dac9e0c8042f6db558063482bb6,cards/enylef.webp,enylef.webp,480,684,55252,658a8125609cb8060e783d57137143b27c7066ffa8eea1ec90de136536660afb
eoD8Wf,The King_ Eternal Monarch (2020) [eoD8Wf].jpg,fcc46d8a461f3c93e60ab44715ffef1430a81bc48edeca2079cf541dbe7fb583,cards/eoD8Wf.webp,eoD8Wf.webp,480,720,44516,996beee6fbc7b912a84bda9bc9513f3956c8011c98f30df89b8de34e97b11639
eoNQKf,IN-SEOUL (2019) [eoNQKf].jpg,0c4a7b74c17829c50d42db66114ed1c9f59dc912e07d18d428826454c30ba6a0,cards/eoNQKf.webp,eoNQKf.webp,480,662,39506,30da87b5dcbfd50deb632fd3f57a2364235d7cf945d163f382059027d566d7d4
epvZQ_4f,To My Star Season 2_ Our Untold Stories (2022) [epvZQ_4f].jpg,239211f438268ec461b8575292d09e95d02bc714ec8157eb8844fd2ba077559f,cards/epvZQ_4f.webp,epvZQ_4f.webp,480,717,48530,e76763f4bd016f9dc490ad90c5c11abf856b0d796eab9b101490c9be7195dfd2
eqv3n_4f,The Penthouse 2_ Hidden Room - An Unfinished Story (2021) [eqv3n_4f].jpg,421f75724cb3bc4559de430100ae7d8cde5d9c87a4c69013192cf6ba875cdb86,cards/eqv3n_4f.webp,eqv3n_4f.webp,369,720,15566,c6901b5358da81df98d0910acda084d2691367363c317777ee03b0a94330438e
evbZqf,The Fiery Priest (2019) [evbZqf].jpg,0b7a8e28f0996da49807b2eb0131d8bd54415a815808a200c1c765fafd7751d0,cards/evbZqf.webp,evbZqf.webp,480,717,57670,7e98a8d9f288fa0a0e1ad47e578d348715ce0e7872b3b3aaa697b7ccae2ae17f
evrxpf,Item (2019) [evrxpf].jpg,65e6185c6d1bb734e61db8f8218b44547d54b830fdccc70d31066cb940d7f7bd,cards/evrxpf.webp,evrxpf.webp,480,660,24360,a7a3cc93ebb34545ebff56d89b15dc01928d11156f9aa33a7c3cc65d390e1a00
eyxwEf,Madame Antoine (2016) [eyxwEf].jpg,88fc332cd2fc5f9613debed10aec9a51a8b78d490f4c6409d1070a7fdc1453d2,cards/eyxwEf.webp,eyxwEf.webp,480,704,63176,84011650ad482a79b984ac3ef7d7fc57b72963a30d11174a261989bc963ec92f
ez5nQf,Punch (2014) [ez5nQf].jpg,d3d9f2f2fffa414709efa8a81b30e8fd6d0a09476a29d962c722750c66286523,cards/ez5nQf.webp,ez5nQf.webp,480,680,57432,f9e12d131b7ff436e1e4e7bce9c0be480c05184ecc10314a1d446a4ad62df41f
ez5ppf,Super Daddy Yeol (2015) [ez5ppf].jpg,186c444ed52acd6dbea5d3b1260b98990cb32d07acf202cf32fda15294833765,cards/ez5ppf.webp,ez5ppf.webp,480,693,73154,26a680875f88a132d89d1d45bca6bebf690a3f9115a01852f480f57b66ce9a79
g06z6W_4f,Salon De Holmes (2025) [g06z6W_4f].jpg,552ed2c34ab8e6caadf3b530872322d1a7c2f621c0ddce1c55915373b4a9d2fd,cards/g06z6W_4f.webp,g06z6W_4f.webp,480,699,51780,73809160c277d0060effbe9a4a0ef943b554a946f4a826c65f232bb537bf4699
g0AR3P_4f,The Guy Next Door (2025) [g0AR3P_4f].jpg,5f2ff523268b4d3da9af0cb43dd4415fd31681ee0aa1cf0e3cbdf44639fe4603,cards/g0AR3P_4f.webp,g0AR3P_4f.webp,480,640,25578,df6908732813120481986445018c1c5a6905b46144fc33f4ff08bcf0c28bf7f0
g0AYoO_4f,First Lady (2025) [g0AYoO_4f].jpg,63f52e8702bfeb809112609e6e8e0b2a62a0a8b69d7ae28e6064019b5b70e577,cards/g0AYoO_4f.webp,g0AYoO_4f.webp,480,686,34716,08594c51d05c6ee7c4fe9b5c2ab8f76b26423611e2fed77851b11284aea35278
g0JEvf,Marry Him If You Dare (2013) [g0JEvf].jpg,79e9e566075fcb8e7ccd9328e74bfa8cb3d38c0126878cbcd85db7e3d1fb3fab,cards/g0JEvf.webp,g0JEvf.webp,480,706,40608,93a11e620b7a1ed277536a46ce88b069dda07adf548001ac7e8c676c662be82f
g0Lnlo_4f,Possessed Romance (2025) [g0Lnlo_4f].jpg,b53dae691e2365736137c7bc69be96f3ef4ebf98a0d886dcf68e7c709161c847,cards/g0Lnlo_4f.webp,g0Lnlo_4f.webp,480,711,47816,da3463f4187abc8759fc9c2417a43fab7ece09b22250a4425491f8c73cd2c1a2
g0NLYq_4f,Clean with Passion for Now (2018) [g0NLYq_4f].jpg,188f5371d566197110ae828706d90536691bfa4eb564a9e785998fb75dbb342f,cards/g0NLYq_4f.webp,g0NLYq_4f.webp,476,720,53432,d824b6dc95619838afc0be363b355f7f5fa6d4b11b96fb0d62d793d7c6552562
g0Q72W_4f,"Sleep Around, Still Mine (2025) [g0Q72W_4f].jpg",c42fca3902deae5b279cd05cbe16a9ab4cd2a3ad739b04a482cfe9e1414a3041,cards/g0Q72W_4f.webp,g0Q72W_4f.webp,480,640,7004,cc4b393cfac07552add81ab8e025e62fa960f9b8aa30ea918883a85484d9ce09
g0QEJo_4f,Raise Me_ (2025) [g0QEJo_4f].jpg,efa6df69232872d4ab773cc6271aeee7c2644dfb897f8a7443b8f86ac511890d,cards/g0QEJo_4f.webp,g0QEJo_4f.webp,480,640,6446,c5c98068d62fa84a9b08ec0696674143bdb0df75ba28985b0ac8e5b3ed861055
g0QJBP_4f,Living with a Chaebol Only I Can See (2025) [g0QJBP_4f].jpg,0c5fb8cee662ace5b4bea027472ad1f7a83cec64bc17f9ed0dd7bd67459ca7c8,cards/g0QJBP_4f.webp,g0QJBP_4f.webp,480,600,32854,aba1aa041ea3a4527d55b37a8fa1e5f5846463f8511326bffabbd5114d26caa4
g0QeYv_4f,Couple Scandal Season 3_ Pandora's Secret (2025) [g0QeYv_4f].jpg,86acbf8dd6f149d1a5a2282130b31178db61818dd6600d6fb2c0e607a6b6f20b,cards/g0QeYv_4f.webp,g0QeYv_4f.webp,480,676,29856,793cf280abdfba48ec574f27936ad324b1335eec0180a46c1f41d8d0656094cd
g0Rbn1_4f,Squid Game Season 3 (2025) [g0Rbn1_4f].jpg,9067eb9f3ccf3421d5f3c796ae232b6fda4235e5b0f61642bcb411687aa5d4b4,cards/g0Rbn1_4f.webp,g0Rbn1_4f.webp,480,600,44312,f082a9330ccd4f06ce89c7f4ac53410081e8b38b143b76362c529aea20f2c609
g0dxWo_4f,Sold Out on You (2026) [g0dxWo_4f].jpg,13de84fcf0c282ff9fbe958427ea396b28bcff877973c239b94ed38a49f53c4d,cards/g0dxWo_4f.webp,g0dxWo_4f.webp,480,687,106056,2931686a63465f3cebee3534692634fc59ef87474c377c5d0d63839b7700438c
g0eqq1_4f,Painter of the Night (2026) [g0eqq1_4f].jpg,78cca0d5e00ab178dc1eaa79f006cf93d5dfd5b1f996854382beff3de4be121d,cards/g0eqq1_4f.webp,g0eqq1_4f.webp,480,720,28072,7467da2a7f44a02d50a4d78506b53a0c85badaf1d9d3a7d2d3a54b4b09014b6d
g0ezwo_4f,"My Last Divorce, My First Love (2026) [g0ezwo_4f].jpg",dcfe573d48cacd7bb741bc6f837729376f1be32766590d65330020b5df01b194,cards/g0ezwo_4f.webp,g0ezwo_4f.webp,480,640,31946,f96b3e2da37f968be8317c4fb5af418c7ca301f657dedf6f0391707bd384270c
g0j61v_4f,Boysmate (2025) [g0j61v_4f].jpg,ec5711eae9305c078e0bb9066a9bbf773ab75fa205d84979709fef22b4d39b79,cards/g0j61v_4f.webp,g0j61v_4f.webp,480,680,29726,a6f84046c1ccace2f4d3012e3c02aa729d28c518e68292509b5909a1fa15f0cd
g0jVxr_4f,Filling Days (2026) [g0jVxr_4f].jpg,3a7a5dd2a38673e59e96d217414badf9a8a8202beca32d02f0b00377c4d3dd61,cards/g0jVxr_4f.webp,g0jVxr_4f.webp,406,720,30340,06ace8870b1dc1dcdea18b8520c7926df08e751b129799bd8770f6f5c81c0881
g0kQvP_4f,Thunderman Season 3 (2026) [g0kQvP_4f].jpg,c80c7e610a63c390eb258debddbdc11a734113f1a2f32382558f1279e78a5107,cards/g0kQvP_4f.webp,g0kQvP_4f.webp,480,640,37924,6797a233ea276117c5601efa9a9ff0ad126d9829e5685b208fffdc30ced58cf0
g0n4ZX_4f,Deep Secret (2026) [g0n4ZX_4f].jpg,7f3a1fd6dcf4ec0a8d8d114d5b4c2587d4f50bf10cd6660bca0b090032c6b740,cards/g0n4ZX_4f.webp,g0n4ZX_4f.webp,405,720,16062,ced1d0e5bd92b513f47a06d34f2d7c95e905ee3ad0d3e8f565a75a346e9fe8f7
g0pB81_4f,Quiet in the Office (2026) [g0pB81_4f].jpg,45cce66e4a2f8f108e0f076b967c990872f02c062ad9f35afa08a7452f4c54b8,cards/g0pB81_4f.webp,g0pB81_4f.webp,480,600,35460,811179f651cbfebbf6a41277d5ad3c6ce836517884310512c61bf7ce40a6c5b8
g0pyn1_4f,Phantom Lawyer (2026) [g0pyn1_4f].jpg,f6b95e97e26f907865114d72f67a42096b5559a4a1b077bd4ffac3dbb8bde36a,cards/g0pyn1_4f.webp,g0pyn1_4f.webp,480,687,45368,b23b9f660b0782561fd6493622e32be9c8fa061bf2e381e332bbc575d98d68b8
g0q2of,Secret Love (2014) [g0q2of].jpg,5aa2852ccc72fff46dc4bbd2ca91eeb509092f4693d40c9995188acaeada023f,cards/g0q2of.webp,g0q2of.webp,480,717,49792,aca4d5341afddf8e2bd338dbe5707badb861e462aaf523e9db30fd3ed19246ce
g0qEWf,Hi! School - Love On (2014) [g0qEWf].jpg,b635add253f14d8ffd19418ddf4a010e28f636d554ce332b7ad913b3c84dd64f,cards/g0qEWf.webp,g0qEWf.webp,471,720,40660,2e8ad9fbcd2f9de3a8621e6ab9f2fe3f6bf533641b82ad7fbbaebb699f40d2f6
g0qrAv_4f,Pump Up the Healthy Love (2025) [g0qrAv_4f].jpg,285728b35342dc56de6d643d7a3865d7d044e854165f7f4d6e254ada1900ff81,cards/g0qrAv_4f.webp,g0qrAv_4f.webp,480,707,26256,64ca906b223cd99c4649465b17ca83b6b8e5b26ef32587913791efab516f997f
g0wJEW_4f,Hyper Knife (2025) [g0wJEW_4f].jpg,0622d2b8a1aba6f606c300293881962952d0842248d09d18a2f5af5d0e8689df,cards/g0wJEW_4f.webp,g0wJEW_4f.webp,480,640,42142,d7a668fc4f0904a7ee7fd6644cda9213fa26cb26b06cc1bf8c2d5a81f7d9ea26
g0wylo_4f,Crash Landing on You (2019) [g0wylo_4f].jpg,cd6b81a6c3d128a0f2af9628fc3c8e15bfbea2366194a28aaaf966a84a579022,cards/g0wylo_4f.webp,g0wylo_4f.webp,480,686,43618,92089c7a036ac6f66209793280d699b00f045e24ef7c4d2472b239ae11c16c5b
g0zxDr_4f,Seoul Blues (2024) [g0zxDr_4f].jpg,24b9c3c9c757b7c424b4873558a8d3d0ec0006109947f167702cd8d526a16c19,cards/g0zxDr_4f.webp,g0zxDr_4f.webp,480,675,24774,b1e310e6d2af9f59a5ff428bce2b5bb67888c04ddacaf1bb24151e2c8aa8a5b2
g2Jxrf,The Hymn of Death (2018) [g2Jxrf].jpg,02c1a740ea1ffbc4ef22da2c5198972d260ba6fc6d26f7db33ff841113562822,cards/g2Jxrf.webp,g2Jxrf.webp,480,718,21396,3398c44e5c832e30231c65dcd61c20713c1b4e906959e636c16cf57172e15f0f
gOWjvf,Sweden Laundry (2014) [gOWjvf].jpg,d16d7895c87dd807eb25ec70fcb170a5b2a389e44ad372146009346e9044ff3a,cards/gOWjvf.webp,gOWjvf.webp,480,679,52314,1a7795925dfbbe1bf223d6cbb0d9e02f5012c764b2d1c2563f4444c330bfc9b9
gWerof,Part-Time Idol (2017) [gWerof].jpg,1d115c15ed4b22c42ca648c4b40b5cc4f53aa19b3548a4190bdfe7e0276405fa,cards/gWerof.webp,gWerof.webp,400,600,48428,d5ec0bbfb906d22e3712a3b8e31ba1859feec1dedfef6cc9d5159f5da0763c31
gWz4Wf,Age of Youth Season 2 (2017) [gWz4Wf].jpg,8e4c8998767f3e1a0a9dc5ab31c75fef58f9b9cafb8bf47f6ffa82e29eda744a,cards/gWz4Wf.webp,gWz4Wf.webp,480,684,67140,a6320ba023d89818e5d3fce9217df1bc8493946986a89e4dd2e85f5c58aaf7cf
j0p0df,My Father Is Strange (2017) [j0p0df].jpg,3bfcfe6b752f5268f7c1c6557394824a1d75bc5e366c68e2d5af8aa7f539f9f3,cards/j0p0df.webp,j0p0df.webp,480,686,64642,8804565e9d145d17a44f62ea969f4b17c8003470b2485a0b4685d0583dfe16a4
j1DWb_4f,Peach of Time (2021) [j1DWb_4f].jpg,962e57e6e3abe375c183b50ab3dcf57000841b692021a2563f7d283589075fee,cards/j1DWb_4f.webp,j1DWb_4f.webp,480,678,23768,90398e4c54de3275abaf43cb3b54b52ab946c4b4d1c20607375beebec17f7969
j3RBr_4f,The Mermaid Prince_ The Beginning (2020) [j3RBr_4f].jpg,103f05156c46b1501eb7b00624361d8ab34bd4ae54b4e11fabe2ad91fbc7a488,cards/j3RBr_4f.webp,j3RBr_4f.webp,480,692,40538,a49cb91e216823ab3df6376465a6a6f05c8f8126d3ccaae666e508c4d133baf6
j3olB_4f,Delayed Justice (2020) [j3olB_4f].jpg,c04bf780cb17fd20a070492ed4a967e29c4690350f7a3f2bad7b1b2643244d78,cards/j3olB_4f.webp,j3olB_4f.webp,480,707,49410,4e23298dad14a0f470d5f211ee989f3f4e8b43cfc047d09b93201847507a51e2
j5A2J_4f,Dear X Who Doesn't Love Me (2022) [j5A2J_4f].jpg,d051a3128080f7be4433683330a4a3265fdcb189984e63d023174c5016977450,cards/j5A2J_4f.webp,j5A2J_4f.webp,480,687,44006,9eaf099fba97a71c6453df94bd83df807bf048459fea9dd1a17016f9029b9557
j8EJzf,The Lies Within (2019) [j8EJzf].jpg,bacb913f760f33f1a774f71cb992e3b4e2007f951072dde0dae43c36c6d81835,cards/j8EJzf.webp,j8EJzf.webp,480,684,10148,b4bd94ebd56c1e6a7305ef0b80b109061662e728e0379ca993734f03db824e60
jAYOrf,When the Camellia Blooms (2019) [jAYOrf].jpg,5d09ba11c4a03f19b9acff8d1a1b73e45797e2b676c88cdb3804b2439a0abf2d,cards/jAYOrf.webp,jAYOrf.webp,480,686,61988,329a184291234286ba6d8ef048c9016bfd0234e5a315e04c924652849328c287
jBKb8_4f,"Friend, Our Legend (2009) [jBKb8_4f].jpg",1ff86ed8d79a13b2d74d0b48730f95ae608734ac82966a84605f16c245cda871,cards/jBKb8_4f.webp,jBKb8_4f.webp,480,715,28952,eece1114dc31f80fa2d4b56e4a6b6576ecced87f3ef1f957fa84cb20ca6e1460
jD3br_4f,My Name (2021) [jD3br_4f].jpg,5564f47b2f92bc34a323e02fc2ca77b5569cd4dafeaed7b299c557bf7fb82c79,cards/jD3br_4f.webp,jD3br_4f.webp,480,711,54530,a092ef1880c72d3c39e99e4e5a23519faada18a430ffda368a717b25e515569f
jLkdJ_4f,Cherry Blossoms after Winter (2022) [jLkdJ_4f].jpg,74082bbcf89b2380d1b961f1723c7dc24f9ec33e865ab2e4202550d8ebc26537,cards/jLkdJ_4f.webp,jLkdJ_4f.webp,480,679,34592,4bdaed52e6ed8af0978fdb3a74749cc5ed15d852e3f3bc86dea6dc1f14d07807
jOqjd_4f,Brain Works (2023) [jOqjd_4f].jpg,fb8ed886358cda48d117838622f09bc50ddf1ac068090b7132164afa5d5fbb6d,cards/jOqjd_4f.webp,jOqjd_4f.webp,480,688,59990,536691471102642f39bb46a21bad58c2ab23c57f8806a1fa9415ba9e3d4928c5
jP5Vd_4f,One Ordinary Day (2021) [jP5Vd_4f].jpg,8976e4ffbbc7b89a863e9465d5d6ce99d885b7b14d1ab25a9bc798afd5cc5025,cards/jP5Vd_4f.webp,jP5Vd_4f.webp,480,686,47262,91ec9016fc4d19ab95f541989c01944d22c641fde3349d64925c37654c464308
jQ05Vz_4f,The Uncanny Counter Season 2_ Counter Punch (2023) [jQ05Vz_4f].jpg,c7ac76641bd31e39daf0e5beac0f615e0eec3ad4098f685c6f54023f9c8a11b4,cards/jQ05Vz_4f.webp,jQ05Vz_4f.webp,480,680,53554,8f4469dea2ef567d586bba3db6ce73a33d9be9dbc605a005fe166042de5b2285
jQ2v7z_4f,Blood Free (2024) [jQ2v7z_4f].jpg,6952c0d286febe56c6924267dd8cd2604f485d32ea8d4dbc4f04998ccda64a33,cards/jQ2v7z_4f.webp,jQ2v7z_4f.webp,480,686,36792,43211f71496f6e6ec3c0e2e079b0b9846a365ccf6de563e1556f9fa56d77a5d0
jQ32OJ_4f,Pachinko Season 2 (2024) [jQ32OJ_4f].jpg,8dcf8fddd031c10f72ab23876dad40bc4c404bdd998c145e1e6eafbc18f84303,cards/jQ32OJ_4f.webp,jQ32OJ_4f.webp,480,600,29432,7dc2a84fd2f2faffe3cc4a8dc80beebd0a120ac6936951e73698d9a6b1692f89
jQ37oy_4f,The Judge from Hell (2024) [jQ37oy_4f].jpg,b8fc7fe344bee925f7d7c89b01f6b03d619b0b61ecd3b9ef12e986548d1e64ed,cards/jQ37oy_4f.webp,jQ37oy_4f.webp,480,686,49042,99b4cfa184b986333537a5d0e432493d95bfdd2400e3d888be619cb4c8f7f7ba
jQ3Nvf,Doctor Stranger (2014) [jQ3Nvf].jpg,d1b6acefd0834c1ee8d5d43467e2d5715a1ddb6142ca83393e1af1b7d53e134c,cards/jQ3Nvf.webp,jQ3Nvf.webp,480,718,52504,91981c4c1c1f8625c9aba86c50ed80a5d4a067a2c117e0279d875fcca3520f0e
jQ3eeO_4f,Jeongnyeon_ The Star Is Born (2024) [jQ3eeO_4f].jpg,bef6552260a7b61e8bb96310b91b9e0d815b606b19b67d3d43ab39958747ee93,cards/jQ3eeO_4f.webp,jQ3eeO_4f.webp,480,680,38472,3fa8b3a6fa523cb51d16484be0bb32a5cb5abc86c172fd7b16444230f7278239
jQ4Pzz_4f,Begins Youth (2024) [jQ4Pzz_4f].jpg,8e315254ade056b9b454a4294906896015b01e1c59b5c3a891163d42c748ee9f,cards/jQ4Pzz_4f.webp,jQ4Pzz_4f.webp,480,679,32194,50d76b71ef3120e3fa332da670a557222908e27f45a3ca84be17243ea385ea79
jQ60zf,Plus Nine Boys (2014) [jQ60zf].jpg,c2044a0b60af8b93242a26fda7bcfcb2ae52c460296e837da192008a650d3764,cards/jQ60zf.webp,jQ60zf.webp,480,680,54178,027524290f35352cbaa9b4b3f22642f3be5b2c614998e5835c13bd4e67fd050d
jQAvWw_4f,The Bequeathed (2024) [jQAvWw_4f].jpg,18da48fd1e30aad355a4db0a8c1881dbf976c6321db523894042701310481128,cards/jQAvWw_4f.webp,jQAvWw_4f.webp,480,711,42006,74a5c29eb601bf6489cf7c4c94dd06ce48f4eb024b72696b2036076f82c8f85c
jQJOyf,Twenty Years Old (2014) [jQJOyf].jpg,88771c0350f07fd3f1ed0564e4cabab76fe1624f8bfe57ee18f9091c5046d9a1,cards/jQJOyf.webp,jQJOyf.webp,480,697,43480,651b9ce3586a2b38ebb41caa13dba8a86960ca5f0a7eb21082069ca21b9a57c3
jQQAly_4f,Oasis (2023) [jQQAly_4f].jpg,5e994b88e809bb6d2e5716550c205f8551933146645aa20e4552fea2d240fc2d,cards/jQQAly_4f.webp,jQQAly_4f.webp,480,678,32892,aa0638bb849f8afede31f6f8c6874966db1aca84df7f2a64770f03c247d1a700
jQV45J_4f,While You Were Sleeping (2017) [jQV45J_4f].jpg,a3a13143e6796d405b44db73a72abb34a4cc6aa28027a903d7beb13f2d0240c6,cards/jQV45J_4f.webp,jQV45J_4f.webp,480,687,46846,d0af92ad15622cad13959aeb559d80621e7de8163a6b6aafee17889d600326a4
jQXjAb_4f,Boyhood (2023) [jQXjAb_4f].jpg,c07e06d1b0dcc01bd9279b0c3b585fb7831e7b361dddc7ef85fe39b1d3426143,cards/jQXjAb_4f.webp,jQXjAb_4f.webp,480,685,51744,d63c1b298cbf17fa9160b4c0aad44a3c7798e21a4f5c458ecf759538b496e1d5
jQY2zf,High Kick! The Revenge of the Short Legged (2011) [jQY2zf].jpg,c76bb514da7c46cc01af3c17b491ff4c218ce567cafcc1b2ee5881b6bfe6617a,cards/jQY2zf.webp,jQY2zf.webp,480,401,42184,e705d63e91fa85e814afaa147590c3c3a4392cc264074c3641388d7b7f5c8901
jQg7JO_4f,Romance in the House (2024) [jQg7JO_4f].jpg,a99b19f157be72e74989f1dda9a8fed4de053d1be561c2489d22511e5fb4e22c,cards/jQg7JO_4f.webp,jQg7JO_4f.webp,480,686,32160,61dc800a74c5953f207ea47ef972f65f54cab16aa13017199a31dd738b6efb0c
jQlgBf,The Virus (2013) [jQlgBf].jpg,625fa52ffa26b4b875a888b759640d3d892682a457a26d93c351b386409874dc,cards/jQlgBf.webp,jQlgBf.webp,480,686,27994,09e7e0e1c8403bfaca5360769018c677de069e7082276b88950c132e11c139c6
jQr6qb_4f,Tree of Heaven (2006) [jQr6qb_4f].jpg,c3fe96a9e8196bd292cd35dd19679c0aaa7c239a4571a39be64b7726ae91ad5f,cards/jQr6qb_4f.webp,jQr6qb_4f.webp,480,684,68272,48846a75425eb659274a439bb37653a150e6ce698a432fac22204199128473ca
jQvQgB_4f,Seoul Busters (2024) [jQvQgB_4f].jpg,6c0c9efc98797741ebfe536f55df63deee1ec52b713da25b42ceba97137ab6e6,cards/jQvQgB_4f.webp,jQvQgB_4f.webp,480,686,47664,5a5df779e8f63b6d7b06763433ff1ea8db81dc34beacc11317d2e04e1bea07b1
jQxqQz_4f,The Auditors (2024) [jQxqQz_4f].jpg,a71b6e1de99d30216ad0f0b9309bfda3c110a7d317ae32122b7e1a60d1acef40,cards/jQxqQz_4f.webp,jQxqQz_4f.webp,480,680,44316,96d59ac171601d2dc31569f995d111687a7edeedeef68fe891dbd8886f7dfa74
jRAQv_4f,Oh! My Assistant (2022) [jRAQv_4f].jpg,98846b334f715f54bf2589795107b7b735cd3eda901a41cf1747312528e044a9,cards/jRAQv_4f.webp,jRAQv_4f.webp,480,684,54136,0518dc96c5167b0b85c4159be82879dbc825485f01d8eb976c06745674678c94
jRw6r_4f,Trolley (2022) [jRw6r_4f].jpg,02ad1493fc9eda2f9a92ddd425cd4054fe258cc55b525f0ddd9828887d80ca16,cards/jRw6r_4f.webp,jRw6r_4f.webp,480,678,21208,0e1555517e3fb141cc45755200a935699241272ca6a8706b7c1463c4704238d1
jVyBbf,The Game_ Towards Zero (2020) [jVyBbf].jpg,fca8a569870fe1790dd50b4e5e58f088dced3a5d66fc58bac0c8d25127d7051b,cards/jVyBbf.webp,jVyBbf.webp,480,719,17798,257099ea39b28773380023f5598ee4bdb195b7d45a2d807e9c8f386ba27d0748
jW2Xzf,The King in Love (2017) [jW2Xzf].jpg,6ad5892960a86a8c59ba2e118b3ca1d8f1f8b00d187b0a4dfaafad027ae14376,cards/jW2Xzf.webp,jW2Xzf.webp,480,720,66360,5c10924ca4ba4ad3981e897f1bde16059df008b7ffb33774e4e1891ccfd303ed
jW6p8f,Spark (2016) [jW6p8f].jpg,d078ef16f855302ab6db1d7526a3e9148d9cf35823aa928533faf405e737b088,cards/jW6p8f.webp,jW6p8f.webp,480,660,24700,28a8194780aa12d3babb7213acf1e118cafc859725d443f66e8332f55d200cbc
jWJxbf,Moon Lovers_ Scarlet Heart Ryeo (2016) [jWJxbf].jpg,6a0b53018f5a21390c4aa7654ce543b3cb4282e4a7133d3273d695bdd1a815ef,cards/jWJxbf.webp,jWJxbf.webp,480,690,61176,7da5b67c3f438b4bc39ea24b688abf9129f840634a4469ac963419def1348285
jWZxrf,You Are My Destiny (2008) [jWZxrf].jpg,fad31ef39f166ae6d9282a9c7afd79309aed41f6508049fa88a5f9697d877466,cards/jWZxrf.webp,jWZxrf.webp,480,640,30296,8ac7ea1424cbc32a39dea6dd7267a53d83a73f4584b75ce4ec5fce08df877d7c
jWvbyf,Strongest Deliveryman (2017) [jWvbyf].jpg,24247896b700fe8bd2a349b5b6b0bb56c5a93c80420f2a9f7b3d37fe44770333,cards/jWvbyf.webp,jWvbyf.webp,480,718,41780,21b43c5244fcef537a76a4a5fcbba4e5ff037ebc8b10cf7c3024aea1e8148dc0
jXBvOf,Miss Independent Ji Eun Season 2 (2019) [jXBvOf].jpg,85d795794ff290236471e2728e7816a0f48e47c3b90ac2bfe651de06c089c984,cards/jXBvOf.webp,jXBvOf.webp,480,692,79062,7f701fbce77e9ebcc60a2a8082f39899890fa106bc2d64d769f9fe1b34407eb6
jXbgrf,Watcher (2019) [jXbgrf].jpg,01e5fef19471d77e9f55e4d294363dfdd856bddf897e5108e393dbf88e7686db,cards/jXbgrf.webp,jXbgrf.webp,480,684,20574,656c2c3d6d9cfeb0a3180031bd20e75fd0999f5bb0414d29dcbc9e6bc1d47310
jXmvbf,Doctor John (2019) [jXmvbf].jpg,a38a733bdc944eab246e4af2145d0201ced56ca177c3a11d742daeb6017aa4ec,cards/jXmvbf.webp,jXmvbf.webp,480,684,27158,991bc65e9bc8f34162d32dcc7d837f07641671f928bc1d6069250ee17171047e
jZz4J_4f,Joseon Exorcist (2021) [jZz4J_4f].jpg,ea2afce33f0a9ca77aa19f14b5502fc5848381bd97c342ec9ff5d046c0a70df4,cards/jZz4J_4f.webp,jZz4J_4f.webp,480,684,29800,3ad06962aa7064e5c95defb4d169d005298386e5036f59b55a4c7eaf2097f223
jd5jw_4f,My Liberation Notes (2022) [jd5jw_4f].jpg,54f011d9a172555379fe37ab8212698ef258679b7ce67bafbd0aedb4a934bba6,cards/jd5jw_4f.webp,jd5jw_4f.webp,480,687,41146,74f219ba91f81af8e86a44274fa5d7e68a4df715fd90d2468b76b50de854c420
jdOOb_4f,Bloody Heart (2022) [jdOOb_4f].jpg,bee6cda277551fe2e84dc62b81ecfb34f3a90025d9883594d3a4c34160e8d130,cards/jdOOb_4f.webp,jdOOb_4f.webp,480,686,27680,540bfa6d621a07cb4afdf1712858efc066746b90ed1d3c8f6d093cd04c1d9a57
jdeBJ_4f,"Bravo, My Life (2022) [jdeBJ_4f].jpg",a7dda40651fe814bbb12b2d3c818599a1cddb22d2925c119a37576ce656e582d,cards/jdeBJ_4f.webp,jdeBJ_4f.webp,480,600,40836,b111756fd170f1c5a9af5754949defdfbf45e21b5f3b0d2f4c74cd94df706231
jkqQB_4f,A Shoulder to Cry On (2023) [jkqQB_4f].jpg,f6e0254368e8ed0bd7206e264e6c9b2bcdea304ae4a319c5feab284e3d6f07d0,cards/jkqQB_4f.webp,jkqQB_4f.webp,480,684,23260,4ad812ce1469e952ba2e77e68faf98dd374adb87b0b1ebb289ad0a7612f8cad7
jkwdw_4f,May It Please the Court (2022) [jkwdw_4f].jpg,df1728120aaef0e29cad35ed0b927b589bdca3d92e3cbd48b56067dfa6d9379d,cards/jkwdw_4f.webp,jkwdw_4f.webp,480,684,47328,a545202226cd0f51452f52868a8ea26cb0cc47bb9dda1f4991eaf6201c03143f
jl6Wrf,Persona (2019) [jl6Wrf].jpg,46ce3236f6eb45e58709c1e5c278d900b0251d87741cb10e35f18b74bc17e8ef,cards/jl6Wrf.webp,jl6Wrf.webp,480,692,40772,102e9a18b04ebf2a77a6522cccab9909a5b94430bf2cbdb63f43be99e70d937e
jlBjOf,A-Teen Season 2 (2019) [jlBjOf].jpg,3237f230093200292f698a545bfc0e99a7d3c4b7cd17648ddd1feaebeafeacff,cards/jlBjOf.webp,jlBjOf.webp,480,599,41978,b220f2150ca2553185101d916a3bfc6b14009c3e7aeab14403a370bb0de72f4b
jq8KJf,The Family Is Coming (2015) [jq8KJf].jpg,89ea304387c2846ba03313eca5a0a296e279d49fce19343cc70245b06ae1dad2,cards/jq8KJf.webp,jq8KJf.webp,480,671,59804,bb860892c08fa805eab78b9c5500061fcc7f0536e59121fc6b07ff54cbb69226
jqA1wf,Misaeng_ Incomplete Life (2014) [jqA1wf].jpg,0432e69d9a5aee91b590df2822f02e61476762343ca4212555d3062923ec3811,cards/jqA1wf.webp,jqA1wf.webp,480,694,67624,e36410829f33a67993f9c16ea76f4e645f7d8aa0dcf6ad01fa1071b027d806f3
jqPyJf,Who Are You_ School 2015 (2015) [jqPyJf].jpg,11f397201c8a1933c8d1a9e75ae286d5b1bba455c269d510887dc58e16ac4327,cards/jqPyJf.webp,jqPyJf.webp,480,697,40678,7166d6b4d0b82a367b5187ffb44fca8793e943253857d2877c14be4fb9e01aa1
jqb8yf,Shine or Go Crazy (2015) [jqb8yf].jpg,b3792fab9b3bac56b5e1e795bc2dbadba4cb552a2000d0da9e6a3a5187bb9ef9,cards/jqb8yf.webp,jqb8yf.webp,480,716,55450,207ff6571c37232a3ebe7be934ea025d702f15a2caaa7f5130a044ca12c81f8f
jr3Dzf,What's Wrong with Secretary Kim (2018) [jr3Dzf].jpg,4cbaa513e32713e45fcd57f55febea2a856ae6b7410952d937e0d2f77737f511,cards/jr3Dzf.webp,jr3Dzf.webp,480,684,41212,cefe1761a5ce79e66966569edae29dbf2e01811664c21342ce7c7b3a0355791e
jrjB8f,Love after School (2017) [jrjB8f].jpg,8d65890fe8fda2ff5fa02cc0f11b2f291eff4eabc76aa75319c96321da5b1628,cards/jrjB8f.webp,jrjB8f.webp,480,600,24536,99cae553d24a64a6edd04bb3ae7371fcccb35f18990bd1388da3a3876c3b18d7
jrkDyf,Dae Jang Geum Is Watching (2018) [jrkDyf].jpg,d0dae36b1639bda82a3e0145a3e9f204b9464520094e29daad0089b80f95dc93,cards/jrkDyf.webp,jrkDyf.webp,480,684,49626,4846a5cef94887addc29a3688f1c0b5cd76f48883095f9e6d2301004a2eb5857
jvwnB_4f,Hush (2020) [jvwnB_4f].jpg,2522546119b2d4fed2b414dd2622be1d9cbf481b79634076994e75525a610fb3,cards/jvwnB_4f.webp,jvwnB_4f.webp,480,678,56208,fd2fe82e11d66adc02a7efb26267c8bca8fb83365bb2019979ff398675d1f54f
jy0Awf,The Secret Message (2015) [jy0Awf].jpg,7549b6dd5bce445bbef199e355e1683d3c9c70845d61ab260cb4ab17052efaa9,cards/jy0Awf.webp,jy0Awf.webp,480,689,39980,1b82d8d4eba26fff65fe41b73b694caa24840e0f260a2db9cc2eb1c516745631
jyQnwf,My Daughter Geum Sa Wol (2015) [jyQnwf].jpg,0416a15aeed669933f9291b922d3d064da008d36c6b7df7e4c585d694a64ac18,cards/jyQnwf.webp,jyQnwf.webp,480,716,41986,3d61414dc50c95e3e1b6860c94a7909bc5460f0e6061249297fb165fb65538a3
jyRRzf,Another Miss Oh (2016) [jyRRzf].jpg,38a578b9ee125909701828fdbd9a1df9d2a62332298655d4135dcb0e64d6c2e4,cards/jyRRzf.webp,jyRRzf.webp,480,694,55016,1b022aa0e7d4449dae19ef00f9eb79a59cea43bbfbc1c2a8288be78c33308c0d
jypPyf,Page Turner (2016) [jypPyf].jpg,25fdb26ca51ee7fca0e8805c1de26969e7202fe9ae70e85e82a4a19e58e7ac4f,cards/jypPyf.webp,jypPyf.webp,480,680,33054,e5997c8c0f6406ea97a52a56bef2928c537e4e5068b789b8bca615b014023471
k2lrO_4f,It's Beautiful Now (2022) [k2lrO_4f].jpg,8d722aca4066cb50d7d75bb65ca7d6f01f80652044ad0bb8f8eb9565e31fbc72,cards/k2lrO_4f.webp,k2lrO_4f.webp,480,685,39814,d996b936ed02d0a80033f9dd853895cf3bf8ddb5098212c1777666ad219185dd
k8W4r_4f,"From Now On, Showtime! (2022) [k8W4r_4f].jpg",e928ed2ddcc76f560b6e0ea4e1a6557550843ab0fb28b224677bdecd613f5a26,cards/k8W4r_4f.webp,k8W4r_4f.webp,480,678,56538,205ddba6818b83d9bc0ec0e853bb0170fb1ebdeb0f2d48a9491d6a9cf4ad863c
k8X1g_4f,The Killer's Shopping List (2022) [k8X1g_4f].jpg,7632d3ae85e7e061035eb8ba79a58d57ab8bc6a48c8dbb58cde12438c868db3a,cards/k8X1g_4f.webp,k8X1g_4f.webp,480,684,69444,b4cad7e1bd76e341878d2881c8cf708d5757ff18589681ede13d75369efa0d47
k8eW8_4f,Love All Play (2022) [k8eW8_4f].jpg,740c4f7a87b884033bf2b888a4dc9712f0bd4d19e1e44b007e9f3063cadc7b11,cards/k8eW8_4f.webp,k8eW8_4f.webp,480,689,43070,bdcb75b2afefadcc50660a76934da98824ef696525650d060cc9fed623058167
kAE4pk_4f,Love for Love's Sake (2024) [kAE4pk_4f].jpg,baf483d4dd3d6b87fb1233675a01b09178433f681486114b3f4fcd3be81628b4,cards/kAE4pk_4f.webp,kAE4pk_4f.webp,480,679,34760,5f0165fc365a7888aa175ade89122b6894ba9e29fd503f382b812c86ca036f49
kAJ3df,Dream High Season 2 (2012) [kAJ3df].jpg,6ae00fbe282a4adfa63ac821d940ab5f94223a5c3d619b352f381350c02f5f87,cards/kAJ3df.webp,kAJ3df.webp,480,686,44226,26748336846ebfb8793106d492650d05d08825ec700e2b9c316eac739a897eaa
kAJE8k_4f,Snap and Spark (2023) [kAJE8k_4f].jpg,b81d0c2aafc784ae868fe05e6de2928171d0e8fc21fe6cf10489008c435dddab,cards/kAJE8k_4f.webp,kAJE8k_4f.webp,480,686,41528,f79001d11c5b417b9759b9546ab68877a526e5576f4be65f4d2c0e7fc7785ca2
kAWxqr_4f,Bitter Sweet Hell (2024) [kAWxqr_4f].jpg,9e1c7e2dc176a3aed9184ae8de59e82f8e2e7369c1db884b0bf93c13d0433874,cards/kAWxqr_4f.webp,kAWxqr_4f.webp,480,678,30380,3a656ecc4064dcc7b213613f415631a01dae9b526116246eb579183fde386876
kAWyDd_4f,The Atypical Family (2024) [kAWyDd_4f].jpg,c2e64ab14f6d108196ef5a75ddbc935115a4b0232cd15c307a83fdf590aa9580,cards/kAWyDd_4f.webp,kAWyDd_4f.webp,480,686,27408,9db3dcec2ca29f3b3a0ab0870b8c8be28b0aba6f2c5496309230943c56515db9
kAXnyd_4f,A Bloody Lucky Day (2023) [kAXnyd_4f].jpg,4aa433566bee56479344ee7e2e3631cc52dd13a6bcf6d32219e4e0dcd03101c7,cards/kAXnyd_4f.webp,kAXnyd_4f.webp,480,687,26440,f5188a128885a584dda61e67410cdc8ccaf95bec7300f9b1cd2949ed9dfa4104
kAYqdf,Mimi (2014) [kAYqdf].jpg,bd0d3680b76cd8874027ccfe1e25dc74c81bc779088db48d517079287616625f,cards/kAYqdf.webp,kAYqdf.webp,459,720,31658,4886d1a90776405bb881a41c242023e8fba353f645494fd35e8c0b1ca46994e6
kAd2qb_4f,Marry Me Now_ (2018) [kAd2qb_4f].jpg,61caa2f78935dacc3ec5c5e9f820dc21c6e5e2239446628084a430a01142a1fb,cards/kAd2qb_4f.webp,kAd2qb_4f.webp,480,680,37724,0aa5e273cb37adebc50b44bf2be8648b696679b87fb361a0b77895052fc711bd
kAdzVb_4f,Dreaming of a Freaking Fairytale (2024) [kAdzVb_4f].jpg,8f3ecde92f85c53528c6aafef3a25bb17f7d574cb19f3299a9cf8f1a9fd3dec9,cards/kAdzVb_4f.webp,kAdzVb_4f.webp,480,684,60236,bb9d293d2c02ea6c815e285e9df6a67e2357fc9f62f432263a3bfb0775ded4e9
kAjErf,Temptation (2014) [kAjErf].jpg,7c8eec6091f8a3964dda8d40bdb0f8a2575818f546df4673e25a8141e9984829,cards/kAjErf.webp,kAjErf.webp,480,689,35220,544f3c8969ba03e100c78ac38c2ec47d76c36c9d3b706831fae6407d82b3d28d
kAkAZr_4f,My Dearest Part 2 (2023) [kAkAZr_4f].jpg,e5aaca62e57368212c7546fcafbb878c1786573bc992ea4934e56db77ad06873,cards/kAkAZr_4f.webp,kAkAZr_4f.webp,480,684,50832,5fa70bf8a90e099b94c69793a10b08010065412c8277864710476b188b9e3ac8
kAozJr_4f,Mask Girl (2023) [kAozJr_4f].jpg,da65a0ad190ed5c4fbb7577870aea07956d4690c13fef29dea460977544fcef5,cards/kAozJr_4f.webp,kAozJr_4f.webp,480,711,54650,5d52fb95048e81d96b11bee56dc941949ef692763250c4287f70fe3e16e183d4
kAq4Of,Bad Family (2006) [kAq4Of].jpg,9eaf5e3aa49205d9613bec0cfe3b6cb383757e7398e3aa8e47a4f6285796278a,cards/kAq4Of.webp,kAq4Of.webp,480,676,48424,9b828256936888d41745c342d6c8cdafea4dd68d4aa2777e72f2725981fbcab7
kB1nm_4f,Insider (2022) [kB1nm_4f].jpg,56140090acb380ad86c69b343b3ce8b396c639bbcffbb5e806651cfa0d1d2415,cards/kB1nm_4f.webp,kB1nm_4f.webp,480,684,45080,9c79a222242b6908ff91888cb9f0964c38ca1bc6f9943e7043f25ce8375c92b9
kE6lrf,"What's Up, Fox_ (2006) [kE6lrf].jpg",719d2471cfe46ca8abd8abfd842727baa528920d34cca52f995e0c40a52552a2,cards/kE6lrf.webp,kE6lrf.webp,250,350,13802,ac4789a3c5271e12ce920ec4204cf46be045c4d690847b230425ccbce838833f
kEJRjf,Secret Boutique (2019) [kEJRjf].jpg,ada26d373a93aa187a2242ba4f821a09591db0c31b9556415f469759deeaae23,cards/kEJRjf.webp,kEJRjf.webp,480,719,32202,1087c07958efaa7a2a1ce29a7915330dcfe99db43e702954ea28d8006dcbe1a0
kJKvkf,Golden Garden (2019) [kJKvkf].jpg,5035117eb122b50c01c14d665c673d129009cefe98cc3865384068ef460bbdbf,cards/kJKvkf.webp,kJKvkf.webp,480,676,43596,daa1f892ee449856a426317f4357070c63e105edfe2dd277ec9ab2b62ae15265
kJPlrf,When the Devil Calls Your Name (2019) [kJPlrf].jpg,a2794aa8399e26b0a5a7a8174fce7e0af2b2a46429fa0cee9f59c5baca7a8fca,cards/kJPlrf.webp,kJPlrf.webp,480,680,41618,2b82f2eebea3c6fa6370ed608a86a11115a67654e8e07f7968b1be4935e4fe2b
kKnkj_4f,Ojakgyo Brothers (2011) [kKnkj_4f].jpg,daaa3d6ac4ef0e6086abd79c04742c956419742c5ddc9282633d452b1e4c8cf0,cards/kKnkj_4f.webp,kKnkj_4f.webp,480,701,72204,be8be38f107d05b8f1fadb3dd627b99e8017aca7d651b8c3f51908f9be81c202
kL2Vr_4f,Artificial City (2021) [kL2Vr_4f].jpg,9105d2110b777f929dc8b8dae2655c75505ec93a0ac4c5dfd70432d925d955ae,cards/kL2Vr_4f.webp,kL2Vr_4f.webp,480,684,19712,2f45d42a983bc3685a880bdbf1dbbfe13ff03c7e7aa76cc24115332df0bbf3b0
kOpKmf,Itaewon Class (2020) [kOpKmf].jpg,a9a4af7dc420dc543e416cea2836dc859d5514d0c8b1046ad8a45956aa6945e8,cards/kOpKmf.webp,kOpKmf.webp,480,684,78634,d4a1cd1a149e6e876895ddbe42b27d160ca5083bf34fcc897e0c05c50654bf20
kWPbjf,Was It Love_ (2020) [kWPbjf].jpg,99835a096542d2304d6e1a43c29e98fe494fc91cf9e8c011886ef92d1067f8cb,cards/kWPbjf.webp,kWPbjf.webp,480,694,94896,0e31c0f02ef945e75dd6a5f75f7091be009c499ab9936fa8d07240d69c3d8a9b
kWPprf,Once Again (2020) [kWPprf].jpg,47e13e745254327595b571c7e7b5ca13648d866683ca92e18f47d4ac6accccf7,cards/kWPprf.webp,kWPprf.webp,480,703,78770,45211622743b66597ec3fef77984a68ea2a727c4c87ca09a8da22929a6f08dbc
kWkAgf,Yellow Boots (2012) [kWkAgf].jpg,0171c757339070de6d9d10becb6769043f274eb6b3c9309d6630f62e488da29b,cards/kWkAgf.webp,kWkAgf.webp,480,684,45996,b41f1e6534a41eec13e6f76e99e048f5462a0e108964bafa2fceb82919139271
kXL5bf,The Nokdu Flower (2019) [kXL5bf].jpg,0356c5c483654c92a7a9ed1ca9a559339c32f7a862432cd80354ebcbc8da6537,cards/kXL5bf.webp,kXL5bf.webp,480,660,66870,009fa1e4c30b7553a8f14e586a9dbf66a8f75a5fb72bdf742a5052a78d1ba33a
kY1jgf,"Romance, Talking (2020) [kY1jgf].jpg",db24008496686a3d97106f1f205a18e8a4d5a15b15b0b6c3560af87f756ccead,cards/kY1jgf.webp,kY1jgf.webp,480,679,26534,105fe3da5dc0bf671d50a5e1053e3d3e7b02a4b905a7d420fe9edad64195e4a0
kY6Wgf,365_ Repeat the Year (2020) [kY6Wgf].jpg,19207b9cc9458e6ddc02c56d7402dd075bacebf2b5a2a06cd89ca3946b55ba0b,cards/kY6Wgf.webp,kY6Wgf.webp,480,688,28704,0f295285f008ccf07e957eb73e0662f0a9b1660e24ba6fc35222de051b7e4731
kbQdr_4f,Rooftop Prince (2012) [kbQdr_4f].jpg,948b16d157f69af977c55e5ca6d4104b0e2ae7593814ea5fd6b4b81748095304,cards/kbQdr_4f.webp,kbQdr_4f.webp,480,716,51400,fa0d69166baa923d95c9626cb7ef3c2b08c6bd8f699fc6774b19288e5b427484
kdEBO_4f,Train (2020) [kdEBO_4f].jpg,a4edf975780e6c92036ab3502098de17f4035bee68713c8c71598c5003178005,cards/kdEBO_4f.webp,kdEBO_4f.webp,480,675,53870,3c6fa8e7b5542e67bb453359b2305f79815dda38af2e73e8794182b32b214457
keWV8_4f,Remarriage and Desires (2022) [keWV8_4f].jpg,d4afc696fa07e0426a27b15aab06f77967c610cc24dcfbfa20d45e5d30512a50,cards/keWV8_4f.webp,keWV8_4f.webp,480,711,38630,6fd4fa13ad845405eb002cc4c90061943a8aa41f8f22f0ea249f7288be86bcd5
kg4Ob_4f,The Interest of Love (2022) [kg4Ob_4f].jpg,25c2e3e2b8b061eaed9f2ff248442af40461da93a42194dc8fff89744709c572,cards/kg4Ob_4f.webp,kg4Ob_4f.webp,480,686,61040,3269a265d630d14abc1595f884c50dec5df6cd49109eda75de3e24fc0f6c5426
kgQJb_4f,Our Blooming Youth (2023) [kgQJb_4f].jpg,6a8f1636552f00fb7b1abd55e26bef2d9ee9d5f319dc8ad2ea70a5c4e53ffecb,cards/kgQJb_4f.webp,kgQJb_4f.webp,480,684,36276,1b02a1137f4d1e86a7cf7c799e433bb0870c1ca4e32464ccbb8b1e46cfc75f70
kgnZw_4f,Decoy_ Part 1 (2023) [kgnZw_4f].jpg,b6b9aa7f5d751e22c986a6de50097b94a3c1ec6e25ba195b8672cb34657dd3e1,cards/kgnZw_4f.webp,kgnZw_4f.webp,480,685,33080,466f13d6748d62458134113aa5e433cab561ccc68e5cd25fb92e4b0122297469
kl5N8_4f,Island (2022) [kl5N8_4f].jpg,9124d7de1b29d61630cbd7906d4c5ce89141a69356f2e967b1139f275a67b3d2,cards/kl5N8_4f.webp,kl5N8_4f.webp,480,685,57168,1bb28f303db4bf62f7caf65b63c64eb76e3f5779e99d59e4ab17b84ffa5de8b0
klARj_4f,New Love Playlist (2022) [klARj_4f].jpg,ea4b4bfe0cb86c5a0818651cc8333236b292dcbfcceb0776aafd4cf340ba52c3,cards/klARj_4f.webp,klARj_4f.webp,480,686,86156,fd500e0c2e078eb4d53bda8c392810f6ddb8560e357714629ec92d65bd08fa94
knBKv_4f,Please Tell Me So (2021) [knBKv_4f].jpg,3e46acea464050428fa3a78cbf95daad692de928d064882507acefbe982b854d,cards/knBKv_4f.webp,knBKv_4f.webp,480,711,26908,7846342d12272b3e25caa5fa9849a3d3f2a61286a01137109a9b5d1515e79dcf
kngDb_4f,Idol_ The Coup (2021) [kngDb_4f].jpg,6ab5e30dc71bcc216ef02600e6a5c6714d046dd4c685ee0e59146ac50fc9f76c,cards/kngDb_4f.webp,kngDb_4f.webp,480,683,69286,755de064d03e56628c3888b647798c1de7bf73c349ef945051bb9681f2c93e06
knvmv_4f,One the Woman (2021) [knvmv_4f].jpg,1340628cf1f1340e325809913a88b4f9b199e68a8a915926b031a0760c517877,cards/knvmv_4f.webp,knvmv_4f.webp,480,679,55408,40154e4fab349953f2be1b1222776ccfbeb7f68b526b122a167b6013cb96be80
kojx8f,Love in the Moonlight (2016) [kojx8f].jpg,912dec57557ba46d6aa34cf5dd1b9266a164d42533fffed0fcf4660576857f15,cards/kojx8f.webp,kojx8f.webp,480,681,36656,7d49b243b87f145e1aa43e5040ed5b7d47e082a07e4da4b8c05f37df5b753fe2
kok2kf,Queen for Seven Days (2017) [kok2kf].jpg,275851c08437df51811ba31eeda0c8bbb511c12c4d522e597ab7f5bdf2cbb1c6,cards/kok2kf.webp,kok2kf.webp,480,717,39306,4031920a6ab46b839e4e51500fe623a398e475553b4946fc999666f87950515a
kvA5Of,Prime Minister and I (2013) [kvA5Of].jpg,0702d576d9108b625c1899194c39ef2d2b1704a73360cbe792578462d34087d1,cards/kvA5Of.webp,kvA5Of.webp,480,686,43876,7971b49620035f98559d34643a65e52d1d1067b903bcce14c57108d5f820d707
kxDvw_4f,Lie after Lie (2020) [kxDvw_4f].jpg,5ea39396def8ed5edd19acf0c372f10e4a0a5ea00cce466babb9f1cbf83edc9a,cards/kxDvw_4f.webp,kxDvw_4f.webp,480,679,17726,95824ca3170a15ad225130f11c97ac5e28d9851c3da2877ab6d6d6ee5e76b742
kyDN8f,Missing Noir M (2015) [kyDN8f].jpg,65b6b43b137d683a742e253327b9cd37e91a5ef5a67625abe7f0a257e7c68d59,cards/kyDN8f.webp,kyDN8f.webp,480,679,37802,c699565fde85836a749b08593e1e71265762cf41385b04b4a0f3b2507fafb05e
kyWOvf,Witch Yoo Hee (2007) [kyWOvf].jpg,433c57e69118243ed898f75ba61f6d15d70b20414e63b3425e1c5c67238afea1,cards/kyWOvf.webp,kyWOvf.webp,410,594,44886,b875fec6e9e25d77e0121d87647ddedf58ea3d9bc88a3a9332becc54ae10dfdd
kyg6Of,Cheo Yong Season 2 (2015) [kyg6Of].jpg,d2a485dcb32791777046a12290d1fe043f9b98dacbba2ee5485bdde323f2d1c8,cards/kyg6Of.webp,kyg6Of.webp,480,679,32126,db32a356a3f4705cd320c11c649b7e05fd3a24ca67d34ca88814a6e236dd0c3f
l01Kbx_4f,Tastefully Yours (2025) [l01Kbx_4f].jpg,73f9249b26d3882013ef889392e01b4f785d8af215531775ff9b59fe88bb8313,cards/l01Kbx_4f.webp,l01Kbx_4f.webp,480,684,28922,f28b3d7f126f897d854d01e3db532075a22e2f2d2d56b96bb4842fe87907090b
l021kQ_4f,"Rec Off, Kiss On (2026) [l021kQ_4f].jpg",4378f5014656a5af15490edb67fa2ef59878ae622ac711affe620e42bbe46bcc,cards/l021kQ_4f.webp,l021kQ_4f.webp,405,720,22540,bfbc6806090a3b4ca4e9310da2b243cf29a0ee46f6143a1f0ec7b5e11a7ff378
l02nvx_4f,Devilish High School Girl (2025) [l02nvx_4f].jpg,52c95b31975995e672265fd0624f7dcd5362776871f9849ad4518d8fe2024825,cards/l02nvx_4f.webp,l02nvx_4f.webp,405,720,29370,c23f7d1c94890b5c3cf21875aa8ed0d936ae2fc5015012a1908342a85594e68d
l06boJ_4f,Bulk Up (2025) [l06boJ_4f].jpg,b316dd4964573123ca34f79200a0df5200bca0888d2fd1fe4bd2e258e25bf152,cards/l06boJ_4f.webp,l06boJ_4f.webp,480,706,86376,88770d1daaee82f481f7a0ef0fb45fa7555064f78486b289013743fa9f5dc5da
l0Dqz6_4f,My Dearest Nemesis (2025) [l0Dqz6_4f].jpg,8f8187b2d969aa335be4aa750d35490aa3d75c13cbdd77a5d4e655db45029732,cards/l0Dqz6_4f.webp,l0Dqz6_4f.webp,480,680,37390,d02515bcf3620ce5d515102aec83224d9d7ae59592ea2ea333383c122b7aa36f
l0K3dE_4f,Not a BL (2025) [l0K3dE_4f].jpg,5787b070f898874f4657f40e54812ecfcefe466212c736a980a1caa5158ce9e0,cards/l0K3dE_4f.webp,l0K3dE_4f.webp,405,720,16538,617b37fa4cd1eb19ddbee5e5ae4e7e9b1b895a074a5db2f7ef3274a387cc9d5f
l0KEvx_4f,Fate_ The Servant of the Night (2025) [l0KEvx_4f].jpg,4bd6f3f0fbfeaa0e3532efdda5483ea7dd1b20dc21008d8aaca673246b9ba525,cards/l0KEvx_4f.webp,l0KEvx_4f.webp,480,720,44756,3bee872898adfc4b7903a161682f6bae7864fe720115d009a0971a11a79315ea
l0KQmN_4f,Tune In (2026) [l0KQmN_4f].jpg,e03c33d9f3f0727e94d8cbd7f0177d3ac47ccee2ace1c0eb74d4abb98d0b44da,cards/l0KQmN_4f.webp,l0KQmN_4f.webp,480,640,4662,67d33d61e780a45869b9cc9bdd03aec963a8109f5dcec65d827b4bd968ceffaf
l0KW7L_4f,I Can Touch You (2026) [l0KW7L_4f].jpg,27906224a7fab9b3fd48a756ddc2bea3f58e3af9927a52690144284fb1fc48d2,cards/l0KW7L_4f.webp,l0KW7L_4f.webp,480,600,29162,71083852dd62334109850f93862665d89d2364e4ac509847eb448dfa3318be85
l0Km7b_4f,Proxy Driver (2026) [l0Km7b_4f].jpg,2e0796c86a2b2b69e74f83e7d8d9d3582caf7faa9d75508905af1171e35fb29d,cards/l0Km7b_4f.webp,l0Km7b_4f.webp,405,720,10288,5ca14ff8428ec21ee5a5d62966bb9bfa56e3705af2acf0a25cb2c0431ab78802
l0L14v_4f,My Team Leader Is Working Late Again (2025) [l0L14v_4f].jpg,e5788d99519eba05de5a0f6e15e31086746a23a64e6c4ab1e6f60423b4543f40,cards/l0L14v_4f.webp,l0L14v_4f.webp,480,646,27404,7f991e290b08e397a5ac927da6920fc9049fcf77169a1a7d2a057651bda69e87
l0L4NQ_4f,"My Boss, My Rules (2025) [l0L4NQ_4f].jpg",74333980a24e6e5107946462d259932b906abb5951329aa90cc3147868ba5ce5,cards/l0L4NQ_4f.webp,l0L4NQ_4f.webp,480,684,34194,b82bd02eecafe1010b25c13991a2e738b9de59b9898c8a82596fac4dd3912f88
l0L5xJ_4f,Typhoon Family (2025) [l0L5xJ_4f].jpg,7e618e8f96cf6f56f60aa316b42c0dc1392142078ec84afd85a7c08cb9f9c007,cards/l0L5xJ_4f.webp,l0L5xJ_4f.webp,480,680,45984,fab95b89354710e9355791f9dcf55d7902e2da5a1aef01309709737d293add1c
l0LN8e_4f,Touching Your Heartbeat (2025) [l0LN8e_4f].jpg,72b3e3962aaac0459acc3f70df8a1d7913d20938ee3715a4f22489a5c259debf,cards/l0LN8e_4f.webp,l0LN8e_4f.webp,480,639,24768,0e502378dfe6d8e1fa8b780d18adb4ee8e04cf1216b34a3b83436a917b7a5904
l0LbAN_4f,"Genie, Make a Wish (2025) [l0LbAN_4f].jpg",6c777ccbdb964dc7f1b7ff8de2c01c5d4d83fc962bbc4a2cb46410aa515b825b,cards/l0LbAN_4f.webp,l0LbAN_4f.webp,480,711,63370,46060fa33a8d7ce60e2c3e43bb4c721766427322618a6f66d85404548381a536
l0OExf,"Please Remember, Princess (2013) [l0OExf].jpg",f73cab12bf82f66787b2607560ccc3c854e25b6e25ee6b8929ed9d2148579554,cards/l0OExf.webp,l0OExf.webp,480,655,58586,4eedc67aa2f568250534331a8824d89fb8d6c3efa4f6b9d80ce7d8f29bf6961b
l0Prle_4f,Two Some Boys (2024) [l0Prle_4f].jpg,bbfa66c22b2d9355ddc208ce549a0bc77fdebf3a4132e0ee1af96607c215bab7,cards/l0Prle_4f.webp,l0Prle_4f.webp,389,692,14062,acc645552857c59ef73b249d128cf4a76909308afa372c731b254c31e47923c0
l0QLZQ_4f,"Dong Jae, the Good or the Bastard (2024) [l0QLZQ_4f].jpg",2a202f9defef085e3621bd9737a74b9d4d980bd58a61dee2abf3c5e46a534679,cards/l0QLZQ_4f.webp,l0QLZQ_4f.webp,480,680,43740,b7e8c17b937f2ca94f3834f405fe7134028662c5d51de90a1af179c2c3fa7c7c
l0QRLe_4f,Mr. Plankton (2024) [l0QRLe_4f].jpg,20277171eb5c75859852626f19dc9781a47eed0b55b4d866d53b73ab7d285633,cards/l0QRLe_4f.webp,l0QRLe_4f.webp,480,711,36752,12f5cb56ec28f4acc83e7773ef58567ec4c7bba3fa21a19365e1bda42e692762
l0XNev_4f,The Love I Don't Remember (2026) [l0XNev_4f].jpg,476e86c40194552daa911a789f47982e7facc614e00efd41769bcece0a2c56d0,cards/l0XNev_4f.webp,l0XNev_4f.webp,480,717,24554,e18b567de34e1e1df58fc06a03c6ffda6145c05395bf683968111f10c9f45792
l0XXlL_4f,My Baby Daddy Is My Best Friend (2026) [l0XXlL_4f].jpg,d951a2c31bf0d324095b6f8b9defd1112d14b2d09af638c35ecc7a64ac0beb79,cards/l0XXlL_4f.webp,l0XXlL_4f.webp,478,720,23556,9c2a67272654a79db4e36816b79be5858e46dc62b2d80f1a14d0be06f1a9138e
l0YyW4_4f,Match Play_ Re-edited Version (2025) [l0YyW4_4f].jpg,7d5170aa56dffbe208a87c55d8677ddf6132e04aab00aecf0cc13448a154b274,cards/l0YyW4_4f.webp,l0YyW4_4f.webp,480,687,27304,a5aa9e7b815d13933bca27ccbe9a40eb964116d21e18550ca33153bc05a8ef71
l0dAyN_4f,My Youth (2025) [l0dAyN_4f].jpg,3d8cd328b59dc394e9cdc0e7f4d064ec7e9b11834103f150dce1725199027e33,cards/l0dAyN_4f.webp,l0dAyN_4f.webp,478,720,37110,8a52e5af6ac2acaec6d8397de4fdf4e71789c72ae1e6d362e52e2604eede9c32
l0dZqx_4f,To the Moon (2025) [l0dZqx_4f].jpg,af9cd4e3ed00d08332d4a7407371b234b6661539c56fa9ae61a81aa250eb5500,cards/l0dZqx_4f.webp,l0dZqx_4f.webp,480,687,58798,cee3712efdb3b4241d0a06eef1daad7939760c5e72f15d774b138a3561a27258
l0ejox_4f,Adieu Solo (2026) [l0ejox_4f].jpg,f9b36ade03a48720ecc47bcd4d574fe4f3db369b996ea16437e6703fe49b3f44,cards/l0ejox_4f.webp,l0ejox_4f.webp,440,660,39702,194bf51184b4a6a3aa32acc0d159e59b1e264805cead133949d44962cb827487
l0epZE_4f,The CEO's Wife Can't Hide (2026) [l0epZE_4f].jpg,61c6e5b262082f360eeec3e1cdefc2426c5dae86fa17b530f828926fe1490bc6,cards/l0epZE_4f.webp,l0epZE_4f.webp,406,720,33724,b7be875c778387b0a1f8ce367550d989bc956ff1ee415429d06145a2bc4a2fd0
l0kBOQ_4f,Concrete Market (2025) [l0kBOQ_4f].jpg,cff70d29106bc2d51c17a79e10188ab8a9c8570b4bd8fe8248bb5258a6640ca6,cards/l0kBOQ_4f.webp,l0kBOQ_4f.webp,480,600,53482,fcc08bc0aa218b9c08737995fa388c5e0bf6e27150c66c0454790f79eae5e9e0
l0kl2J_4f,The Bedmate Game_ Sharehouse Season 2 (2025) [l0kl2J_4f].jpg,9177922b1945b1db19ae0e899cc158fabaf3cf42f9d6cac47311b5a4ca583d0c,cards/l0kl2J_4f.webp,l0kl2J_4f.webp,480,593,27570,0c3c874d656062b953d418fd468b049812a5125cc44c67ab14a27abd5c3e7e6e
l0m8bJ_4f,The WONDERfools (2026) [l0m8bJ_4f].jpg,02f0e31dc97d77f03f554d3e443191bbf726d7ac9388c055eada39a531d60ff4,cards/l0m8bJ_4f.webp,l0m8bJ_4f.webp,480,711,68500,86d8defb1a9ba778c2bc2d28994e29acbad7612cdb1add71ea856a0a73cce770
l0mb3L_4f,Look at Me (2026) [l0mb3L_4f].jpg,b1d3b4e27c95f9dca2af6f5c52497b03118d266f53835ba38577f7fd67422436,cards/l0mb3L_4f.webp,l0mb3L_4f.webp,405,720,10860,bece493c9ba071193b036821e44ffcb9f8d55718582604547a678d4db2577e50
l0nELb_4f,Logged into Your Body (2025) [l0nELb_4f].jpg,bd839eb036f7a349931a9938563dc36ccda45b268bb70033af098c935a01105f,cards/l0nELb_4f.webp,l0nELb_4f.webp,480,600,18448,c5352feaae7ae8b12f64bb06c0c3c7ed63616059c1d96021cf93130993f14f9f
l0omy4_4f,Couple Scandal Season 3 (2025) [l0omy4_4f].jpg,8c16165b82675a74007b47e401cb05bfcbd9b75b48b490ecd63b2513b0e94226,cards/l0omy4_4f.webp,l0omy4_4f.webp,176,244,3206,a7481703b7653d4450e6861838f47a23227c77a1998102f29177a239adc9aa18
l0q8xf,Mama (2014) [l0q8xf].jpg,45491f8af97e032b93c795d916fa59b92b81297d526c3983fba152adf6fad91f,cards/l0q8xf.webp,l0q8xf.webp,480,716,56694,fc27b545403d742406e8091f50d4c3d4942c7bd8691e363a5ad2aa4153632970
l0qD2e_4f,Mary Kills People (2025) [l0qD2e_4f].jpg,bff3f6b7618f3335992c6295e8780ae2ff2e1e8629fa36138318aa2ec32d7a0b,cards/l0qD2e_4f.webp,l0qD2e_4f.webp,480,678,16296,cbd3c7ee953a907db5f405a4bc5f47d0ace002f6a943000a6f03740eb5a7a8b0
l0qKq6_4f,Twelve (2025) [l0qKq6_4f].jpg,69173eb6076cd9d5a88df0b58a73c7a40765fc5f23fb089dd74cd8498002fadd,cards/l0qKq6_4f.webp,l0qKq6_4f.webp,480,686,42946,2f2f289a69827ce53f396378c63bda58f78631a601e2ab9e1310c58ddecc5f89
l0qkjE_4f,Beyond the Bar (2025) [l0qkjE_4f].jpg,a642c5636ff88a8ed12f4e0192f03c3424339ecfe773f6cebf889f25b01e2f3f,cards/l0qkjE_4f.webp,l0qkjE_4f.webp,480,686,26400,aa2e49bf7ebd40e6df7a3d01f2cc21c3ce2dbde4829d7bb659b9fe155f0763f0
l0yv4f,City Hall (2009) [l0yv4f].jpg,70ce6edd8b082969dfc03a66510af38b2174e5461e28dc4d3929017cc2d15c6b,cards/l0yv4f.webp,l0yv4f.webp,480,680,44422,2d64b81c1ac66644f418061931e67da18bc1de5c47a78886cebda3beab96c1ed
l0z2x4_4f,A Bona Fide Killer (2026) [l0z2x4_4f].jpg,92a3419fd96699d389c0f228a6e62cff5d3dd6a208722ce4aa78a413e58894f7,cards/l0z2x4_4f.webp,l0z2x4_4f.webp,478,720,31858,815738bc748347d103ee7bb13ec834f3e8ffdefceb92a85bdedfdc2da0047003
l0zX6J_4f,A Killer Recipe_ The Red (2026) [l0zX6J_4f].jpg,873f662257511052d635a54bddbfdfd8263fb4d75939622231764accd7e29dd5,cards/l0zX6J_4f.webp,l0zX6J_4f.webp,405,720,16146,d38f5aea4acc3bbbeaba50318bba98c073e400477a27a179ed55419201a9d2da
l0zq4f,Dating Agency_ Cyrano (2013) [l0zq4f].jpg,b194d8ad3ea6e8ee6e51bf51433410530f47a7b36b6aa72fabea430140bae19c,cards/l0zq4f.webp,l0zq4f.webp,480,681,60986,b9c38c9514f68e85b19e6390969b925f44641bec67cd7f092571a5d7b5707e3b
l0zwvE_4f,The Vending Machine (2026) [l0zwvE_4f].jpg,ff1ed25ff4c081eaa835648efffcff405caf17b6c194c75753366a2c05f6fc69,cards/l0zwvE_4f.webp,l0zwvE_4f.webp,480,711,40362,43f504226bf88cc46e3bbe085ce2cd0720c5dd11ac1a7eeccd323b60019e65c2
l7lYQf,Dramaworld (2016) [l7lYQf].jpg,9da5e60831b389c66f748e358ccb74700a95348294f9a3a121aea6e86e77f5b3,cards/l7lYQf.webp,l7lYQf.webp,480,654,30224,a76785a5591fd5e04da7263cddf3ee63659219ab3b4fceb4d2d5454484690b5a
l7nbQf,"Dr. Romantic_ APPENDIX, The Beginning of Everything (2017) [l7nbQf].jpg",b4216659863754c1716940db15e6a6be3b551fdb9c4555eae070d0186657b0ca,cards/l7nbQf.webp,l7nbQf.webp,480,636,11202,444c9929758e30d8af75a6c09ef46a9eb32e3ed2c378b6db97c2523f2555c11c
lB2QJf,All about My Mom (2015) [lB2QJf].jpg,3c8e36d8248e03c129e90c79ada1cd6ae86e4de7640fa4285aacd4dc5465f17b,cards/lB2QJf.webp,lB2QJf.webp,480,693,58942,6c2f71098830bc851432c8b12bf6154e5469b900bc5aca086cd467f7220a8f53
lBOo4f,Healer (2014) [lBOo4f].jpg,d933cad11360bd3da3066aecb477e4df75cd6cc7702c6672dbe9f33d2e1d0d9f,cards/lBOo4f.webp,lBOo4f.webp,480,667,53310,dc1988c151d21e30d2d60761053745309b463ed3411c90230f9fc32ee334b979
lBOpbf,Seonam Girls High School Investigators (2014) [lBOpbf].jpg,74c27c36ccf3979c1876e484ac241ea93ec84f2382b607d20d6aed2210a96c3a,cards/lBOpbf.webp,lBOpbf.webp,480,684,86216,7961e377b09b4e0bd3a39584f8fbe9c0d2842b602cca8f49a6467bf4f5cf75d1
lEKPLf,Blow Breeze (2016) [lEKPLf].jpg,0cdd42642ec5736dff61048f6bec82a23daf9a3a26380e93feb63e5c6f5255de,cards/lEKPLf.webp,lEKPLf.webp,480,716,59022,da95ba2c9290970ce53aceba52ef7199d509e31f645d95b53d10a9f292969eea
lJOevf,Just Dance (2018) [lJOevf].jpg,9459b484f56aad0f2255a1902b0645635915fcd696525ee939d1509268982b7e,cards/lJOevf.webp,lJOevf.webp,480,684,31864,7ce460e9671b46c30ad4a3125e14805347934084ab31efc4144b0af90c82d3aa
lJWQLf,Fluttering Warning (2018) [lJWQLf].jpg,3a1fdc99989dd266057fac4a8619428992fe288852ffec3a09a8f011b6e764e1,cards/lJWQLf.webp,lJWQLf.webp,480,685,44850,e65ed99804479f121c5684557fcf903cc4502be4b574f8603631b7d80230f3e4
lO65Jf,Jealousy Incarnate (2016) [lO65Jf].jpg,0bb896560a196dd32968bbc3f53fed703fa30a17be7000662ec1ac465a356b93,cards/lO65Jf.webp,lO65Jf.webp,480,690,44842,4fb18aafd51534c0623fd6cf1e03736a0136d83262ef831f9c190d326f61206c
lO75bf,The Emperor_ Owner of the Mask (2017) [lO75bf].jpg,2e5d5b4afd6424e32a8711522f3847bf5fe454ff095f3e6f0d4f620dbdd183a1,cards/lO75bf.webp,lO75bf.webp,480,680,40250,04a5b41cf839bbf7aa53fbaef8a426947ceb844e97438e87df085a53e22055af
lOL8Lf,Untouchable (2017) [lOL8Lf].jpg,59eb846fe4906e91f9cdf0e8846badbf03255f871bc4d488b77822baf16ca59c,cards/lOL8Lf.webp,lOL8Lf.webp,476,720,33788,85022556228b89062b16bae50cb7aad26c82bae23689f77a54c89a9a1ebd9817
lOdN6f,The Package (2017) [lOdN6f].jpg,f33eb8b82ba7b420c78c48ef45fc23e505826183d2a4dc281921796382f309ab,cards/lOdN6f.webp,lOdN6f.webp,480,686,51734,a9aea1f7760af51e9a5cf858f05e35147c38a8f48af87ca28e66eed41347d3a7
lWJwbf,Missing Korea (2015) [lWJwbf].jpg,ef6721186ea8cb773232324b74c02f129db0527b016a85d97646c5474adb7734,cards/lWJwbf.webp,lWJwbf.webp,480,672,71698,86ba97f82f9621dd6cadc876551033e3d73e1345a028ff5e7d5497832b642a5d
lWygef,She Is 200 Years Old (2015) [lWygef].jpg,cb393502505254eb2098f0fa0c79dd62d0d1deccc40404bbd352956e7fa879a9,cards/lWygef.webp,lWygef.webp,348,500,29186,d5b58a6a2693dd65f32fa9aafefe96c9ef8966008c5837ecb7addb93eaabf0b0
lyB7Nf,Cross (2018) [lyB7Nf].jpg,f6f013c7869e637727d66fcc67aea0199e7293ee85ec3200fdd6db60b9a60286,cards/lyB7Nf.webp,lyB7Nf.webp,480,687,24122,2f86f27b7b9507ca883d3f0a00ea2a15342ac7016c9f214a1f59037c01ecacc9
m0BoVm_4f,Dive into My Bad Rival (2026) [m0BoVm_4f].jpg,a312c3d0db2bc3d70a7a63f1519affdcc624d32b5eb21684d61d10866ce8ccee,cards/m0BoVm_4f.webp,m0BoVm_4f.webp,480,600,33116,e2a25877eff7660a229f570137b2b3fe9b126dedb7495521f5002baa0d6509df
m0L3bf,Summer Love (2015) [m0L3bf].jpg,37c08ba7d6ca70fb440b422d843f4c20306758319e5b08ce4f87ab00e19cfcff,cards/m0L3bf.webp,m0L3bf.webp,480,719,24946,d4987c39e891e87c6c85d401af57e0aea7033f65e745273e5f8b5c8788a7e19d
mO3qQf,You're All Surrounded (2014) [mO3qQf].jpg,d9f6accc22ab9252041e4c4f8653288fe1c345a4045036914dc169c4dec83711,cards/mO3qQf.webp,mO3qQf.webp,480,720,58952,9c4030de283c6e9ec6b68eb1b488ebf61d3ffdcd5f7c472d544582e74422eb89
mO4BDQ_4f,Seduce Her for Me (2026) [mO4BDQ_4f].jpg,5a6ee85948d952e614996891c708e9eab0db4f9627c3cc76da89565128fbe5e8,cards/mO4BDQ_4f.webp,mO4BDQ_4f.webp,480,720,65814,cb9d43ae22cf4e8b66dead25c17b37632a90d1fdf0af0250a8bbb8cd86940c33
mO4J2f,Kim Soo Ro (2010) [mO4J2f].jpg,d18845638f913a5b01d3cb6e0988069d4f3a99fad7f081824dbb6bd233b807e4,cards/mO4J2f.webp,mO4J2f.webp,480,684,48180,f111843bc9a2615820927e72fcca0906dc2e14a50c3686429b6833a53d41d9ad
mO4WZ3_4f,Fifties Professionals (2026) [mO4WZ3_4f].jpg,65e0b387db49eef1a407510b2f04dc29a94f0022ffd102c30965b3ea1c550070,cards/mO4WZ3_4f.webp,mO4WZ3_4f.webp,480,684,38674,d5fe97c878a20151ab5ab596510c70285a24b89f6fbc8fd24ae85b3ec3ab9a33
mO51bb_4f,Meta Love (2025) [mO51bb_4f].jpg,b6d0bd7b10c7e562e33c93bf4801200b7bda45f2f24572067e4c8743935f879c,cards/mO51bb_4f.webp,mO51bb_4f.webp,480,600,27302,8d5c25c4ee318802051f56f2dd2e876d2748df0e4993687755e9d2e7455a544d
mO6OPm_4f,I Am a Running Mate (2025) [mO6OPm_4f].jpg,17ed12b0298a7568261480da07a0fe2cc8d70dc86e753c19142339887d306806,cards/mO6OPm_4f.webp,mO6OPm_4f.webp,480,686,31852,965b7a26e6466198a5f64f815cbc13119cdcc4918e760d7a86459432ade5af7f
mOE4Eb_4f,Mercy for None (2025) [mOE4Eb_4f].jpg,f71478260e84b2b69a55d05ec4fd761f8f3036c4df9ed459b030f4aced00e1f4,cards/mOE4Eb_4f.webp,mOE4Eb_4f.webp,480,600,29062,1e2e9d9ea31da582f3665642901fba32f9be0b158b40740dcf83531983c56f4a
mOK2Aq_4f,Fix the Error! (2026) [mOK2Aq_4f].jpg,bc38510df7282f3abec2a1d774db0af6feb101ef9482e700151c82eae0696e92,cards/mOK2Aq_4f.webp,mOK2Aq_4f.webp,480,600,28368,cbd84d0a2997a0db178d54ea7015735bce63c058c95b0546b2251fdb628b82e7
mOK5bb_4f,A Genius Baby's Life Turnaround (2026) [mOK5bb_4f].jpg,9e1f74385090f9594fcb92632cc92df35fdf804b933d83003c44ff1c0ba6feef,cards/mOK5bb_4f.webp,mOK5bb_4f.webp,480,720,61788,642abdd72e009a5e4dadf5b2a154d7e9a896bdd5984ce5a697ae07ca1f3405cd
mOLlNm_4f,N.P.C (2025) [mOLlNm_4f].jpg,e83eb982b4958c0e0092e9aef243727d67c4b053613be73bece832e9a9ecea60,cards/mOLlNm_4f.webp,mOLlNm_4f.webp,480,670,15622,f71d9fe5843a1b2ece296cd298467170107b0eb83418cd2deeca1e2d6a27352d
mOQKZQ_4f,Filing for Love (2026) [mOQKZQ_4f].jpg,928f8d4130bb4ace2574bc7076a6000c22bcf72e9ba7fc2126300221b67d2648,cards/mOQKZQ_4f.webp,mOQKZQ_4f.webp,480,686,34890,0f23a41281a8055dbc79af515fc31f235c1805109dc36b1903c1f8edc9be60ee
mOXX22_4f,Namib (2024) [mOXX22_4f].jpg,266c17fd0a7bdb56ff43237790516b61b12d06329f2b2077f61eda5961906abf,cards/mOXX22_4f.webp,mOXX22_4f.webp,480,684,16770,1563ecfad1240702fe99ba0ad84718c65985f3dccc8d8fb9ce136dd9febdb1cb
mOYNB1_4f,Our Golden Days (2025) [mOYNB1_4f].jpg,f05de0776b99212c49210f30bb5b529fb95bd89a032019dcf188600371419caf,cards/mOYNB1_4f.webp,mOYNB1_4f.webp,480,686,46900,0fa44c0a6dbc458e0bb98709e03b643d1a4b8163e0a1323d3f3e21aae21154bb
mOZ0mQ_4f,The Divorce Insurance (2025) [mOZ0mQ_4f].jpg,efeeab051c592a32fbb57b56122149fecc8c07583c79e84b66a1ca35f5118eb4,cards/mOZ0mQ_4f.webp,mOZ0mQ_4f.webp,480,680,39368,f00d8ae5bb2e9c184ca5380aac50a50eb1d22e44652c46b5d01052fed3d1d6b7
mOd4NJ_4f,Jopok Appaga Ppullatda (2025) [mOd4NJ_4f].jpg,a828b0932ba809b8cb6a83be4bfc63efdf55f22fa754b777927f63ff028e274b,cards/mOd4NJ_4f.webp,mOd4NJ_4f.webp,307,390,16554,2f83e9b579a4a6e10d6339f6677b4ca9a4d6499ace581ec78ba8165d1c6c4ac1
mOnN2k_4f,Face Me (2024) [mOnN2k_4f].jpg,bb735f9c438de2790c3e9e5e6b3f08fa9e266207ca5558f42dac7b74cfb9cde3,cards/mOnN2k_4f.webp,mOnN2k_4f.webp,480,684,32594,4b498c51919e379969359799f0d87f2826b1379063a83ff575ad841449e28b9c
mOnjAk_4f,Kingdom Season 2 (2020) [mOnjAk_4f].jpg,86a4584b30539fe76620e41785966a2114ca97c35815bf688ee24c74f5a8135f,cards/mOnjAk_4f.webp,mOnjAk_4f.webp,480,711,33430,1a506a2e3d5595c3ad22df49a2d133e3eda21838cc11876d5f702cfbc0890a10
mOpzwQ_4f,Climax (2026) [mOpzwQ_4f].jpg,2ef0a2029d57186624ba2243b9dfd8ce7ee9067cfd413fc8bbfecf15c8508c94,cards/mOpzwQ_4f.webp,mOpzwQ_4f.webp,480,684,26176,2614b4664691eed5286f054bd047ced9f03d3b4abaf904790e27153a9a653497
mOqQ10_4f,Love Track_ My Father's Funeral (2025) [mOqQ10_4f].jpg,289f7335ed9e34e61a440e1e1f22c1d889977181da5f52565092dd2f4979a587,cards/mOqQ10_4f.webp,mOqQ10_4f.webp,405,720,24050,74f669c19a217999c59517e055ab10d51eeb842b290569e20fc1ba005c3f479c
mOwKm1_4f,"My Bias, My Boss (2026) [mOwKm1_4f].jpg",855768a85b54e532c412f8b35ccb45454f8d9c985940bba2ef2563ca360be315,cards/mOwKm1_4f.webp,mOwKm1_4f.webp,480,680,41646,382d212f994c7f595dd3ab879b1b2b437fdd206b6bd5c1c00c23bfd9b8fb29ea
mOwrlP_4f,"My Idol, My Debut (2026) [mOwrlP_4f].jpg",31fe1954c1106782da87c73b4e303c03d7ceebeddc64b4117bc7f961c6bb5963,cards/mOwrlP_4f.webp,mOwrlP_4f.webp,480,679,35256,76a064ae587ce77abdf1cac2e9986ff517b5409b5d4ce270eb97c805fae517c0
mOxLqf,God's Gift_ 14 Days (2014) [mOxLqf].jpg,6648cd4fcc2e0840c34b7609edac4e0db5f19b84b1b4cfee50867c4f596975f7,cards/mOxLqf.webp,mOxLqf.webp,480,720,31432,865a67e8540c09d86fc1e98f9fedf2255fa472a3e4bc64aee39bfe375270186a
mOxobf,Little Girl K (2011) [mOxobf].jpg,3469428b6df9ccffa668c370a06b29161d08f7d2a1077395377a6228bc6d9e69,cards/mOxobf.webp,mOxobf.webp,480,640,60424,7e22a31c73fba244419da2d162c7dea8152e98c58f02146c7bd2633b91704a6b
mOy41f,Personal Taste (2010) [mOy41f].jpg,77c53ff7d29c510df3c8475a0f885ab1431ef9f94065b4c7a5aadfd13b34d135,cards/mOy41f.webp,mOy41f.webp,480,720,44776,45a92d2ece1ed90600c97501fb6d299a34536f88f11805b1636deedf9018f64f
mVYm3f,Witch's Love (2018) [mVYm3f].jpg,43446d24401c56fca131c0fd60c9dcfe253fe284ed89922f518d83c094576c37,cards/mVYm3f.webp,mVYm3f.webp,480,688,52526,24bb08693eb7596565d491dcdd8f1f7df76bc868dc47dcaf607295c41412c6b9
mjgmPf,The Light in Your Eyes (2019) [mjgmPf].jpg,e7c100d4b9484c110826e5f2a625e08c5090d4c028086f382aa1171d86b841a2,cards/mjgmPf.webp,mjgmPf.webp,480,686,44240,83c6ce70f20727f9914cd778aa712dc50d8cf6eca4064a057c33607f9f76b4f9
mk62qf,Touching You (2016) [mk62qf].jpg,ebb33d2a1cac017f626e43d17eb86b86e66ea8309d51d2dd13bc802c4c9db245,cards/mk62qf.webp,mk62qf.webp,300,422,19616,cae60128a40c7bdae04bf6e988c4e55edfb75925753d6331b37320d0ed9d94a4
mojX0f,High-end Crush (2015) [mojX0f].jpg,c6d5ad8e46d1034dc63b2bd28b865a36c99257c8a4f4ab5e65fdbd1331a86e53,cards/mojX0f.webp,mojX0f.webp,479,720,40178,ee789efaa505cccf499a87395153710cee92f7c1ed6a8ef07bcacc55235cb637
n0nrQf,Solomon's Perjury (2016) [n0nrQf].jpg,b4d4eb9f7f8a6d1da81acfc8104bf1e763592149e4527bce9030b2c0ec7ba78b,cards/n0nrQf.webp,n0nrQf.webp,477,720,30728,e0d3ec77e3fa9102b23eff2578db82c333ca1cdca9afac89517ba83f13bf8046
nB8e6f,Our Gap Soon (2016) [nB8e6f].jpg,130dd377dda3064f522fa956e1545ce5d4bf6c300717c7541a49d0c7a11a24c2,cards/nB8e6f.webp,nB8e6f.webp,480,669,68610,092114ae430d98bbd0c62fea3566252507d54e4bb6bac2d3f29ce41e29e68e59
nBVyWf,Which Star Are You From_ (2006) [nBVyWf].jpg,2904e74d7c0990ef006d0cecdb4d6095b41d352d17214ff899196a2057e07e44,cards/nBVyWf.webp,nBVyWf.webp,480,672,35146,e9faf2231a5c6eec4be7c45498e24db5e16716af6b0908ff8af827e6cfb68af0
nEAWBf,Want More 19 (2018) [nEAWBf].jpg,3e86a5c9a540e1127f9ebafe2731fd93b155d9f2c675491979d08ea04dca1e06,cards/nEAWBf.webp,nEAWBf.webp,480,662,76676,b3ca33a77f4ed046a68ee092985fa9a6451b7e65783cd66cd075c2d0651a7586
nKEqWf,Mary Stayed Out All Night (2010) [nKEqWf].jpg,4b64e770898a1ee76d3d4da0c5e80f34c51d6f15b1547ac36700edebe3fb015c,cards/nKEqWf.webp,nKEqWf.webp,480,698,76714,2495d9364e57d56689fd86b27d701f229c39b1856be629afbb8ee3e11fa13aaa
nO2KqN_4f,Brewing Love (2024) [nO2KqN_4f].jpg,5a2b8d93ecf926ab05a974d76ed69f7043f112492dfbecc8e5681cabe8d51cd5,cards/nO2KqN_4f.webp,nO2KqN_4f.webp,480,686,30934,82801d620901e06b1e734a97dceda0b2f8a98a83b3ed4142f40fc35212ad68ee
nO8pjx_4f,"Honey, Guess Who’s the REAL BOSS (2026) [nO8pjx_4f].jpg",77d310eff3df7126ff6e2f119e18f76e27ccd05127b43f3bf157ba505aadb4a2,cards/nO8pjx_4f.webp,nO8pjx_4f.webp,353,530,21508,2e6d448a000fd3aa1abfd0cf650fd80f5d42b069582364a81b2f1631ece95db8
nOD1W2_4f,FC Soldout (2025) [nOD1W2_4f].jpg,927216859b83ff1dc93092b697bc5d098100d4430bd314366a18ec390c289f30,cards/nOD1W2_4f.webp,nOD1W2_4f.webp,480,720,44850,ecc9697feeebe3e6f97532b8ed9f3da80a17f44c7fe6b6f3d59da4d3b09d615d
nOJLOL_4f,You Want Some_ (2024) [nOJLOL_4f].jpg,d20617ac96eae036adfe297d5b54fe193a8d0b41c04be9a3b153b61b9b27f69e,cards/nOJLOL_4f.webp,nOJLOL_4f.webp,480,684,38848,14e2fad180ff869e9600da39f3977ff4fb1cc5ddbe18bf0e178d3ee08b8c68a9
nOJQw6_4f,Love Scout (2025) [nOJQw6_4f].jpg,23e1aac047996f3ca5ad2796b6dada2c191a53c050c72a1e46993cfcb90041b5,cards/nOJQw6_4f.webp,nOJQw6_4f.webp,480,684,32914,1baaa90fe8e8d0d5f12ff8196b1b4924be96ccd1649777572c8cb75e9892613a
nOQAQ2_4f,Deep Office Season 2 (2026) [nOQAQ2_4f].jpg,1dda68b3efc21cfe570f9a0f0723a76a7d7c9ec86f0937ca3679bd2b94e4ba58,cards/nOQAQ2_4f.webp,nOQAQ2_4f.webp,402,720,13042,b3f0dfea7ca88aba2340d342149a98dafdae1c3709e4fa60bb91bfbf43b7209b
nOQjWf,My Lovely Sam Soon (2005) [nOQjWf].jpg,b8dfb2057111cd61dc9021e476c0774eff7e6179884a36e22d8edaeefda0b1b4,cards/nOQjWf.webp,nOQjWf.webp,300,420,19772,30a4cff66fb93e6dac7da13b3ca2b9dcaf79d792ae046d1526d347a511538f11
nOQjoB_4f,Something Sweet (2025) [nOQjoB_4f].jpg,18a410f394235b7c975096e70996fd0c7ca63d43f9e95243c03833e65f4e665c,cards/nOQjoB_4f.webp,nOQjoB_4f.webp,405,720,17782,7ccbac074b3303983ec1e876586efed2b48a081f355631139f60b3c0fab15012
nOQl88_4f,Vampire Unnie (2026) [nOQl88_4f].jpg,cc21097154920212c4a732e4281e4bde9a03166aa448f9d181e26bc9f056ecff,cards/nOQl88_4f.webp,nOQl88_4f.webp,405,720,23044,d8c6e3769c6571ae6185e9c0ba7605f5dd491dcdce03ccb6277c72209dd19acc
nOQp74_4f,Love at the End of His Lie (2026) [nOQp74_4f].jpg,9803b8ae389cb97e37bfe1f88631c9873143693a79bfda9c7148c1f8889da451,cards/nOQp74_4f.webp,nOQp74_4f.webp,360,480,29906,8c8a807ef833a599dbacdbd268f2c30e3e5c460a51ad06068e522257e6cdbbbc
nOQpR8_4f,The Stolen Life_ True Heiress Returns (2026) [nOQpR8_4f].jpg,9310be19eb1e9f58f5e0469b87c74bf8db1fd6051b7b96147f451997a8a5e0a2,cards/nOQpR8_4f.webp,nOQpR8_4f.webp,405,720,32806,6df5036f720ccb5fdd0a1e16677a09122b8395f11156a54c6e9c1eefeb68a18f
nOQpRN_4f,Buying My Night_ (2026) [nOQpRN_4f].jpg,6b22ae2ae04a1423c5aba645d2a946e21d4a2b361733c56676ee1a25682066f0,cards/nOQpRN_4f.webp,nOQpRN_4f.webp,360,480,23718,a346cccce24379c80408ee27019abe60ff6026c895ebce1fe63a5ac8df8d067f
nOQyNf,Liar Game (2014) [nOQyNf].jpg,e12b2b938cf2ff6633a28f05f52a07cf0081b8b321bd35c978fbf58bc45e4958,cards/nOQyNf.webp,nOQyNf.webp,480,694,55886,237c2b36b5aa1d5f5e6470d6d70ba7c9504864887214f9658d98be37730e950a
nORKN6_4f,S Line (2025) [nORKN6_4f].jpg,bcf8d3cc70300d86897fb5eb0489365ec39dfbd64388e198afb8df2a2440e553,cards/nORKN6_4f.webp,nORKN6_4f.webp,480,685,37526,c1bd5076126191c38c380e275873d7529f80d9417eb159003affde95b98d2cc7
nOROWf,Fashion King (2012) [nOROWf].jpg,7bd1a693f982a8115a61913607ff89b8c5c38e3112a199a04bec1850384c8cfa,cards/nOROWf.webp,nOROWf.webp,467,662,23586,311627138e3bba0996463219344a652d8fa1d84a1aa8cb6e49536c406f7b88ff
nOYv5E_4f,My Troublesome Star (2025) [nOYv5E_4f].jpg,284e9df451adb658cfd6f7bf39cca06c686ecd2318bae6d7e5f61b7fc01207c6,cards/nOYv5E_4f.webp,nOYv5E_4f.webp,480,684,36176,596b97dc728e24ff2578dedf159328a977bb3f51939547862f72ac7a29f58291
nOZrd4_4f,Heavenly Ever After (2025) [nOZrd4_4f].jpg,61ac62a6d09977e7aa5bb89980998a211b45e517f61aea864934a431d6d5a51d,cards/nOZrd4_4f.webp,nOZrd4_4f.webp,480,687,15616,f496be48df3b9983e9f0219ad8d7e1f8948aa64ac4560c1b6add276e175484f7
nOe532_4f,Love in Protocol (2026) [nOe532_4f].jpg,685406b8d18e54c663c5f6a12d3498c4c5e5ebb66e53506016ffca7c99342805,cards/nOe532_4f.webp,nOe532_4f.webp,480,679,17696,2761a409331c647100d393798447e5ec442be11e054f0c0b6678117091dc98cd
nOe5zQ_4f,Wind Up (2026) [nOe5zQ_4f].jpg,ead9be0fb27568e3e2001d2027eb8ed5ccf270dafb171304b316e69f8ad918a4,cards/nOe5zQ_4f.webp,nOe5zQ_4f.webp,480,686,41714,b8441065b16b8507c3c826a9488d25ea423922e82275bdb6337abd51ce4a4364
nOeZpN_4f,Our Universe (2026) [nOeZpN_4f].jpg,aab9c9e920a0ca084fa53ded101c2d5233a3d5d6b31a10783d0c4b6319737c4c,cards/nOeZpN_4f.webp,nOeZpN_4f.webp,480,680,35174,4199e9d76aefb097ca23412e186e24e35791f883339d0312fc108a5bd320f285
nOegEf,Bad Guys (2014) [nOegEf].jpg,71a84838872f8548adccbc9cb259da14e9b711ad012200e40302d3b8a0ed14b1,cards/nOegEf.webp,nOegEf.webp,480,687,56804,8fcb84e243bfe48b7e1036edc65ae675858378c80d97086461ae80fa464b0ccb
nOgBWf,Hotel King (2014) [nOgBWf].jpg,09e3ad5732030d774faa31fc95d0703e9e30fa41a1719e8b170edafa3629a79f,cards/nOgBWf.webp,nOgBWf.webp,480,715,42846,59a115f379548b987afae22fe0abc616802a2a3ed457ff5efab471fa2700cb25
nOgV2f,Wild Chives and Soy Bean Soup_ 12 Years Reunion (2014) [nOgV2f].jpg,b897e2255a80bff4f851a436b4e4736cf7080d8d0b3825c478b5423003122818,cards/nOgV2f.webp,nOgV2f.webp,480,720,69054,7bef0c06f189692f22a0e037bc54c01306fd91a4fb61f414b1c2feef1c9d2ef0
nOjLV6_4f,Sadistic Beauty (2026) [nOjLV6_4f].jpg,cbbfe7643a2a687fc0d16b6f09c457d42fc5f34f03ba09e86abf35caf6241ecc,cards/nOjLV6_4f.webp,nOjLV6_4f.webp,479,720,53548,506e46e402e38d129009b24ae43960cd5545518afa332399d479fbd32efca8bd
nOjrEQ_4f,She Lives Upstairs (2026) [nOjrEQ_4f].jpg,dfbfee3245529a2fe56ea9eef10b7c7b313c52b95d94800c3b4d627ff0afb7a4,cards/nOjrEQ_4f.webp,nOjrEQ_4f.webp,478,720,21728,1df85f47d91a47ac5a8ba298e63cc98b3d5796caba9b625440115a658e35c785
nOkL4E_4f,Summer Crush (2025) [nOkL4E_4f].jpg,4b76459dc832b7264d3cd063eb323705a35d4e8bbf8a011c138ab146ec72129e,cards/nOkL4E_4f.webp,nOkL4E_4f.webp,480,720,88000,6c8e387d77d11b704bde8f068b50d56d701ef3211dc2146bb269bee5cd3a7301
nOkLpE_4f,Your Portrait [nOkLpE_4f].jpg,0bcc151bfbdeb1d2dd6992b9848aeecc18f4fafda8973b267eb81a8215d81ce2,cards/nOkLpE_4f.webp,nOkLpE_4f.webp,480,684,34814,a7fdf3962f9a71f9c323ed6ec00c23098cfa55cadb8f53a58d538533a9319f92
nOkOw8_4f,Connect (2025) [nOkOw8_4f].jpg,c640bf96d44f519280d01ae821feec540e25bda21f7f6378e87d89dbddf0d785,cards/nOkOw8_4f.webp,nOkOw8_4f.webp,480,270,11358,67a7f7c3d489dfadb6d85086f731f8c98ce4a9aec407b3f0b6650f5bc1605c8f
nOl8R2_4f,Love Track_ Onion Soup after Hours (2025) [nOl8R2_4f].jpg,f260d3b9475e44e8f7450afd769b5771bdd5263572b3fdc00b74517005771da0,cards/nOl8R2_4f.webp,nOl8R2_4f.webp,405,720,21280,524dcfe91e47ef329f1ac2c6329a7cfb2d73b97841f14278f5172e4d156cefeb
nOlKO2_4f,Someday of Me (2025) [nOlKO2_4f].jpg,b74d720196114d2c3e589b1849ab7ecd8df12ea411e70f03014da9986fc630dc,cards/nOlKO2_4f.webp,nOlKO2_4f.webp,480,673,20652,27c50954254dd237a6041f6aedb89c02bc2cbd870bf32c164e7e42709db4bf20
nOlLOQ_4f,"My Star, My Sky (2025) [nOlLOQ_4f].jpg",b419583498a1608926f6367541b3a30481be38908ee05618a73122fed81efe97,cards/nOlLOQ_4f.webp,nOlLOQ_4f.webp,399,720,20514,7d8aad77fd0bd5cb009e73da963ec28c1a2f8bb37ebdd8ec6f0a39dd156711f0
nOlOjE_4f,The Price of Confession (2025) [nOlOjE_4f].jpg,59509d27463cf3905624ec98b9929b224722477a614e8a4b84688aaf85119e93,cards/nOlOjE_4f.webp,nOlOjE_4f.webp,480,600,29856,32a93b32e4527ab814ec5ccb2b01bf5cc7f95e2d2fd77014461849db63bdbff6
nOlpvQ_4f,Love Track_ Love Hotel (2025) [nOlpvQ_4f].jpg,070e4c686f44cb9f06b8efe40e310dc6802d6fa10623130a3e305cc9380a3d84,cards/nOlpvQ_4f.webp,nOlpvQ_4f.webp,405,720,31612,1991a3483e888c9e134f9ffab6f77e854360c2bfda0544cf73deae0528c77b88
nOm4xf,Rosy Lovers (2014) [nOm4xf].jpg,2979da1d1cd0a1c4e238158e73bb6261f140361b7954c0eada7f5e4898d7f534,cards/nOm4xf.webp,nOm4xf.webp,480,715,72552,a73913829cea40ef51c325bf3d4d6308ae0bd2965d21de009029c2bbc24250e9
nOo7Nf,Birdie Buddy (2011) [nOo7Nf].jpg,1161e2ccac16241bba91220aae520ae8d037c2189e59e515aaf3f37beaf0bebc,cards/nOo7Nf.webp,nOo7Nf.webp,480,684,36986,26d21992b98849032631f5152412ee71afac4da41b0213734c88ae6b77b0e7bc
nOoBAQ_4f,My Husband's Secret Double Life (2026) [nOoBAQ_4f].jpg,107a52e653f9bd89e2fc26b1e3de4cbbe6ca4dfb3cae9b4d8e440228c032a1a2,cards/nOoBAQ_4f.webp,nOoBAQ_4f.webp,480,600,35822,149edb345f046b66fb5fca0bee89cbe8d3b74042f69926480d1dfc25bbb76461
nOowWE_4f,My Royal Nemesis (2026) [nOowWE_4f].jpg,edd491d4fbde0b25d507cb2639c20334795ecc27fa50ebd3932e81d584ed6586,cards/nOowWE_4f.webp,nOowWE_4f.webp,480,676,86484,ba0d47006bf0807bb239d01f53b5ccaeb0d936466f16689374bbdfacba9a87b5
nOpqxf,Best Wedding (2014) [nOpqxf].jpg,153eda70ee2a50cbce16918692d11813cbf82347061360cd7887dac40a668f41,cards/nOpqxf.webp,nOpqxf.webp,480,719,62916,3ea2d2fdf17fdc82d9fffcc45c2bf9b6c7f2a0b66f4ff94f40c803f0bbb0b2a9
nOrNNL_4f,Eccentric Romance (2024) [nOrNNL_4f].jpg,33cea6ff218799f44e68bf3727f985c7235302c670655b828d2e939c9f885de4,cards/nOrNNL_4f.webp,nOrNNL_4f.webp,480,679,25518,0d73c51463116e45e03b7418f8538a3edfbe99cdfb9192d381b606edb9347b2a
nOzye6_4f,Gold Land (2026) [nOzye6_4f].jpg,c5c2a0c8416be2e242720badc7bdb08595ccf2f576639559038a1f6ac66d92c9,cards/nOzye6_4f.webp,nOzye6_4f.webp,480,704,42000,c701ca3519486e358208aee56bb6c243fc64d2533f088404cacf5ce74144dc7c
nd2q2f,Sunny Again Tomorrow (2018) [nd2q2f].jpg,1d577416e023b1d0abe74aafba9be1cb11de848dad046db9f915f4f0dbe1afbe,cards/nd2q2f.webp,nd2q2f.webp,480,684,40028,3e022300afa5b0b6dddb379b7f3cac1e3ec14d3f6f7d39dcea7e4ee2be3b6f83
ndJw6f,Doctors (2016) [ndJw6f].jpg,de212ce96e5075608d1c75f7675cf1b44644e8df0ad8eb9460dc49b3047115e3,cards/ndJw6f.webp,ndJw6f.webp,480,684,33050,b496e54e57c3f43de6611a4f9f2021d074315f5a7c1e89187319a4bb7fb3501d
nv0kQf,Fight for My Way (2017) [nv0kQf].jpg,91e3573d70333caec92bdfaeb0d4595ddaaa69b7eca400fcd1b3fabd2bea46d3,cards/nv0kQf.webp,nv0kQf.webp,480,683,41990,40e770be205e61865356d248f5694072165a8378f8b96b19be973b0164505657
nvNBxf,Devil Inspector (2017) [nvNBxf].jpg,6102d4e43e41aff4a4bdf973e9196c62678ca5fb46d315ee025c0b2868af113f,cards/nvNBxf.webp,nvNBxf.webp,400,573,42946,7b2b0ecc552abbe4bec774ead1dea7f8417d00af5ad33629ac1aec6e2a7e4ac7
nvWK2f,Criminal Minds (2017) [nvWK2f].jpg,a886cf4d296db36260e019af50d8cf0c7c8207f48c758a3332e1d72fd9005898,cards/nvWK2f.webp,nvWK2f.webp,480,694,70264,1d336cf728cee3a1e25f4ecee1055ddd19887c06095704cd888ad9e46ea561c1
nvY4Lf,Witch's Court (2017) [nvY4Lf].jpg,cb687a5bc56e70ae98a75f2ede233298b35726cd2898c528b9318c9111faea15,cards/nvY4Lf.webp,nvY4Lf.webp,480,660,45652,82c95b17a66f7ac28a4d25aca81d0f43da2f2452e51b8626de1e6f5797845cb7
nvlr8f,Money Flower (2017) [nvlr8f].jpg,8d0b373bf02925c5e0f46b4f79821f651af99d455a4d1e6d8ef0672ec6d1b299,cards/nvlr8f.webp,nvlr8f.webp,480,660,43582,36abe92b1d67a0f390bebe0276f8898c886eb8542b06296295a03c6e9f2cc918
nvz0Ef,Black Knight_ The Man Who Guards Me (2017) [nvz0Ef].jpg,3b6b47dd5af05bc3a7bf2c94a435545aecb3da26f6265aadb62f28ae4dc4bc8f,cards/nvz0Ef.webp,nvz0Ef.webp,480,648,41264,37a6bf5045c8876d29d901ca1e9cf6e9c7bb3b9b177138ccc148e0caeb6da1f1
o7D8kf,Secret (2013) [o7D8kf].jpg,877a2825d2dd84cbdddc2dd8a082a5c72372f38685e34ad0a20e58a8bad88964,cards/o7D8kf.webp,o7D8kf.webp,480,706,62478,73a56ae35fd1224d526bbd2dec8d338855e8102b523c2065145100d5ff4c9c91
o7DVPf,Hwarang (2016) [o7DVPf].jpg,c215fa2e38abc3fb1815d20bd97f56a51fdea1bbe5c483a27d6cb5814c5f9817,cards/o7DVPf.webp,o7DVPf.webp,480,685,61794,b72c36c682de4c0cdb434c429b65a35589f8934278ebbe4f27971080968ffe70
oEW86f,Wind-Bell (2019) [oEW86f].jpg,a55fb477d4168a766e11081aca780becf27bc0694bacf286fa7bce1e5e7dd7b0,cards/oEW86f.webp,oEW86f.webp,480,715,70754,ba7e97625b02a3b6109f675213c53728e0351a77d29ac46d5a6cb8b642efa9a8
oEn06f,Radiant Office (2017) [oEn06f].jpg,9e6c7a521cb850480421b3f63444709d427dce159df3e6fa0c74d0f9b7ea489a,cards/oEn06f.webp,oEn06f.webp,480,716,61756,fbc40cc6f57c8e43f3ae3731c4f3cfa086918450a465def7159d57fc2d96c718
oQ07rv_4f,The Dream Life of Mr. Kim (2025) [oQ07rv_4f].jpg,c135e7e17fee3f3853f93feaca6dceebb490d86a703221a030048ca2f6764ec4,cards/oQ07rv_4f.webp,oQ07rv_4f.webp,480,686,37724,0c0ad7103611a8e2ba38f2db8a091c89b5990dbdb3b007259257943e17285f5a
oQ0rq6_4f,Bound Contract (2025) [oQ0rq6_4f].jpg,d95ce8222d7b61aa033a0936f206fb699893018ca5dcdd1854674ffc870b114f,cards/oQ0rq6_4f.webp,oQ0rq6_4f.webp,458,720,15590,9697313b5821e15f0561a78cb9ce93f4743647acfd1fc3a410e0c2d5a6be754c
oQ50Xz_4f,The Murky Stream (2025) [oQ50Xz_4f].jpg,efd587de72d6f0db6f130cb827fd0b76d37063595f92abe8d97610b43bcf0052,cards/oQ50Xz_4f.webp,oQ50Xz_4f.webp,480,686,61576,728e93b1fbc9dc752725e78605ecd0d9200ef45a45b6ef9cc61c7ac0371beb7d
oQ5R4z_4f,My Secret Vampire (2025) [oQ5R4z_4f].jpg,8c2c40bc78d0bc9a98c8c87707db2e34422d25f426e66951df7d354aec991db0,cards/oQ5R4z_4f.webp,oQ5R4z_4f.webp,480,684,52826,4fcb8571f4ca0a45e2ddd980d56f2987b3fadd71c300d1d891992f9b53ad76e2
oQ6DJY_4f,Fresh Romance (2025) [oQ6DJY_4f].jpg,60e3a448aaf11885a8573ffce532b0737546ffca22ce3120d2178a164fcacd22,cards/oQ6DJY_4f.webp,oQ6DJY_4f.webp,480,702,29596,6c54725866cad11f38eb6b14c13c55e27443cba494cb9c787adb52ac43028a3e
oQA8wL_4f,"Four Hands, Two Sonatas (2026) [oQA8wL_4f].jpg",30556a058290154d6854ef7a62e111308f76baec2da4e6bf9477a8c69d093d5f,cards/oQA8wL_4f.webp,oQA8wL_4f.webp,480,680,16902,fa63a769ed3401bf672993463f50b0a27364c5374af2b9f7e9056cec9f6637b6
oQAL0z_4f,When Time Unlocks Love (2026) [oQAL0z_4f].jpg,d2a112f4b8b42f565ee822a8c06a39b8e0ae99dec6cd78da6b165c997eb7e52e,cards/oQAL0z_4f.webp,oQAL0z_4f.webp,360,480,27940,807d6efc4a7af14af32a1ef646fe6f223dd339000cc4d7f37f363338ecfabcee
oQARXN_4f,A Trap Called Desire (2026) [oQARXN_4f].jpg,cb53d2dbd95ca00bf997c22d22a49e02f2dc62b1cae21f1ec9ca4dd912adf050,cards/oQARXN_4f.webp,oQARXN_4f.webp,480,685,32404,893dabc496b0e8fd6c943721500c8653cde3c5634b85c48b1588365a97adab05
oQNqgE_4f,The Art of Negotiation (2025) [oQNqgE_4f].jpg,bea41e65e29bc98557329975f1b83a732e830144139175f615d959ca482d97b7,cards/oQNqgE_4f.webp,oQNqgE_4f.webp,480,678,19940,110030ecb1eeb66eea2db0c44fd146ba8290adb3ef606c45ec39956a20995df2
oQR8WY_4f,Prince Barber Shop (2025) [oQR8WY_4f].jpg,3b3f208357bf4fbdd46d53b089b13e58b270b5b35795cfa63bcf468b5f2fcc84,cards/oQR8WY_4f.webp,oQR8WY_4f.webp,480,640,44332,7464a46880cff66d55010118ec6024ace30c1bc395d510bc0455d178e2188f98
oQROQL_4f,I'll Repay Infidelity with Infidelity (2025) [oQROQL_4f].jpg,20720f066b2d96b1d1cad1b63c25be2648050e6d6b6d3a1051c4756b987bdec3,cards/oQROQL_4f.webp,oQROQL_4f.webp,480,679,27054,2aa11303ca9714534748b40c2ff23cee82a452834756a4d59494c5a6ccad99d8
oQXAnO_4f,Something More than Brothers (2025) [oQXAnO_4f].jpg,40e60f2b939705217ee75a5a38be53e04b5861dbe2896a2443cce18b8a3a4409,cards/oQXAnO_4f.webp,oQXAnO_4f.webp,480,684,28034,cc2229903630b920e7bba8595be081c61b1596dd77b4918c8a092c4e0ef172ef
oQXWnx_4f,Love Me (2025) [oQXWnx_4f].jpg,7f71deabfbe180b765def2ff6ee4b85335eb469ae2a18318c689c984967b6e3c,cards/oQXWnx_4f.webp,oQXWnx_4f.webp,480,687,40684,8a4e93635e5b3e00156a006e886c698efb51f726e9957e72dc776dd5b9b28075
oQXXpY_4f,Cheongnyeon Kim Dae Geon (2025) [oQXXpY_4f].jpg,0eb122ee76679823f6663bcb7f489a90bbbee7231a6dbea8994d87d0f101062b,cards/oQXXpY_4f.webp,oQXXpY_4f.webp,480,687,31148,a98f42fedb409ffb54d190ca511d1be5a429521d83e3eba95dacc9bcc2ee1582
oQXbnN_4f,tvN O'PENing_ The Lake of that Day (2025) [oQXbnN_4f].jpg,2645a4f1c4a0814a8563f5ab0621dc8c11add327ef695c0681b52dc734dd4c72,cards/oQXbnN_4f.webp,oQXbnN_4f.webp,480,680,30412,106e0c8a99b331c06ef9452ce360d7c58fbb98eeeb580dce9992fc75097b5bc4
oQXq66_4f,The Judge Returns (2026) [oQXq66_4f].jpg,80e155bff1497648c725cbe49b80fd8e6df16e6d94c60a7af34ce9887035262f,cards/oQXq66_4f.webp,oQXq66_4f.webp,480,684,23286,82a03267b65235994ea89638e3840d544292f8e8074cfff1186f0453f021d230
oQYpKY_4f,Light Shop (2024) [oQYpKY_4f].jpg,1f01cd9ce242c5176cd326dd5e4a29d52fe30ac87d43f21b0ddd668ae9b0714f,cards/oQYpKY_4f.webp,oQYpKY_4f.webp,480,686,50876,15d967c7de65e5bd5af1ff91a703c7a68c6bd388b618c54b19f63d28b82714a1
oQl5QL_4f,tvN O'PENing_ Surgical Road Trip (2025) [oQl5QL_4f].jpg,c8579720daa33a27835799e788acddcbf060b93d425fb8b7fbe1a2e320188934,cards/oQl5QL_4f.webp,oQl5QL_4f.webp,480,679,33854,960703dbb11b101b72cced379e7d5e3f97b34373fe5058a78ecbc039b73f2aea
oQlKxf,My Secret Hotel (2014) [oQlKxf].jpg,742849060ad6673eab3bf868d99cf1639211867fb8b893915bcad310e832ee8a,cards/oQlKxf.webp,oQlKxf.webp,480,680,71110,f0d0f80d15f5b700ac3507d5d84581f10595d0af0c41f66a781a849d8e542f73
oQoNNf,Cunning Single Lady (2014) [oQoNNf].jpg,c211f053af050f212d536a34cf708bc2b934a14c8d2265bc2548349dd267983c,cards/oQoNNf.webp,oQoNNf.webp,480,716,48124,33405000c28942ffd8846735114dc1ab8799402fe52a9a46f7b56e666971923b
oQoevf,Her Lovely Heels (2014) [oQoevf].jpg,27c80ad1d782eb9db7e2a16cdcad5d825f629b10abc9328b268bc31ca9bc0d07,cards/oQoevf.webp,oQoevf.webp,480,720,41340,15eb16747f601c2e680ae1740942b849bc27689e2306aac3887bbd2c9cf3c978
oQp0O6_4f,The Return of Lost Heiress (2026) [oQp0O6_4f].jpg,417b200bfdda3621a5753bee9cbf4e16df075be9e9d04606668c8e9ebb92c796,cards/oQp0O6_4f.webp,oQp0O6_4f.webp,480,600,38044,26265e5415d191f53fef2dc6212961ee5ef6a6fce7c8e4baac9e9bd608145f11
oQr0BY_4f,My Ex-husband Is 18 (2025) [oQr0BY_4f].jpg,6f18bf136b8bbc6f98f839d23f7af4ed981824c9088318e771ac1824b544c0c3,cards/oQr0BY_4f.webp,oQr0BY_4f.webp,405,720,39432,c70cddcc4cdd1abb83b9173753ec47afd14b9860a752f4208357958991a8541d
oQrxpN_4f,D-100_ Marry My Ex to My Bestie (2026) [oQrxpN_4f].jpg,dd01dff9e49cfd7fb3c5577528da8b81180fb81aadc487a9cdc2e5605c877314,cards/oQrxpN_4f.webp,oQrxpN_4f.webp,480,684,29250,1add8fb3c933200e404151448c12c0e98be35b8c88df9f3d78516c05e883dcd5
oQvmxf,Only You (2005) [oQvmxf].jpg,990a26e59576f61e99c9169386fb397b0f760a89cc1f6dd3e2cd3cfa50a183a4,cards/oQvmxf.webp,oQvmxf.webp,480,706,52944,4c32c1d9001dbd8e63633eab1ddc4c40e11dcd86daa7ea83948af662abe84f81
oQyw6f,Love Marriage (2008) [oQyw6f].jpg,7fbf8cfecf052fd23c6423fa522747309d38875e62e2dbc831a792bbfc360845,cards/oQyw6f.webp,oQyw6f.webp,480,586,34700,001bcd0b3a371395d2364c4f1a1938a13869aa3359ffa50d9c471c0acf87d9f5
oQzRO6_4f,Agent Kim Reactivated (2026) [oQzRO6_4f].jpg,01181fdb29877dfd43aaeb2419d9c7de408c5046d4a4fd57f174b8fb122264cd,cards/oQzRO6_4f.webp,oQzRO6_4f.webp,480,685,50824,c07fb081b4b4ff8e40c5423ad8873bb8ec753eff461ea7826313e7c05eff669f
oQzv6k_4f,Teach You a Lesson (2026) [oQzv6k_4f].jpg,36c8a4364bc3307cd1b27f789bb11d8210828e601bd1ea3e42f53aef323b902a,cards/oQzv6k_4f.webp,oQzv6k_4f.webp,480,711,49784,18af57926a98273004a9fed6aed0d4a64fd6939c5c18d501f0ad7b14f0b8273e
oV54xf,Meloholic (2017) [oV54xf].jpg,27ac04084eaeeaae34050934c5ca782b90f35207dc2e5813b888e5f4031613c0,cards/oV54xf.webp,oV54xf.webp,480,687,45268,d8f9a00b6f174422f0c1a2a60f3aaba60d15329895cbabc66e3982ba36c67ec2
oVkQNf,Judge vs. Judge (2017) [oVkQNf].jpg,b079a00e172fa8d64e71775ff0c211aa6361c990e233f8bfdc2ff140da872afd,cards/oVkQNf.webp,oVkQNf.webp,480,680,33652,6d833099767f4193b84601fdeeb4ca30dd611914fd058e909a51b6dc4a206465
od3oOf,The Undateables (2018) [od3oOf].jpg,bb4e71e0e6f57dfac05ddc3788d9059ce71f48c7a495365cba4e167772c3f228,cards/od3oOf.webp,od3oOf.webp,480,688,34984,d104029d9b317f174ee803fed24280f7884b9b8872b412767e0b3a0b4807ec16
odDLxf,Your House Helper (2018) [odDLxf].jpg,9c3cfb7d0ba8d4f990acc1bed1cb7296df778e8a0f409b6833f7bbf2351d5799,cards/odDLxf.webp,odDLxf.webp,480,686,29932,d9e9989ce30fe33ec414e16428f6aa36177eefc58b6dc353c0ab3013307ec3de
onZmvf,Flower of the Queen (2015) [onZmvf].jpg,4ae03b63a62763001e0a8b5caa241bf3275ddb2a0bee32a0aba436a1bd89d415,cards/onZmvf.webp,onZmvf.webp,480,716,40396,0435a765f5c157a63118abffe0dd75148d54d9dbbd31e51669c141a3cd813967
ovpmvf,Fantastic (2016) [ovpmvf].jpg,47a29424149bbcd7be0ea13e7594aec8afa1ba27c14e4df034a12422dfa8f24b,cards/ovpmvf.webp,ovpmvf.webp,480,717,32828,4be9362d3b145d5ae95963e4922edd57e57ecf945294d5d72c154caadeddfa39
p0yXrf,100 Days My Prince (2018) [p0yXrf].jpg,246c451837eb2e8421799b2766f63c6a4324c3d2524a80705cc0620bfbee9bbf,cards/p0yXrf.webp,p0yXrf.webp,480,685,63560,14773644d95f159f3e5b67e7ecdc87a5ed2c26f5e92ce0f474b3a48f01688c3b
p2j0nf,"Kill Me, Heal Me (2015) [p2j0nf].jpg",3781dc62854ae75807580f85fa5985c05bc86bbb4555dc21fb563fb171207735,cards/p2j0nf.webp,p2j0nf.webp,480,716,29292,316ecc42cb8487edcd057061bdb339fbf4696b76c26676c1e03b978350117c9e
p2rbEf,You Who Came from the Stars_ Epilogue (2014) [p2rbEf].jpg,95443cae9af1598c2bcf03cc9d26e82384e2dd01d8a03a6518db24b98c9f6628,cards/p2rbEf.webp,p2rbEf.webp,300,422,17176,39c399630646d88d147838ed05b915e4bdaf7f2bbf06d30636e6dd4655ce45e5
p2zoQf,Ho Goo's Love (2015) [p2zoQf].jpg,a77da3bcd240c5742051bf3d0bd594e4db445c06be56aa4b8ea449ead8ca8ff1,cards/p2zoQf.webp,p2zoQf.webp,480,694,37412,aa88b54ce2ed64c25c07b73b890bd3899a286ed076ebb7e174d08f68d7f97138
p4Kl8f,True Ending (2019) [p4Kl8f].jpg,45d0fd4557c502d2f98874405c4281dd5aa94f3c3851a3729c97eed8624277ea,cards/p4Kl8f.webp,p4Kl8f.webp,480,677,39600,9d271f306bb09608b22c6ad7a4fb41c3e89f13618ebb345a2a3df96b3fa619a1
p4PDef,A Piece of Your Mind (2020) [p4PDef].jpg,18db2c69bbc4b06c4996291b1e19541fa14be0d73b0c464ef401a435bcb96a3b,cards/p4PDef.webp,p4PDef.webp,430,608,19206,4a79686d61ca60d11c8a3f4ae3c891e077aa84e4df4e0e700d302c43989903fa
p5xRQ_4f,House of Lies (2022) [p5xRQ_4f].jpg,f2f9a2ff9428e6086f2134219dbf445f2271c5c9bb07fb6187b277b0c53c1158,cards/p5xRQ_4f.webp,p5xRQ_4f.webp,480,600,18152,c938270e8661204e102ebe0247336e9d881962fe090079d292f5247c8a7014ae
p65gE_4f,The Road_ The Tragedy of One (2021) [p65gE_4f].jpg,1f3bd31bf4f1301c0261ef1c4e71ce423ea500aabdfcb5a10699aabc980155ee,cards/p65gE_4f.webp,p65gE_4f.webp,480,684,26454,d16c1f161c1c6efd4cba760533314d13c98ffee462578d23c5b5223968abf4b3
p6pwy_4f,Reflection of You (2021) [p6pwy_4f].jpg,e648ad27261abea3b6cc15f27c05293929961ed173df134dc47de30ee8680b02,cards/p6pwy_4f.webp,p6pwy_4f.webp,480,697,19364,3bcaa36b495f847634355cb0ea6bdb458c3fb54c91e6e1546ed79bed1d62e40f
p84Jef,Chocolate (2019) [p84Jef].jpg,a964b1ef5d92f053578a83275e4f0d0a60cb47126ebcb75513a11fbe8ec59fa2,cards/p84Jef.webp,p84Jef.webp,480,685,16696,e2224029ec68b605df40f1c47015877eb6599df941e3b3c09f20f2177cfd4552
p8woVf,Drama Stage Season 3_ Everyone Is There (2020) [p8woVf].jpg,00408e49bc193409fef34d50f5a4298e24da0db8b9e25eca04f2f18c70c79f5f,cards/p8woVf.webp,p8woVf.webp,480,684,27492,677d1707f9e521ec2e82d72c90c7c19918356dbe8e1023b2ecff3a9a4601131d
pA3w8_4f,To My Star (2021) [pA3w8_4f].jpg,6ad0f88aa37b04281e413024ad8c7fd42cf622a144290afd09f837d811f78f15,cards/pA3w8_4f.webp,pA3w8_4f.webp,480,640,14292,374fd6f6fc0af94af9040188e8acb4199c74af3c7f4f53ff8b1fef3f0babb287
pBXgyf,My Little Baby (2016) [pBXgyf].jpg,22ea42b7c418ae570d937efd1d075da770beca9119b1289a22ccd6dfa829a29f,cards/pBXgyf.webp,pBXgyf.webp,480,716,50968,721932523df8cab3ca6a8adb176273d8f2e1f26b44d9be255796019ad3c3a27a
pEK1y_4f,Agency (2023) [pEK1y_4f].jpg,ef22cd46ba37c4ab4015b25704f8df807a4fd3aa057afff8316bc723592985be,cards/pEK1y_4f.webp,pEK1y_4f.webp,480,686,20212,b8b61eb6effcdc71abd8cbb81eefb1a6476494070baf456735098c676fc19de1
pLJ8E_4f,School 2021 (2021) [pLJ8E_4f].jpg,615644ac6629e61a06c7d4400ed9435d657856c03cae8d42b051832d1471551c,cards/pLJ8E_4f.webp,pLJ8E_4f.webp,480,684,41436,47e229b46211c5fb6faf4371fb2152d77ffa8aebe6d9ff5b08f6e1edcee7f8dc
pNEYn_4f,Love ft. Marriage and Divorce Season 2 (2021) [pNEYn_4f].jpg,02be2e2a23c11e94d93d655873b6d1c369a6980e95b29f35267e41085869a29d,cards/pNEYn_4f.webp,pNEYn_4f.webp,480,678,43856,31b5e1410158c2086f28e6247c1daca7ae66a22b2725196b8caf6935da5c08b3
pWVlnf,Touch Your Heart (2019) [pWVlnf].jpg,f9a708fe53ea4a73186177fbb4b1f1beea79cd64d6b521772cc102481ec99246,cards/pWVlnf.webp,pWVlnf.webp,480,685,34714,ff065f3a2a9e456311c98cf92a9929d788162a5a8ff4cc505d018dc913a74283
pWmJBf,The Best Ending (2019) [pWmJBf].jpg,e6f63d34e2323c687b92a0f14a0e29df2b75ce6d3ce35d27e06fa12b5141f126,cards/pWmJBf.webp,pWmJBf.webp,480,662,49450,e54d14bdf4fec7b5ea2b9126622341e07fd80a7e163c583523419fc53f0af46c
pXZAD_4f,The Raincoat Killer_ Chasing a Predator in Korea (2021) [pXZAD_4f].jpg,6569f4fd8685f8bc018b99406ce1340e54a26ababff2eeb5ff179df78dde5f1b,cards/pXZAD_4f.webp,pXZAD_4f.webp,480,695,61386,61c51e08ca291d1cea474ea9ceef8075a8c165be117ef19a8f22ab0a88c06f34
pd3QJr_4f,My Damn Business (2024) [pd3QJr_4f].jpg,39ebdddd10a7dbf28fcabb633fdd1e03a673a9f30c17f872ab7f00844c0508c9,cards/pd3QJr_4f.webp,pd3QJr_4f.webp,480,679,22766,bc2a768c6c068345b122922f515d2ac373b0176b5f5bda9da86193747f06159d
pd3WYr_4f,"No Gain, No Love (2024) [pd3WYr_4f].jpg",643c70bf8f2775ffe78cd2d5b90eacf09417d86b7b4b6ccbee53fb2063995a24,cards/pd3WYr_4f.webp,pd3WYr_4f.webp,480,680,44170,745a87a07b064e86bbd1fd087df099701bd5cae74e0e55c92e239dfedbb3201f
pd3v8f,Flower Grandpa Investigation Unit (2014) [pd3v8f].jpg,1b4c98f716705700a0993434328f669ee2266b94504591393280332f52c0c6b2,cards/pd3v8f.webp,pd3v8f.webp,480,678,52090,08ebd21c44eff7f22196a89dee6b15ce5514d61ca80812e0b2f1568e8b1eec77
pd4DkE_4f,Queen of Tears (2024) [pd4DkE_4f].jpg,032aee13848b65e4285f77d1f40ba61baa67ab6ada05ffa9fa6bfbdc6a78b344,cards/pd4DkE_4f.webp,pd4DkE_4f.webp,480,687,25924,72200fe041c6d4d5b362e0197598fb9c05bf98afe143bcde9d532939bdd74356
pdBK8n_4f,One Day Off (2023) [pdBK8n_4f].jpg,64b20e5ff2364783e493dec02f4e24308ceffda1525e577a21d2de3ce8c84a8c,cards/pdBK8n_4f.webp,pdBK8n_4f.webp,480,685,55970,d9cf8f3d5d0efc36b7e8d3e386f3a358840e3209683e030722720a178ef33fc9
pdK07b_4f,Celebrity (2023) [pdK07b_4f].jpg,cb86899079607ce1e65f6817ed9427825acd2fe7b3385c64e6d7156b4f89f206,cards/pdK07b_4f.webp,pdK07b_4f.webp,480,711,52096,47c55298ca6e2c60116b73b2fbb8186d1b61364adbc30aeff71caca811e8d2e7
pdV0rf,Another Parting (2014) [pdV0rf].jpg,4d203212ce57622ec1d3659dad05f07ff1b17bc042e72d5d0f3f114c23419d51,cards/pdV0rf.webp,pdV0rf.webp,480,654,23016,3d382f071bb6f732917feeef50f92342634d091695b53c4da875392369c7e6fa
pddEzn_4f,Queenmaker (2023) [pddEzn_4f].jpg,23af8ee077e1da2407b97e7ede7888f47e83c426f542ae9fa1ad1e5e28e24f51,cards/pddEzn_4f.webp,pddEzn_4f.webp,480,710,41464,24c46668dbea8dd57968fba1b38a8327e6875eb3597e1c04e84093d09d9bfa49
pddbzb_4f,The Real Has Come! (2023) [pddbzb_4f].jpg,873918eab5503ba7b7aaaf0221a0ed2997a369a4189afb683e77442d4eaf1a7c,cards/pddbzb_4f.webp,pddbzb_4f.webp,480,678,42896,e66d2d2e307f96c0ca89b24202093230c903db4313fe98cdce772a438a9ed924
peEX8_4f,Casting a Spell to You (2021) [peEX8_4f].jpg,128e5f75e401a0d2f6fdc9a3249348d17a1ddedcd128adb4234aa6c6fb166667,cards/peEX8_4f.webp,peEX8_4f.webp,430,613,39360,73d12e4a4a0986929d193da191478df254e17df20d4e5338e75a7cec1f1565f4
peoOE_4f,The World That They Live In (2008) [peoOE_4f].jpg,6495f24b35e6f436166a062bc8595eb400c6689dbf9302fb1de46db451e847d2,cards/peoOE_4f.webp,peoOE_4f.webp,480,684,28334,186f93ee0241c80771ea85888ee47a99b056c7ea6ae955a135c7bb77e1a48c1a
peoVE_4f,Boys over Flowers (2009) [peoVE_4f].jpg,fd33c844b9d2ab9937f3866f79cc645d3c55e9fab72205718c5e8b876919dea9,cards/peoVE_4f.webp,peoVE_4f.webp,480,685,47108,d57d9f75ee13d0f19b3bcb8effd8b20aed9f17ae2ba95a3f39aedcb69b98307f
peyDr_4f,Ghost Doctor (2022) [peyDr_4f].jpg,bff2ed4c5f187c82957ce39b53d65783da959c1fb58dde55daadb4f47e5e6a08,cards/peyDr_4f.webp,peyDr_4f.webp,480,680,35850,e3455f0ef55088a1106d202f6948e621f617faef893d31f0d63795e6c749c26b
pgDDV_4f,Homemade Love Story (2020) [pgDDV_4f].jpg,a2437156afd88f1071203f125799c80d7ad53dd095544fbe5ca86d7e4d2484ff,cards/pgDDV_4f.webp,pgDDV_4f.webp,448,720,84678,5d5c3d6f46721a256a8872a503b041425824839b53f645251ccc4ef7102bb3cc
pk7NEf,The Happy Loner (2017) [pk7NEf].jpg,780d04c4e36372a1d842ffae01f7e51b2bc88ae91fca612987e15cfba06b70e7,cards/pk7NEf.webp,pk7NEf.webp,404,588,24328,9fc84b480f70fd9dee3a8ce5f919ea316b0f970963826d6ced8b988b52acfe87
pk7jbf,Heading to the Ground (2009) [pk7jbf].jpg,93b5dfb8c151e70d358f965bc72739ccb53a4f9e130d767b1188f6ceb164f8c7,cards/pk7jbf.webp,pk7jbf.webp,480,698,49604,7c5e92ccc55b57e397af984fcaba9164cb747ee2b9613a96e6d6ec5b70c6633c
pkYVbf,Triple (2009) [pkYVbf].jpg,0c10a84857620e919933c0df5ea4046ef9e6978909c725dbc7c9ae00a8511eea,cards/pkYVbf.webp,pkYVbf.webp,480,615,61872,c0822842190a47b738604a958b244a3686766f1ca78ec4662c97f158e13cbbd3
pklKDf,Mad Dog (2017) [pklKDf].jpg,cb1559ef6d570f622a360555674508d770436aa8316abd2279650a262ed7a806,cards/pklKDf.webp,pklKDf.webp,480,719,52284,bc122b575805cb70bea0e5168a51e2408cdc52ef58d328874f526115227f6a25
pkz2Vf,Falsify (2017) [pkz2Vf].jpg,fc81064ed744776558906204012273e07aa75bf7edf9c7317a8b750d5b9c707e,cards/pkz2Vf.webp,pkz2Vf.webp,480,716,50612,6d04da130671b98afc23f5c798ff3143b749632a94f134da6968263d3834fa1f
pmpxV_4f,The Good Detective Season 2 (2022) [pmpxV_4f].jpg,c616c77b74f7fa6db5bdc70b94a3a827832fd055519b2cabbe57ae0928586f18,cards/pmpxV_4f.webp,pmpxV_4f.webp,480,685,46012,7c4da92114698601422e09766d2b4b2984bcbd6c66170c3a8080bed26b5e8ac6
pnJByf,It's Okay to Be Sensitive (2018) [pnJByf].jpg,da0b5df04eeb47f297ff64baa263d79340ddb576bc5a645961bbd36e300794bd,cards/pnJByf.webp,pnJByf.webp,480,678,46014,996dd89248fd412949937f3dd29e94eb880576d08a9d1410fe1b314dc5d6d54a
ppQV8_4f,Jinxed at First (2022) [ppQV8_4f].jpg,7b578670bfe03a74e2b93bd86cb7fc40e03ee48944c8e075c262f669938a1f87,cards/ppQV8_4f.webp,ppQV8_4f.webp,480,720,48596,deb946368a99f0ca421272a7e7394b582b926ac45ffa9f4a456b813baebfff99
pq2lr_4f,Weak Hero Class 1 (2022) [pq2lr_4f].jpg,b9e85d4172efbde8261906b39173bf441c5e45c920d352aec90beaa966568cd6,cards/pq2lr_4f.webp,pq2lr_4f.webp,480,682,71830,c69a4f60720339042ca67e15ca099758e22f7bff3cd90426129d6a8706165a3e
pqj7D_4f,Connect (2022) [pqj7D_4f].jpg,4b753232e8ae17050687a43667cab8c1f7ff312ab89b16514696bf9ffb462798,cards/pqj7D_4f.webp,pqj7D_4f.webp,480,681,46926,655e92a9a43cca43205567e253e5be63ea4a47053b9bf2a158f3959702e4b290
pqmpV_4f,"Poong, the Joseon Psychiatrist Season 2 (2023) [pqmpV_4f].jpg",545571730af81309fecb58bb898895a124f76ea15cb7d9cba4a7cb640e7fbc17,cards/pqmpV_4f.webp,pqmpV_4f.webp,480,690,75180,d29362f9003b701eb5f9b65f85fd30132ab94f1afea8fe305c12cdd52a49acbd
pzymr_4f,Lonely Enough to Love (2020) [pzymr_4f].jpg,76b4a338ec18e710de8b4b74cc224f5b4ce5031e169462dbe995ee3c7fefbe0b,cards/pzymr_4f.webp,pzymr_4f.webp,480,684,24342,3f1975b0054483f46a2029fd47247861933f3e199966b058c154915a246c4a9c
q23QPf,Sketch (2018) [q23QPf].jpg,49090b4376eea3d48c40e1c45fd1a8ddd0de38445c18cdc351434e5f63c50826,cards/q23QPf.webp,q23QPf.webp,480,684,37764,1a5bd5b5f6292252990f9b89e59975b416c74beb230990159570dbabd63d6007
q2WrDf,Misty (2018) [q2WrDf].jpg,1527ecb7c3fa8b8f186bf11486b273a4cabe7f14845fd8ce043de4f1458b82ba,cards/q2WrDf.webp,q2WrDf.webp,480,688,22650,2178aaac77783a444644d4d3597fafc1890f92904c9d875382489d1f2d128f99
q2e0Bf,The Ghost Detective (2018) [q2e0Bf].jpg,14cf012957430ad7afd519b872d51e87455946b827a6e13c3bf8956e49a35c98,cards/q2e0Bf.webp,q2e0Bf.webp,480,684,25062,a5fa855d2023f2c2d6a408d0fec42cde691a76e110410d867a7dc5a92e829e18
q2ln5f,Yellow (2017) [q2ln5f].jpg,133b22402f01649fba21d0193ffe5dbec46d9b6aff279b1f321c72cbfb79b8bc,cards/q2ln5f.webp,q2ln5f.webp,480,696,59820,829cd350628488293c30e843f9af2448102017d443c452eeadd903f2b9ebdaa5
q2pD8f,Player (2018) [q2pD8f].jpg,3a15f1f35b6ab8fdf5bc5dfb6c96e33e2025cdbdd540b9720eed0c5abe75df11,cards/q2pD8f.webp,q2pD8f.webp,476,720,64486,b236d04b28dac825a473fbcf3541bc1e208e2d98010e391b1cbe26b41b08c0db
q3oo5_4f,My Fuxxxxx Romance (2020) [q3oo5_4f].jpg,d5a20bbe120af867e15b01864621dd6e5a92e74182ebc2b91f335ed96c9c0c2f,cards/q3oo5_4f.webp,q3oo5_4f.webp,480,686,20810,c2e31f865e5f058fc5a2c6d12d318dd1a46c82a36846f9a61205ecf0b05f714d
q4pyP_4f,If You Wish Upon Me (2022) [q4pyP_4f].jpg,ab19f7570dedf5195cbcf73fc3292aeb498b5b5102f9c20bf43134e446471ae4,cards/q4pyP_4f.webp,q4pyP_4f.webp,480,688,32390,41109a7554817c1008eed1c0ea791be1df4f86f90352a1177c88caa5cf5c53fe
q88bdf,Woman of 9.9 Billion (2019) [q88bdf].jpg,e1c815fac4d6eede3c41e6641da46b180e459fe1c8bed74ddc670d68087c9387,cards/q88bdf.webp,q88bdf.webp,480,689,53260,546de3425555adb17c41362e546390530fc7d525caec2dac9caf8f32650bb909
qAJkBf,The World of My 17 (2020) [qAJkBf].jpg,ce35cbf4f8c25c17a219d106c22c941c401e61076102e88b4ace9866b38b27b9,cards/qAJkBf.webp,qAJkBf.webp,480,687,82872,140364921f18ea38639454275a37656b4f3236de4fae5f1efa3c90622db64bb1
qAvY2f,Team Bulldog_ Off-Duty Investigation (2020) [qAvY2f].jpg,83f87a51b7404a582def3063f7ebd8e8af85003528af53fcee15bd1d0ae4d9f0,cards/qAvY2f.webp,qAvY2f.webp,480,681,67000,17fb8ebc18f4334062bd9d5a1750d365042d8b07293d05a80e3a25f8fc79c0b3
qOJzQf,Wanted (2016) [qOJzQf].jpg,0ed35e9e3866124ddff6065dcf8f272831c35bc94d09d4f766c681b539f33154,cards/qOJzQf.webp,qOJzQf.webp,480,684,64098,7379b4d25f47a8d7feed0352cacab39240c1b1acbc62847bd980fc5fe53a5a68
qOk3Df,Joseon Survival (2019) [qOk3Df].jpg,b4347088854c6b5fad14d7226aa79a717d3ffc3960930dcf2148c7e4e1818926,cards/qOk3Df.webp,qOk3Df.webp,480,720,69346,04e460400ef7fdc8beaa15fb1e14f6d2ad6b2ed92ba903d21a43f90fce10a35c
qP2kK_4f,True Beauty (2020) [qP2kK_4f].jpg,12037fe30d4ba1e550ca453ce572e4fa00e0a3fb7b8b974777452f19506144fb,cards/qP2kK_4f.webp,qP2kK_4f.webp,480,679,40746,cf61faad00f51c811a7190b0269351069e9176c0193ff64ec7d8719559801aca
qVY4Bf,The Producers (2015) [qVY4Bf].jpg,2b652e20e4454ac3c7d3529c40250b5b56495effa581b038540622dacaf60f0f,cards/qVY4Bf.webp,qVY4Bf.webp,480,668,36460,095cfeaadab4f84a463c1cd36b518b76aae2bfa5d63a2e93007f9fd15b84965f
qW6BPf,Tazza (2008) [qW6BPf].jpg,88052da49d604e5f29bd3391323833f83782f21f9b9cc599ad63a606f4397231,cards/qW6BPf.webp,qW6BPf.webp,480,720,43546,f8585cdfbf09fbfd64d25b9f9481ca7b9e634b03b6a1e109287f9f77a4532dab
qW78Df,Yong Pal (2015) [qW78Df].jpg,828de5a1516da32c96335d45b616fd575a6fcb668426e1f90476e1ba73351b4f,cards/qW78Df.webp,qW78Df.webp,480,680,34480,5fef0baecbc45741020c4b17e657053abd6110dd9f583951c29ded6a0ec48b2e
qWb15f,The Heirs (2013) [qWb15f].jpg,88d6657782a97d6c4dcf7b081c41d4abf44e04ed4036cdfd07a7338f5e0b8a1c,cards/qWb15f.webp,qWb15f.webp,480,669,38170,167a2e293c6a7e3ad4b69221a14c629a2b59ed128389e85c924bb3f7c25316d3
qY2doQ_4f,Doona! (2023) [qY2doQ_4f].jpg,032120cf2a097444ab0c432f2a198873251c6da940f63b22f06b70013d8276a9,cards/qY2doQ_4f.webp,qY2doQ_4f.webp,480,711,18786,d1a109ecd0f2e73c52870ede12bc692a4dfdcce3e0c250280a573a2b96223006
qY5jDf,A Gentleman's Dignity (2012) [qY5jDf].jpg,a39953845d99ca2f40dcee9878a5db27e53e0a237b4798f316b975170b1433fe,cards/qY5jDf.webp,qY5jDf.webp,480,679,41850,953c2eabc915443fb14610c4cab84cbede880d0926fc07d8bb36184f38f41a91
qYAln5_4f,Boys Be Brave! (2024) [qYAln5_4f].jpg,e85a88e9751e2bce33b0f999a1a75778d90b5c3bdf4b0d67d39f7bff02f68ae0,cards/qYAln5_4f.webp,qYAln5_4f.webp,480,688,57004,0251a3f10dd36ece769968ff888ad1be843131e77e985923f0aa06a5f20aaf61
qYAz2K_4f,Vengeance of the Bride (2022) [qYAz2K_4f].jpg,3cf85aad5c9ac9f1186480d6b4aafd20c39cdc5c3b3005ce37be9a67f58256f7,cards/qYAz2K_4f.webp,qYAz2K_4f.webp,480,678,48610,30bc644c195a3391117ed593a74d71b7a01eff880be6d075481bd050b0d9c370
qYOOKQ_4f,Like Flowers in Sand (2023) [qYOOKQ_4f].jpg,6e9e118cfffc76d72602dcd7a4e424a1e7279edce77ec25e4e240e603e671995,cards/qYOOKQ_4f.webp,qYOOKQ_4f.webp,480,688,38512,d0d259a491857f52bdf25817f681c02672907e943b677fc8fb9afe10ea4b9bdc
qYVNQf,Operation Proposal (2012) [qYVNQf].jpg,59f5b102bcff3382cc8ca76eed842cfc0fad0c49fffdcbeef302798400e532c5,cards/qYVNQf.webp,qYVNQf.webp,480,702,33716,7ac17972bcddc6c2169ed5b8dd92652c39f5ad60d9d0e422a7a50dc9e797c5c7
qYVY5f,All About Eve (2000) [qYVY5f].jpg,aee08a1e7d79f66c5ca98259e9fb10916c721bec8fca699554e28a00e963e7b5,cards/qYVY5f.webp,qYVY5f.webp,383,550,27280,eef6e8d1ecab631fdaee21605737a0d336c4640cadf1e4937657331aaebfe55a
qYbdp2_4f,Branding in Seongsu (2024) [qYbdp2_4f].jpg,d1ed9ac03f0c6b36e7e6dd96515b1a4f065c8dba4e6fe051889417c5782a4849,cards/qYbdp2_4f.webp,qYbdp2_4f.webp,480,689,44088,a04ce6a66f61570086c6f57e45932d6e553c184fa1a3de7e5dbc4aa48c726968
qYbz7B_4f,Flex X Cop (2024) [qYbz7B_4f].jpg,dc8ce19509f551f6b120071f13c59771a47a4263adc35375dd69245721f4ca16,cards/qYbz7B_4f.webp,qYbz7B_4f.webp,480,686,76470,4f2aee3ad3e7edca72a6925e584dededb77b56578c5223e4aa2f6d852b51c0ac
qYq4j8_4f,Girlfriend Project Day 1 (2022) [qYq4j8_4f].jpg,87ee5e36c45c389d5f9fa9a3f1bc1e51c082a7106e556a3841101c294e258089,cards/qYq4j8_4f.webp,qYq4j8_4f.webp,480,679,30230,68cb965d4db7d14817b37015fd8567d2d10576424f8d73c1beb084ef286aaca6
qYxzP2_4f,My Military Valentine (2024) [qYxzP2_4f].jpg,ad0cf6368fc4fb0b68e888ccc63e0debfd7128a6d46be27058adb44710890446,cards/qYxzP2_4f.webp,qYxzP2_4f.webp,480,720,37540,794ed2da38aed2fed52df40114326a63fc72cb52deed8c28d79f33f13784f52a
qYyqd5_4f,Love to Hate You (2023) [qYyqd5_4f].jpg,571310669ee56437721148a3fea304144c015fdd2aed612597e01a4df6cc1393,cards/qYyqd5_4f.webp,qYyqd5_4f.webp,480,711,49336,18cfaf614ddb0f4d828936d9ab1333b6a7b2461a8c4bf62f2947ffc8cce45049
qbXgPf,One Fine Week (2019) [qbXgPf].jpg,62594fd76eca6c29516f757b56e18495201f44dd3acb5f8dab8737808b8b8dd2,cards/qbXgPf.webp,qbXgPf.webp,480,681,37076,8e8e442a34b02a9765f2a5cb905036ec6a1d37d7b031e6bd28626fd33caa50db
qbkg0f,Pegasus Market (2019) [qbkg0f].jpg,5dff65f23a92cc56ae9b3d68b320ef3988c5e7cf08e3132af9c2d4ec48101ff6,cards/qbkg0f.webp,qbkg0f.webp,480,681,48804,afe8c8a82264f8b306a231e465e40a84fa58d2e2b7083b96c6e016fdfc30cd3d
qboZPf,Vagabond (2019) [qboZPf].jpg,b78287837e1ae4a82fcdfedae682a80567034e327b59f338f7a3b1dc020dce1f,cards/qboZPf.webp,qboZPf.webp,480,684,72908,77deb815cdba7770ef37e7ab41e7bb002d782ea7a8e8b842c32e759784aa7afa
qe1J2_4f,Yumi's Cells Season 2 (2022) [qe1J2_4f].jpg,9752f9e7800d6e3631358698f6dc5f83c53eacfc66ec2807a131ed4bc3a14f16,cards/qe1J2_4f.webp,qe1J2_4f.webp,480,686,42572,dd0ad6d6bde9e47901461e2eb59db0b55367376f5a99f690f2e0f7acc0dc2559
qgP2D_4f,Discipline Z_ Vampire (2020) [qgP2D_4f].jpg,46996baf591b90e6dfb67d51b34d62106762f58ee0a6d25d476ae083a445f951,cards/qgP2D_4f.webp,qgP2D_4f.webp,405,720,21184,baf989e30e38f9bf16655f518ab45175fdd9470d190c8dc3f6f9abbeb9c4cc10
qjBQ2_4f,Tomorrow (2022) [qjBQ2_4f].jpg,ebcd8c8162110904b72ce80ba5e26ed0e68d4f5cad0d88ce042ea1fdfc5cb6b0,cards/qjBQ2_4f.webp,qjBQ2_4f.webp,480,684,41752,8ac914e1ad05e9444c1f598e4861b086e8475236ac42cf72c9a6eb28f5ae88e3
qkYePf,My Sassy Girl (2017) [qkYePf].jpg,101840882ea64395acdeeb3190eb62a37eacbd768111fb91a48b63d41bdfdf3e,cards/qkYePf.webp,qkYePf.webp,480,680,65598,89140c0843f1dcb490290f17ff23928c1cf9eaa417acaf87c3593ffb5aea0910
qke0df,Frozen Love (2017) [qke0df].jpg,02ddb3c8c5f18ca09d6ff704a9bd9274a2ce7eda59a1c408bca9b84c8612e475,cards/qke0df.webp,qke0df.webp,480,717,29718,043537c97e3de5f5fa3bdd3c11bd88fa0117537c9761aae7bb4f068903f2a666
qkgD5f,Live Up to Your Name (2017) [qkgD5f].jpg,82b54ebb001d2ab3f8c37e31e1436b87ebbe4d8527a1d48a09c47a5f5c9c133e,cards/qkgD5f.webp,qkgD5f.webp,480,694,55488,7f951c6e849cc8da0569cbfcd4ee95b953bb69e6b279e86ebb49b5662522edf2
qkoKBf,The Chaser (2012) [qkoKBf].jpg,f28b566ecf5791e19cf7c476c09287b1d4acbc96033bf9c6be1b28ce99747c81,cards/qkoKBf.webp,qkoKBf.webp,480,717,52008,774e911bd328bcb5483939efa7bd2805d04a3dc957ecd4e04d7f6f3281e902be
qkqgQf,Woman of Dignity (2017) [qkqgQf].jpg,6fd9194a367934f510299f7c5066bdaed5b688aa9177b57d1c08e47ad1ec5a09,cards/qkqgQf.webp,qkqgQf.webp,480,717,31748,ca22e17463d6ef1d6415979bfb57d482ef40ed41567cff5ee3558f511af7676b
qkwj0f,School 2017 (2017) [qkwj0f].jpg,2a37f9fdf53b534a94b960a979c3ba6c3f79bc9e3035b9287bb2967600498cf4,cards/qkwj0f.webp,qkwj0f.webp,434,618,77360,5e0326f8b432d729f672ae11a7ad4e5c3dee3bff01f90623fa2def0501634c64
qo4Qzf,Find Me in Your Memory (2020) [qo4Qzf].jpg,654978d24bca77cf3557a42a1fdc6f3bfc2f11a0de0f1ebc95d41c16736151ed,cards/qo4Qzf.webp,qo4Qzf.webp,480,717,32026,8d8edd1625b32af23d83728c66b550d40d7e655c48b789bbbfff9ee7422c78b5
qoQK2f,Forest (2020) [qoQK2f].jpg,50e05d040cd18d108ed757c3eeeec4d28ad5254695bbf98639c373b82c41827f,cards/qoQK2f.webp,qoQK2f.webp,480,677,29000,77d9c1aa811722fac314e2c95e04117aec7f11af7257a701fc775912ec9b60ec
qoq5Kf,My Holo Love (2020) [qoq5Kf].jpg,bb05568e2c8a124557b2323b513289b5448a4e9c74cbf7b7d4dcde29b9f52822,cards/qoq5Kf.webp,qoq5Kf.webp,480,710,32828,e668658990a4dc58528081f8b1c03b37f85dd15fea01bc1992ddc9a52a70ed83
qqPxdf,He Is Psychometric (2019) [qqPxdf].jpg,0769c50acb13552d8eb1d76545a936873bd2553f07fea72d43e1d13a16674b68,cards/qqPxdf.webp,qqPxdf.webp,480,678,49392,d97d590ab4784438da5a820ebcf622aa490c3d6c82333c71fbe86e446afd9672
qqYj0f,God's Quiz_ Reboot (2018) [qqYj0f].jpg,a44f9fbc70a82a9d9d2cd2cb797bc268f8e5bf59411c1db394ee7bd7c01009cf,cards/qqYj0f.webp,qqYj0f.webp,476,720,44424,86146e8c2eb42563b2a4a43519e6fd9a5bef0037dd86184ac1d6f85f79e12bac
qqwp0f,Drunk in Good Taste (2018) [qqwp0f].jpg,fb48e76c87fee65e01206410108658712c3304a7ad75f5788f835ee7cb01da77,cards/qqwp0f.webp,qqwp0f.webp,480,684,47368,5e4ae8e3b6ec7c62b160fd97e833cad790fdd8faca88d1adcfe0adff2435c1ef
qrqEK_4f,Choco Milk Shake (2022) [qrqEK_4f].jpg,bf6b24ec6b0ac875622f4a4a704a5b22a29182ba712f9f8584087972fa64edad,cards/qrqEK_4f.webp,qrqEK_4f.webp,480,677,54268,c930f570f11975163eb604646f67a27adad9bb9adbf9bd0145f9a751a51bae42
qvEV8_4f,Justice (2019) [qvEV8_4f].jpg,a8415538926f6410073902711816f985d39be6074fb874df39adc79dcb7e58c6,cards/qvEV8_4f.webp,qvEV8_4f.webp,480,688,30696,7c729343b390002037951dfd5347a588923500ac743984bff3a4e659a38989b7
qwJlBf,Sad Love Story (2005) [qwJlBf].jpg,38ca0d2eccb21f41b4c2f83b1098640e481080cacc17f5928367e95f0fcb622d,cards/qwJlBf.webp,qwJlBf.webp,259,320,16736,d0325337ebc3afbcb6a21d88721bffc492474cc5c3208d5119379ad9f55e28b0
qxodD_4f,Chip In (2020) [qxodD_4f].jpg,7e3e50b8de2d63dc444a4bd1182c3d5c380de5e93d38762787552132faf2b2e4,cards/qxodD_4f.webp,qxodD_4f.webp,480,660,39560,7005d37f2fdf29d07b2e33206cbbcec14024dcdd77610f00e5038236e71f9aba
qzRb5_4f,Ocean Likes Me (2022) [qzRb5_4f].jpg,8883f8d51d9d2163dfce1994d2a4b3fecb7bb56ef02cd2e472c6801e2bcd919a,cards/qzRb5_4f.webp,qzRb5_4f.webp,480,698,35914,1604107bf59a701e6831bfaacbb0b0bede9b0d7f35bd3f82419f55dd4ab9835b
r1Roy_4f,So Not Worth it (2021) [r1Roy_4f].jpg,24d483191c3883613497e206b1940b1d51634156fb1a2e0bb53e3a69a137b49a,cards/r1Roy_4f.webp,r1Roy_4f.webp,480,695,47264,8891cc4eeb45881dbfc6a384daee3f27c210f74aab0ab286506e2681510d07ec
r5YL2_4f,Jang Ok Jung (2013) [r5YL2_4f].jpg,a1d2e7edcc1085fce0c644c75a0d08f6bf2f30c8ac34593eeeb50efa5e18c198,cards/r5YL2_4f.webp,r5YL2_4f.webp,480,660,59614,38e5d9cf0843ccd6e4284659ec097ea447f88f6f24613bfe4086abb915982eff
r5kLy_4f,The Bridal Mask (2012) [r5kLy_4f].jpg,f68aa03e37afc59750cb6712d5a5845c4be78b55c1d8eae56e1f36ae356d1a07,cards/r5kLy_4f.webp,r5kLy_4f.webp,480,699,78536,2d75cc228fbddd7bb5947d1c5a884103db4391231ec2c337bf169aab1224c6c9
r5zJE_4f,She Knows Everything (2020) [r5zJE_4f].jpg,fbd11c56e54677a16b7c0af14170e735411337dc2068e63d0982738a71320eef,cards/r5zJE_4f.webp,r5zJE_4f.webp,430,609,35614,0a1caf373ac6f0727a30e399bd3a0b9d34c88a009e438bee4c67e7f16caaa211
r6Y42_4f,Hometown (2021) [r6Y42_4f].jpg,7cbfb997a3caf326b753ea0f74a1b5bd86e18ee0094cab60b5b165c9e9ed7061,cards/r6Y42_4f.webp,r6Y42_4f.webp,480,680,19060,b468eba6e8ebd8f55e01bd16f64909d9db715011ceb26f9c52da889cb4a155b4
r6vLp_4f,Heartbeat Broadcasting Accident (2021) [r6vLp_4f].jpg,601b2f12129e2f848b8ad8c0253f1ade1d87a2d40e5571af88b524b8d00815f0,cards/r6vLp_4f.webp,r6vLp_4f.webp,424,601,22474,cb4bb8969dad929679807fd3be6861188ae4c5318c8e9ecb1557004a6adaade8
rA5Jm_4f,Blue of Winter (2022) [rA5Jm_4f].jpg,71233f6ff56c39df5c7ffaca69fa4c3475dc11a6652e4c8c8308c0ed85594edd,cards/rA5Jm_4f.webp,rA5Jm_4f.webp,480,679,12122,0ef56015f6919df17c38ca34df0a9045d1aebf0126aa61c8ce82f0654d357813
rB1dE_4f,The Director Who Buys Me Dinner (2022) [rB1dE_4f].jpg,d365324a15d815b90fd16a5800efba1ac63c75ff0d77df424c4b672da61cb8ab,cards/rB1dE_4f.webp,rB1dE_4f.webp,480,720,28208,1197d0d414a136088b108c295c7595c57d8cd0e409de93dc9aa13c708bf9a03d
rKRyZ_4f,Miracle (2022) [rKRyZ_4f].jpg,54b438b16461d411b79d55d38dc6fc89f79c5fd3ecb435befad66279fa9c39ec,cards/rKRyZ_4f.webp,rKRyZ_4f.webp,480,679,34866,d79795f9f9a90b7f8714ad728539730278fd7584fed729ff1f50f06de9a68808
rN53dj_4f,Hierarchy (2024) [rN53dj_4f].jpg,bd7fabd937db2da220da047fe6ecda928f77c3c2d3e143324b272ca87490200e,cards/rN53dj_4f.webp,rN53dj_4f.webp,480,711,35932,af27a22ab9c9f66705573ac6090a6a25d57f4a899f26ce23d277cacbf5c135d5
rN8nEf,Successful Story of a Bright Girl (2002) [rN8nEf].jpg,68012d2215c082a5eb75d71370afc0f519fac86f03782d0aa5cd3d2dda87734c,cards/rN8nEf.webp,rN8nEf.webp,480,698,44944,8bc3139e09da9f9b351194b4a0ccb117a256156575a35426a21d49d953aa9d96
rNRymf,The Master's Sun (2013) [rNRymf].jpg,67e89f9cb042d4b3fe940d7a507391bcb5465b1a69d2aa26a8f677cf361ec13c,cards/rNRymf.webp,rNRymf.webp,455,680,76258,58533f4f5b1309b5b8bc920f77fd1e6c6a9d62c7943aeea9a113ad0537eb05bf
rNg6yf,"Tamra, the Island (2009) [rNg6yf].jpg",545bb92b26ff874f54ba611c59e27f974e4c6b6c2cc41eaf9911c4e45e086d1c,cards/rNg6yf.webp,rNg6yf.webp,480,686,67700,ea8ef332de58a6def6965196e575b96e09154a205c09d2498660cc09e9c17e0e
rNgkZj_4f,Good Partner (2024) [rNgkZj_4f].jpg,16c6eb0a6dc4160735a8a8a78d79245bd486af91960ed8e2c0bed93e0995f823,cards/rNgkZj_4f.webp,rNgkZj_4f.webp,480,684,34594,b90d1468b4e8e285242069f62992772d715ba0e75741273109f7ed17c8aac329
rNq32f,Royal Family (2011) [rNq32f].jpg,e5d6fe098121b47055f74fb79072ef3d641c5f370346d78dfbd5e0f9b970fc6c,cards/rNq32f.webp,rNq32f.webp,480,687,26610,e38a81b3d07474f475fb7c9000ac7d923e01efe5f2cdd522c1ca7e12411689bc
rNrNzp_4f,Queen Woo (2024) [rNrNzp_4f].jpg,445171a0db23c32c493d308befc5f2eb5dc081473a1f6e2bd245a81eee80e2bf,cards/rNrNzp_4f.webp,rNrNzp_4f.webp,480,686,37466,a9f77cd092fd520a13a65dfd1aff6f5bfaeac5043ed8db294eebf00d12f8d04e
rNrOeZ_4f,Gyeongseong Creature Season 2 (2024) [rNrOeZ_4f].jpg,e7fe451874cb42a4797ed7a104d2df3bc0b255d6bad150d0a00b7cfba8a3fe64,cards/rNrOeZ_4f.webp,rNrOeZ_4f.webp,480,711,39556,ffa983ec17be6b4fb193232fa988e80d54ceaf0846373f57ef847085b7104dda
rNrYj2_4f,Goedam (2020) [rNrYj2_4f].jpg,11d12519c9d4c99fc4cfd3ecdbe417f2ef8615857cbb6c8d5abe2274bbdd11eb,cards/rNrYj2_4f.webp,rNrYj2_4f.webp,440,660,43284,3cb8fc6ddd985d56a6d1174c7f90f3dec2d2d0f9995270d4c5aab3bccfed4d51
rNzw8p_4f,Bad-Memory Eraser (2024) [rNzw8p_4f].jpg,0c89979185aa41f718e0af562f493a9ab49473c8b952ba5c933cf9bcb9e2316b,cards/rNzw8p_4f.webp,rNzw8p_4f.webp,480,684,30844,7d41abc410e61341f3ec3524e8873de04a46f2615618a665dd4b2d367cef156d
rOQA2f,Hyena (2020) [rOQA2f].jpg,55856b6e23d82fad513db63fa10b94a5b97f52731d11abea1a6126727d6437ec,cards/rOQA2f.webp,rOQA2f.webp,480,678,49732,2b604d08adefc2eb7889060c73ab14c7a51b99a1ef5833200dceeacfea6ff469
rOnj7f,Real_Time_Love (2019) [rOnj7f].jpg,179f6892e1cad98d06baf3be747855c8c4e6c98f6eb04990c930b757e0953753,cards/rOnj7f.webp,rOnj7f.webp,480,600,28440,95c7d4b61a6d27f979baacc3f591019cf4a9f02e6fb6983a7d6d348d01b09285
rPj2j_4f,Once Upon a Small Town (2022) [rPj2j_4f].jpg,bbac41515c85d510052b72dc9112335fa9eec4215c80b80ae5da157fbe749e45,cards/rPj2j_4f.webp,rPj2j_4f.webp,480,683,78676,b070b703cdc2a4841d1b2e91c78897ae0483433253aef923fe700414195b8e8d
rQ82j_4f,Her Bucket List (2021) [rQ82j_4f].jpg,2a25859c1e4b04c89e077c5ce10bb0a1a1e1e3773be0d01dde72717b4b9a1868,cards/rQ82j_4f.webp,rQ82j_4f.webp,477,720,29644,93264a7d00bad543756e1d057a42e6c47e1cce7b07c8b4a437f95e028db23546
rRKgEf,Prince's Prince (2015) [rRKgEf].jpg,ac291949f38d5bf84eb5a1e2bd1416c7de1f8366bd853877fe8afc736e0ce4c7,cards/rRKgEf.webp,rRKgEf.webp,359,500,38016,b2cc7d8ef88c226e5544acb1dcfce2aa3b5e424fe96173358f7129eb52c7d4d2
rVjRyf,Cheese in the Trap SP (2016) [rVjRyf].jpg,4652d29a96e14a657baf321f904a330410901448df8ce15ae64e1ccfbef28234,cards/rVjRyf.webp,rVjRyf.webp,480,720,27298,9877fffa2d64944810f7b9f4d10b3da68c689ebbd3fb0de77f6f05d16b9148f6
rVvDpf,Vampire Detective (2016) [rVvDpf].jpg,f1f96ad1a39bb45d92f3531ee355fddcf44aa2bc9f49dc6c1bf88c50449a8afb,cards/rVvDpf.webp,rVvDpf.webp,454,720,40650,0ffd81bd1bea9ba926ef9e307db1070e97f5efa50f7954e538a35b1d10dc0c9b
rXLE7_4f,Star With a Secret (2020) [rXLE7_4f].jpg,65665bec116e33e77df411c8913da3f5286965b4a642dd2ea09d44b353cd2e65,cards/rXLE7_4f.webp,rXLE7_4f.webp,480,679,29496,fe7f5f3b7726c1a5f0a4d027310a3fcccd48a682b6ad7b7908f46709af5e615b
rYDxDf,Lovely Horribly (2018) [rYDxDf].jpg,a168f7d8bfbb95011437092ffe67bac5ccf62a67ec7cebe9b2a8020d926dc229,cards/rYDxDf.webp,rYDxDf.webp,480,686,71352,0f3d260068d6517ae8e7239393fe6eda52e83ade553f3f97f6c9561b16f3afae
rYPryf,The Smile Has Left Your Eyes (2018) [rYPryf].jpg,7662ca15f926ef5c1521437d50e98871f3537e34f1adb9ba3f0adb834909cfbb,cards/rYPryf.webp,rYPryf.webp,480,684,40760,6041cdec783307a5dd52bd3c4adb2c0e145b2a00a65b97872d8f3e324280eeeb
rj2DN_4f,Police University (2021) [rj2DN_4f].jpg,ec00355bb21c5c7fdf2b4f4c539ba7bf186aa0fb2227359f333f971b957f21a2,cards/rj2DN_4f.webp,rj2DN_4f.webp,480,680,30684,938524bbb873c0b135c38710978bf8dd284b3eca1154addaf335a61d0a5edaad
rk4ZZf,Unexpected Heroes (2017) [rk4ZZf].jpg,7325faaa868e76bdad871b17781496610ba6494a38eb243fc1979e9b87c744b9,cards/rk4ZZf.webp,rk4ZZf.webp,430,607,30472,2beb3e6a0bc8f63977ee60fcce3768078645c2eb371e21fa4ffc28df581e08be
rkKPmf,Just Between Lovers (2017) [rkKPmf].jpg,5617e98668740297105d3a2c641c16887f0e5799120f2931fc521d0b8b687101,cards/rkKPmf.webp,rkKPmf.webp,480,686,27418,538d693d3ba988b81e869fedc23b991377ad43084fa075764be5b3ba753310f2
rkVXDf,Circle (2017) [rkVXDf].jpg,ae70618137a2eb7017e3d40f7598c047b2a3bba306387b64af11591011858ab5,cards/rkVXDf.webp,rkVXDf.webp,480,682,37922,390a8dd62e76faa9704c3027541e1fd7cbe584a33f2d7fbf4cc6b6647c7115ff
rkm5pf,To the Beautiful You (2012) [rkm5pf].jpg,9ce9bc081e76932890a9f088d29f32222500a77647350c6a720784d363861b45,cards/rkm5pf.webp,rkm5pf.webp,480,672,90012,b19a04f00e14984607f1ae78e5eded8480edd6cc7d0cfe1c9e959285651c2270
rkoV7f,Jugglers (2017) [rkoV7f].jpg,781f015b234695aa06a43959cfe86af9859025c266fec8a464d37200c12d80dd,cards/rkoV7f.webp,rkoV7f.webp,480,717,36764,f752a3508e35e31eb7e74f8350109c2a0ebfc45c747afc9964fb91eb0641d737
rl6Vp_4f,"It's Okay, That's Friendship (2021) [rl6Vp_4f].jpg",8f5356027cdc8acdf0cfc42540a0ea2eb58a6294314c5eec5580937b35ad2a59,cards/rl6Vp_4f.webp,rl6Vp_4f.webp,480,679,42242,a6be5bbe9af1ec816aaf443eb3fd1c38ffe58eca572cdd0757b570f4278b0135
rmv27f,Doctor Detective (2019) [rmv27f].jpg,a91065444b156e82c0a8606733edf5a0aa3fd618cb19fb4ed368c5836ab88df6,cards/rmv27f.webp,rmv27f.webp,480,684,33074,3ab1ff046d6981f10ff8d8538ebcf2cf5fa7fbf258cb29dc80d293068a9b1dbf
rz4LD_4f,Love Revolution (2020) [rz4LD_4f].jpg,50903e8c4e829344e93b0ff3d9592f249ba815579a08e73c3e36b5375232be1a,cards/rz4LD_4f.webp,rz4LD_4f.webp,480,684,25946,79e791a6fde1814bb75d57a8d372630833706c5368dc920864575ea0525e01e6
rzp4D_4f,Mr. Heart (2020) [rzp4D_4f].jpg,bb528e6652bcabfebaca219b91d82a8feb87d45fb0673716a014573d77ac396d,cards/rzp4D_4f.webp,rzp4D_4f.webp,480,648,24630,f2c63391e1a178750c45bcf310671a65231543c6ad4756fb942ea6e7c57277e3
v0J5e_4f,Narco-Saints (2022) [v0J5e_4f].jpg,afaaf5c8310af3f046eb1b89758aa70f62d7445443c57bfd64351124ee3c2175,cards/v0J5e_4f.webp,v0J5e_4f.webp,480,711,69818,836880efc0e1493b79faca3555d992fcd24012da42caa914d86972462cd49689
v24Pg_4f,Business Proposal (2022) [v24Pg_4f].jpg,9faf169c390266599159256b9050458deda4a95580822397b756acb6024cc66e,cards/v24Pg_4f.webp,v24Pg_4f.webp,480,720,30854,9d69096585ac9c7f7e98e88cf7a5fb83f04575f4178be9c6653f12ef4a879bb2
v2bEX_4f,Thirty-Nine (2022) [v2bEX_4f].jpg,8040482da5326b1d4d3a51ace33a5faf2fee36c8b3c11e9829842d0cd202139e,cards/v2bEX_4f.webp,v2bEX_4f.webp,480,688,71708,db1df9bbae7173c446b936a6b6eb238c1a6e6fbafce3185e1d3734043fc2965c
v3032_4f,The Uncanny Counter (2020) [v3032_4f].jpg,2bfce26b586a6c83c1546fac00776765a7de9069b8e2fcc807c77fc8a859dbbc,cards/v3032_4f.webp,v3032_4f.webp,480,684,69238,ef94ed86620a3ea0a852ea4370d7581602e8d967de95497d247f31459029e4f3
v3DLp_4f,The Goddess of Revenge (2020) [v3DLp_4f].jpg,0bd138555459436f8086d06356fc0ed679b3190dd0ec7ca1bdf94939fe2cc1d2,cards/v3DLp_4f.webp,v3DLp_4f.webp,480,659,33792,a41f7fc6d610c77ed0124115572b893ae7a401a4723afcec628419fea6fe00af
v4Kep_4f,Love & Wish (2021) [v4Kep_4f].jpg,d75128854c9fbb138147ab076f0f77513c855b2b1b1eaf33e445dc989ca2c799,cards/v4Kep_4f.webp,v4Kep_4f.webp,477,720,23548,a88d79f3b1befa1c16f96014e9f274442a76744f4e6d49a6e0a40ece773fbeef
v4LAW_4f,"Persevere, Goo Hae Ra (2015) [v4LAW_4f].jpg",6a46dee90613b03641a207c00019b687bf1c73c6543affa5e0b3e1d9afc2b58a,cards/v4LAW_4f.webp,v4LAW_4f.webp,480,709,49772,1c91f7bcf4947d2ffea3169d8020efdd8efdbba53fbfe12e0ef1fd7d7da9dcf2
v6LQB_4f,Sell Your Haunted House (2021) [v6LQB_4f].jpg,cb2cdedca7488be052eb505e934036e5cc0b934a3817fe0190c30dcafc96631c,cards/v6LQB_4f.webp,v6LQB_4f.webp,480,686,23716,0a0d9f467139862fceda1e88d1ccb71e72e23019c992353b93280f4aa411ca1a
v6dlB_4f,Trap (2020) [v6dlB_4f].jpg,b510744d731911777849573c57ea2516eee5213f6a439ccd7fd0d63554fd4d4e,cards/v6dlB_4f.webp,v6dlB_4f.webp,480,693,24388,de583a360d08b4f5ddbf9fee3fe14878f123d9bd70a149616201cc2a2224af8a
v7jBp_4f,Crime Puzzle (2021) [v7jBp_4f].jpg,fbadbd2e49d2875fe267f640d2e81f2cdd573a0738c36961017e4b8d54763dc8,cards/v7jBp_4f.webp,v7jBp_4f.webp,480,687,44842,99a6ea35ae4b2d50e6ea52402c423edcc6f40b3af23b63d283003f2819b44653
v7xgZ_4f,"Fly, Again (2021) [v7xgZ_4f].jpg",31c24b7d2b396e90b18949d3539b1f271d110d7050bab7203c4d82bd43497344,cards/v7xgZ_4f.webp,v7xgZ_4f.webp,480,720,39842,07fc6b582a393225e3316e62874a34511ac9a3b32a97b258fddc204e32638515
v8dB2_4f,Convenience Store Fling (2021) [v8dB2_4f].jpg,269daab4e8898adbbe08461a976179edd4848ad36b09b7138fea60d1e3ef0b34,cards/v8dB2_4f.webp,v8dB2_4f.webp,430,506,41418,1d03478c514ed8b3e5c5f4f6369fa35c0ceb4f3672bec11c5756d359295e233c
v8g0D_4f,"Hello, Me! (2021) [v8g0D_4f].jpg",6cff26be408f3c405883408eb4931821bd47d38002871b8930e6877a104aae37,cards/v8g0D_4f.webp,v8g0D_4f.webp,480,706,36974,b83045e8c78e7bc43e1a85e1c6b1f7a456733d4ebce98ae7dd7fc579a0ad5433
v8xwp_4f,Color Rush (2020) [v8xwp_4f].jpg,160521e7b4651a7463b700bfec623609bfc910cd2e737070dc22640e49bad4a0,cards/v8xwp_4f.webp,v8xwp_4f.webp,480,679,30640,223da0cd891a2737aeb702a19f5a6383e3c40fde3d48ef183737531adcc3797a
vALxD_4f,Be My Boyfriend (2021) [vALxD_4f].jpg,cee0ac10bc95f9dc895bac03cef3f2e6c9088d9bfff517e9139028ebf54c0a17,cards/vALxD_4f.webp,vALxD_4f.webp,480,676,61442,c9f8f03faf3973a48c580488e609b5ddc80844399d44f89e97ee15804c79542f
vAnBe_4f,Vincenzo (2021) [vAnBe_4f].jpg,0ce176a992d17b3189d9ad3253edb896753bd8a667f90ad8683891fe3d6217cd,cards/vAnBe_4f.webp,vAnBe_4f.webp,480,687,22738,bd44e5bff7f07a857e345344a4a0a3c119b2596a5ea66dbe91295d77a452c397
vEzgB_4f,A Love So Beautiful (2020) [vEzgB_4f].jpg,4c2ca8f8772f650acb928eeccd9ba8fb0a6212fe3da061caca6a02c343c3ba11,cards/vEzgB_4f.webp,vEzgB_4f.webp,480,640,40376,2037dfee6677a964a86552f10e74094fadd97e791b089c50c08ae2e09496ac1b
vJqdpf,Miracle That We Met (2018) [vJqdpf].jpg,50ebf786e62b2aee401e39d8fcc36a83debb01b11e507d52154e76d8e20cf130,cards/vJqdpf.webp,vJqdpf.webp,480,685,34648,3771f6af7263df22c903b3ec8c8611d60a1a9bf3b45a619dbed36e4604386272
vKrdW_4f,Mr. Sunshine (2018) [vKrdW_4f].jpg,fd897ebb1b3aad43b11470bb28691d1eadff96675e90b358291c4a322a1316d1,cards/vKrdW_4f.webp,vKrdW_4f.webp,480,702,33496,b465c3272a1640563ece61cd98eb6e218e63b86a612a1d805d295507ea6d9005
vKrp8_4f,Lost (2021) [vKrp8_4f].jpg,e10d4843e5a93c928795a50e38ca1e139408beda878896e01f212239ccaea185,cards/vKrp8_4f.webp,vKrp8_4f.webp,480,694,17506,e95f23cf40e45cb7fc2dc54c5d3ef164a3803a4479aeaa6545d3e1f3a3d14566
vLV6B_4f,Rookie Cops (2022) [vLV6B_4f].jpg,211cb6ec38f2ba9fa7fe8569707562de8692dd21db6e9a2e5432b502f18dbd74,cards/vLV6B_4f.webp,vLV6B_4f.webp,480,600,39826,5ae83d845712a30632f48c820c222e340338713b9655eeed8826983f306567e8
vN26Zf,Descendants of the Sun (2016) [vN26Zf].jpg,51f8a63c7ff8aa5cb8117440ed9a9fe31224050083d87ea01599074ac82b1d2e,cards/vN26Zf.webp,vN26Zf.webp,480,686,48754,4daa5e924a5999c3f4a4765a6eafa78e286d788a700d98fdc244fba06cfecced
vNoVpf,Mask (2015) [vNoVpf].jpg,608a7b78864820445e1c4c847ca6005945cb0825f1b20e4151bf8ed346b6a1e4,cards/vNoVpf.webp,vNoVpf.webp,480,632,23168,47249253b9460794764393faa6df4e258a732c4082aa538507ef680b46cfba78
vOOjgf,The Last Empress (2018) [vOOjgf].jpg,17d8dd7fd2eb5307895b47b8d917b18c4d35137154cb6832986ca63914229a7b,cards/vOOjgf.webp,vOOjgf.webp,480,687,86090,5d648f2b784c4bfd547dbc708e5284862d92a011dcd5fda79f329053c57bd408
vOkvgf,Dating Class (2019) [vOkvgf].jpg,38d54b9761f71af97238c603aabfdf5f3b98d1c3a6d1d190f73a00d3af9982c7,cards/vOkvgf.webp,vOkvgf.webp,480,679,57738,4f677c3f2dc35246ccdf3337b0f823450780b5692dc6a058d724aca74ca28d1d
vOzQ8f,Possessed (2019) [vOzQ8f].jpg,0f2da9a4cbae0eb73a2a0bfb34add491d442294e7144d514fba2040021263a96,cards/vOzQ8f.webp,vOzQ8f.webp,476,720,32514,1adb1b96d4e88cdff578481ba4014ccdf86137d3cf7c505a8d1904b9a7f8541f
vP0re_4f,The Kingdom of the Winds (2008) [vP0re_4f].jpg,c830d422894ba917ae379011503515f5cd3c22260569b6fcd8f76139083e4a5b,cards/vP0re_4f.webp,vP0re_4f.webp,480,702,45234,8b908e458a6e6478a24bb26793268e2ca451b9ac5d7b6d92ad9f5ea3acbbce39
vQvO2f,Suspicious Partner (2017) [vQvO2f].jpg,0da90038bb3647039c0fed43fa8cb6fa9543ac4383652a536c9fae140d256b06,cards/vQvO2f.webp,vQvO2f.webp,480,717,57724,b0f9dd448e1a536f27050323c8eaab828b1137dd53e95838dc38928086acda81
vRDYXf,Tell Me What You Saw (2020) [vRDYXf].jpg,d059905760bf5e800f3ec520d3b48eef05dcc540ad4953bcf2d48b7ce191eee2,cards/vRDYXf.webp,vRDYXf.webp,480,679,19032,a89b959df8f95ae92dd29e7aa803258269b14f7e19161453c4f06a369fba45bd
vV3OX_4f,Stock Struck (2022) [vV3OX_4f].jpg,a326d8031ce4bfb6582d0246d487af90a9682c90962af479830a6b8a38eb6d5f,cards/vV3OX_4f.webp,vV3OX_4f.webp,480,684,40696,298ce6be2f7323afe07254a0f9b3f4296bf30b37ca439d543a02efb54c527c93
vWAkpf,I Have Three Boyfriends (2019) [vWAkpf].jpg,565ed3fd809c67092ee4dad735b0b8d18e8c17836692a1d8800229036db198ae,cards/vWAkpf.webp,vWAkpf.webp,480,679,49942,c8ecc4273ea74c854876fc2c72c1f15489620929b99bb085d7a7f4f395bfd8d5
vWVoBf,Best Mistake (2019) [vWVoBf].jpg,ebf5995dd52ec33752c894ee4b048d980a4d59d09590cfcf89346899c7ab8579,cards/vWVoBf.webp,vWVoBf.webp,480,689,92448,c432e3b793cc676679c952a1bc455bd97201acf07885241aa3adb7e918d4b1e2
vX2zXf,Panda and Hedgehog (2012) [vX2zXf].jpg,64a73a7f7e75fdf789991efb0344c78566b4c4276d9bb127fe821704c3091ef3,cards/vX2zXf.webp,vX2zXf.webp,320,450,24342,44147b74fa8ec0cd6ff8cbe8e408dea0e53f6b19a79763cc36374f531a288aa1
vX3o1W_4f,Cinderella at 2 AM (2024) [vX3o1W_4f].jpg,d703f65f37aad0ff9fb5fe0ff6e52c5801411fd800506ed4eeab20126188cd5e,cards/vX3o1W_4f.webp,vX3o1W_4f.webp,480,688,36192,b7a9ebfe29e94c0ed6861926384551f0683485e2845e0bf4c35e4cef2b3744b8
vX57e8_4f,Miss Night and Day (2024) [vX57e8_4f].jpg,a6fe981b99fa8dd9201905a5bebc71c894fcd20a72c00db2c869435e5ca4da95,cards/vX57e8_4f.webp,vX57e8_4f.webp,480,686,34470,4581436c6c04413fe39076f8f82687621c5e072fcc9df92b9e1987c4bb6ae849
vXNd2g_4f,Bloodhounds (2023) [vXNd2g_4f].jpg,78a10181db7d0c0049481a4347b40e2ecfdabc91a2e69807fa7fee5851aa6971,cards/vXNd2g_4f.webp,vXNd2g_4f.webp,480,711,42682,610586d640def8bd008a13bab8235fcfd572422e38a764c18f534bdbb90fae1a
vXX13Z_4f,The Eighth Sense (2023) [vXX13Z_4f].jpg,5b26be27e35f3a10e950fab08ce7cf5936a5c34500c01173559eda8d7e703b16,cards/vXX13Z_4f.webp,vXX13Z_4f.webp,480,670,26584,52ea0b370abc3eff9884c2eb7c04f6c6c67caebd1fab5346e31281fecfec1f64
vXXmNZ_4f,Decoy_ Part 2 (2023) [vXXmNZ_4f].jpg,929daf7ecc216454005efbd24456006c3feaa70de8c52ab4ef1e3a24339db9d2,cards/vXXmNZ_4f.webp,vXXmNZ_4f.webp,480,684,47878,54ce2acfe402b87f6081da1966e1d47ed38d737074615f9e33b2c6b2a2f0b872
vXjLPq_4f,The Glory Part 2 (2023) [vXjLPq_4f].jpg,434fa71f8d27169a473debf91815448c503eec9e0381469ede2dc924dd433f43,cards/vXjLPq_4f.webp,vXjLPq_4f.webp,480,711,26214,2181892cd4e57b390abdd372d4ed933d0197be5ec8680f68e3c2b0d281423b5a
vXo3eX_4f,All That We Loved (2023) [vXo3eX_4f].jpg,51fa4c63971d903a6ec8a9af4bf371f3a557501a34be90d2c14193d38db63622,cards/vXo3eX_4f.webp,vXo3eX_4f.webp,480,684,29036,09b9a5b85fd8b34bffc419ff27d0ea54f72ef88ad4a49e16f7123019b0f29029
vXqAqf,Beyond the Clouds (2014) [vXqAqf].jpg,5ea7a53c7efe3cafa0f4e7799d4f9f01599e7758afaaedad93beedb6afda05d8,cards/vXqAqf.webp,vXqAqf.webp,480,685,46650,8adc37c9958abffaae011836337d2028731d46a2c7452976ab733176bf1f8f7e
vZPEB_4f,Let's Eat Season 2 (2015) [vZPEB_4f].jpg,2e3a04aa4f98df57319d3d50faea0d3e7694bfd41740b3ee346811118c62082e,cards/vZPEB_4f.webp,vZPEB_4f.webp,480,679,48520,20418009b99a223419176b4d372498738fb886b4988c00ab85e696452bb7a818
veEWDf,W_ The Unfinished Story (2016) [veEWDf].jpg,a1c72c67abf3f81fc71ee69457fe989c595ffc66e090c7b795335cc5cbcb7bdd,cards/veEWDf.webp,veEWDf.webp,480,673,53648,9c37f9b420370a909b3e784a3cbc385fcc73c8626444191df5d2fa19861da485
vk3NZ_4f,Big Bet (2022) [vk3NZ_4f].jpg,360147dd745102188b174724256e101140d4c55a32b8919b92ad94cb37c16a3d,cards/vk3NZ_4f.webp,vk3NZ_4f.webp,480,687,39092,4b7c98c80e42227af51824a8b05e5e64e79b35a1b99241149d692582788b9bfe
vlNOX_4f,Doom at Your Service (2021) [vlNOX_4f].jpg,3184e613db022b25d10edc09d8ab497b4398961d465326affd2f46d430416010,cards/vlNOX_4f.webp,vlNOX_4f.webp,480,680,28754,a5b6b8ed3201bd5e4fee063314501f214324815a8faabc70fd7aaf3566296d8a
vm51Z_4f,Welcome to Wedding Hell (2022) [vm51Z_4f].jpg,de8f6f364b176f451c05864f43ce542d99c93c3386067a5785178e37d2a8d5e7,cards/vm51Z_4f.webp,vm51Z_4f.webp,480,687,54086,fea27f432a5f5cb1767ce572c78bd2d32a6f35a4a67a7b03e8d4b67248b2bc74
voKD2f,My Unfortunate Boyfriend (2015) [voKD2f].jpg,ee139db43c1eee07173e64ce745d8ce385a5c56f15d3ea1e0e260aa36d0acd63,cards/voKD2f.webp,voKD2f.webp,480,671,81230,036b313f4e582ed6c515f914455a986fc574edfa7f60eac6cd360fb6a3c1143f
vobL2f,My Beautiful Bride (2015) [vobL2f].jpg,1a9490d99249ece226a87c33ba57fda69cd695031dbe3f01aabff3e07f276ea5,cards/vobL2f.webp,vobL2f.webp,480,679,53510,37f31bccf83d92f0b96c32bfaad2c7dc710d8b0f38a01732dfec14a283533219
vxv2D_4f,Real_Time_Love Season 4 (2020) [vxv2D_4f].jpg,4f09aa6fdb511e9f5f4b5a7d2cf94ea2019ab655574d8b3969bb24c45efe1caa,cards/vxv2D_4f.webp,vxv2D_4f.webp,430,616,33890,3e638206ec0a571c9d0e6fd66ab55234ac06dcc75644fd66a7e9dc3d1bf3100c
w0Q8gf,Revolutionary Love (2017) [w0Q8gf].jpg,667e2f6fbe4ac52dce9975232733fed19ebe752da455dee8763feb7d97b279d2,cards/w0Q8gf.webp,w0Q8gf.webp,480,694,36898,0ff7f9458b3beadfaf70c5584d28f305a02c8eb885099b4d2f05c5c4eb637f4f
w0RAYf,Go Back Couple (2017) [w0RAYf].jpg,c135ad8e57050f48e222b05eec53b60dea6ee033884fd2e2bd3684323df79978,cards/w0RAYf.webp,w0RAYf.webp,480,660,78718,63f766a572f1bbde5976adf2d8e79e89c15f30f7d4d8ae190a9883c063eb86e1
w13Xg_4f,Curtain Call (2022) [w13Xg_4f].jpg,dc219fc60dc6ad1d278d734fdbc1301bead890caef1842ae4b32219176e08700,cards/w13Xg_4f.webp,w13Xg_4f.webp,480,686,39214,9658b5afdf06ff239ca18981bb8b1bfb2ed334cf7148a35ff839421db366a582
w6jkA_4f,"Nevertheless, (2021) [w6jkA_4f].jpg",b0ce52e4d1701a37906d73a6af1bdc369b287cb0c2fa74ea1603002366ddea2f,cards/w6jkA_4f.webp,w6jkA_4f.webp,480,691,27886,9097088f2577e18ee7b05b53aec5da4b759fab5e6c1a7b8d82c7aa3348b28bce
w6wqn_4f,The Witch's Diner (2021) [w6wqn_4f].jpg,319818ca09658f57cb39fb74d563fc1879bc17c31b92c4f09e6b9ff8142266b1,cards/w6wqn_4f.webp,w6wqn_4f.webp,480,684,44058,eee91ad7fbdd60964775fbd719dea2cdcb4989e57a14d647ae69763b4e6329ec
w8LAJf,Where Your Eyes Linger (2020) [w8LAJf].jpg,265470aedce42b9b54971568c92f3cf04fc8b3c784ac2260d44d7d51f7ba3d00,cards/w8LAJf.webp,w8LAJf.webp,480,679,14522,885371332d7df407299c589231ede6e56b7741082d613320db13f53df832b6d3
wAEBYf,The Miracle (2016) [wAEBYf].jpg,42835c6d38952190cd34af15a243c2cbd6a62419edc4a7b6b006e190630bfbac,cards/wAEBYf.webp,wAEBYf.webp,450,628,67542,969e3bc58911a56825a597c1b32c2997ac1f45e30a045061db9e5f3fd0265b6d
wB2X1_4f,Moebius_ The Veil (2021) [wB2X1_4f].jpg,fb600d6a7ae22495fdd81870506e915f7692f9107b2d62d42727ea83cb793727,cards/wB2X1_4f.webp,wB2X1_4f.webp,480,716,36750,df7533a3f33cf468a34c73096a0f3fc197420d3a360876f61ae463ea277b885b
wE3AA_4f,Navillera (2021) [wE3AA_4f].jpg,3c6c2f173bb4818f58d224138d11fcc847425b119ea3eefe5ba7664ab7a003c0,cards/wE3AA_4f.webp,wE3AA_4f.webp,480,680,27528,d9e171021a553b9e3b662fd611f0c15b91dc9e34280ce8fc29ccc51be09d03df
wEZ01_4f,River Where the Moon Rises (2021) [wEZ01_4f].jpg,7aab3a23a36a6a3e9a2ff859374ac89097bbb656c4de86252e1b7bc8189abea2,cards/wEZ01_4f.webp,wEZ01_4f.webp,480,640,14266,ea9a0e2f1e4c86509d42ffee0fc5c855e9c1f0b4588b8715d1e23752157b2997
wJ8nwJ_4f,Secret Ingredient (2024) [wJ8nwJ_4f].jpg,ec97a3999fbbd764fbd42ab564a9dd725b8dc36ea01b641e5f13f74413339722,cards/wJ8nwJ_4f.webp,wJ8nwJ_4f.webp,480,711,40940,d50715d415b4ede8979404c1b7970d43b143fbc046b63d0ae76bdb423f2e042d
wJAkqn_4f,King the Land (2023) [wJAkqn_4f].jpg,bb4f6d4276418949c8a6025ab35b653df2e2e5b8ebaa60146dfb39572f5a6a88,cards/wJAkqn_4f.webp,wJAkqn_4f.webp,480,691,35314,eb0c5e84f85551cb2f2534af046fff6b2bf2d38e9b06bbe5758d0e34a3a8a128
wJJlwp_4f,Joseon Attorney_ A Morality (2023) [wJJlwp_4f].jpg,115143251bb44fce95d651e714c2bca7db39038aa35e8e3ccb42906832a00dd4,cards/wJJlwp_4f.webp,wJJlwp_4f.webp,480,678,33654,1b53b2fe8b90b624346ea9b7f0796c0acdab75366141f6862f02b659b30363cf
wJK5bf,The Wedding Scheme (2012) [wJK5bf].jpg,ed0c22f1bf3c97d211a3b7e2d030f12b109510ea0744f7dd830059d51c7aa659,cards/wJK5bf.webp,wJK5bf.webp,400,567,35718,dc105491a02523729bd0e384759421ebdea902e6c7b552fda85113b0827f01f6
wJKZA1_4f,Happy Ending (2024) [wJKZA1_4f].jpg,b2364ff8c46cbc656eb0d143b128a3078ce47c838013b23a70d0d8fb8665a7e0,cards/wJKZA1_4f.webp,wJKZA1_4f.webp,480,711,24476,7b3595e89cb6db09c86353e267b99c088965593eebb6ac4403155c9e6ad9f355
wJLbnf,Three Dads One Mom (2008) [wJLbnf].jpg,9885d9b9f04bc290780d433a584c82a40a833e16bb301d29eb377c01983d3ab0,cards/wJLbnf.webp,wJLbnf.webp,480,718,54840,12668e1c75797d153c9bf5a0ce7df7ae7dbafb4673c16cf1765a61e3ff1fd45f
wJNVnf,Fated to Love You (2014) [wJNVnf].jpg,a8dec8828f84ce0ac8bf810b970a261143678f2bb07378a94a12d93db46ea516,cards/wJNVnf.webp,wJNVnf.webp,480,715,43502,faf4beae6feda692bd593d1a31b9a4d771647d934676923037548e66a720a41b
wJO1Af,Crazy for You (2007) [wJO1Af].jpg,beffbff94bc1e27afb4adae927e5220042b483fe8034dcb74cfcb25a3da9e83c,cards/wJO1Af.webp,wJO1Af.webp,480,716,34284,3e4685cc278a108cf7eea20b28ead0ac0c6f686f6756d520a8ac21323973583b
wJVDkn_4f,Hide (2024) [wJVDkn_4f].jpg,12d6f0ae251fda79d382f5ced3a3960c2c831a8d51717e0305862e025d83bb8c,cards/wJVDkn_4f.webp,wJVDkn_4f.webp,480,686,17526,0e98dffb66a17895fa864b7c3105a28945e2e5a09eff88f87a68ab73fd20bc2d
wJVdnf,Jewel in the Palace (2003) [wJVdnf].jpg,9036b6153abe815df65b81308a339d78c6d3afeff71f3fc527781ad01992818c,cards/wJVdnf.webp,wJVdnf.webp,480,638,37084,f001bb2e414813462e7902e2542ab31311f88d4e1bd2a989008d3f6256ceb314
wJjAnf,My Fair Lady (2009) [wJjAnf].jpg,3ae5a2c2cd2b7c5bf36c33a2d8119f83e539da8cd79332af96b711eb80bc08ad,cards/wJjAnf.webp,wJjAnf.webp,480,706,45886,4caf1d38ef86f2bd61649386650d99a6476bc4f5c83893efbdc0f5a94b29aab0
wJlQ5N_4f,Wedding Impossible (2024) [wJlQ5N_4f].jpg,4f916fc33f30c961a56d7e5b5bcaa62c67ed28184bf1df78f524266c8e32d418,cards/wJlQ5N_4f.webp,wJlQ5N_4f.webp,480,680,36722,059c976510dc3211b7fc79a1bd199461456901f9449a52ed5ba688b55a4a5a26
wJlbEY_4f,Wonderful World (2024) [wJlbEY_4f].jpg,226140a3ae1845d10088dc01e99b3fc617a4f63c7a651aade16acf0eb71a9755,cards/wJlbEY_4f.webp,wJlbEY_4f.webp,480,688,42892,ba9c2d85fd985e1c247178ed5c9566f7ceaea64fdd2486e0c6e9ce52c8577bec
wJw3ZY_4f,A Breeze of Love (2023) [wJw3ZY_4f].jpg,15a3f46de585b26941dfb3e0e75aca64a1b9c334d6a3bbc19e15ac884baf149c,cards/wJw3ZY_4f.webp,wJw3ZY_4f.webp,480,686,45026,d57b2cbb415bcc016a491905a33b19683310064735613019c3a1b82622d9f50a
wJw8zN_4f,The Matchmakers (2023) [wJw8zN_4f].jpg,3de590bf945acdc8d24cc1d6dc62b92a939c6e0046032c5fdfb19a017736ad36,cards/wJw8zN_4f.webp,wJw8zN_4f.webp,480,687,48226,8d73a21bd0982afe57f44c2e0283521bb7c8743edb6cd967ec17df6a5d47a45c
wJwdQ1_4f,Welcome to Samdal-ri (2023) [wJwdQ1_4f].jpg,e4c3b3ef3fbeb416e9c0e485796333a1a52d7358a14ec250849bd363fe7efa59,cards/wJwdQ1_4f.webp,wJwdQ1_4f.webp,480,687,31318,bfb2fd214ab2c4d1b400a9152fa0bad7fcd32845b1b2bbe52bccfe4329c9a66b
wJxjlY_4f,Crash Course in Romance (2023) [wJxjlY_4f].jpg,00eaca84e6e0304bb5d0761a23b078c85c66cf4246c1797a85afb70ed93de0df,cards/wJxjlY_4f.webp,wJxjlY_4f.webp,480,686,49930,23eb075458eebcb576842e68df9573d827f30a3ceb4ae0c1dd5103ad6214bc81
wJz48f,Angel Eyes (2014) [wJz48f].jpg,3f666b36ffaa5cf4096188b70c780471ed3860a046c82a6a5dacf6c78eb8c4bb,cards/wJz48f.webp,wJz48f.webp,480,719,86796,79faff5dde8402f7cccda30cf877a65ed21f7fdd356de4e189fe14b876cfc20c
wLYyA_4f,Kissable Lips (2022) [wLYyA_4f].jpg,1b6a2e5f6a9089bdbbdf2905c0e31848828daa07385e9908733e0455d8f24523,cards/wLYyA_4f.webp,wLYyA_4f.webp,480,335,12890,3ba5e8e934ebe3d61ec162a3b5ef0af1ea690fd68d487ea342434b0432bedc05
wLdVN_4f,The Silent Sea (2021) [wLdVN_4f].jpg,4777463120b5ad8deb87ba9a194216dde69af845a0dd710b59ebc2b1204e8d88,cards/wLdVN_4f.webp,wLdVN_4f.webp,480,711,33032,b460bd89ca27cf8b1fbebefad13f81439c4dff80342ab022199774bcfd457e9a
wVWznf,XX (2020) [wVWznf].jpg,648e4fde44d92e15374a157bf4a0e73424a03e75d0ad40a584dff8bcba911246,cards/wVWznf.webp,wVWznf.webp,480,662,25888,11d677a371de1421e64002205652e58be1520ba490ed634d2a238fbaa0ff4c8d
wVqObf,"Meow, the Secret Boy (2020) [wVqObf].jpg",fa74a5ad751b64eb117c7e84fc8735552e3ea7ff1576b9b0cd4562e6ea58d976,cards/wVqObf.webp,wVqObf.webp,430,640,60478,66e776c6b9e25dfca9d9f17ac7915344e9a047d20fdb3694fca2da3b0c4f7250
wYL3A_4f,Military Prosecutor Doberman (2022) [wYL3A_4f].jpg,eb7d6afcdeec2d51951e4169151e18dcbfeae520acc9b858696da3570a197184,cards/wYL3A_4f.webp,wYL3A_4f.webp,480,680,58088,7d9e3f745770224f28323b70cc16875e22afd66bde185671838245185f21e1fc
wb83N_4f,A First Love Story (2021) [wb83N_4f].jpg,4c6e0d47075558cd89ac436156bf1b60cfd243b546803a97cead0dcc7866914f,cards/wb83N_4f.webp,wb83N_4f.webp,480,711,19598,f21124dc047ed81f7fe48a44beb8b3772421503c78065287eb5618335535cf6f
wbn6g_4f,You Raise Me Up (2021) [wbn6g_4f].jpg,2d6a5addd33788148d75ef2213dfbe153966b954bd061716d9e4da0d12260a2a,cards/wbn6g_4f.webp,wbn6g_4f.webp,480,680,26578,3b4eac06b82878ff4d2885060088a377255d26ea01bd667b4fdf582787b67873
wd6xb_4f,Soundtrack #1 (2022) [wd6xb_4f].jpg,5f02623bd569805f4a7583a9619252ae9c9333ca8c7b014544481c3b29e37d52,cards/wd6xb_4f.webp,wd6xb_4f.webp,480,600,47732,77425326f616ac671dbcb0779096c7c30064f4de7902a054f8cf78353fa3d3fa
weAdb_4f,Glorious Day (2014) [weAdb_4f].jpg,dbcabfd8bc0a0f3feefa998737944fd88bd6e36d65c955413091e72622b81c2d,cards/weAdb_4f.webp,weAdb_4f.webp,480,720,61806,606922f367d23cc09ccee8cd4dd0bfd2cc96c94c4082e5a4d10ee09be742e262
wjz3Jf,One More Happy Ending (2016) [wjz3Jf].jpg,68a5369cf4c00326e7ad2468f5502959dff58e1b847ac47462cdf24760e19864,cards/wjz3Jf.webp,wjz3Jf.webp,480,716,56256,7876c0177f5205de56394c8e5629a924155b19676c2f82046075855b8fa28626
wl01kf,Love with Flaws (2019) [wl01kf].jpg,3acf4d2b157a14f9540b191eedac72869eff39f0b1f3af3f840e38cbf462e952,cards/wl01kf.webp,wl01kf.webp,480,686,43848,ab4278749ebab4b881f2607b845be51cc8fccde75e46ff40015605f8d9257f57
wmz5nf,Wok of Love (2018) [wmz5nf].jpg,524e8889674e9a2efa939a62f64ce096b864d6d1a44e739f18daf6e41c88bd02,cards/wmz5nf.webp,wmz5nf.webp,480,698,72614,6d5c3eb6d81a24ea790bb48a806dbfaa8566cb76fe901b8597909dcd4dcbe469
wnqenf,Be Melodramatic (2019) [wnqenf].jpg,6d6c41d3154a54792c972caa58a542b59da4b5f9e7f5a0d93284db588f9a30a9,cards/wnqenf.webp,wnqenf.webp,480,682,35236,f731e7a0555a219737a4172dd766e1a24380fb402d094435f4574a0b36d037ab
woN2J_4f,My Unfamiliar Family (2020) [woN2J_4f].jpg,b83c31e53ae2156df5fac150279b74be2dfd77872563763ecd3abb9a774fe1a5,cards/woN2J_4f.webp,woN2J_4f.webp,480,678,28988,7fa18cff0faf7ba699cdbcaf08b9c892cff06ed23134cdeaba47ff2c7f7033a4
wqdDA_4f,Hope or Dope 2 (2022) [wqdDA_4f].jpg,1430a76ae028f361d7e3403ae15dee3a75d7638d7b87158968d059dc324f1fc8,cards/wqdDA_4f.webp,wqdDA_4f.webp,480,686,20866,aa4e941cfb37208ddd8d19d6632ec1a53b5d6cbae8a4cb5c0360b61cf27b33a2
wvXJp_4f,Anna_ Extended Version (2022) [wvXJp_4f].jpg,f75a453e9c2592bdf7780808764d5d702cf38bd539060185a2f48c2eafcf4014,cards/wvXJp_4f.webp,wvXJp_4f.webp,480,685,15300,f0c9f3b48e8f1827e377931f3ef70ce74a6e76b354ab1f1bfc226ac54cf55d0b
wvZlp_4f,Love in Contract (2022) [wvZlp_4f].jpg,cef5368c94146e1e68045cb746680c21f982a96dc3de2ea405d8fdb868262bdd,cards/wvZlp_4f.webp,wvZlp_4f.webp,480,687,61946,9179a201534e2040c43f44c8c5ab4700ba49a7ff788cd6512e16ed279d21c332
ww3NJf,Legal High (2019) [ww3NJf].jpg,b1be37c3eb020ce97b2a37ae53086a9770b20e0f01e07ff457d0cf1a8efe51fd,cards/ww3NJf.webp,ww3NJf.webp,476,720,45492,4bec0ca2c4a72d71540695466cdae96e3a7cea236200d07889dbcfa95b44443c
wwN6Af,Confession (2019) [wwN6Af].jpg,064185fb352bdc0456757f1f360dd6497ab1838269e777efad1cd9b83be163a5,cards/wwN6Af.webp,wwN6Af.webp,480,695,47848,3bc43aaa3c135fff8a16107fdde6287f1f0d00dae34e597754fb4909d5997bb4
wwW01f,Feel Good to Die (2018) [wwW01f].jpg,80ccfbb79d17ceed3b47cfc4ba5f66e46e7f371d0aa8ea4079cae5a30bb75c73,cards/wwW01f.webp,wwW01f.webp,480,718,45234,886f41e4e75fafe70ecfdde86b5af1ad7776ca77fe449dc77a0772c92a22befd
wwnkJf,Fates & Furies (2018) [wwnkJf].jpg,da6c6a1454a9cd2beef81ee7b85458100aef7a5aeb3c5da522e7f2f85ed3a0ad,cards/wwnkJf.webp,wwnkJf.webp,480,720,45632,5659834eb1cbd2d01f7b580d90421a3aadaf4dc4c383f77dffc0ee98650e6494
wwpb1f,"Maybe, Maybe Not (2019) [wwpb1f].jpg",eb5d3e91641eb2ae1d8936eb53a2ddc977ef1710139de4588b5bfbf514b7a42a,cards/wwpb1f.webp,wwpb1f.webp,480,693,18024,9eb39e36fc5045ad7e5770a5a89f6a1c243d8745102864be66ea448dd34b95a7
wz4R1_4f,Zombie Detective (2020) [wz4R1_4f].jpg,f45f172d7f56b7e2210f64638f129d71e4af6de3ffd7263640ae33aa0035653d,cards/wz4R1_4f.webp,wz4R1_4f.webp,480,685,64660,52b2e762750b95e7fc602900ebabdabb6f391041088984e2354c4d56d22b997a
wzXQN_4f,Missing_ The Other Side (2020) [wzXQN_4f].jpg,9c3b53508451f24a8d43c6b58419de44ce3c0a14544f16d3f662068b171754be,cards/wzXQN_4f.webp,wzXQN_4f.webp,480,676,53856,bad926f5c5e545bc49dc57982f37906ad641edc0ef617b69c841049267cc4697
x1JYw_4f,Blue Birthday (2021) [x1JYw_4f].jpg,c4b440973721462b57b9e3ef8176e1783a63c9de9f8e17d275ed72117e587d5b,cards/x1JYw_4f.webp,x1JYw_4f.webp,480,685,41922,5007599f22ee4dc6aaebf9418e93577335cc333e5d9c3b37142c58554732e36c
x2Pywf,Arthdal Chronicles Part 1_ The Children of Prophecy (2019) [x2Pywf].jpg,61b8a7989134fef72d7bfd19fe83eb8593062ed0df7d1e0873a957d9de3be680,cards/x2Pywf.webp,x2Pywf.webp,480,684,57350,83992c4608f11f24f45ea9e383bbab01d3d146165c138920739c65ab28cecb27
x33By_4f,The Law Cafe (2022) [x33By_4f].jpg,3bfcca9f16441bf9e1ee9a279109096654eeeb7b60828aef12808e30cb90cf76,cards/x33By_4f.webp,x33By_4f.webp,480,678,37366,3d6ca62ed7f4c3b45dc41d34cd3c230feed4220bb3d6e58a7966068b6e6849d1
x3qE0_4f,Blind (2022) [x3qE0_4f].jpg,dd768a15fc44084a97c8aa5a8fec1fb265e544078074c03be3ff80aec2847fb8,cards/x3qE0_4f.webp,x3qE0_4f.webp,480,681,17876,0018bd14570998e9aa59f515d97e0cfe3ccb13e933636d80f010ae7e2cb1e4b5
x46blz_4f,Salon De Nabi (2022) [x46blz_4f].jpg,87b926b76636ac3282ae01fea4fce000bf38aebfb75e15a55bef883bb12ec43d,cards/x46blz_4f.webp,x46blz_4f.webp,480,684,44504,bb063f5e7a89d6a4153f49af0c2d6da4e62a18c37fcc6b3eb0b1ae662b1c92a3
x48Ryf,School 2013 (2012) [x48Ryf].jpg,4bc1361917eb80d7c981a5cd80e6c4c34fdba0c668be5b3ab8b45ee1fa26f69d,cards/x48Ryf.webp,x48Ryf.webp,480,694,64246,195e0609069769ff914e9e0b1154d8fb0124702db05c14c8f4be5f900dcbd296
x4EmK0_4f,Evilive (2023) [x4EmK0_4f].jpg,2e20c499e54c71df0b0430bbe3fdd27e722a3f1442fd6808be3141683281d7ce,cards/x4EmK0_4f.webp,x4EmK0_4f.webp,480,688,28048,65d2e1c1ccd6e2158cf14dc39831b895b2c7039ebf4d5723d15dc235c15f6782
x4K4VE_4f,Lovely Runner (2024) [x4K4VE_4f].jpg,6ceaf699395330dec901321ec143ea24e6dbf4fa0de8429110ef23a2f7be72de,cards/x4K4VE_4f.webp,x4K4VE_4f.webp,480,684,29982,2fae9cc1238df27dab359abdaa0b64a2f46a300af73cb1a2af3d6d8b69e9a62c
x4KP3j_4f,Nothing Uncovered (2024) [x4KP3j_4f].jpg,70fdecbb9b808a5b7da96eb79ee904e47eb163d4898e41b5b7efe8af153df0cf,cards/x4KP3j_4f.webp,x4KP3j_4f.webp,480,684,25678,78d299e3839b5d08f34c2a363dc4cf73b62404f2f9af861526cbc1a346604ffc
x4QXEf,Emergency Couple (2014) [x4QXEf].jpg,315e69f38782685c28142d968971581f6f3acd8af416dbce949dbc00c123f870,cards/x4QXEf.webp,x4QXEf.webp,480,676,69682,0b4e8ccf12a05826165f9ff11d04047311bfb6d0f3e8e71561af2fc0fb04ac2b
x4WKnX_4f,Fragile (2024) [x4WKnX_4f].jpg,7449cb4c2c9e7e7f73e897a416435feebce1321b2eae58efd669e7cdf2c132c8,cards/x4WKnX_4f.webp,x4WKnX_4f.webp,480,687,56416,16cbfef224550a6b05e3bb060141b1d279e5b379141243035f701dcabcedff87
x4WXAX_4f,Dear Hyeri (2024) [x4WXAX_4f].jpg,e9d3b44da0d557dc46426d57ca60df6a5578f40b61b01a76c24fef6c2836ab15,cards/x4WXAX_4f.webp,x4WXAX_4f.webp,480,686,32160,2d43b21f9b8a03d8ccf077f565f0fef2cdb02f6e6cb050e7731fa518835fe964
x4XJrf,While You Were Sleeping (2011) [x4XJrf].jpg,651bf142cd565fcad0c54dacf816d0148f6a1a749da43f19bfa9998341fe237f,cards/x4XJrf.webp,x4XJrf.webp,480,708,41888,861f8d4eb1a8005e011021964690e916a236612a47738ce366f00c3b452b6281
x4gbrf,Sweet 18 (2004) [x4gbrf].jpg,c95cc0ec658cb8be52f52765647056f5fd322f8b6b6a6debf808d943164871c6,cards/x4gbrf.webp,x4gbrf.webp,480,706,25470,de6059e3c6fa1aa32d0b40ca57d03b6fde1dc5d8bdb3f5bf91d2db44473dc4b4
x4jKzq_4f,Battle for Happiness (2023) [x4jKzq_4f].jpg,919b557728599939735f336bf65d97886454b956c472c3534e952b64ca887f41,cards/x4jKzq_4f.webp,x4jKzq_4f.webp,480,688,25158,d31ea30da50e1695fa7d0cc771f76783302db1c97aab710906383e9b335c4d82
x4k80w_4f,Boss-dol Mart (2023) [x4k80w_4f].jpg,7675851036addf4caa41a7c89ef82f28d9dfd48973ae8771115dc4a4f3f67107,cards/x4k80w_4f.webp,x4k80w_4f.webp,480,686,66516,d110ba38f0bf3a7666877b019567809b7e1c3fcf953d43ab6e923e2689701374
x4kN8X_4f,Moving (2023) [x4kN8X_4f].jpg,86c466dc653f264e816598d0d2ca63b11104507f9d4661cfec89e3c437bd3cc8,cards/x4kN8X_4f.webp,x4kN8X_4f.webp,480,684,52378,8315e3651f2eb10f21d0542e181c31d8485706b6771a7969d4e2d2b581641cfb
x4ngkw_4f,Love Next Door (2024) [x4ngkw_4f].jpg,a3ad0c45a37fd7d14491adcd3985cb56d0a1ab7134835d7af7925fc86f3502a6,cards/x4ngkw_4f.webp,x4ngkw_4f.webp,480,686,79994,0ce01914e83175c6422d90af59fec880da13dbbd8f53adbc0b8e27a289007134
x4vZ6E_4f,Longing for You (2023) [x4vZ6E_4f].jpg,0975e50dbe8ee3058ede235f15c9172bc39897a26247eac734975d65b96b3489,cards/x4vZ6E_4f.webp,x4vZ6E_4f.webp,480,686,35478,cf92eaac8289fd1ccd86ca1d26587f1b155e670a707123ce23cd8e089ada6839
x4x7lw_4f,Tarot (2024) [x4x7lw_4f].jpg,b9690911609f6f280f5d9dc3ba350db3d1ac9a9a66d69a894ae51e2bdec6fc25,cards/x4x7lw_4f.webp,x4x7lw_4f.webp,480,685,40278,0674c3d9ccc958fbcff1d038e39838fa288dd5a17306eb483a2687fcf0d3a64d
x4yvAN_4f,A Virtuous Business (2024) [x4yvAN_4f].jpg,3a9669215a0a4345f3dd114c4fefaf66a8b70ea28c055414e15dca5ea0eac41a,cards/x4yvAN_4f.webp,x4yvAN_4f.webp,480,687,57028,07611f8cb2fa307d77f60217b58061280a777c4ffb81e61e493f6b06fd0b6ef2
x78Ar_4f,Revolutionary Sisters (2021) [x78Ar_4f].jpg,5afbdb61b07ae5df9b43d9e50fe2e836493c819c394e63e4f95c18ac7180c62f,cards/x78Ar_4f.webp,x78Ar_4f.webp,480,684,50366,7e954ea4ca3ffad310fc67bee73309553921b1b4e8aa23d1d529d7e23345c072
xAbwyf,Queen of the Ring (2017) [xAbwyf].jpg,d452e2e39149d304fd766c194d6d5a9d3db8216f91eb3eca2357fd5f3676f9a8,cards/xAbwyf.webp,xAbwyf.webp,480,716,22990,5dd8ae1b166cb72af760b59fd4d863e395ab8e1b4ff2b3b7a201bbb9ee2cc180
xEp0yf,Voice Season 2 (2018) [xEp0yf].jpg,3bf0af319e3b29ae71c18813a05e0ef9f2eb2c5ea166549d5d7b62a9843ed30d,cards/xEp0yf.webp,xEp0yf.webp,480,684,21066,36ae60aca154289d309dcbf0ba9156b83339bbb9ed5bb469f30f1351350d3b54
xJ7pr_4f,Mad for Each Other (2021) [xJ7pr_4f].jpg,f277437fdfc52dda9628c3c8d9e55d67ad17327fd2bb89af4bf36e949c650311,cards/xJ7pr_4f.webp,xJ7pr_4f.webp,480,685,73376,223a89801efaa95236220be3d8f86c90f891d9fe2cb696de131050d14a280d1a
xJdOy_4f,My Roommate Is a Gumiho (2021) [xJdOy_4f].jpg,b552bc969b39a5c8a02131c9b04e84764cee89414711709a68690aa0884cb796,cards/xJdOy_4f.webp,xJdOy_4f.webp,480,684,45456,fc3d533ff240fd7fb2a400c8a5c9bf56bb4017a64a32b3cfaeae8dc8a781979d
xJv2N_4f,Dark Hole (2021) [xJv2N_4f].jpg,2bc65150619c6021de94e49494ffea8838013b79a7ac418086089fa1be3ce946,cards/xJv2N_4f.webp,xJv2N_4f.webp,480,676,41484,0ba775985ffec6c711bf263298fc16961ea671029992d7285c8d35534ad4b700
xLg4w_4f,Color Rush Season 2 (2022) [xLg4w_4f].jpg,9eaec9d24ad811c6543a181f66ecadc301c719407e976791e2119ffebb44ee0e,cards/xLg4w_4f.webp,xLg4w_4f.webp,480,679,28894,99724f76c4edfb06000fd79aab9a0f93a0c00078d6ca82e85b03ab0931c77aa0
xNv6j_4f,The Sweet Blood (2021) [xNv6j_4f].jpg,3eae8c2bc338647685d55ccf9b07dfffb17bb14f55e1e60d7f73caf024ac5490,cards/xNv6j_4f.webp,xNv6j_4f.webp,480,679,30464,a46230d989e09d4027b6f2ca9ebc4fc9a90eeb28d57c1fb36886e8f4a43869a4
xOwqq_4f,Let Me Off the Earth (2020) [xOwqq_4f].jpg,f6992c92aff02865a7ac98b0e5179c9501a0915fc65c1b3faf5d64781ae6a952,cards/xOwqq_4f.webp,xOwqq_4f.webp,480,686,38292,5a3a454b782ad2059656b92c2468e73637da03a5cb27d1d479a1ea05954e0dec
xPNZNf,A Man Called God (2010) [xPNZNf].jpg,a22241e13a8f170ee99e920ae676eb2a91adb395618530a574ce949cc85bb051,cards/xPNZNf.webp,xPNZNf.webp,480,716,46078,462d833a689f66994fe22a53aa0793c4ee88c357e8303b9945f5ed799f746c3e
xPgQ3f,Dream Knight (2015) [xPgQ3f].jpg,41cf1c61580b8ff4c8bffd24f23749716ec0328d27c4ae68c08c23ae16193a23,cards/xPgQ3f.webp,xPgQ3f.webp,480,593,41480,ea02f6752715379ba40aba9e8b7ebc9b2b540dc52344fc1c88b982e3d6fe8329
xQEdXf,Flower Crew_ Joseon Marriage Agency (2019) [xQEdXf].jpg,eed29cdde428d77c41fc758ef969884a8dc243dad76a2c46f09737fa8dbb1057,cards/xQEdXf.webp,xQEdXf.webp,480,664,56732,96328fbc9cc485996918a2002ca4472bb516af83881bb097ac5ff95ae37458a1
xQpBzf,Shining Inheritance (2009) [xQpBzf].jpg,86694325428978e4282a370de69726c8d4f146c3a7cc40c61bca217e7b8205d7,cards/xQpBzf.webp,xQpBzf.webp,480,668,43792,a8fcf920150faf789b815d650bb6f9bf0b85346905e0b32afb02f080a0ed6675
xRgQ0_4f,Our Beloved Summer_ The Movie (2022) [xRgQ0_4f].jpg,5c307a7f122ed84249e5ea61f0961699df43ecae3b08a8758b8539dd4ebe3d24,cards/xRgQ0_4f.webp,xRgQ0_4f.webp,480,686,69430,aa844e30639937e967054e5c95c51daac8da3d514eb45088c3786ddf9a5430ad
xV47q_4f,Love in Spring (2022) [xV47q_4f].jpg,9e4f5240ca7cbeae0110d207f18dc75155f6c79d4c4cd22f7643841032b73168,cards/xV47q_4f.webp,xV47q_4f.webp,480,689,51218,5192012c7321b2aef322bcfbbae0620db256f71ebb1af0c14325af762de38ef9
xVg8E_4f,Cheer Up (2022) [xVg8E_4f].jpg,87c545944563763cd16b969e1fc1cf570eb6dab03f980b589d45805383cbe290,cards/xVg8E_4f.webp,xVg8E_4f.webp,428,720,58218,e2c9cdf2a6a9aa2dfdc1aa566f7f43f8c629f31eee17f7133f10cdece4e3b0db
xW1vX_4f,Live On (2020) [xW1vX_4f].jpg,a816a8a965b42e108c1d3f6094e81eed886a1b31b4eae6f58d77668ed6f5b900,cards/xW1vX_4f.webp,xW1vX_4f.webp,480,686,45828,81123a97c52d97c7f861583dabe287a311083a592c95b602fa0c0780b4b8be92
xXK7yf,Prison Playbook (2017) [xXK7yf].jpg,05be40b47d5754c5e4f63d7299e40a324b5459f38caa5d579052873583d6c32b,cards/xXK7yf.webp,xXK7yf.webp,480,679,35924,6d02f8ff23f4f4c21790c9edfca849e707ea3cf67e66df14cd7746e8774f8586
xZNgy_4f,Under the Queen's Umbrella (2022) [xZNgy_4f].jpg,ec1742071dc67549fd0e745aeee57b8555cc2c0c3ce5af0b0f4ecea07c02d41a,cards/xZNgy_4f.webp,xZNgy_4f.webp,480,680,40824,2efd949eec209cf1f8bc843086d5885e37ea47bc9d2e4267268b2cf1fcb40a5e
xeQgy_4f,Unlock My Boss (2022) [xeQgy_4f].jpg,264fe6b87af303aa5a419ff6036076930b1e5d15199ed1d6ba90f22c847ac109,cards/xeQgy_4f.webp,xeQgy_4f.webp,480,679,41804,ec528e00c56104fdcc804bf074f144bff594ea39701ee0302bd9a8ab2ec14e9a
xjNByf,Choco Bank (2016) [xjNByf].jpg,84fccaf64555a56a679da87f1b9e175e8aaf7cc67be397f5940761c062512c40,cards/xjNByf.webp,xjNByf.webp,480,679,38762,b7bf47f6a859d16f8d3901b1f0f5827b1dafe789f09e2bcecae826bc737e0188
xjdQrf,Ms. Temper & Nam Jung Gi (2016) [xjdQrf].jpg,95039f32fd4b7d588b6064f77e77e154663c2c763938f862b2d5581b4cc03d73,cards/xjdQrf.webp,xjdQrf.webp,474,720,63786,480eb57708c2ae175f3f8d8a000581c00381d20de5e48cb84763bf977731b537
xkNgyf,Hospital Ship (2017) [xkNgyf].jpg,8d4c40ba43d58ef5901380be80d0bcd00607b544ec16cb6791d1f37b27ac47d6,cards/xkNgyf.webp,xkNgyf.webp,480,717,42486,9b010d3da9d6b5461a6cbcc7f5d28c9251168b5ec7373605401f1f9bf146eb9c
xlJmX_4f,Mine (2021) [xlJmX_4f].jpg,5ca7b0929e0dab431baf8c359727db3dc13bf80249ea46c6f5fe605702995070,cards/xlJmX_4f.webp,xlJmX_4f.webp,480,680,23800,e1b4f5a38a9b0bd194c6404b2b0aed3b31d0e15b6857c01e4b5bdb31d1885370
xnNnq_4f,18 Again (2020) [xnNnq_4f].jpg,2537a650464b6e40c2945f17e48ef8ca412fd371e712a0782e12f7e23f7e8520,cards/xnNnq_4f.webp,xnNnq_4f.webp,480,707,41728,ce5936f0a2ee43e0bb188bb400be48827aec79369a70b491c9533352dae81e43
xoWvq_4f,Kiss Sixth Sense (2022) [xoWvq_4f].jpg,21b6f8f1fe8d7d0a41590fd7aaf94ad9d4513825eb51d37a10a547effacbf774,cards/xoWvq_4f.webp,xoWvq_4f.webp,480,600,36920,61e25e6b15b8fdeef0839e2fe1dcc85973c6606548d6471918819d0c3cb1c145
xq8dq_4f,Best Mistake Season 3 (2021) [xq8dq_4f].jpg,8f21a8ae821fb5a19546a70482391b475ead6daba3ced6f66a7e9a0d2f7e9343,cards/xq8dq_4f.webp,xq8dq_4f.webp,480,679,39620,4bdfbaa351ea501887ab4bae742ece2370973e8326f7b838aea9ca7bc063c626
xqVw3_4f,Sungkyunkwan Scandal (2010) [xqVw3_4f].jpg,a1913e18436131fba39eb90580288c44c178f64220d225e3cb255ce54ede17b9,cards/xqVw3_4f.webp,xqVw3_4f.webp,480,720,38420,76147bc3d60e2ece02e7409dad847fcf1594ee0dfe5c3b76295cf7dd34e85bbe
xw3xX_4f,It's Okay to Not Be Okay (2020) [xw3xX_4f].jpg,062e2f1bc0a832a5df86a959ad4919a3e675b74f0963a70a40523c2148cb6ac7,cards/xw3xX_4f.webp,xw3xX_4f.webp,480,682,28186,0dc7905d5e12cb259dca1286399022a89386427119a67435757b4e905c03ee78
xwA8r_4f,House of Bluebird (2015) [xwA8r_4f].jpg,57759180421a6c153c2f3bfbb5cf8d4a7bfa401b48f9eb419e5c8d23f36cffd6,cards/xwA8r_4f.webp,xwA8r_4f.webp,480,699,86424,22bca7870314ae999d2fa9a5203a8d28a0105915d86f46b7e707d7579f3968bb
xxJEy_4f,Kkondae Intern (2020) [xxJEy_4f].jpg,3c9e44699911cee0b18fcd57e20e3526e298bb716aef49aa5865249ccc972a49,cards/xxJEy_4f.webp,xxJEy_4f.webp,480,660,51108,284ea18eb3a50072d04d67f15540b0ba519ec31c90573b2f325ef8e0fa7cb912
xy8oq_4f,Sweet Home (2020) [xy8oq_4f].jpg,3c3491a1c7e8c995571956bb4189eb37c46d6a6b213d2034f379f47f52a2c557,cards/xy8oq_4f.webp,xy8oq_4f.webp,405,720,36842,333c5c77c0ede9b7ace60b7391895f774469ff84309b7e7e4c430c57fcee65e5
y6ZZ6f,When It's at Night (2008) [y6ZZ6f].jpg,6f72bf0c3e90dd0e72b544444e96cac942ab062e58abbc92ca825cc3f5148d66,cards/y6ZZ6f.webp,y6ZZ6f.webp,480,716,48422,1078f31f31c5286503ede71193455e425a8d1edf723ab57a71f602d63b5ff978
y7yYKf,Save Me Season 2 (2019) [y7yYKf].jpg,49dfe24f574c54f0ac4df5a0de7b43e7810d0cd1d71813a75e617e2f05a058fb,cards/y7yYKf.webp,y7yYKf.webp,480,684,39026,09cf1de7de4b2efab4ce814bb4e26c45a4b0561de2bb8b0c7a9ec70313ae1999
yE4jBf,Something in the Rain (2018) [yE4jBf].jpg,67abe8421927e342f1eae5f716ef750a347445183ea983b60258e1353b2ff0c2,cards/yE4jBf.webp,yE4jBf.webp,480,684,35942,36e991c4b219a9c266eeed98e7e302c679aac9f4910d3a6fd29d00dbd33ea18f
yE6K3f,Children of a Lesser God (2018) [yE6K3f].jpg,07494b83db53972153b3052da2e36a78cd090a8aed86762f021095b0215c6998,cards/yE6K3f.webp,yE6K3f.webp,480,660,41242,0bc69592269cf3a9d55af4f38f9b8d2800cadf2b8a2c4ab2e7edd0cc84f2dd63
yE7P4f,That Man Oh Soo (2018) [yE7P4f].jpg,bde3e59e2988878d7d905b2c41a9eaab75a717e0297a16cc36002c44f55be967,cards/yE7P4f.webp,yE7P4f.webp,480,694,67660,a9d6851d487769a199e025ff2053b3a50ebc1784ddd424050e4470a2e232fa56
yN176f,The Most Beautiful Goodbye (2017) [yN176f].jpg,2329864d2be74822495928c0eaa1ee55bfe6e1c20d1055d43d9fc79f55e4d509,cards/yN176f.webp,yN176f.webp,480,693,69712,4c99e6e78bd820f050f84fc7a350dae2ab2030df1625223d6eb6287416714b1a
yNNddf,The Guardians (2017) [yNNddf].jpg,c8f0eb756004a95c323fd31a83f341cda921e5b713e8e6f1f90a5dd2d3e539c5,cards/yNNddf.webp,yNNddf.webp,480,717,50894,ba28cde754cd107edbec69cd641aa19f8da8ce0451cc19b722a3f23f5b5b3d81
yW0mg3_4f,He Took a Mistress I Took the Sky (2026) [yW0mg3_4f].jpg,dfd5262285b2d18e0e85e238b5722c13275bc5c4a571498517bb11d0508c7037,cards/yW0mg3_4f.webp,yW0mg3_4f.webp,480,640,29202,974dfc135d86c03704acdb7a5c590c8087bb4fb35203fd1b7deff821e56b34af
yW1A5K_4f,The Scarecrow (2026) [yW1A5K_4f].jpg,af42fa13d7ca4975822a8fdb9a05c007cec1e2416bd9dc3ed659ed190252372d,cards/yW1A5K_4f.webp,yW1A5K_4f.webp,480,686,31450,bb8477d25ec49380f6bd08495be5996385e118d38595a97f1048584a713223e6
yW1OQ1_4f,A Ghost’s First Love (2026) [yW1OQ1_4f].jpg,4c65f3e9f7fb12633a64e74a645ea8f1a4b604b0bdb7148386b052b2c8c21071,cards/yW1OQ1_4f.webp,yW1OQ1_4f.webp,480,270,3792,ed6ae1233ebd5dc0d3f359c06db4d8a938d3d076a4977ec9ff98e23b3fb6d846
yW1lP4_4f,The Hidden Hikikomori Master_ Tae Baek Ho (2026) [yW1lP4_4f].jpg,e1340acece6a1c05b1ad0b97d255f886ad78fabb7a9bae5c8a5b236d3d36c66f,cards/yW1lP4_4f.webp,yW1lP4_4f.webp,480,640,41876,56b4b9e89c42646f3f9e44926f59e2f4a2b5e73eb48cd37497d316d47f8f3815
yW54Nf,Horse Doctor (2012) [yW54Nf].jpg,3a32840ba87318ca828b52971aa15d22a93a8682d1ccfbd386a3374189c6fbc6,cards/yW54Nf.webp,yW54Nf.webp,480,716,58350,5b54925fc6b1c88a71f3bebbac81e2112b76af6474515d9d3e38b23db92794fc
yW8EEk_4f,My Girlfriend Is the Man! (2025) [yW8EEk_4f].jpg,7480744ff100404b198f9896489d00e9170871d94f57f298d64c0915ed6b0507,cards/yW8EEk_4f.webp,yW8EEk_4f.webp,480,684,34840,e3e80a74b84be38377b01bd67bd865bb764535979daa7ea4683b0c955fee9bbf
yWBvNK_4f,For Eagle Brothers (2025) [yWBvNK_4f].jpg,65ae26770284ea8447e402b54042b7cdb45786d0a853659f1d76334b4f68a300,cards/yWBvNK_4f.webp,yWBvNK_4f.webp,480,686,59452,f48b690619a3b68545c6f8b2b1bf4c59f85b36af03b989a74cbf0e18de4d4e6d
yWDPV3_4f,Private Lesson Uncut (2026) [yWDPV3_4f].jpg,2f6da6499725c6ec3dabbd063bf86138344ddc4b23db1374bca30df70f2dfc0d,cards/yWDPV3_4f.webp,yWDPV3_4f.webp,405,720,16408,180709bac26ab5c4815f08c4aed6a6e4851fe02c5f3112c5d921f2a696a19136
yWKEBf,Love Cells (2014) [yWKEBf].jpg,04c47d6e7624b61a7fa75a98bc9a1c0939cde452bed19c9e47ccfc10d24c904d,cards/yWKEBf.webp,yWKEBf.webp,480,661,55530,0d1414e7adad0961ddf5b9020beb1dd0eb38bb525a01d4dc62b9998946d59f09
yWLZjd_4f,Never Ending Story (2025) [yWLZjd_4f].jpg,3f8e3357c92a4f715506f79f845b9d14c70882c07c9f59613d244b93671767ac,cards/yWLZjd_4f.webp,yWLZjd_4f.webp,400,720,11868,b92af9aa035b583edd1ae3476383eebfa7215220e34b002fe24a540135884542
yWODkN_4f,Undercover High School (2025) [yWODkN_4f].jpg,7f6953657fef656a1a69eba99c761264efd9f168f74fd8dd96372bd1cdafdd50,cards/yWODkN_4f.webp,yWODkN_4f.webp,480,684,31866,5feb4a1d52c5f28ed39db0635b1fcd7e67682543807475c8629a3c867c3fd198
yWQE4f,Wonderful Life (2005) [yWQE4f].jpg,df0d3e0e77af9ed0f5b99ae3850a31f7e4ba7cec23d6072b9303673fde322555,cards/yWQE4f.webp,yWQE4f.webp,480,660,47498,c64d36e590e29245ae2273fd254bf9745b4544e76f253fd02cf8e47e2bc4f9fb
yWZwy1_4f,Karma (2025) [yWZwy1_4f].jpg,216d9d92bdb0504d3be01cf95b006f1eb6fda5cb0d78154d670b44df680be233,cards/yWZwy1_4f.webp,yWZwy1_4f.webp,480,600,31084,864deeceee9c52958d3e9e5e5cbf5ba3433b92e54b72379274757c8bf46e885e
yWk6oR_4f,Kiss Kiss Sxx (2025) [yWk6oR_4f].jpg,a6119ecd769ecdface1d0cc5c7673b174865a2f645175229332e3115f1b60461,cards/yWk6oR_4f.webp,yWk6oR_4f.webp,480,711,20062,1d59d72cba5333e10b45b9ae22b85f3c6ed2bc2dc17f47c4eceaa0d3e19714c9
yWnV4B_4f,Human X Gumiho [yWnV4B_4f].jpg,d62627e5ce4986b02e368abff394058a8b7c4fa71316a3525b8455d9b4dee58e,cards/yWnV4B_4f.webp,yWnV4B_4f.webp,480,640,5964,568a82befae174e972a235d88df41b75e263f17187e53bf154277736a6e85677
yWp1ed_4f,Today I Divorce My Superstar Husband (2026) [yWp1ed_4f].jpg,490b19d22befd8677eed9a2d6242659cbcb894afde48ca1d1b9b5a44d1412bd8,cards/yWp1ed_4f.webp,yWp1ed_4f.webp,480,600,31872,5662660217499435b3c67032a986010124b116d5f81e210e022eba70b9a5dc6d
yWrJl6_4f,Tide of Love Season 2 (2026) [yWrJl6_4f].jpg,e4b7a0b9910fc2366c0718eb02dd3a43b5ce7d92746790030f2d061a9ec4d87c,cards/yWrJl6_4f.webp,yWrJl6_4f.webp,480,640,31552,cb6465c27c0469981bdc67d5a5bb1d37e5cdd3da1456eca8ad69b999b851398a
yWrXmB_4f,True Education by My Billionaire Teacher (2025) [yWrXmB_4f].jpg,cafb7b9f53f3e6f0f866265b0f93deccd38832ec44fb31e7cd764daea6ab1acc,cards/yWrXmB_4f.webp,yWrXmB_4f.webp,480,681,67272,77ce7ca5fd0bdd13bd95a2d1de791703d30e5d5abc7f930c4c80e890ec8c1c9e
yWreBf,My Lovely Girl (2014) [yWreBf].jpg,01a8d99afdcd4a5ac9eb0f7394affc94406620c06ee889a3a19ea795e367b9b2,cards/yWreBf.webp,yWreBf.webp,480,718,49712,a03a4cadf95a11fe10418463c36f4d91fb1cdc54414385a73304f901ead896ea
yWxZyk_4f,Doctor on the Edge (2026) [yWxZyk_4f].jpg,8300883839daf9814b4abd05e90ef00c9cd174cf3998a20a086f34e22eee1281,cards/yWxZyk_4f.webp,yWxZyk_4f.webp,480,686,29126,7e692541ce05339e2dafeefabcfd0d0a73bb8c9bee19bbbf00b4313ae58a6c5c
ymbm1f,Click Your Heart (2016) [ymbm1f].jpg,1e20e2701bb61ba69733b73a97f3156ef05fadaee9b2c7c6d6a40fad8bbf3a44,cards/ymbm1f.webp,ymbm1f.webp,426,597,32918,62a96378585f5ef5af624d8545c5b8856af581a94075dd2d162248ae43385163
z708ef,Voice Season 3_ City of Accomplices (2019) [z708ef].jpg,938479f465968eef93555b1b53954ec40cfc74ea5c94fc976e1b828d9d3cc36a,cards/z708ef.webp,z708ef.webp,480,660,34968,ce19ac53dc2137a762c21b27043b90026d3274be75c7f5df6f79a474db30385c
z7goef,The Sound of Your Heart_ Reboot Season 2 (2018) [z7goef].jpg,6bdec49e7e0e1c1d99cb6db301f86847440a97fe54206465a436e40390c3eb3b,cards/z7goef.webp,z7goef.webp,480,688,62668,ac9d18d237664b523925eeb1abf59163c20fd546affcae877fd0f3dfdaf14820
zB1YeA_4f,"We're Closing, My Assistant (2026) [zB1YeA_4f].jpg",5683dc0a4ca3c4705596a1055151825dfca12019403e1d71a98c83d2ce1dabb9,cards/zB1YeA_4f.webp,zB1YeA_4f.webp,480,600,48364,aea21294e79705a36b1e45407bfc3006c35966d2065aec98379eedd5ebffab38
zB1xqA_4f,See You at Work Tomorrow! (2026) [zB1xqA_4f].jpg,d9b429ebdf9ee3b59b31a41d786b34afedbb2965740ccd2190ace4f4637161bb,cards/zB1xqA_4f.webp,zB1xqA_4f.webp,480,680,30896,33bd278aa606c2520fc2309a6dae4150a258c82ddac10778dec06764fdff444c
zB4jJf,A Thousand Kisses (2011) [zB4jJf].jpg,4cec592938eb94fb4fd6ca9da847b3e0688f66fa5ef40ffdd00b1640c51b46cb,cards/zB4jJf.webp,zB4jJf.webp,461,720,39064,d39a0a77f8b9d9b471cc381f42d3f98715e50287cd8f4971932e3b8e8b2a3364
zB5DOf,The Spring Day of My Life (2014) [zB5DOf].jpg,7f9ec770ff692c6cd6a05c1c4957da134685199729e39f7dbd13c49c1c19cbb7,cards/zB5DOf.webp,zB5DOf.webp,480,716,36644,27f90df10af8087b15a4f00804a7a2f42f93c5a34e9049b47021e6e01960bf41
zB5Vw1_4f,Love Track (2025) [zB5Vw1_4f].jpg,a281ba6aea682a0aeedc25148580e1cdc436570ecd0d2c06844a2b8c0a8a2fe2,cards/zB5Vw1_4f.webp,zB5Vw1_4f.webp,480,685,32146,6357b229382d871d5b230589a28719921318d7e33fc0988bdd7524aaf0381500
zB8Q8z_4f,My Bias Is Showing_! (2025) [zB8Q8z_4f].jpg,cd35f086c83669101006efe8dbd458ca7a9e87fdc5bfef1a28464d45b5fe4c11,cards/zB8Q8z_4f.webp,zB8Q8z_4f.webp,480,680,42218,1d32a21ef1e2d43be5a616feb93bac89e5a051aa99a579802d3c7f54797fda4c
zBApZJ_4f,Villains Everywhere (2025) [zBApZJ_4f].jpg,58f9945aae0681b3399823dc0bb8c115e3e45f80a21e1178394b3ffe913143c3,cards/zBApZJ_4f.webp,zBApZJ_4f.webp,480,707,38360,d0604238175502b7f90018316db1ef7a7385fe84a588c5cc698cea2e65eb4351
zBLdn1_4f,The Fallen Star and the Hidden CEO (2026) [zBLdn1_4f].jpg,756424191cf6ab7752c7e8308bf9b8f141a4200830466f98c7df3fbd9212a8c7,cards/zBLdn1_4f.webp,zBLdn1_4f.webp,480,720,32250,014359f58c296f7bd86e11f5cdf0208fc291806dbd8802b501533cbc3cd84131
zBLwzf,Shut Up_ Flower Boy Band (2012) [zBLwzf].jpg,91052c3d2155e954cfcd4b075df413007573e05ba441f278fb24c4bf0e3fd198,cards/zBLwzf.webp,zBLwzf.webp,480,684,46624,82b64ba8f1294bc26833bfae86d335ef112a54b488e27dc4b269837d02d8a071
zBLzOz_4f,Blonde and Blue Eyes (2026) [zBLzOz_4f].jpg,6bd5efe1a5f1a1b98cb9a57ab4e21b44b19557a651671b3c005b2b447ddd3699,cards/zBLzOz_4f.webp,zBLzOz_4f.webp,480,600,19178,8d0a97fc563c977e8b5ab2a98ac827565b1ae0b10390ad089dac5ae5d01be1cc
zBQPdz_4f,The Woman Destined to Save the King (2026) [zBQPdz_4f].jpg,588a9c7812a35260bc18bc79e76e404c4db14642ed68a9ef42e306ad3bba5b55,cards/zBQPdz_4f.webp,zBQPdz_4f.webp,480,720,29770,d85d6e5dde918dca3b259bfd851eebc2bf444b69438493d3d5721d5697c88e49
zBQZg7_4f,Team X_ Reunited for Revenge (2026) [zBQZg7_4f].jpg,276fb33ee40ad826ad4f6bdebecdb3733cbea75e61e45f40818aa8cac62ac130,cards/zBQZg7_4f.webp,zBQZg7_4f.webp,477,720,43266,f14abf791e9e7629569bb983a6f1aa996e5d6635266a2e314cd2b0ded74983ce
zBW4Ae_4f,tvN O'PENing_ Mission the Birthday Invitation (2025) [zBW4Ae_4f].jpg,787148f678bd599493c8596365f6d667ba9307be838e6183d8fb302f4e8ed0d1,cards/zBW4Ae_4f.webp,zBW4Ae_4f.webp,480,680,37948,8ffbb826ae6832d84b5e50bf79be2b86661b38707711ef9b9fa2ef26b7b2e943
zBZDdf,The Best Future (2014) [zBZDdf].jpg,89fd76857bae487de0dc9e854c8245b4f829d61d5236086f7a679847b9b0a5b1,cards/zBZDdf.webp,zBZDdf.webp,480,688,70480,64faa8ef57e6657dad0992a9a2ca9c79ba7c9b9487abaf21f15f70a5611543ba
zBZN6P_4f,President's Secret Mark (2026) [zBZN6P_4f].jpg,ec53835efe139d50f33dfcd517a73dd0010bd87c42974351cd5256030693c30c,cards/zBZN6P_4f.webp,zBZN6P_4f.webp,405,720,19280,09bf463ef59854f9770e2701bc30caa09d091e08c47a3cece35a2edf1544f575
zBjYyf,I Need Romance Season 3 (2014) [zBjYyf].jpg,5d185f4ee3d8156bf2933b381499ff48e25e01bd2e0f8868c1d24f954615c4ff,cards/zBjYyf.webp,zBjYyf.webp,480,679,53222,da37d3eeee609b6184bf1a3658e6c8548d426d7da20db111bfa1580c1e66b77c
zBpVKA_4f,Supercar Cinderella Story (2025) [zBpVKA_4f].jpg,610889eb2658e9df07959c8b60a7c7418819e48ca159599bbb880f3525199583,cards/zBpVKA_4f.webp,zBpVKA_4f.webp,480,720,51142,9f25d9b3292e687ae9b3e8d2887ab8b357efabf4f4ceb2ed4f7f40462244cad6
zBpX6y_4f,The Golden Promise (2025) [zBpX6y_4f].jpg,e7f0ad2b4611dd74aad84a2d78769e3f76ec960a2536ebc677c4890a7356ae43,cards/zBpX6y_4f.webp,zBpX6y_4f.webp,398,558,20558,5a1d9c3dc715f0ab47906433b4ab4b3845346bba5f53ea3f1008602dbffb211c
zBqDAO_4f,"Darling, Is It All Coincidence_ (2025) [zBqDAO_4f].jpg",aac4b8535d32a9037756925286cd53af65a788a9d4cacf80a01b654508613e8a,cards/zBqDAO_4f.webp,zBqDAO_4f.webp,287,431,16600,0737e29479b255eb0575f6c414652f3f071bb5d7e1c3d5465547fd41df1200dd
zByjW1_4f,Laundry Romance (2026) [zByjW1_4f].jpg,103d38dfb2d4a4f49261899e316dbde13a1f442151db100bc00fa03541a68015,cards/zByjW1_4f.webp,zByjW1_4f.webp,480,679,32746,a7ed39c53d1ecb5693efce81f273b831d31381210561b36785b859017d9b9b24
zBzwOf,Mackerel Run (2007) [zBzwOf].jpg,472a8ce8d0bf29b039b7229316698410406ba778bcc099362f6612a703845266,cards/zBzwOf.webp,zBzwOf.webp,480,652,48002,4f1e70a9bd1eba365f850bcccf51d5c127624556d233eaa2bc7f82471b5ab180
zE4eyf,Suits (2018) [zE4eyf].jpg,d479cbd8fa03416a944f0810355456e5bb84f37837b4841c433ddf844a94067e,cards/zE4eyf.webp,zE4eyf.webp,480,687,19354,0921bcac52e50b2b91e0f2a649b3426ae8a386c5e867a7d456a7b4d360643aef
zEEzdf,The King's Face (2014) [zEEzdf].jpg,fb6bf8431ae6858aef35366bd79a11f9f5359b0beb286b34038b10dc8f2015b5,cards/zEEzdf.webp,zEEzdf.webp,480,660,68034,3515a0a2e7602cef8c6c5006ad700e51426c4ac2411c1e68c28f021f533de4f1
zNbw7f,Giant (2010) [zNbw7f].jpg,297518b72138032b247d1fe5a70d91d26296c69adbc213596ea97e97bf6de63f,cards/zNbw7f.webp,zNbw7f.webp,480,664,51828,a439349efb1e4be68f9da02e5a8c82a52f550974c2647e248ef11d52e412d7db
zoeyJf,The Flatterer (2015) [zoeyJf].jpg,5e1bd3601a51ea518e3b699a16497572548e4cccf9dca49a51e7f0bf153292f1,cards/zoeyJf.webp,zoeyJf.webp,357,500,28208,0b54682380278377d2b3051e6ce4a7032b11ac99585c2edc8343aef7089dedf1
